dataset,sample,cell,copykat_class,RAIR_like,tissue_group
GSE184362,PTC10_RightLN,PTC10_RightLN_AAAGTCCCACTTGGGC-1,aneuploid,3.35074618220962,Lymph_node_metastasis
GSE184362,PTC10_RightLN,PTC10_RightLN_AAAGTGAGTGCGGTAA-1,aneuploid,1.40359514954651,Lymph_node_metastasis
GSE184362,PTC10_RightLN,PTC10_RightLN_AACAAGATCCGTAGGC-1,aneuploid,2.02977438948636,Lymph_node_metastasis
GSE184362,PTC10_RightLN,PTC10_RightLN_AACACACCAGAGTCTT-1,aneuploid,3.86280001709981,Lymph_node_metastasis
GSE184362,PTC10_RightLN,PTC10_RightLN_AAGACAATCAGACATC-1,aneuploid,4.92952230776463,Lymph_node_metastasis
GSE184362,PTC10_RightLN,PTC10_RightLN_AAGCGTTTCATATGGC-1,aneuploid,3.30717111470727,Lymph_node_metastasis
GSE184362,PTC10_RightLN,PTC10_RightLN_AAGTCGTCAACGGCCT-1,aneuploid,4.00050763435367,Lymph_node_metastasis
GSE184362,PTC10_RightLN,PTC10_RightLN_AATCGTGAGAAGCCAC-1,aneuploid,3.480894075812,Lymph_node_metastasis
GSE184362,PTC10_RightLN,PTC10_RightLN_AATCGTGAGTCAGGGT-1,aneuploid,0.432482832715531,Lymph_node_metastasis
GSE184362,PTC10_RightLN,PTC10_RightLN_ACACTGAGTCCCGCAA-1,aneuploid,3.07502492782814,Lymph_node_metastasis
GSE184362,PTC10_RightLN,PTC10_RightLN_ACAGAAAAGCCTGAGA-1,aneuploid,4.54925313970677,Lymph_node_metastasis
GSE184362,PTC10_RightLN,PTC10_RightLN_ACATCGATCGGATAAA-1,aneuploid,2.16762447036895,Lymph_node_metastasis
GSE184362,PTC10_RightLN,PTC10_RightLN_ACCACAAAGTAGCCAG-1,aneuploid,4.0758554333813,Lymph_node_metastasis
GSE184362,PTC10_RightLN,PTC10_RightLN_ACCCAAATCTGCGAGC-1,aneuploid,2.96931924462583,Lymph_node_metastasis
GSE184362,PTC10_RightLN,PTC10_RightLN_ACGATGTCAGGACTAG-1,aneuploid,4.07283465108296,Lymph_node_metastasis
GSE184362,PTC10_RightLN,PTC10_RightLN_ACGTAGTCAATCTAGC-1,aneuploid,6.78562121013953,Lymph_node_metastasis
GSE184362,PTC10_RightLN,PTC10_RightLN_ACGTAGTGTCTCACGG-1,aneuploid,4.11842506871449,Lymph_node_metastasis
GSE184362,PTC10_RightLN,PTC10_RightLN_ACTATGGCAGTCACGC-1,aneuploid,3.40709797548022,Lymph_node_metastasis
GSE184362,PTC10_RightLN,PTC10_RightLN_ACTCTCGAGAGTATAC-1,aneuploid,6.11180466371249,Lymph_node_metastasis
GSE184362,PTC10_RightLN,PTC10_RightLN_ACTCTCGCAGAGAGGG-1,aneuploid,2.77315960737909,Lymph_node_metastasis
GSE184362,PTC10_RightLN,PTC10_RightLN_ACTTTGTGTGACATCT-1,aneuploid,1.16522895579478,Lymph_node_metastasis
GSE184362,PTC10_RightLN,PTC10_RightLN_AGACACTAGACCATTC-1,aneuploid,4.74665899745045,Lymph_node_metastasis
GSE184362,PTC10_RightLN,PTC10_RightLN_AGATAGAAGAGGTGCT-1,aneuploid,4.27832992640402,Lymph_node_metastasis
GSE184362,PTC10_RightLN,PTC10_RightLN_AGATCCACAGGAGGAG-1,aneuploid,3.41173582015322,Lymph_node_metastasis
GSE184362,PTC10_RightLN,PTC10_RightLN_AGCCAGCAGTACCATC-1,aneuploid,2.00494164807982,Lymph_node_metastasis
GSE184362,PTC10_RightLN,PTC10_RightLN_AGGATAAAGAATCTAG-1,aneuploid,4.13014686561807,Lymph_node_metastasis
GSE184362,PTC10_RightLN,PTC10_RightLN_AGGATAACAGTTAGAA-1,aneuploid,3.11275318896571,Lymph_node_metastasis
GSE184362,PTC10_RightLN,PTC10_RightLN_AGGTCTACAAGCAGGT-1,aneuploid,3.44022867477488,Lymph_node_metastasis
GSE184362,PTC10_RightLN,PTC10_RightLN_AGTGATCAGCAAACAT-1,aneuploid,1.80704009422453,Lymph_node_metastasis
GSE184362,PTC10_RightLN,PTC10_RightLN_ATATCCTCAGTGGTGA-1,aneuploid,4.11526969320642,Lymph_node_metastasis
GSE184362,PTC10_RightLN,PTC10_RightLN_ATGCATGCACGTTCGG-1,aneuploid,4.34731027091219,Lymph_node_metastasis
GSE184362,PTC10_RightLN,PTC10_RightLN_ATGCGATGTCTAGTGT-1,aneuploid,2.0811561845371,Lymph_node_metastasis
GSE184362,PTC10_RightLN,PTC10_RightLN_ATTACTCAGATTAGCA-1,aneuploid,4.84214924348593,Lymph_node_metastasis
GSE184362,PTC10_RightLN,PTC10_RightLN_ATTCATCTCAGCTCTC-1,aneuploid,2.37186524337922,Lymph_node_metastasis
GSE184362,PTC10_RightLN,PTC10_RightLN_CAAAGAACATCGGATT-1,aneuploid,2.27984938587716,Lymph_node_metastasis
GSE184362,PTC10_RightLN,PTC10_RightLN_CACGTTCCATCGATCA-1,aneuploid,2.19776215228553,Lymph_node_metastasis
GSE184362,PTC10_RightLN,PTC10_RightLN_CAGGCCACATACGCAT-1,aneuploid,1.38618850608607,Lymph_node_metastasis
GSE184362,PTC10_RightLN,PTC10_RightLN_CAGGCCAGTGCGACAA-1,aneuploid,3.27730137519917,Lymph_node_metastasis
GSE184362,PTC10_RightLN,PTC10_RightLN_CATAAGCTCTGTCCCA-1,aneuploid,2.29742069425927,Lymph_node_metastasis
GSE184362,PTC10_RightLN,PTC10_RightLN_CATACAGGTACCATAC-1,aneuploid,2.91054941646628,Lymph_node_metastasis
GSE184362,PTC10_RightLN,PTC10_RightLN_CATCAAGAGTGGAAAG-1,aneuploid,4.06838673622281,Lymph_node_metastasis
GSE184362,PTC10_RightLN,PTC10_RightLN_CATGCCTCAGCATTGT-1,aneuploid,2.29233769080838,Lymph_node_metastasis
GSE184362,PTC10_RightLN,PTC10_RightLN_CATGCTCTCTTGTTAC-1,aneuploid,0.0134788356812803,Lymph_node_metastasis
GSE184362,PTC10_RightLN,PTC10_RightLN_CATTTCACAAGCACAG-1,aneuploid,3.40265326722643,Lymph_node_metastasis
GSE184362,PTC10_RightLN,PTC10_RightLN_CATTTCACACTTGTGA-1,aneuploid,4.64291232556856,Lymph_node_metastasis
GSE184362,PTC10_RightLN,PTC10_RightLN_CCCTCTCAGCCATTCA-1,aneuploid,3.74605560154143,Lymph_node_metastasis
GSE184362,PTC10_RightLN,PTC10_RightLN_CCCTGATTCCGATAAC-1,aneuploid,5.97142344271209,Lymph_node_metastasis
GSE184362,PTC10_RightLN,PTC10_RightLN_CCGCAAGGTCACCTTC-1,aneuploid,3.6170843691276,Lymph_node_metastasis
GSE184362,PTC10_RightLN,PTC10_RightLN_CCGGGTAGTGATTAGA-1,aneuploid,3.67830961913321,Lymph_node_metastasis
GSE184362,PTC10_RightLN,PTC10_RightLN_CCTTCAGCAAAGACGC-1,aneuploid,3.34718327003203,Lymph_node_metastasis
GSE184362,PTC10_RightLN,PTC10_RightLN_CGAAGGAAGCTTCATG-1,aneuploid,2.4892171338608,Lymph_node_metastasis
GSE184362,PTC10_RightLN,PTC10_RightLN_CGCATAAAGATCGCCC-1,aneuploid,4.73113005307495,Lymph_node_metastasis
GSE184362,PTC10_RightLN,PTC10_RightLN_CGCATGGAGCAGTAAT-1,aneuploid,-1.0901874555263,Lymph_node_metastasis
GSE184362,PTC10_RightLN,PTC10_RightLN_CGCATGGTCGCGTGCA-1,aneuploid,5.73192751136814,Lymph_node_metastasis
GSE184362,PTC10_RightLN,PTC10_RightLN_CGGGTGTGTTACGTAC-1,aneuploid,3.76631356290486,Lymph_node_metastasis
GSE184362,PTC10_RightLN,PTC10_RightLN_CGTAATGAGGGAGATA-1,aneuploid,2.46396235918956,Lymph_node_metastasis
GSE184362,PTC10_RightLN,PTC10_RightLN_CGTGATAAGTACCCTA-1,aneuploid,4.16182233464835,Lymph_node_metastasis
GSE184362,PTC10_RightLN,PTC10_RightLN_CGTGATATCGAGATAA-1,aneuploid,3.25235927363664,Lymph_node_metastasis
GSE184362,PTC10_RightLN,PTC10_RightLN_CGTGTCTCACTACCCT-1,aneuploid,0.754002273747909,Lymph_node_metastasis
GSE184362,PTC10_RightLN,PTC10_RightLN_CTAAGTGCAGGGACTA-1,aneuploid,5.68766605660614,Lymph_node_metastasis
GSE184362,PTC10_RightLN,PTC10_RightLN_CTACATTCACTACTTT-1,aneuploid,3.52990150184101,Lymph_node_metastasis
GSE184362,PTC10_RightLN,PTC10_RightLN_CTCATCGTCAAACCCA-1,aneuploid,3.62550443439568,Lymph_node_metastasis
GSE184362,PTC10_RightLN,PTC10_RightLN_CTCTGGTGTACACGCC-1,aneuploid,3.51454442054379,Lymph_node_metastasis
GSE184362,PTC10_RightLN,PTC10_RightLN_CTGAGCGCATGCAGCC-1,aneuploid,5.28168258785402,Lymph_node_metastasis
GSE184362,PTC10_RightLN,PTC10_RightLN_CTGGCAGTCGCCCAGA-1,aneuploid,3.49287565913768,Lymph_node_metastasis
GSE184362,PTC10_RightLN,PTC10_RightLN_CTGTACCAGACGCTCC-1,aneuploid,4.12797584363737,Lymph_node_metastasis
GSE184362,PTC10_RightLN,PTC10_RightLN_CTGTATTAGACGCTCC-1,aneuploid,3.28679279547072,Lymph_node_metastasis
GSE184362,PTC10_RightLN,PTC10_RightLN_CTTACCGTCTCATGGA-1,aneuploid,4.67414610313331,Lymph_node_metastasis
GSE184362,PTC10_RightLN,PTC10_RightLN_CTTCGGTAGACTACCT-1,aneuploid,4.87122658476395,Lymph_node_metastasis
GSE184362,PTC10_RightLN,PTC10_RightLN_CTTTCGGTCTGAGTCA-1,aneuploid,3.44834553886951,Lymph_node_metastasis
GSE184362,PTC10_RightLN,PTC10_RightLN_GACATCAAGAGTGAAG-1,aneuploid,7.75715614550446,Lymph_node_metastasis
GSE184362,PTC10_RightLN,PTC10_RightLN_GAGACCCAGTACTGTC-1,aneuploid,5.08199751061193,Lymph_node_metastasis
GSE184362,PTC10_RightLN,PTC10_RightLN_GAGTTTGTCGTGGCGT-1,aneuploid,3.39856871909538,Lymph_node_metastasis
GSE184362,PTC10_RightLN,PTC10_RightLN_GATCACACACTGATTG-1,diploid,6.15241445371952,Lymph_node_metastasis
GSE184362,PTC10_RightLN,PTC10_RightLN_GATCAGTCACGCTGAC-1,aneuploid,-1.11050106313613,Lymph_node_metastasis
GSE184362,PTC10_RightLN,PTC10_RightLN_GATCGTAGTCATCCCT-1,aneuploid,2.54436872505678,Lymph_node_metastasis
GSE184362,PTC10_RightLN,PTC10_RightLN_GATTCGAGTCATCAGT-1,aneuploid,2.04622177326569,Lymph_node_metastasis
GSE184362,PTC10_RightLN,PTC10_RightLN_GATTTCTCACTCATAG-1,aneuploid,-0.654357051987926,Lymph_node_metastasis
GSE184362,PTC10_RightLN,PTC10_RightLN_GCACTAACACGTGTGC-1,aneuploid,-0.103463158077131,Lymph_node_metastasis
GSE184362,PTC10_RightLN,PTC10_RightLN_GCCAGGTCAGCGCGTT-1,aneuploid,4.68921228807407,Lymph_node_metastasis
GSE184362,PTC10_RightLN,PTC10_RightLN_GCCATGGGTTGTCATG-1,aneuploid,4.44122383455441,Lymph_node_metastasis
GSE184362,PTC10_RightLN,PTC10_RightLN_GCCCGAATCAATCAGC-1,aneuploid,2.47372773687941,Lymph_node_metastasis
GSE184362,PTC10_RightLN,PTC10_RightLN_GCCGTGACACCAGCCA-1,aneuploid,4.20245276331876,Lymph_node_metastasis
GSE184362,PTC10_RightLN,PTC10_RightLN_GCGTTTCAGACATCAA-1,aneuploid,-1.0689318870452,Lymph_node_metastasis
GSE184362,PTC10_RightLN,PTC10_RightLN_GCTACCTTCAGGAAGC-1,aneuploid,1.18408563338772,Lymph_node_metastasis
GSE184362,PTC10_RightLN,PTC10_RightLN_GCTCAAAGTGGCTACC-1,aneuploid,1.75958001993576,Lymph_node_metastasis
GSE184362,PTC10_RightLN,PTC10_RightLN_GGCTTGGGTCAAAGCG-1,aneuploid,3.07428279521765,Lymph_node_metastasis
GSE184362,PTC10_RightLN,PTC10_RightLN_GGGTCTGAGTCGGGAT-1,aneuploid,2.8209769495129,Lymph_node_metastasis
GSE184362,PTC10_RightLN,PTC10_RightLN_GGGTTATCAGCATACT-1,aneuploid,-0.0778523229279391,Lymph_node_metastasis
GSE184362,PTC10_RightLN,PTC10_RightLN_GGTGAAGAGAGTAACT-1,aneuploid,-0.181246121892974,Lymph_node_metastasis
GSE184362,PTC10_RightLN,PTC10_RightLN_GGTGATTAGATTAGCA-1,aneuploid,-0.872628217919546,Lymph_node_metastasis
GSE184362,PTC10_RightLN,PTC10_RightLN_GGTTGTATCCCGTGTT-1,aneuploid,3.57883766092357,Lymph_node_metastasis
GSE184362,PTC10_RightLN,PTC10_RightLN_GTAGAGGCATACCGTA-1,aneuploid,4.49191721878927,Lymph_node_metastasis
GSE184362,PTC10_RightLN,PTC10_RightLN_GTAGCTATCACGGAGA-1,aneuploid,5.52436127329288,Lymph_node_metastasis
GSE184362,PTC10_RightLN,PTC10_RightLN_GTAGGAGTCATGGAGG-1,aneuploid,1.47223355507852,Lymph_node_metastasis
GSE184362,PTC10_RightLN,PTC10_RightLN_GTAGTACCACATCATG-1,aneuploid,2.14138539276591,Lymph_node_metastasis
GSE184362,PTC10_RightLN,PTC10_RightLN_GTCCCATGTATTCCTT-1,aneuploid,4.11575851641703,Lymph_node_metastasis
GSE184362,PTC10_RightLN,PTC10_RightLN_GTCCCATTCGTCCATC-1,aneuploid,4.72660912148475,Lymph_node_metastasis
GSE184362,PTC10_RightLN,PTC10_RightLN_GTCTACCGTTCATCGA-1,aneuploid,3.90011453586802,Lymph_node_metastasis
GSE184362,PTC10_RightLN,PTC10_RightLN_GTGATGTAGAAGTATC-1,aneuploid,3.4473123321415,Lymph_node_metastasis
GSE184362,PTC10_RightLN,PTC10_RightLN_GTGGTTATCTGCGAGC-1,aneuploid,2.00662596557853,Lymph_node_metastasis
GSE184362,PTC10_RightLN,PTC10_RightLN_GTTGCGGAGAGATGCC-1,aneuploid,6.02811944426954,Lymph_node_metastasis
GSE184362,PTC10_RightLN,PTC10_RightLN_GTTGCTCTCCAGCAAT-1,aneuploid,2.05593260583197,Lymph_node_metastasis
GSE184362,PTC10_RightLN,PTC10_RightLN_TAACACGCATGACTGT-1,aneuploid,3.06569118867201,Lymph_node_metastasis
GSE184362,PTC10_RightLN,PTC10_RightLN_TACATTCCAGGTGACA-1,aneuploid,3.42894383628408,Lymph_node_metastasis
GSE184362,PTC10_RightLN,PTC10_RightLN_TACGCTCCACACTGGC-1,aneuploid,5.39693421502159,Lymph_node_metastasis
GSE184362,PTC10_RightLN,PTC10_RightLN_TACGTCCTCATTTGCT-1,aneuploid,3.73189494332822,Lymph_node_metastasis
GSE184362,PTC10_RightLN,PTC10_RightLN_TAGACCAGTTCACCGG-1,aneuploid,1.51855753380291,Lymph_node_metastasis
GSE184362,PTC10_RightLN,PTC10_RightLN_TAGCACAGTGGATGAC-1,aneuploid,-0.203214484832646,Lymph_node_metastasis
GSE184362,PTC10_RightLN,PTC10_RightLN_TAGTGCACAGACACCC-1,aneuploid,3.29681830973871,Lymph_node_metastasis
GSE184362,PTC10_RightLN,PTC10_RightLN_TATTCCATCCTGATAG-1,aneuploid,5.12985501019816,Lymph_node_metastasis
GSE184362,PTC10_RightLN,PTC10_RightLN_TATTGCTAGGTAGGCT-1,aneuploid,4.6478519160246,Lymph_node_metastasis
GSE184362,PTC10_RightLN,PTC10_RightLN_TCAAGTGGTAGTTACC-1,aneuploid,3.26125405366539,Lymph_node_metastasis
GSE184362,PTC10_RightLN,PTC10_RightLN_TCACGGGAGTGGATAT-1,aneuploid,4.65940410558981,Lymph_node_metastasis
GSE184362,PTC10_RightLN,PTC10_RightLN_TCACTCGAGAACGCGT-1,aneuploid,5.47780024808579,Lymph_node_metastasis
GSE184362,PTC10_RightLN,PTC10_RightLN_TCAGCAACAAGCCATT-1,aneuploid,3.21775284447408,Lymph_node_metastasis
GSE184362,PTC10_RightLN,PTC10_RightLN_TCAGGTACAGGCTCTG-1,aneuploid,3.80747864050552,Lymph_node_metastasis
GSE184362,PTC10_RightLN,PTC10_RightLN_TCAGTCCTCCTATGGA-1,aneuploid,-2.10057143540426,Lymph_node_metastasis
GSE184362,PTC10_RightLN,PTC10_RightLN_TCATGCCCACCAGGTC-1,aneuploid,3.34168702922949,Lymph_node_metastasis
GSE184362,PTC10_RightLN,PTC10_RightLN_TCCCACAGTTCCTACC-1,aneuploid,3.75974104746545,Lymph_node_metastasis
GSE184362,PTC10_RightLN,PTC10_RightLN_TCGATTTAGCATATGA-1,aneuploid,3.5242107594115,Lymph_node_metastasis
GSE184362,PTC10_RightLN,PTC10_RightLN_TCGCTTGGTACGTTCA-1,aneuploid,3.65697900759659,Lymph_node_metastasis
GSE184362,PTC10_RightLN,PTC10_RightLN_TCGGTCTGTCATGCAT-1,aneuploid,3.64991691463625,Lymph_node_metastasis
GSE184362,PTC10_RightLN,PTC10_RightLN_TCTATACCAGACACAG-1,aneuploid,1.38599139797342,Lymph_node_metastasis
GSE184362,PTC10_RightLN,PTC10_RightLN_TCTATCACACGGTAGA-1,aneuploid,-1.84416140236809,Lymph_node_metastasis
GSE184362,PTC10_RightLN,PTC10_RightLN_TCTGCCACAGACGGAT-1,aneuploid,5.38537521774062,Lymph_node_metastasis
GSE184362,PTC10_RightLN,PTC10_RightLN_TGAATGCTCCATCTGC-1,aneuploid,0.694765039796854,Lymph_node_metastasis
GSE184362,PTC10_RightLN,PTC10_RightLN_TGAGACTTCAGTGTCA-1,aneuploid,4.69659850084349,Lymph_node_metastasis
GSE184362,PTC10_RightLN,PTC10_RightLN_TGAGACTTCGCAGAGA-1,aneuploid,4.32845210129794,Lymph_node_metastasis
GSE184362,PTC10_RightLN,PTC10_RightLN_TGAGCATTCGACACTA-1,aneuploid,0.988881774695274,Lymph_node_metastasis
GSE184362,PTC10_RightLN,PTC10_RightLN_TGAGGGAAGGCAGCTA-1,aneuploid,3.27961360568001,Lymph_node_metastasis
GSE184362,PTC10_RightLN,PTC10_RightLN_TGAGTCATCGTAGGGA-1,aneuploid,3.32636487439826,Lymph_node_metastasis
GSE184362,PTC10_RightLN,PTC10_RightLN_TGATCAGAGACCATGG-1,aneuploid,4.60600375952613,Lymph_node_metastasis
GSE184362,PTC10_RightLN,PTC10_RightLN_TGATCTTCACCTATCC-1,aneuploid,2.96590239037021,Lymph_node_metastasis
GSE184362,PTC10_RightLN,PTC10_RightLN_TGATCTTCACGCGGTT-1,aneuploid,4.85942593932628,Lymph_node_metastasis
GSE184362,PTC10_RightLN,PTC10_RightLN_TGATCTTGTGGTTTAC-1,aneuploid,4.3833120251266,Lymph_node_metastasis
GSE184362,PTC10_RightLN,PTC10_RightLN_TGATTCTAGCTCGAAG-1,aneuploid,2.56148689964994,Lymph_node_metastasis
GSE184362,PTC10_RightLN,PTC10_RightLN_TGATTTCGTTGCATCA-1,aneuploid,4.11500469530106,Lymph_node_metastasis
GSE184362,PTC10_RightLN,PTC10_RightLN_TGCATCCTCCGCTAGG-1,aneuploid,3.45766393185996,Lymph_node_metastasis
GSE184362,PTC10_RightLN,PTC10_RightLN_TGGAACTAGGAGTATT-1,aneuploid,4.67828906573199,Lymph_node_metastasis
GSE184362,PTC10_RightLN,PTC10_RightLN_TGGGAGAAGCCACAAG-1,aneuploid,2.3374800187102,Lymph_node_metastasis
GSE184362,PTC10_RightLN,PTC10_RightLN_TGTGGCGAGGCTAACG-1,aneuploid,3.91655985181756,Lymph_node_metastasis
GSE184362,PTC10_RightLN,PTC10_RightLN_TGTGTGACATCCGATA-1,aneuploid,4.85675189057793,Lymph_node_metastasis
GSE184362,PTC10_RightLN,PTC10_RightLN_TTAGTCTGTGCACGCT-1,aneuploid,3.59983065090618,Lymph_node_metastasis
GSE184362,PTC10_RightLN,PTC10_RightLN_TTATTGCTCCAACCGG-1,aneuploid,3.77176064226371,Lymph_node_metastasis
GSE184362,PTC10_RightLN,PTC10_RightLN_TTCATTGTCCACATAG-1,aneuploid,4.57367518286025,Lymph_node_metastasis
GSE184362,PTC10_RightLN,PTC10_RightLN_TTGATGGAGTGCAACG-1,aneuploid,1.28966202921651,Lymph_node_metastasis
GSE184362,PTC10_RightLN,PTC10_RightLN_TTGCGTCAGTCCCGGT-1,aneuploid,3.65062410146488,Lymph_node_metastasis
GSE184362,PTC10_RightLN,PTC10_RightLN_TTTAGTCTCACCTCTG-1,aneuploid,3.4887394179879,Lymph_node_metastasis
GSE184362,PTC10_RightLN,PTC10_RightLN_TTTGGTTAGAAGGCTC-1,aneuploid,3.42993187548353,Lymph_node_metastasis
GSE184362,PTC10_T,PTC10_T_AAACCCACATAGAATG-1,diploid,2.90233171716996,Primary_tumor
GSE184362,PTC10_T,PTC10_T_AAAGGATAGTCTCCTC-1,diploid,3.1524225696603,Primary_tumor
GSE184362,PTC10_T,PTC10_T_AAATGGATCGCACGAC-1,diploid,2.63479083572083,Primary_tumor
GSE184362,PTC10_T,PTC10_T_AACAGGGAGGAATTAC-1,diploid,-0.146345346310196,Primary_tumor
GSE184362,PTC10_T,PTC10_T_AACCATGCAACCGTAT-1,diploid,3.56868469876587,Primary_tumor
GSE184362,PTC10_T,PTC10_T_AACCATGCACATTACG-1,aneuploid,3.44194035728893,Primary_tumor
GSE184362,PTC10_T,PTC10_T_AACCATGTCGGCTCTT-1,aneuploid,2.82374665791638,Primary_tumor
GSE184362,PTC10_T,PTC10_T_AACCCAAAGTTTCGGT-1,aneuploid,5.27628996192008,Primary_tumor
GSE184362,PTC10_T,PTC10_T_AACCCAATCGAGTACT-1,aneuploid,0.984247945120053,Primary_tumor
GSE184362,PTC10_T,PTC10_T_AACCTGATCATCGACA-1,diploid,4.08563992386746,Primary_tumor
GSE184362,PTC10_T,PTC10_T_AACGGGACATTAGGCT-1,aneuploid,1.48218972057692,Primary_tumor
GSE184362,PTC10_T,PTC10_T_AACGGGATCAAGAGGC-1,diploid,3.4849682571787,Primary_tumor
GSE184362,PTC10_T,PTC10_T_AACTTCTGTAGGCTGA-1,aneuploid,-1.54245389604972,Primary_tumor
GSE184362,PTC10_T,PTC10_T_AAGACAAGTGAGAGGG-1,aneuploid,0.249000024913452,Primary_tumor
GSE184362,PTC10_T,PTC10_T_AAGATAGAGTCAAGCG-1,aneuploid,0.845317633899935,Primary_tumor
GSE184362,PTC10_T,PTC10_T_AAGCATCTCTACTGCC-1,diploid,3.03470694041185,Primary_tumor
GSE184362,PTC10_T,PTC10_T_AAGCCATCACAACATC-1,diploid,1.85748537574249,Primary_tumor
GSE184362,PTC10_T,PTC10_T_AAGGAATTCAGAGCAG-1,aneuploid,3.27305574697487,Primary_tumor
GSE184362,PTC10_T,PTC10_T_AAGGTAACAAGCGCAA-1,diploid,2.52108515401992,Primary_tumor
GSE184362,PTC10_T,PTC10_T_AAGTCGTGTTGCATTG-1,diploid,3.77979682372988,Primary_tumor
GSE184362,PTC10_T,PTC10_T_AAGTTCGTCCTTTGAT-1,diploid,6.34956092473344,Primary_tumor
GSE184362,PTC10_T,PTC10_T_AATCACGGTCACAATC-1,aneuploid,4.41039886012236,Primary_tumor
GSE184362,PTC10_T,PTC10_T_AATCGTGGTGAACTAA-1,diploid,3.13703273062664,Primary_tumor
GSE184362,PTC10_T,PTC10_T_AATGACCAGAGAAGGT-1,aneuploid,5.57829432123337,Primary_tumor
GSE184362,PTC10_T,PTC10_T_AATGGCTGTTCGTAAC-1,diploid,5.69825203921426,Primary_tumor
GSE184362,PTC10_T,PTC10_T_AATGGCTTCGATGCAT-1,diploid,-1.64009990714351,Primary_tumor
GSE184362,PTC10_T,PTC10_T_ACACAGTAGGAGATAG-1,diploid,4.50658660838772,Primary_tumor
GSE184362,PTC10_T,PTC10_T_ACACTGATCTCGTGGG-1,diploid,3.42079771942384,Primary_tumor
GSE184362,PTC10_T,PTC10_T_ACATCGAGTCACTCTC-1,diploid,1.44265770857173,Primary_tumor
GSE184362,PTC10_T,PTC10_T_ACATTTCAGGCTCACC-1,diploid,2.77607666418523,Primary_tumor
GSE184362,PTC10_T,PTC10_T_ACATTTCTCCGCAACG-1,diploid,-0.503713203239466,Primary_tumor
GSE184362,PTC10_T,PTC10_T_ACCACAATCTAGTTCT-1,aneuploid,4.74070844836009,Primary_tumor
GSE184362,PTC10_T,PTC10_T_ACCATTTTCTTCACGC-1,aneuploid,2.88150558734038,Primary_tumor
GSE184362,PTC10_T,PTC10_T_ACCTACCGTTTGAAAG-1,diploid,3.8168633036636,Primary_tumor
GSE184362,PTC10_T,PTC10_T_ACGATCATCTGGACCG-1,diploid,0.34891714590782,Primary_tumor
GSE184362,PTC10_T,PTC10_T_ACGGTCGCAATGTGGG-1,aneuploid,2.1935725118585,Primary_tumor
GSE184362,PTC10_T,PTC10_T_ACGGTTAAGCTGTTAC-1,aneuploid,4.20636242725922,Primary_tumor
GSE184362,PTC10_T,PTC10_T_ACGTAGTAGTTAACAG-1,aneuploid,3.87973445461598,Primary_tumor
GSE184362,PTC10_T,PTC10_T_ACGTAGTTCATAGACC-1,diploid,2.50945091428071,Primary_tumor
GSE184362,PTC10_T,PTC10_T_ACGTAGTTCCGAAATC-1,diploid,3.90455059263309,Primary_tumor
GSE184362,PTC10_T,PTC10_T_ACGTAGTTCTTAGCAG-1,aneuploid,2.98515148776612,Primary_tumor
GSE184362,PTC10_T,PTC10_T_ACGTCCTTCCGTTGGG-1,diploid,0.96162213719711,Primary_tumor
GSE184362,PTC10_T,PTC10_T_ACTACGACACAAGCTT-1,aneuploid,5.26882953565681,Primary_tumor
GSE184362,PTC10_T,PTC10_T_ACTATGGAGATGTTGA-1,diploid,4.27134423046057,Primary_tumor
GSE184362,PTC10_T,PTC10_T_ACTATGGCAATTGCAC-1,aneuploid,4.49097920127595,Primary_tumor
GSE184362,PTC10_T,PTC10_T_ACTCTCGTCGTAACCA-1,aneuploid,4.20674346254372,Primary_tumor
GSE184362,PTC10_T,PTC10_T_ACTGTCCTCTCACCCA-1,aneuploid,1.90963466107005,Primary_tumor
GSE184362,PTC10_T,PTC10_T_ACTTAGGCAATGAAAC-1,diploid,1.0157542940337,Primary_tumor
GSE184362,PTC10_T,PTC10_T_ACTTAGGTCCATCTAT-1,aneuploid,3.5957588272552,Primary_tumor
GSE184362,PTC10_T,PTC10_T_ACTTATCTCTAGTGAC-1,aneuploid,2.39786307356793,Primary_tumor
GSE184362,PTC10_T,PTC10_T_ACTTATCTCTCCATAT-1,diploid,-0.238326619259069,Primary_tumor
GSE184362,PTC10_T,PTC10_T_ACTTTGTTCTCCCAAC-1,aneuploid,4.29315730131669,Primary_tumor
GSE184362,PTC10_T,PTC10_T_AGAAATGTCTCGTGAA-1,diploid,2.8133688749142,Primary_tumor
GSE184362,PTC10_T,PTC10_T_AGAACAATCATCACTT-1,aneuploid,3.36727255944053,Primary_tumor
GSE184362,PTC10_T,PTC10_T_AGAACCTCAACTCGTA-1,diploid,0.0973564505708393,Primary_tumor
GSE184362,PTC10_T,PTC10_T_AGACACTAGGGATCAC-1,aneuploid,4.19995385183522,Primary_tumor
GSE184362,PTC10_T,PTC10_T_AGACACTGTCGAACGA-1,aneuploid,1.42364466495469,Primary_tumor
GSE184362,PTC10_T,PTC10_T_AGACAGGCAAGCTACT-1,aneuploid,1.66177832034857,Primary_tumor
GSE184362,PTC10_T,PTC10_T_AGACCATCAACGGCCT-1,diploid,4.6441582927988,Primary_tumor
GSE184362,PTC10_T,PTC10_T_AGATAGAAGTCTCTGA-1,diploid,3.73729164651593,Primary_tumor
GSE184362,PTC10_T,PTC10_T_AGATAGATCAACACCA-1,aneuploid,5.14980243897374,Primary_tumor
GSE184362,PTC10_T,PTC10_T_AGATCCAGTTAGAAGT-1,aneuploid,6.30840018869395,Primary_tumor
GSE184362,PTC10_T,PTC10_T_AGCATCATCGTCGATA-1,aneuploid,-0.935778993394396,Primary_tumor
GSE184362,PTC10_T,PTC10_T_AGCCACGAGTGTTGAA-1,diploid,4.68816570653087,Primary_tumor
GSE184362,PTC10_T,PTC10_T_AGCCACGTCGAGAGCA-1,diploid,3.51404774285009,Primary_tumor
GSE184362,PTC10_T,PTC10_T_AGCCAGCTCCCTCGAT-1,diploid,4.95936193575375,Primary_tumor
GSE184362,PTC10_T,PTC10_T_AGCGCTGGTGCGGTAA-1,aneuploid,6.7175072605904,Primary_tumor
GSE184362,PTC10_T,PTC10_T_AGCGCTGTCTGCATAG-1,diploid,3.69751861942676,Primary_tumor
GSE184362,PTC10_T,PTC10_T_AGCTCAACAATAGTGA-1,aneuploid,1.36829076820816,Primary_tumor
GSE184362,PTC10_T,PTC10_T_AGGAGGTTCCTGGGTG-1,diploid,4.16459741880458,Primary_tumor
GSE184362,PTC10_T,PTC10_T_AGGATAATCGAACCAT-1,diploid,0.352054413472103,Primary_tumor
GSE184362,PTC10_T,PTC10_T_AGGGAGTAGGCTTAAA-1,diploid,0.571033593534898,Primary_tumor
GSE184362,PTC10_T,PTC10_T_AGGGAGTTCCATGCAA-1,aneuploid,3.86909759010662,Primary_tumor
GSE184362,PTC10_T,PTC10_T_AGGGTGAAGACCATTC-1,diploid,5.9544857454758,Primary_tumor
GSE184362,PTC10_T,PTC10_T_AGGGTGACATCTGCGG-1,aneuploid,0.815548085257329,Primary_tumor
GSE184362,PTC10_T,PTC10_T_AGGTTACCACCTCTGT-1,diploid,4.38642271489836,Primary_tumor
GSE184362,PTC10_T,PTC10_T_AGGTTACCATTCATCT-1,aneuploid,3.59533813224233,Primary_tumor
GSE184362,PTC10_T,PTC10_T_AGGTTACTCGGCAGTC-1,diploid,3.01651901975252,Primary_tumor
GSE184362,PTC10_T,PTC10_T_AGTAACCGTAGCGCTC-1,diploid,0.817635309662957,Primary_tumor
GSE184362,PTC10_T,PTC10_T_AGTAGCTCAGAAGCTG-1,aneuploid,3.16491728337644,Primary_tumor
GSE184362,PTC10_T,PTC10_T_AGTAGCTTCTTGTGCC-1,aneuploid,3.16413763657337,Primary_tumor
GSE184362,PTC10_T,PTC10_T_AGTCAACCAGGGTTGA-1,aneuploid,6.3854342699745,Primary_tumor
GSE184362,PTC10_T,PTC10_T_AGTCACACAATAGTCC-1,aneuploid,1.28440627441485,Primary_tumor
GSE184362,PTC10_T,PTC10_T_AGTCTCCAGACGACGT-1,aneuploid,3.86986846452644,Primary_tumor
GSE184362,PTC10_T,PTC10_T_AGTGACTAGAACTTCC-1,diploid,2.30956923306717,Primary_tumor
GSE184362,PTC10_T,PTC10_T_AGTGATCCACCAGCCA-1,aneuploid,0.861788884505346,Primary_tumor
GSE184362,PTC10_T,PTC10_T_AGTGATCGTATTGCCA-1,diploid,2.7637935720953,Primary_tumor
GSE184362,PTC10_T,PTC10_T_ATAGACCGTACACGTT-1,diploid,-0.0837264014679637,Primary_tumor
GSE184362,PTC10_T,PTC10_T_ATAGAGATCGACGTCG-1,diploid,2.99319194538169,Primary_tumor
GSE184362,PTC10_T,PTC10_T_ATCACTTCATGGTACT-1,aneuploid,2.83124653141048,Primary_tumor
GSE184362,PTC10_T,PTC10_T_ATCATTCTCCAGTTCC-1,diploid,3.7188785872391,Primary_tumor
GSE184362,PTC10_T,PTC10_T_ATCCACCAGACCACGA-1,diploid,7.559168523524,Primary_tumor
GSE184362,PTC10_T,PTC10_T_ATCCACCAGGTGCCAA-1,aneuploid,8.73598817959236,Primary_tumor
GSE184362,PTC10_T,PTC10_T_ATCCACCTCTGCGAGC-1,aneuploid,6.19990944465989,Primary_tumor
GSE184362,PTC10_T,PTC10_T_ATCCATTGTTACGCCG-1,aneuploid,3.50054383835386,Primary_tumor
GSE184362,PTC10_T,PTC10_T_ATCCTATAGAGTCTTC-1,diploid,5.59436507781766,Primary_tumor
GSE184362,PTC10_T,PTC10_T_ATCGCCTAGCTCTATG-1,diploid,1.17188079261814,Primary_tumor
GSE184362,PTC10_T,PTC10_T_ATCGGATGTACGGCAA-1,diploid,-0.6518577498219,Primary_tumor
GSE184362,PTC10_T,PTC10_T_ATCGGCGAGCAAACAT-1,diploid,0.715349279103221,Primary_tumor
GSE184362,PTC10_T,PTC10_T_ATCGTCCTCGCTCTAC-1,aneuploid,2.37862703896751,Primary_tumor
GSE184362,PTC10_T,PTC10_T_ATCGTGATCGTCAACA-1,diploid,4.45367984466687,Primary_tumor
GSE184362,PTC10_T,PTC10_T_ATCGTGATCTACTCAT-1,diploid,2.05070981595397,Primary_tumor
GSE184362,PTC10_T,PTC10_T_ATCTTCACACTGCGTG-1,aneuploid,4.32481842995913,Primary_tumor
GSE184362,PTC10_T,PTC10_T_ATCTTCAGTAACTGCT-1,aneuploid,3.05017200473337,Primary_tumor
GSE184362,PTC10_T,PTC10_T_ATGAAAGCATCCGAGC-1,diploid,4.34226189061726,Primary_tumor
GSE184362,PTC10_T,PTC10_T_ATGACCATCACCCTGT-1,aneuploid,2.97209017478342,Primary_tumor
GSE184362,PTC10_T,PTC10_T_ATGAGTCTCACCCATC-1,aneuploid,3.4256584332503,Primary_tumor
GSE184362,PTC10_T,PTC10_T_ATGCCTCGTCAGGCAA-1,aneuploid,4.33030242683005,Primary_tumor
GSE184362,PTC10_T,PTC10_T_ATGCGATCAAGGTCGA-1,aneuploid,3.29503470106133,Primary_tumor
GSE184362,PTC10_T,PTC10_T_ATGCGATGTCGGCACT-1,aneuploid,0.744429677121231,Primary_tumor
GSE184362,PTC10_T,PTC10_T_ATGCGATTCGCACGAC-1,aneuploid,3.14174371684807,Primary_tumor
GSE184362,PTC10_T,PTC10_T_ATGGATCCAAGAGGTC-1,aneuploid,2.08714514924657,Primary_tumor
GSE184362,PTC10_T,PTC10_T_ATTCACTTCCAAGGGA-1,diploid,3.64763946411342,Primary_tumor
GSE184362,PTC10_T,PTC10_T_ATTCATCCAGTATTCG-1,diploid,0.850301417706043,Primary_tumor
GSE184362,PTC10_T,PTC10_T_ATTCCCGCAACCAGAG-1,diploid,4.32621116955459,Primary_tumor
GSE184362,PTC10_T,PTC10_T_ATTCCCGTCATAAGGA-1,diploid,6.16382607436211,Primary_tumor
GSE184362,PTC10_T,PTC10_T_ATTCGTTAGAGGTGCT-1,diploid,5.02937940758241,Primary_tumor
GSE184362,PTC10_T,PTC10_T_ATTGTTCCACAAGCCC-1,aneuploid,2.09190658792846,Primary_tumor
GSE184362,PTC10_T,PTC10_T_ATTGTTCTCGCGATCG-1,aneuploid,2.16830203015656,Primary_tumor
GSE184362,PTC10_T,PTC10_T_ATTTACCCAGGTCCCA-1,aneuploid,3.52141097138918,Primary_tumor
GSE184362,PTC10_T,PTC10_T_ATTTACCGTACGTGTT-1,diploid,2.89012817391762,Primary_tumor
GSE184362,PTC10_T,PTC10_T_ATTTCTGTCTCTAAGG-1,diploid,3.00601463039449,Primary_tumor
GSE184362,PTC10_T,PTC10_T_CAACCTCCAAGTTTGC-1,aneuploid,4.04363341120609,Primary_tumor
GSE184362,PTC10_T,PTC10_T_CAACGATAGCGCATCC-1,aneuploid,3.21443858884795,Primary_tumor
GSE184362,PTC10_T,PTC10_T_CAACGATAGTTAACGA-1,diploid,3.55652843167746,Primary_tumor
GSE184362,PTC10_T,PTC10_T_CAAGACTAGAGAACCC-1,diploid,3.34302037242347,Primary_tumor
GSE184362,PTC10_T,PTC10_T_CAAGACTCACAACATC-1,aneuploid,3.37553076231032,Primary_tumor
GSE184362,PTC10_T,PTC10_T_CAAGACTTCCGCCTAT-1,diploid,3.9681356583744,Primary_tumor
GSE184362,PTC10_T,PTC10_T_CAAGAGGCACCGTGCA-1,diploid,3.1043429302133,Primary_tumor
GSE184362,PTC10_T,PTC10_T_CAAGCTAAGTTGTCAC-1,aneuploid,0.451236638742634,Primary_tumor
GSE184362,PTC10_T,PTC10_T_CAAGGGACACCAGCTG-1,diploid,3.43890634740211,Primary_tumor
GSE184362,PTC10_T,PTC10_T_CAATACGCACGGAAGT-1,aneuploid,3.79611379815681,Primary_tumor
GSE184362,PTC10_T,PTC10_T_CAATCGATCCTGCCAT-1,aneuploid,6.02989787007846,Primary_tumor
GSE184362,PTC10_T,PTC10_T_CAATTTCTCAGCCTTC-1,aneuploid,2.44238822826589,Primary_tumor
GSE184362,PTC10_T,PTC10_T_CACAACAAGTAAACAC-1,aneuploid,1.24274805439349,Primary_tumor
GSE184362,PTC10_T,PTC10_T_CACAGATCACTCCTTG-1,diploid,6.55042425850659,Primary_tumor
GSE184362,PTC10_T,PTC10_T_CACATGAAGGGAGGGT-1,diploid,3.29986934866823,Primary_tumor
GSE184362,PTC10_T,PTC10_T_CACCAAAAGCGAATGC-1,diploid,1.84109757957526,Primary_tumor
GSE184362,PTC10_T,PTC10_T_CACTGAAAGCACTTTG-1,aneuploid,5.46265697884121,Primary_tumor
GSE184362,PTC10_T,PTC10_T_CACTGAAGTAAGCAAT-1,diploid,-1.2834331770245,Primary_tumor
GSE184362,PTC10_T,PTC10_T_CACTGAATCCACAGGC-1,aneuploid,3.10492686028518,Primary_tumor
GSE184362,PTC10_T,PTC10_T_CACTGTCGTTGCATGT-1,diploid,4.40591750919447,Primary_tumor
GSE184362,PTC10_T,PTC10_T_CAGATTGAGCCATATC-1,diploid,-1.30231475027364,Primary_tumor
GSE184362,PTC10_T,PTC10_T_CAGCAATAGTTGCGCC-1,aneuploid,2.49749989672565,Primary_tumor
GSE184362,PTC10_T,PTC10_T_CAGCAATGTCCTTAAG-1,diploid,3.26411211779811,Primary_tumor
GSE184362,PTC10_T,PTC10_T_CAGCACGGTCGTACTA-1,aneuploid,4.06116600208891,Primary_tumor
GSE184362,PTC10_T,PTC10_T_CAGCACGTCTCGCGTT-1,aneuploid,3.67929009086147,Primary_tumor
GSE184362,PTC10_T,PTC10_T_CAGCAGCCACATGAAA-1,diploid,2.81361094875937,Primary_tumor
GSE184362,PTC10_T,PTC10_T_CAGCAGCGTAGCCAGA-1,diploid,6.54540997532582,Primary_tumor
GSE184362,PTC10_T,PTC10_T_CAGCAGCTCAGCTTCC-1,aneuploid,4.79574433734955,Primary_tumor
GSE184362,PTC10_T,PTC10_T_CAGCCAGCACCTCTGT-1,aneuploid,4.40224164370807,Primary_tumor
GSE184362,PTC10_T,PTC10_T_CAGCGTGAGGGCCTCT-1,diploid,3.13107557294368,Primary_tumor
GSE184362,PTC10_T,PTC10_T_CAGCGTGGTACGATTC-1,diploid,2.07051409114744,Primary_tumor
GSE184362,PTC10_T,PTC10_T_CAGGTATGTTCAGCTA-1,diploid,1.35405043981901,Primary_tumor
GSE184362,PTC10_T,PTC10_T_CAGTTAGAGCGAGTCA-1,diploid,4.49058071020896,Primary_tumor
GSE184362,PTC10_T,PTC10_T_CAGTTAGCAGAGGCAT-1,aneuploid,4.02160993277139,Primary_tumor
GSE184362,PTC10_T,PTC10_T_CATAAGCCAAGCCCAC-1,aneuploid,2.46067625051472,Primary_tumor
GSE184362,PTC10_T,PTC10_T_CATACAGAGTATGAGT-1,aneuploid,3.65754604700912,Primary_tumor
GSE184362,PTC10_T,PTC10_T_CATAGACAGATGCTAA-1,aneuploid,3.5531548704183,Primary_tumor
GSE184362,PTC10_T,PTC10_T_CATCAAGTCCAATGCA-1,aneuploid,1.0576866195333,Primary_tumor
GSE184362,PTC10_T,PTC10_T_CATCCACAGTTTGCTG-1,diploid,1.67916534793307,Primary_tumor
GSE184362,PTC10_T,PTC10_T_CATCCACCATCAGTGT-1,aneuploid,4.9672781317429,Primary_tumor
GSE184362,PTC10_T,PTC10_T_CATCCACTCTAGTACG-1,diploid,-1.85569656665237,Primary_tumor
GSE184362,PTC10_T,PTC10_T_CATCCCATCTTCGGTC-1,aneuploid,5.22915732654465,Primary_tumor
GSE184362,PTC10_T,PTC10_T_CATCCGTAGCTCATAC-1,diploid,2.46222847118698,Primary_tumor
GSE184362,PTC10_T,PTC10_T_CATCGGGGTTACCGTA-1,aneuploid,4.76541007254821,Primary_tumor
GSE184362,PTC10_T,PTC10_T_CATGGTATCAGAACCT-1,diploid,4.21019891955753,Primary_tumor
GSE184362,PTC10_T,PTC10_T_CATTCCGTCTTCTTCC-1,diploid,0.860286689103828,Primary_tumor
GSE184362,PTC10_T,PTC10_T_CATTCTACAACCGTAT-1,diploid,3.04483158006958,Primary_tumor
GSE184362,PTC10_T,PTC10_T_CATTCTAGTGCCTGAC-1,diploid,3.9792117216751,Primary_tumor
GSE184362,PTC10_T,PTC10_T_CATTGAGGTCTCGGGT-1,aneuploid,6.60886031078097,Primary_tumor
GSE184362,PTC10_T,PTC10_T_CATTGTTAGACGACGT-1,diploid,4.99699311605629,Primary_tumor
GSE184362,PTC10_T,PTC10_T_CATTGTTAGATGCTTC-1,diploid,3.73731221037394,Primary_tumor
GSE184362,PTC10_T,PTC10_T_CATTTCAGTAGCGCCT-1,diploid,2.7334750370138,Primary_tumor
GSE184362,PTC10_T,PTC10_T_CCAAGCGGTAGACGGT-1,diploid,1.03369435806345,Primary_tumor
GSE184362,PTC10_T,PTC10_T_CCAATGAAGAGTTGAT-1,diploid,4.20090270539951,Primary_tumor
GSE184362,PTC10_T,PTC10_T_CCACAAAAGCCATTTG-1,aneuploid,4.48696801799015,Primary_tumor
GSE184362,PTC10_T,PTC10_T_CCACAAAAGTTGCCCG-1,aneuploid,5.03896523537785,Primary_tumor
GSE184362,PTC10_T,PTC10_T_CCACTTGTCTATGCCC-1,aneuploid,4.3690645442812,Primary_tumor
GSE184362,PTC10_T,PTC10_T_CCATAAGTCGTAGCCG-1,aneuploid,1.33503930949793,Primary_tumor
GSE184362,PTC10_T,PTC10_T_CCATCACAGGTGCTAG-1,diploid,5.50141376418968,Primary_tumor
GSE184362,PTC10_T,PTC10_T_CCCATTGAGATGAAGG-1,aneuploid,3.23818541862166,Primary_tumor
GSE184362,PTC10_T,PTC10_T_CCCATTGCACTTGAGT-1,aneuploid,3.32454771039005,Primary_tumor
GSE184362,PTC10_T,PTC10_T_CCCTCTCCAAACTGCT-1,aneuploid,6.28654327757619,Primary_tumor
GSE184362,PTC10_T,PTC10_T_CCCTCTCTCTTGGAAC-1,aneuploid,3.15848895806143,Primary_tumor
GSE184362,PTC10_T,PTC10_T_CCGATGGCAACGTATC-1,aneuploid,3.65640205821329,Primary_tumor
GSE184362,PTC10_T,PTC10_T_CCGCAAGTCTTACCGC-1,aneuploid,-0.591716676047267,Primary_tumor
GSE184362,PTC10_T,PTC10_T_CCGGACATCCGGTTCT-1,aneuploid,8.17888933620898,Primary_tumor
GSE184362,PTC10_T,PTC10_T_CCGGGTACATAGATCC-1,diploid,4.19540998531383,Primary_tumor
GSE184362,PTC10_T,PTC10_T_CCGGTGACACCAATTG-1,diploid,2.55644945905192,Primary_tumor
GSE184362,PTC10_T,PTC10_T_CCGTGAGGTCCTACGG-1,diploid,0.982826379066708,Primary_tumor
GSE184362,PTC10_T,PTC10_T_CCGTTCAGTCTAACGT-1,diploid,1.60288300439969,Primary_tumor
GSE184362,PTC10_T,PTC10_T_CCTAACCAGACTTGTC-1,diploid,-0.171746838968258,Primary_tumor
GSE184362,PTC10_T,PTC10_T_CCTAACCTCATAGCAC-1,diploid,2.38224116403769,Primary_tumor
GSE184362,PTC10_T,PTC10_T_CCTACGTAGACGAAGA-1,diploid,1.5476173929362,Primary_tumor
GSE184362,PTC10_T,PTC10_T_CCTATCGAGGAGAGGC-1,aneuploid,2.15863778149955,Primary_tumor
GSE184362,PTC10_T,PTC10_T_CCTCACAAGTGAACAT-1,diploid,3.14226209907627,Primary_tumor
GSE184362,PTC10_T,PTC10_T_CCTCACAGTACTAGCT-1,diploid,0.776929356346112,Primary_tumor
GSE184362,PTC10_T,PTC10_T_CCTCAGTTCCACTTTA-1,diploid,1.71856449902513,Primary_tumor
GSE184362,PTC10_T,PTC10_T_CCTCAGTTCGATAACC-1,aneuploid,3.92838614463648,Primary_tumor
GSE184362,PTC10_T,PTC10_T_CCTCCAATCAACCCGG-1,aneuploid,5.05492518060031,Primary_tumor
GSE184362,PTC10_T,PTC10_T_CCTCCTCCAATAGGGC-1,aneuploid,2.49513548683277,Primary_tumor
GSE184362,PTC10_T,PTC10_T_CCTCTAGGTTATCTTC-1,diploid,3.07679518220036,Primary_tumor
GSE184362,PTC10_T,PTC10_T_CCTCTAGTCCATACTT-1,diploid,5.72381955187704,Primary_tumor
GSE184362,PTC10_T,PTC10_T_CCTTCAGGTTTCCAAG-1,diploid,3.90608194053224,Primary_tumor
GSE184362,PTC10_T,PTC10_T_CCTTGTGCACCCTCTA-1,diploid,4.93676713899321,Primary_tumor
GSE184362,PTC10_T,PTC10_T_CCTTGTGGTGGCCTCA-1,diploid,3.95616655725068,Primary_tumor
GSE184362,PTC10_T,PTC10_T_CCTTTGGCACCTTCGT-1,aneuploid,4.55000183940298,Primary_tumor
GSE184362,PTC10_T,PTC10_T_CGAAGGACACGCGTCA-1,diploid,1.73743723359364,Primary_tumor
GSE184362,PTC10_T,PTC10_T_CGAAGTTCACGACAGA-1,diploid,-0.0956606644912283,Primary_tumor
GSE184362,PTC10_T,PTC10_T_CGAAGTTTCTGGGCGT-1,aneuploid,3.8855386679752,Primary_tumor
GSE184362,PTC10_T,PTC10_T_CGAGAAGAGCCAACCC-1,aneuploid,3.34142205186272,Primary_tumor
GSE184362,PTC10_T,PTC10_T_CGATGCGAGACAAGCC-1,diploid,3.58207462319503,Primary_tumor
GSE184362,PTC10_T,PTC10_T_CGATGCGGTTTCCCAC-1,aneuploid,3.52069875143927,Primary_tumor
GSE184362,PTC10_T,PTC10_T_CGGACACTCCACTGGG-1,diploid,4.33916151691816,Primary_tumor
GSE184362,PTC10_T,PTC10_T_CGGACACTCTAGACCA-1,aneuploid,3.73849785321101,Primary_tumor
GSE184362,PTC10_T,PTC10_T_CGGGACTAGGAGGCAG-1,diploid,1.94257817795526,Primary_tumor
GSE184362,PTC10_T,PTC10_T_CGGGTCAAGCATCCTA-1,aneuploid,2.09826536185213,Primary_tumor
GSE184362,PTC10_T,PTC10_T_CGTGAATGTATCGGTT-1,aneuploid,4.30668108002185,Primary_tumor
GSE184362,PTC10_T,PTC10_T_CGTGATATCTACACTT-1,diploid,4.29744202086531,Primary_tumor
GSE184362,PTC10_T,PTC10_T_CGTGCTTCAACTGTGT-1,aneuploid,3.02358927474177,Primary_tumor
GSE184362,PTC10_T,PTC10_T_CGTTCTGGTGCCGGTT-1,aneuploid,4.61658557525745,Primary_tumor
GSE184362,PTC10_T,PTC10_T_CGTTGGGCAGCGATTT-1,diploid,4.29497335509681,Primary_tumor
GSE184362,PTC10_T,PTC10_T_CTAACTTAGACGGATC-1,diploid,4.93857004995317,Primary_tumor
GSE184362,PTC10_T,PTC10_T_CTAACTTCAAGGCAAC-1,diploid,0.87353608313594,Primary_tumor
GSE184362,PTC10_T,PTC10_T_CTAAGTGAGAAATTCG-1,diploid,3.49982855638686,Primary_tumor
GSE184362,PTC10_T,PTC10_T_CTAAGTGAGTTCTCTT-1,diploid,1.63169820628115,Primary_tumor
GSE184362,PTC10_T,PTC10_T_CTACAGACATCGATCA-1,aneuploid,3.62743599955629,Primary_tumor
GSE184362,PTC10_T,PTC10_T_CTACCCAAGGTCATCT-1,diploid,0.935496554882559,Primary_tumor
GSE184362,PTC10_T,PTC10_T_CTACCTGCAGCATGCC-1,aneuploid,2.1522071337924,Primary_tumor
GSE184362,PTC10_T,PTC10_T_CTACCTGGTCGTGTTA-1,aneuploid,3.25868361850197,Primary_tumor
GSE184362,PTC10_T,PTC10_T_CTACGGGCAAATTGCC-1,aneuploid,1.71688953194074,Primary_tumor
GSE184362,PTC10_T,PTC10_T_CTACTATAGCGAAACC-1,diploid,3.72770305591689,Primary_tumor
GSE184362,PTC10_T,PTC10_T_CTAGACACAGTTACCA-1,aneuploid,4.71056403926841,Primary_tumor
GSE184362,PTC10_T,PTC10_T_CTAGACATCTTCGCTG-1,diploid,4.11967643230764,Primary_tumor
GSE184362,PTC10_T,PTC10_T_CTATCTATCGATCCAA-1,aneuploid,3.42976174618942,Primary_tumor
GSE184362,PTC10_T,PTC10_T_CTCAACCAGTTGAAAC-1,diploid,4.4098159307291,Primary_tumor
GSE184362,PTC10_T,PTC10_T_CTCAACCTCGGATACT-1,aneuploid,3.20699827003604,Primary_tumor
GSE184362,PTC10_T,PTC10_T_CTCAAGACACATTCGA-1,diploid,4.14696075098746,Primary_tumor
GSE184362,PTC10_T,PTC10_T_CTCAGGGCAACGATTC-1,diploid,4.41373306908506,Primary_tumor
GSE184362,PTC10_T,PTC10_T_CTCATTATCATTCATC-1,diploid,4.11832008133625,Primary_tumor
GSE184362,PTC10_T,PTC10_T_CTCCACACAAGACTGG-1,aneuploid,4.14024332171367,Primary_tumor
GSE184362,PTC10_T,PTC10_T_CTCCACACACCCATAA-1,aneuploid,0.119641869705542,Primary_tumor
GSE184362,PTC10_T,PTC10_T_CTCCACAGTCTACTGA-1,aneuploid,3.63039841271675,Primary_tumor
GSE184362,PTC10_T,PTC10_T_CTCCCAAGTTAAGAAC-1,diploid,1.97402153716057,Primary_tumor
GSE184362,PTC10_T,PTC10_T_CTCCCTCAGCAATTAG-1,aneuploid,2.61692154246904,Primary_tumor
GSE184362,PTC10_T,PTC10_T_CTCCTTTGTTGTGCCG-1,diploid,1.43438776182835,Primary_tumor
GSE184362,PTC10_T,PTC10_T_CTCGAGGAGCATTGAA-1,aneuploid,3.64008469213729,Primary_tumor
GSE184362,PTC10_T,PTC10_T_CTGAGGCTCGGCATAT-1,diploid,4.38192757505364,Primary_tumor
GSE184362,PTC10_T,PTC10_T_CTGCCATGTTGGTGTT-1,diploid,3.41558727599507,Primary_tumor
GSE184362,PTC10_T,PTC10_T_CTGCGAGTCAGCTGTA-1,aneuploid,4.17138500792157,Primary_tumor
GSE184362,PTC10_T,PTC10_T_CTGGCAGCATCGCTCT-1,aneuploid,3.37115039563783,Primary_tumor
GSE184362,PTC10_T,PTC10_T_CTGGCAGTCTTTCCGG-1,aneuploid,5.02219119958606,Primary_tumor
GSE184362,PTC10_T,PTC10_T_CTGGTCTTCAAAGACA-1,aneuploid,4.1331968583309,Primary_tumor
GSE184362,PTC10_T,PTC10_T_CTGTGAAAGATCACTC-1,aneuploid,2.81788309235292,Primary_tumor
GSE184362,PTC10_T,PTC10_T_CTGTGGGTCCGCGGAT-1,aneuploid,3.98453378392736,Primary_tumor
GSE184362,PTC10_T,PTC10_T_CTTACCGTCGGTCTAA-1,diploid,3.25158203783917,Primary_tumor
GSE184362,PTC10_T,PTC10_T_CTTAGGACAAGTCGTT-1,diploid,3.39275371304112,Primary_tumor
GSE184362,PTC10_T,PTC10_T_CTTCCTTAGATGTTCC-1,diploid,3.79786277531764,Primary_tumor
GSE184362,PTC10_T,PTC10_T_CTTCTCTCAGCTGTTA-1,diploid,4.95491415874404,Primary_tumor
GSE184362,PTC10_T,PTC10_T_CTTCTCTGTATAGCTC-1,diploid,5.84791950960209,Primary_tumor
GSE184362,PTC10_T,PTC10_T_CTTGATTAGGGCAACT-1,diploid,1.05526810076203,Primary_tumor
GSE184362,PTC10_T,PTC10_T_CTTGATTCATAGAAAC-1,aneuploid,4.44947319750495,Primary_tumor
GSE184362,PTC10_T,PTC10_T_CTTGATTGTATCGCAT-1,aneuploid,3.24094276445054,Primary_tumor
GSE184362,PTC10_T,PTC10_T_CTTTCGGAGGGAGGAC-1,aneuploid,6.47063763418329,Primary_tumor
GSE184362,PTC10_T,PTC10_T_GAAGCCCTCACTAGCA-1,diploid,4.74776181842346,Primary_tumor
GSE184362,PTC10_T,PTC10_T_GAATCACTCGCGCCAA-1,diploid,1.85860483642053,Primary_tumor
GSE184362,PTC10_T,PTC10_T_GAATCGTAGCACTCTA-1,aneuploid,1.82011618054267,Primary_tumor
GSE184362,PTC10_T,PTC10_T_GAATCGTTCACGAACT-1,aneuploid,3.69237037363547,Primary_tumor
GSE184362,PTC10_T,PTC10_T_GACACGCAGCATGCAG-1,diploid,5.65090272548925,Primary_tumor
GSE184362,PTC10_T,PTC10_T_GACAGCCCATACAGGG-1,aneuploid,0.0849167589526186,Primary_tumor
GSE184362,PTC10_T,PTC10_T_GACATCAAGTGAGGTC-1,aneuploid,3.32696526145709,Primary_tumor
GSE184362,PTC10_T,PTC10_T_GACCAATGTTCGGACC-1,aneuploid,0.428384306428248,Primary_tumor
GSE184362,PTC10_T,PTC10_T_GACCAATTCTACTGCC-1,diploid,-0.166973376890662,Primary_tumor
GSE184362,PTC10_T,PTC10_T_GACCCAGAGAGTTGTA-1,aneuploid,4.93115978023087,Primary_tumor
GSE184362,PTC10_T,PTC10_T_GACCCTTTCGCAACAT-1,diploid,3.62616511711567,Primary_tumor
GSE184362,PTC10_T,PTC10_T_GACGCTGGTACCTTCC-1,diploid,2.14400892427773,Primary_tumor
GSE184362,PTC10_T,PTC10_T_GACGTTAAGCCGGATA-1,diploid,3.46632869271192,Primary_tumor
GSE184362,PTC10_T,PTC10_T_GACTATGGTGCCTAAT-1,diploid,2.21773123536879,Primary_tumor
GSE184362,PTC10_T,PTC10_T_GACTCAACACATTGTG-1,diploid,2.95682385250308,Primary_tumor
GSE184362,PTC10_T,PTC10_T_GACTCTCGTCTACAAC-1,diploid,1.40433742810584,Primary_tumor
GSE184362,PTC10_T,PTC10_T_GACTGATGTCAGACTT-1,diploid,4.15802139729823,Primary_tumor
GSE184362,PTC10_T,PTC10_T_GACTTCCAGGTAAGTT-1,diploid,2.5726659201881,Primary_tumor
GSE184362,PTC10_T,PTC10_T_GACTTCCCAAGCAATA-1,aneuploid,1.27695702173016,Primary_tumor
GSE184362,PTC10_T,PTC10_T_GAGACCCAGAAGGTAG-1,diploid,3.97194227545054,Primary_tumor
GSE184362,PTC10_T,PTC10_T_GAGACCCAGGCCACCT-1,diploid,2.26887250912985,Primary_tumor
GSE184362,PTC10_T,PTC10_T_GAGAGGTCAATAGTAG-1,aneuploid,3.05193055396157,Primary_tumor
GSE184362,PTC10_T,PTC10_T_GAGGGTATCTGATTCT-1,diploid,0.162964199711595,Primary_tumor
GSE184362,PTC10_T,PTC10_T_GAGTTTGGTCCGGATC-1,diploid,2.14182453691623,Primary_tumor
GSE184362,PTC10_T,PTC10_T_GATAGAATCGCTGTCT-1,aneuploid,3.05456534514856,Primary_tumor
GSE184362,PTC10_T,PTC10_T_GATAGCTTCCGTACGG-1,aneuploid,2.07236368909018,Primary_tumor
GSE184362,PTC10_T,PTC10_T_GATCATGCACTACCCT-1,diploid,3.09515947620668,Primary_tumor
GSE184362,PTC10_T,PTC10_T_GATCATGCACTAGTAC-1,aneuploid,1.78145042438439,Primary_tumor
GSE184362,PTC10_T,PTC10_T_GATGACTAGATGGGCT-1,diploid,-1.76506488934357,Primary_tumor
GSE184362,PTC10_T,PTC10_T_GATGACTCATTGAGCT-1,aneuploid,1.87917133464039,Primary_tumor
GSE184362,PTC10_T,PTC10_T_GATGATCCACTCCTTG-1,diploid,3.93799526855783,Primary_tumor
GSE184362,PTC10_T,PTC10_T_GATGCTATCGTCAACA-1,diploid,3.63641192796898,Primary_tumor
GSE184362,PTC10_T,PTC10_T_GATGGAGCAATTTCGG-1,aneuploid,0.990676055753228,Primary_tumor
GSE184362,PTC10_T,PTC10_T_GATGGAGCATTCCTCG-1,aneuploid,3.26263779138053,Primary_tumor
GSE184362,PTC10_T,PTC10_T_GATGTTGGTCCTGTCT-1,diploid,1.19596812428999,Primary_tumor
GSE184362,PTC10_T,PTC10_T_GATTCTTCACAGAGCA-1,diploid,2.75856997039654,Primary_tumor
GSE184362,PTC10_T,PTC10_T_GATTGGTCATCCGAAT-1,aneuploid,0.72494489008623,Primary_tumor
GSE184362,PTC10_T,PTC10_T_GATTTCTCAGCCATTA-1,diploid,3.2755930510057,Primary_tumor
GSE184362,PTC10_T,PTC10_T_GCAACATGTTGACTGT-1,diploid,-1.10769338911617,Primary_tumor
GSE184362,PTC10_T,PTC10_T_GCAACCGTCTTCGACC-1,diploid,0.26884184649134,Primary_tumor
GSE184362,PTC10_T,PTC10_T_GCACGTGGTAACATCC-1,diploid,-0.162698222721224,Primary_tumor
GSE184362,PTC10_T,PTC10_T_GCACTAATCTACACAG-1,aneuploid,3.32045004091598,Primary_tumor
GSE184362,PTC10_T,PTC10_T_GCAGCTGCACAGCATT-1,aneuploid,3.50572399223669,Primary_tumor
GSE184362,PTC10_T,PTC10_T_GCAGCTGTCGAGAGCA-1,diploid,3.31640665003305,Primary_tumor
GSE184362,PTC10_T,PTC10_T_GCAGGCTCATGGACAG-1,diploid,2.94846068903542,Primary_tumor
GSE184362,PTC10_T,PTC10_T_GCCAACGAGCATTGTC-1,diploid,1.71366305322888,Primary_tumor
GSE184362,PTC10_T,PTC10_T_GCCAACGCAGGTCAGA-1,aneuploid,0.3063411601853,Primary_tumor
GSE184362,PTC10_T,PTC10_T_GCCAACGGTTTCTATC-1,aneuploid,3.59495705248192,Primary_tumor
GSE184362,PTC10_T,PTC10_T_GCCAGGTTCAATCTCT-1,diploid,4.3994604364934,Primary_tumor
GSE184362,PTC10_T,PTC10_T_GCCATGGCAGACCAGA-1,aneuploid,3.89939236883537,Primary_tumor
GSE184362,PTC10_T,PTC10_T_GCCATGGTCCATAGAC-1,aneuploid,0.608709385271196,Primary_tumor
GSE184362,PTC10_T,PTC10_T_GCCATTCAGGCATCAG-1,diploid,0.930086878728698,Primary_tumor
GSE184362,PTC10_T,PTC10_T_GCCATTCAGGCGACAT-1,diploid,3.00824025043718,Primary_tumor
GSE184362,PTC10_T,PTC10_T_GCCCAGACAGGTGTTT-1,aneuploid,4.98222660151819,Primary_tumor
GSE184362,PTC10_T,PTC10_T_GCCCGAACACTTTATC-1,aneuploid,3.11923391794532,Primary_tumor
GSE184362,PTC10_T,PTC10_T_GCGAGAATCGTGGTAT-1,aneuploid,2.24460489933623,Primary_tumor
GSE184362,PTC10_T,PTC10_T_GCGATCGCACCAGGTC-1,aneuploid,5.47449880895143,Primary_tumor
GSE184362,PTC10_T,PTC10_T_GCGATCGCATCACAGT-1,aneuploid,4.2432246542447,Primary_tumor
GSE184362,PTC10_T,PTC10_T_GCTACAATCCGATTAG-1,aneuploid,3.65418219667576,Primary_tumor
GSE184362,PTC10_T,PTC10_T_GCTCAAAGTCAAATCC-1,aneuploid,2.49859712570685,Primary_tumor
GSE184362,PTC10_T,PTC10_T_GGAAGTGCACGACTAT-1,aneuploid,2.31260310990392,Primary_tumor
GSE184362,PTC10_T,PTC10_T_GGAATCTGTCCGGTGT-1,aneuploid,3.85973363801248,Primary_tumor
GSE184362,PTC10_T,PTC10_T_GGAGATGAGTAGACCG-1,aneuploid,3.49351488259131,Primary_tumor
GSE184362,PTC10_T,PTC10_T_GGAGGATGTATATGGA-1,aneuploid,1.5724781574475,Primary_tumor
GSE184362,PTC10_T,PTC10_T_GGATGTTAGCGTTCCG-1,aneuploid,0.032137227164678,Primary_tumor
GSE184362,PTC10_T,PTC10_T_GGATGTTTCGTGGCTG-1,aneuploid,3.93077631731485,Primary_tumor
GSE184362,PTC10_T,PTC10_T_GGCTTGGTCCTCGCAT-1,aneuploid,4.51525047752478,Primary_tumor
GSE184362,PTC10_T,PTC10_T_GGGAAGTCACTTCATT-1,aneuploid,1.40868860280531,Primary_tumor
GSE184362,PTC10_T,PTC10_T_GGGAAGTTCAAGCTTG-1,aneuploid,7.27792388385679,Primary_tumor
GSE184362,PTC10_T,PTC10_T_GGGACAACACTGGCGT-1,diploid,5.38195106966754,Primary_tumor
GSE184362,PTC10_T,PTC10_T_GGGCCATCAACCAATC-1,diploid,5.53094108568637,Primary_tumor
GSE184362,PTC10_T,PTC10_T_GGGCCATTCGAGATAA-1,diploid,3.45307439560151,Primary_tumor
GSE184362,PTC10_T,PTC10_T_GGGTCTGAGCGTATGG-1,diploid,4.33933391420805,Primary_tumor
GSE184362,PTC10_T,PTC10_T_GGGTCTGGTGCAACGA-1,aneuploid,2.99185987477404,Primary_tumor
GSE184362,PTC10_T,PTC10_T_GGGTGTCTCTCAACCC-1,diploid,3.69008879425673,Primary_tumor
GSE184362,PTC10_T,PTC10_T_GGGTTATAGGTAAGTT-1,diploid,3.19252246847878,Primary_tumor
GSE184362,PTC10_T,PTC10_T_GGTAACTCAATTGCAC-1,diploid,2.43289738754592,Primary_tumor
GSE184362,PTC10_T,PTC10_T_GGTAACTCATTGCCGG-1,diploid,6.3784408362764,Primary_tumor
GSE184362,PTC10_T,PTC10_T_GGTGTCGAGGTTCTAC-1,diploid,1.24466902267133,Primary_tumor
GSE184362,PTC10_T,PTC10_T_GGTGTCGCACAAGCAG-1,diploid,0.682316973368765,Primary_tumor
GSE184362,PTC10_T,PTC10_T_GGTTAACTCCATCCGT-1,diploid,4.65615894552859,Primary_tumor
GSE184362,PTC10_T,PTC10_T_GGTTCTCTCATAGAGA-1,aneuploid,-0.08032313137225,Primary_tumor
GSE184362,PTC10_T,PTC10_T_GTAATGCCATTGCAAC-1,aneuploid,3.71516236062754,Primary_tumor
GSE184362,PTC10_T,PTC10_T_GTACAACAGGGAGATA-1,aneuploid,5.22747196892935,Primary_tumor
GSE184362,PTC10_T,PTC10_T_GTAGAGGCATCGGCCA-1,aneuploid,-0.206523245338235,Primary_tumor
GSE184362,PTC10_T,PTC10_T_GTAGATCGTTGCTGAT-1,aneuploid,3.60599516709573,Primary_tumor
GSE184362,PTC10_T,PTC10_T_GTAGATCGTTGGACCC-1,diploid,3.48890795041847,Primary_tumor
GSE184362,PTC10_T,PTC10_T_GTAGCTAAGGCATCTT-1,aneuploid,4.08943533576009,Primary_tumor
GSE184362,PTC10_T,PTC10_T_GTAGTACCACATAGCT-1,diploid,0.887477544117369,Primary_tumor
GSE184362,PTC10_T,PTC10_T_GTAGTACCACGGCCAT-1,diploid,-0.20764687691852,Primary_tumor
GSE184362,PTC10_T,PTC10_T_GTATTGGCATTGCCGG-1,diploid,3.75067660560135,Primary_tumor
GSE184362,PTC10_T,PTC10_T_GTCACTCTCGCATTAG-1,aneuploid,4.65565055057808,Primary_tumor
GSE184362,PTC10_T,PTC10_T_GTCATTTCAACGGCCT-1,aneuploid,3.3162596295314,Primary_tumor
GSE184362,PTC10_T,PTC10_T_GTCCCATTCTGTGCGG-1,diploid,0.774429752102619,Primary_tumor
GSE184362,PTC10_T,PTC10_T_GTCTACCTCGAGATAA-1,aneuploid,1.47457881400306,Primary_tumor
GSE184362,PTC10_T,PTC10_T_GTCTAGACAAACGAGC-1,diploid,1.53924245520434,Primary_tumor
GSE184362,PTC10_T,PTC10_T_GTCTCACGTATGAGAT-1,diploid,3.07527936676886,Primary_tumor
GSE184362,PTC10_T,PTC10_T_GTCTCACGTCTCGGAC-1,diploid,3.93542823739817,Primary_tumor
GSE184362,PTC10_T,PTC10_T_GTGACGCGTCCTGAAT-1,diploid,-0.520663066145843,Primary_tumor
GSE184362,PTC10_T,PTC10_T_GTGCAGCTCGATTGAC-1,aneuploid,4.26252757759703,Primary_tumor
GSE184362,PTC10_T,PTC10_T_GTGCTTCCAGGACTTT-1,aneuploid,3.16252826264238,Primary_tumor
GSE184362,PTC10_T,PTC10_T_GTGGAAGCACTACGGC-1,aneuploid,3.28841673417488,Primary_tumor
GSE184362,PTC10_T,PTC10_T_GTGTTCCCACATTCTT-1,diploid,3.11528528451814,Primary_tumor
GSE184362,PTC10_T,PTC10_T_GTGTTCCTCCTCTGCA-1,aneuploid,3.04799547720296,Primary_tumor
GSE184362,PTC10_T,PTC10_T_GTTACGACACTGAGGA-1,diploid,-0.813645963394385,Primary_tumor
GSE184362,PTC10_T,PTC10_T_GTTCATTTCCAGCTCT-1,diploid,-1.35900617496733,Primary_tumor
GSE184362,PTC10_T,PTC10_T_GTTCCGTCACTAGGCC-1,aneuploid,4.34680889742047,Primary_tumor
GSE184362,PTC10_T,PTC10_T_GTTCCGTCATGGTACT-1,diploid,5.19262763532178,Primary_tumor
GSE184362,PTC10_T,PTC10_T_GTTCGCTTCCGTTGAA-1,aneuploid,7.27166076381737,Primary_tumor
GSE184362,PTC10_T,PTC10_T_GTTGTAGGTCGATTAC-1,aneuploid,3.89387275103649,Primary_tumor
GSE184362,PTC10_T,PTC10_T_GTTGTGAGTCAGTTTG-1,diploid,4.88721937788735,Primary_tumor
GSE184362,PTC10_T,PTC10_T_GTTGTGAGTCGGCACT-1,diploid,3.89249398376701,Primary_tumor
GSE184362,PTC10_T,PTC10_T_GTTTACTCAACGAGGT-1,diploid,3.68721533761624,Primary_tumor
GSE184362,PTC10_T,PTC10_T_GTTTGGAAGTTAGTGA-1,aneuploid,3.25199524894798,Primary_tumor
GSE184362,PTC10_T,PTC10_T_TAACACGCATAGATCC-1,aneuploid,2.99274947147319,Primary_tumor
GSE184362,PTC10_T,PTC10_T_TAACCAGTCTATACGG-1,diploid,1.13057521242915,Primary_tumor
GSE184362,PTC10_T,PTC10_T_TAACGACAGCCTCTTC-1,diploid,4.17115470969176,Primary_tumor
GSE184362,PTC10_T,PTC10_T_TAAGCACAGACGCCCT-1,aneuploid,3.33735480569272,Primary_tumor
GSE184362,PTC10_T,PTC10_T_TAAGCCATCATCACCC-1,aneuploid,5.32349931087167,Primary_tumor
GSE184362,PTC10_T,PTC10_T_TAAGCGTAGTAACAGT-1,diploid,0.135774777500381,Primary_tumor
GSE184362,PTC10_T,PTC10_T_TAATCTCTCATGAGTC-1,diploid,-0.144766791551537,Primary_tumor
GSE184362,PTC10_T,PTC10_T_TACAACGTCGGAACTT-1,diploid,0.104408255627811,Primary_tumor
GSE184362,PTC10_T,PTC10_T_TACAGGTCAGCCTTCT-1,diploid,3.25123637417612,Primary_tumor
GSE184362,PTC10_T,PTC10_T_TACCCACTCGAGAAAT-1,diploid,1.3810699172247,Primary_tumor
GSE184362,PTC10_T,PTC10_T_TACTTACAGGCAGGTT-1,aneuploid,3.95469830448889,Primary_tumor
GSE184362,PTC10_T,PTC10_T_TACTTGTTCTTAGTTC-1,aneuploid,4.86524132153666,Primary_tumor
GSE184362,PTC10_T,PTC10_T_TAGAGTCGTATTCCTT-1,aneuploid,3.67039014078009,Primary_tumor
GSE184362,PTC10_T,PTC10_T_TAGAGTCTCTTTGGAG-1,diploid,3.33560110121077,Primary_tumor
GSE184362,PTC10_T,PTC10_T_TAGATCGAGTACAACA-1,aneuploid,2.79281157223093,Primary_tumor
GSE184362,PTC10_T,PTC10_T_TATCGCCAGTGATGGC-1,diploid,-2.70709916970751,Primary_tumor
GSE184362,PTC10_T,PTC10_T_TATCTTGAGTCGCCAC-1,aneuploid,3.83658572436547,Primary_tumor
GSE184362,PTC10_T,PTC10_T_TATCTTGCAGCAGGAT-1,diploid,4.58674475534053,Primary_tumor
GSE184362,PTC10_T,PTC10_T_TATCTTGTCGCTCTCA-1,aneuploid,5.99940292024462,Primary_tumor
GSE184362,PTC10_T,PTC10_T_TATGTTCGTTTACCAG-1,aneuploid,3.25498941109445,Primary_tumor
GSE184362,PTC10_T,PTC10_T_TATTCCATCCTTTGAT-1,diploid,3.2178287342515,Primary_tumor
GSE184362,PTC10_T,PTC10_T_TATTGCTGTTAGCGGA-1,diploid,2.2981901263952,Primary_tumor
GSE184362,PTC10_T,PTC10_T_TATTGGGGTTGGCCGT-1,aneuploid,5.3804190577682,Primary_tumor
GSE184362,PTC10_T,PTC10_T_TATTTCGAGCCGATAG-1,aneuploid,3.89086058299257,Primary_tumor
GSE184362,PTC10_T,PTC10_T_TATTTCGCAACTGGTT-1,diploid,5.29983096392236,Primary_tumor
GSE184362,PTC10_T,PTC10_T_TCAAGACTCGAACGGA-1,diploid,1.8574677062605,Primary_tumor
GSE184362,PTC10_T,PTC10_T_TCAAGCAAGCCTATTG-1,aneuploid,6.38060983417705,Primary_tumor
GSE184362,PTC10_T,PTC10_T_TCAAGTGAGTGCTCGC-1,diploid,3.47297607165812,Primary_tumor
GSE184362,PTC10_T,PTC10_T_TCAATCTTCGCCTTGT-1,aneuploid,5.19781667461776,Primary_tumor
GSE184362,PTC10_T,PTC10_T_TCAATTCAGACCATAA-1,diploid,4.92842702156721,Primary_tumor
GSE184362,PTC10_T,PTC10_T_TCACAAGCAGGAGGTT-1,diploid,0.808561480908672,Primary_tumor
GSE184362,PTC10_T,PTC10_T_TCACATTCAAGCACCC-1,aneuploid,3.3574995679966,Primary_tumor
GSE184362,PTC10_T,PTC10_T_TCACATTCACAAATGA-1,diploid,0.785002153729253,Primary_tumor
GSE184362,PTC10_T,PTC10_T_TCACTCGCAAAGAGTT-1,diploid,2.54938559230501,Primary_tumor
GSE184362,PTC10_T,PTC10_T_TCAGTGAAGGAAGTAG-1,diploid,3.10362057685785,Primary_tumor
GSE184362,PTC10_T,PTC10_T_TCAGTGAGTAAGTTGA-1,diploid,3.74859768973836,Primary_tumor
GSE184362,PTC10_T,PTC10_T_TCATACTAGGGTGAAA-1,diploid,0.919242337689274,Primary_tumor
GSE184362,PTC10_T,PTC10_T_TCATACTAGTCATCCA-1,diploid,0.97927241264541,Primary_tumor
GSE184362,PTC10_T,PTC10_T_TCATACTCACTCCTGT-1,aneuploid,3.76448674601421,Primary_tumor
GSE184362,PTC10_T,PTC10_T_TCATATCCAGCACGAA-1,diploid,2.95396999157758,Primary_tumor
GSE184362,PTC10_T,PTC10_T_TCATCATGTACGACTT-1,diploid,0.217440090840596,Primary_tumor
GSE184362,PTC10_T,PTC10_T_TCATGAGTCAGCGCGT-1,aneuploid,5.02609080105575,Primary_tumor
GSE184362,PTC10_T,PTC10_T_TCATGTTAGGTCGTGA-1,aneuploid,1.80693583039535,Primary_tumor
GSE184362,PTC10_T,PTC10_T_TCCACCAAGCTGACTT-1,diploid,4.03975382556613,Primary_tumor
GSE184362,PTC10_T,PTC10_T_TCCATCGAGGAACTCG-1,aneuploid,3.03295430222293,Primary_tumor
GSE184362,PTC10_T,PTC10_T_TCCCACATCCGTGGGT-1,diploid,2.71023729091699,Primary_tumor
GSE184362,PTC10_T,PTC10_T_TCCCATGCAATTGCTG-1,aneuploid,2.97452061792198,Primary_tumor
GSE184362,PTC10_T,PTC10_T_TCCGTGTGTAGGTACG-1,diploid,-0.321073227768721,Primary_tumor
GSE184362,PTC10_T,PTC10_T_TCCGTGTTCGATGCAT-1,diploid,3.83516750021379,Primary_tumor
GSE184362,PTC10_T,PTC10_T_TCCTCCCTCTGGTGGC-1,diploid,1.07177534760665,Primary_tumor
GSE184362,PTC10_T,PTC10_T_TCCTCGATCATCTCTA-1,aneuploid,5.36996371546589,Primary_tumor
GSE184362,PTC10_T,PTC10_T_TCCTCTTAGTTGCCCG-1,aneuploid,2.4695771731725,Primary_tumor
GSE184362,PTC10_T,PTC10_T_TCCTTCTTCCGTGGGT-1,aneuploid,2.80556296142607,Primary_tumor
GSE184362,PTC10_T,PTC10_T_TCCTTTCCACTAGGCC-1,diploid,3.03976057264883,Primary_tumor
GSE184362,PTC10_T,PTC10_T_TCGACCTAGGAACTAT-1,diploid,-1.19021446009524,Primary_tumor
GSE184362,PTC10_T,PTC10_T_TCGATTTTCATCTACT-1,aneuploid,1.8905121392096,Primary_tumor
GSE184362,PTC10_T,PTC10_T_TCGCAGGAGGTTCTTG-1,aneuploid,4.37135281813175,Primary_tumor
GSE184362,PTC10_T,PTC10_T_TCGGGACCAGTCGCAC-1,aneuploid,4.76477096384292,Primary_tumor
GSE184362,PTC10_T,PTC10_T_TCGGGCACAACAGTGG-1,diploid,0.754579193340964,Primary_tumor
GSE184362,PTC10_T,PTC10_T_TCGGGTGCACGTTGGC-1,diploid,3.00518993532539,Primary_tumor
GSE184362,PTC10_T,PTC10_T_TCGTAGAGTCCACTTC-1,diploid,-0.841202308585023,Primary_tumor
GSE184362,PTC10_T,PTC10_T_TCTACCGTCACCGCTT-1,diploid,-1.19467451349966,Primary_tumor
GSE184362,PTC10_T,PTC10_T_TCTATCACAATCAGCT-1,aneuploid,4.60505990413329,Primary_tumor
GSE184362,PTC10_T,PTC10_T_TCTCACGCAAGTTCGT-1,aneuploid,3.43145122232936,Primary_tumor
GSE184362,PTC10_T,PTC10_T_TCTCAGCTCGGTCTGG-1,diploid,2.61675975823776,Primary_tumor
GSE184362,PTC10_T,PTC10_T_TCTCTGGCACAGCCAC-1,aneuploid,2.34130578536792,Primary_tumor
GSE184362,PTC10_T,PTC10_T_TCTGGCTGTAACATAG-1,aneuploid,4.32326500061407,Primary_tumor
GSE184362,PTC10_T,PTC10_T_TCTTAGTCAAGCCCAC-1,aneuploid,3.9366728115477,Primary_tumor
GSE184362,PTC10_T,PTC10_T_TCTTCCTGTAGGAGGG-1,diploid,2.23200641356088,Primary_tumor
GSE184362,PTC10_T,PTC10_T_TGAATCGAGTTCCGGC-1,diploid,2.99468473866881,Primary_tumor
GSE184362,PTC10_T,PTC10_T_TGACCCTGTTGTAGCT-1,diploid,-0.444452831000856,Primary_tumor
GSE184362,PTC10_T,PTC10_T_TGACTCCTCGAACCTA-1,diploid,4.39339561264589,Primary_tumor
GSE184362,PTC10_T,PTC10_T_TGAGACTCACCTGATA-1,diploid,1.11064627406089,Primary_tumor
GSE184362,PTC10_T,PTC10_T_TGAGCATGTGTCACAT-1,aneuploid,2.98939854621407,Primary_tumor
GSE184362,PTC10_T,PTC10_T_TGAGCATTCCACGGAC-1,diploid,5.1573648667011,Primary_tumor
GSE184362,PTC10_T,PTC10_T_TGAGCGCGTTACCTGA-1,aneuploid,4.09968300152647,Primary_tumor
GSE184362,PTC10_T,PTC10_T_TGAGGGAGTATCACCA-1,diploid,3.79673611624227,Primary_tumor
GSE184362,PTC10_T,PTC10_T_TGAGGTTCACTCCGAG-1,aneuploid,4.36252571152868,Primary_tumor
GSE184362,PTC10_T,PTC10_T_TGATCAGGTGTGAGCA-1,diploid,3.60487025278682,Primary_tumor
GSE184362,PTC10_T,PTC10_T_TGATGGTCACTCTGCT-1,diploid,4.83353578383663,Primary_tumor
GSE184362,PTC10_T,PTC10_T_TGATGGTTCTTAATCC-1,aneuploid,3.30534884843498,Primary_tumor
GSE184362,PTC10_T,PTC10_T_TGATTCTTCCTAGAGT-1,diploid,2.29435101002421,Primary_tumor
GSE184362,PTC10_T,PTC10_T_TGATTTCAGCAATTCC-1,aneuploid,2.79086895297489,Primary_tumor
GSE184362,PTC10_T,PTC10_T_TGATTTCCATCGAACT-1,diploid,4.55841452519594,Primary_tumor
GSE184362,PTC10_T,PTC10_T_TGATTTCGTAGCGAGT-1,aneuploid,5.43759933536175,Primary_tumor
GSE184362,PTC10_T,PTC10_T_TGCAGGCCACACCGAC-1,diploid,-0.189463307060217,Primary_tumor
GSE184362,PTC10_T,PTC10_T_TGCATCCAGAAATCCA-1,aneuploid,0.109811089290559,Primary_tumor
GSE184362,PTC10_T,PTC10_T_TGCATGAAGGAAGAAC-1,aneuploid,3.34997148131304,Primary_tumor
GSE184362,PTC10_T,PTC10_T_TGCGATAAGCGCATCC-1,aneuploid,4.60901702328057,Primary_tumor
GSE184362,PTC10_T,PTC10_T_TGCGATACAAAGTGTA-1,diploid,2.14668214991426,Primary_tumor
GSE184362,PTC10_T,PTC10_T_TGCTTGCAGTGAGGCT-1,aneuploid,3.22721141135097,Primary_tumor
GSE184362,PTC10_T,PTC10_T_TGCTTGCCAAAGGATT-1,diploid,3.06925172217784,Primary_tumor
GSE184362,PTC10_T,PTC10_T_TGGATCACAACCTATG-1,diploid,3.05704277574214,Primary_tumor
GSE184362,PTC10_T,PTC10_T_TGGATCAGTAACATCC-1,aneuploid,0.996456113541368,Primary_tumor
GSE184362,PTC10_T,PTC10_T_TGGATGTAGCAAATCA-1,diploid,4.44512654314957,Primary_tumor
GSE184362,PTC10_T,PTC10_T_TGGCGTGAGAGGCTGT-1,aneuploid,0.984976137200372,Primary_tumor
GSE184362,PTC10_T,PTC10_T_TGGGAGAAGCCTCTCT-1,diploid,3.20828924263515,Primary_tumor
GSE184362,PTC10_T,PTC10_T_TGGGAGACATCCGTGG-1,aneuploid,3.03473990750565,Primary_tumor
GSE184362,PTC10_T,PTC10_T_TGGGATTGTAACTAAG-1,aneuploid,1.94476281242395,Primary_tumor
GSE184362,PTC10_T,PTC10_T_TGGGCTGGTCTGTAAC-1,aneuploid,-0.909259093978377,Primary_tumor
GSE184362,PTC10_T,PTC10_T_TGGGCTGTCCGCTTAC-1,aneuploid,4.05322835009185,Primary_tumor
GSE184362,PTC10_T,PTC10_T_TGGTGATAGTTTGAGA-1,aneuploid,4.23455866851687,Primary_tumor
GSE184362,PTC10_T,PTC10_T_TGGTGATGTCTGTTAG-1,aneuploid,2.95051085099241,Primary_tumor
GSE184362,PTC10_T,PTC10_T_TGTAACGGTACATTGC-1,aneuploid,3.58239797785709,Primary_tumor
GSE184362,PTC10_T,PTC10_T_TGTGAGTCAGGTGTTT-1,diploid,-0.686236240523737,Primary_tumor
GSE184362,PTC10_T,PTC10_T_TGTTACTCAAGAGGTC-1,aneuploid,0.3952937512704,Primary_tumor
GSE184362,PTC10_T,PTC10_T_TGTTCATGTACTGCGC-1,diploid,5.14389513948324,Primary_tumor
GSE184362,PTC10_T,PTC10_T_TGTTCTAAGTGTAGTA-1,diploid,5.35058173173263,Primary_tumor
GSE184362,PTC10_T,PTC10_T_TGTTGGACATGAAAGT-1,diploid,0.959088270821722,Primary_tumor
GSE184362,PTC10_T,PTC10_T_TTAATCCTCTCTTCAA-1,aneuploid,4.12243025123872,Primary_tumor
GSE184362,PTC10_T,PTC10_T_TTACCATCACTCCGAG-1,aneuploid,8.08390612459893,Primary_tumor
GSE184362,PTC10_T,PTC10_T_TTACCATGTTAGAAAC-1,aneuploid,3.18461856379074,Primary_tumor
GSE184362,PTC10_T,PTC10_T_TTACGCCAGCTCCCTT-1,diploid,3.38597227337922,Primary_tumor
GSE184362,PTC10_T,PTC10_T_TTACGTTGTTGTGCCG-1,diploid,5.04659240096775,Primary_tumor
GSE184362,PTC10_T,PTC10_T_TTAGTCTTCCGTCAAA-1,aneuploid,4.19817522068269,Primary_tumor
GSE184362,PTC10_T,PTC10_T_TTATTGCTCCGAGCTG-1,aneuploid,3.12605762921512,Primary_tumor
GSE184362,PTC10_T,PTC10_T_TTATTGCTCGACTCCT-1,diploid,3.08869562693499,Primary_tumor
GSE184362,PTC10_T,PTC10_T_TTCACGCCAATCGCAT-1,diploid,1.62906718363209,Primary_tumor
GSE184362,PTC10_T,PTC10_T_TTCAGGAAGTGCTACT-1,aneuploid,4.60394893943221,Primary_tumor
GSE184362,PTC10_T,PTC10_T_TTCATTGCACTGGATT-1,diploid,1.43169743770096,Primary_tumor
GSE184362,PTC10_T,PTC10_T_TTCCAATAGTACCGGA-1,aneuploid,2.98488239038432,Primary_tumor
GSE184362,PTC10_T,PTC10_T_TTCCGGTGTTCTTGCC-1,aneuploid,3.16144844948246,Primary_tumor
GSE184362,PTC10_T,PTC10_T_TTCCTCTTCAAAGAAC-1,diploid,2.39977114685922,Primary_tumor
GSE184362,PTC10_T,PTC10_T_TTCCTTCTCGTTGTAG-1,diploid,0.936127243833237,Primary_tumor
GSE184362,PTC10_T,PTC10_T_TTCGCTGGTGCACAAG-1,diploid,4.14770982577608,Primary_tumor
GSE184362,PTC10_T,PTC10_T_TTCGGTCAGACGTCGA-1,diploid,0.825221063402976,Primary_tumor
GSE184362,PTC10_T,PTC10_T_TTCGGTCTCTCCAATT-1,aneuploid,4.9849800446432,Primary_tumor
GSE184362,PTC10_T,PTC10_T_TTCTGTACATTGTCGA-1,aneuploid,4.14010675402697,Primary_tumor
GSE184362,PTC10_T,PTC10_T_TTCTTGATCTACTGCC-1,aneuploid,3.00796769976778,Primary_tumor
GSE184362,PTC10_T,PTC10_T_TTGAACGCATCCTTCG-1,aneuploid,4.24473611655673,Primary_tumor
GSE184362,PTC10_T,PTC10_T_TTGCATTCATCGATCA-1,diploid,4.00243168512756,Primary_tumor
GSE184362,PTC10_T,PTC10_T_TTGCTGCTCCGAGATT-1,aneuploid,3.8828057789807,Primary_tumor
GSE184362,PTC10_T,PTC10_T_TTGGATGAGTATGCAA-1,aneuploid,2.90790461936702,Primary_tumor
GSE184362,PTC10_T,PTC10_T_TTGGGATAGACTACCT-1,diploid,2.90517471894957,Primary_tumor
GSE184362,PTC10_T,PTC10_T_TTGGGTAAGATGACCG-1,diploid,3.91565028399701,Primary_tumor
GSE184362,PTC10_T,PTC10_T_TTGGTTTAGGACACTG-1,diploid,4.07865381896493,Primary_tumor
GSE184362,PTC10_T,PTC10_T_TTGTTCAAGATACGAT-1,aneuploid,1.27397662116877,Primary_tumor
GSE184362,PTC10_T,PTC10_T_TTGTTGTTCGCTTGAA-1,diploid,3.16218051760133,Primary_tumor
GSE184362,PTC10_T,PTC10_T_TTGTTTGTCGTAACTG-1,diploid,-1.17630550332784,Primary_tumor
GSE184362,PTC10_T,PTC10_T_TTTACCAGTTCTTGTT-1,aneuploid,7.18261636185696,Primary_tumor
GSE184362,PTC10_T,PTC10_T_TTTACCATCGCTAATG-1,aneuploid,4.98231133223387,Primary_tumor
GSE184362,PTC10_T,PTC10_T_TTTACCATCTTAGCCC-1,aneuploid,2.77819860227851,Primary_tumor
GSE184362,PTC10_T,PTC10_T_TTTACGTTCTCGCCTA-1,diploid,3.97454094402895,Primary_tumor
GSE184362,PTC10_T,PTC10_T_TTTAGTCAGCTGACTT-1,diploid,2.68227383375132,Primary_tumor
GSE184362,PTC10_T,PTC10_T_TTTAGTCGTAGACAGC-1,diploid,0.905005141215052,Primary_tumor
GSE184362,PTC10_T,PTC10_T_TTTCATGTCTTACCAT-1,diploid,3.54620505835,Primary_tumor
GSE184362,PTC10_T,PTC10_T_TTTCCTCGTTCGTGCG-1,diploid,3.80497638784,Primary_tumor
GSE184362,PTC10_T,PTC10_T_TTTCGATTCCCACAGG-1,aneuploid,1.71551067552852,Primary_tumor
GSE184362,PTC10_T,PTC10_T_TTTGACTAGTTACTCG-1,aneuploid,4.47333878843232,Primary_tumor
GSE184362,PTC10_T,PTC10_T_TTTGGTTCAATAGGAT-1,diploid,0.167304549207545,Primary_tumor
GSE184362,PTC10_T,PTC10_T_TTTGTTGAGAATCCCT-1,aneuploid,3.46019107784999,Primary_tumor
GSE184362,PTC11_SC,PTC11_SC_AAAGGGCTCCGACGGT-1,aneuploid,4.84975836051633,Subcutaneous_metastasis
GSE184362,PTC11_SC,PTC11_SC_AACACACGTTCGTTCC-1,aneuploid,2.29494317156959,Subcutaneous_metastasis
GSE184362,PTC11_SC,PTC11_SC_AACCAACCAGGGAATC-1,aneuploid,4.80965841732693,Subcutaneous_metastasis
GSE184362,PTC11_SC,PTC11_SC_AACCAACTCGCAAGAG-1,aneuploid,3.40445445614591,Subcutaneous_metastasis
GSE184362,PTC11_SC,PTC11_SC_AACCATGGTTCCGCTT-1,aneuploid,3.98790183273282,Subcutaneous_metastasis
GSE184362,PTC11_SC,PTC11_SC_AAGACAATCGATACGT-1,aneuploid,4.23287836871153,Subcutaneous_metastasis
GSE184362,PTC11_SC,PTC11_SC_AAGCATCAGCTGTTAC-1,aneuploid,6.02229451765387,Subcutaneous_metastasis
GSE184362,PTC11_SC,PTC11_SC_AAGCATCCACAGCTTA-1,aneuploid,3.94327505962676,Subcutaneous_metastasis
GSE184362,PTC11_SC,PTC11_SC_AAGGAATCAAGCACCC-1,aneuploid,4.07896293885502,Subcutaneous_metastasis
GSE184362,PTC11_SC,PTC11_SC_AAGGAATCAGAATTCC-1,aneuploid,5.29249137956563,Subcutaneous_metastasis
GSE184362,PTC11_SC,PTC11_SC_AAGTGAAAGCGAGAAA-1,aneuploid,4.17702339497417,Subcutaneous_metastasis
GSE184362,PTC11_SC,PTC11_SC_AATGACCCACGACGCT-1,aneuploid,2.25556418971094,Subcutaneous_metastasis
GSE184362,PTC11_SC,PTC11_SC_AATGGAACAGTAACGG-1,aneuploid,4.69005411683798,Subcutaneous_metastasis
GSE184362,PTC11_SC,PTC11_SC_ACAACCACAGACCCGT-1,aneuploid,4.07367219482386,Subcutaneous_metastasis
GSE184362,PTC11_SC,PTC11_SC_ACAACCAGTGGTATGG-1,aneuploid,3.20961270573549,Subcutaneous_metastasis
GSE184362,PTC11_SC,PTC11_SC_ACACAGTCAAATAAGC-1,aneuploid,4.17239548528037,Subcutaneous_metastasis
GSE184362,PTC11_SC,PTC11_SC_ACACAGTGTCGCATCG-1,aneuploid,5.36119973634348,Subcutaneous_metastasis
GSE184362,PTC11_SC,PTC11_SC_ACACAGTGTCGTGTTA-1,aneuploid,5.96491920019601,Subcutaneous_metastasis
GSE184362,PTC11_SC,PTC11_SC_ACACGCGAGTAGATCA-1,aneuploid,0.995551571484175,Subcutaneous_metastasis
GSE184362,PTC11_SC,PTC11_SC_ACAGAAAGTTAGGGAC-1,aneuploid,4.86025343923639,Subcutaneous_metastasis
GSE184362,PTC11_SC,PTC11_SC_ACCTGTCAGCTCATAC-1,aneuploid,6.79546486248198,Subcutaneous_metastasis
GSE184362,PTC11_SC,PTC11_SC_ACGCACGCAAGTCGTT-1,aneuploid,2.31912120225492,Subcutaneous_metastasis
GSE184362,PTC11_SC,PTC11_SC_ACGGAAGGTATCGCAT-1,aneuploid,2.12194833285967,Subcutaneous_metastasis
GSE184362,PTC11_SC,PTC11_SC_ACGTACAAGTGCTACT-1,aneuploid,-0.677485193595811,Subcutaneous_metastasis
GSE184362,PTC11_SC,PTC11_SC_ACGTAGTAGGAACATT-1,aneuploid,4.49438364983744,Subcutaneous_metastasis
GSE184362,PTC11_SC,PTC11_SC_ACGTAGTTCCCAAGCG-1,aneuploid,3.72228125624487,Subcutaneous_metastasis
GSE184362,PTC11_SC,PTC11_SC_ACTACGAGTCCGGACT-1,aneuploid,0.0593102169004695,Subcutaneous_metastasis
GSE184362,PTC11_SC,PTC11_SC_ACTACGATCGCGCCAA-1,aneuploid,6.73777154896504,Subcutaneous_metastasis
GSE184362,PTC11_SC,PTC11_SC_ACTATTCGTTTCACTT-1,aneuploid,3.69454862652053,Subcutaneous_metastasis
GSE184362,PTC11_SC,PTC11_SC_ACTTATCCAACCAATC-1,aneuploid,5.21002806245196,Subcutaneous_metastasis
GSE184362,PTC11_SC,PTC11_SC_ACTTATCGTGGTGATG-1,aneuploid,5.40735772607251,Subcutaneous_metastasis
GSE184362,PTC11_SC,PTC11_SC_ACTTATCTCTGGGCGT-1,aneuploid,1.83668561459901,Subcutaneous_metastasis
GSE184362,PTC11_SC,PTC11_SC_ACTTTCATCATTGAGC-1,aneuploid,6.98527248909675,Subcutaneous_metastasis
GSE184362,PTC11_SC,PTC11_SC_AGAAATGTCGGAGATG-1,aneuploid,5.5304430373439,Subcutaneous_metastasis
GSE184362,PTC11_SC,PTC11_SC_AGATCCAAGGAACTAT-1,aneuploid,5.138988553499,Subcutaneous_metastasis
GSE184362,PTC11_SC,PTC11_SC_AGATCCACAGGTTCAT-1,aneuploid,4.63335957232341,Subcutaneous_metastasis
GSE184362,PTC11_SC,PTC11_SC_AGATCGTAGTGGAAGA-1,aneuploid,1.21257172305365,Subcutaneous_metastasis
GSE184362,PTC11_SC,PTC11_SC_AGCATCACACGCTGTG-1,aneuploid,3.1944346294444,Subcutaneous_metastasis
GSE184362,PTC11_SC,PTC11_SC_AGCGCCACATCATGAC-1,aneuploid,1.25504546261824,Subcutaneous_metastasis
GSE184362,PTC11_SC,PTC11_SC_AGCGCCAGTAGCTGTT-1,aneuploid,4.86568603353808,Subcutaneous_metastasis
GSE184362,PTC11_SC,PTC11_SC_AGCTTCCGTCGCTTGG-1,aneuploid,2.49039760459462,Subcutaneous_metastasis
GSE184362,PTC11_SC,PTC11_SC_AGGAAATCAATCGCAT-1,aneuploid,1.27235934211043,Subcutaneous_metastasis
GSE184362,PTC11_SC,PTC11_SC_AGGAATAAGGCATCTT-1,aneuploid,4.22632763511527,Subcutaneous_metastasis
GSE184362,PTC11_SC,PTC11_SC_AGGAATAAGTTGAAAC-1,aneuploid,2.98391047392739,Subcutaneous_metastasis
GSE184362,PTC11_SC,PTC11_SC_AGGGAGTAGTAATCCC-1,aneuploid,4.22544464597915,Subcutaneous_metastasis
GSE184362,PTC11_SC,PTC11_SC_AGGGTCCTCGGAATTC-1,aneuploid,-0.676748175449864,Subcutaneous_metastasis
GSE184362,PTC11_SC,PTC11_SC_AGGTCATTCCTTACCG-1,aneuploid,3.93518276461116,Subcutaneous_metastasis
GSE184362,PTC11_SC,PTC11_SC_AGGTTACCATCATGAC-1,aneuploid,6.9566928224069,Subcutaneous_metastasis
GSE184362,PTC11_SC,PTC11_SC_AGTAGCTAGATCGGTG-1,aneuploid,2.5698747437013,Subcutaneous_metastasis
GSE184362,PTC11_SC,PTC11_SC_AGTCTCCAGCATGATA-1,aneuploid,3.92951282555403,Subcutaneous_metastasis
GSE184362,PTC11_SC,PTC11_SC_AGTCTCCTCATTTCCA-1,aneuploid,3.91299125392413,Subcutaneous_metastasis
GSE184362,PTC11_SC,PTC11_SC_AGTGACTAGCCTAACT-1,aneuploid,1.83836417412245,Subcutaneous_metastasis
GSE184362,PTC11_SC,PTC11_SC_AGTGTTGTCATCACTT-1,aneuploid,5.24047710687907,Subcutaneous_metastasis
GSE184362,PTC11_SC,PTC11_SC_AGTTAGCAGACCAAAT-1,aneuploid,1.39566008168152,Subcutaneous_metastasis
GSE184362,PTC11_SC,PTC11_SC_AGTTAGCGTGATGTAA-1,aneuploid,3.91395305052245,Subcutaneous_metastasis
GSE184362,PTC11_SC,PTC11_SC_ATATCCTGTCACTACA-1,aneuploid,6.90845544855685,Subcutaneous_metastasis
GSE184362,PTC11_SC,PTC11_SC_ATCACAGCAGCTGAGA-1,aneuploid,3.13505792744163,Subcutaneous_metastasis
GSE184362,PTC11_SC,PTC11_SC_ATCACTTAGCAAGTGC-1,aneuploid,4.13410618733808,Subcutaneous_metastasis
GSE184362,PTC11_SC,PTC11_SC_ATCACTTAGTTCCTGA-1,aneuploid,4.81140258534614,Subcutaneous_metastasis
GSE184362,PTC11_SC,PTC11_SC_ATCATTCGTGAGATTA-1,aneuploid,1.29021386634357,Subcutaneous_metastasis
GSE184362,PTC11_SC,PTC11_SC_ATCCCTGCACGTACTA-1,aneuploid,1.62075002084947,Subcutaneous_metastasis
GSE184362,PTC11_SC,PTC11_SC_ATCGATGAGTATTAGG-1,aneuploid,4.31023043079578,Subcutaneous_metastasis
GSE184362,PTC11_SC,PTC11_SC_ATCGGCGAGATTGCGG-1,aneuploid,4.33267274581286,Subcutaneous_metastasis
GSE184362,PTC11_SC,PTC11_SC_ATCTTCATCTTGTGCC-1,aneuploid,1.99590290637111,Subcutaneous_metastasis
GSE184362,PTC11_SC,PTC11_SC_ATGCCTCAGGGCAATC-1,aneuploid,3.2903275753883,Subcutaneous_metastasis
GSE184362,PTC11_SC,PTC11_SC_ATGCCTCTCGATACGT-1,aneuploid,2.66951421570027,Subcutaneous_metastasis
GSE184362,PTC11_SC,PTC11_SC_ATTCCATTCTAAGCGT-1,aneuploid,1.62984715260643,Subcutaneous_metastasis
GSE184362,PTC11_SC,PTC11_SC_ATTCCCGCACCCTAGG-1,aneuploid,2.90721706487824,Subcutaneous_metastasis
GSE184362,PTC11_SC,PTC11_SC_ATTTCACCACCTCGTT-1,aneuploid,5.53508389295882,Subcutaneous_metastasis
GSE184362,PTC11_SC,PTC11_SC_ATTTCTGAGCTCAGAG-1,aneuploid,4.85420624689317,Subcutaneous_metastasis
GSE184362,PTC11_SC,PTC11_SC_ATTTCTGAGCTCCATA-1,aneuploid,3.70620681855845,Subcutaneous_metastasis
GSE184362,PTC11_SC,PTC11_SC_CAAAGAAAGCAGTAAT-1,aneuploid,4.75195503023525,Subcutaneous_metastasis
GSE184362,PTC11_SC,PTC11_SC_CAACAGTGTAACTGCT-1,aneuploid,2.95415142030568,Subcutaneous_metastasis
GSE184362,PTC11_SC,PTC11_SC_CAAGCTACACGTAACT-1,aneuploid,4.35733329167915,Subcutaneous_metastasis
GSE184362,PTC11_SC,PTC11_SC_CAATGACCATCTATCT-1,aneuploid,3.01201500959444,Subcutaneous_metastasis
GSE184362,PTC11_SC,PTC11_SC_CACACAACACATCCCT-1,aneuploid,4.45391994460031,Subcutaneous_metastasis
GSE184362,PTC11_SC,PTC11_SC_CACACAATCGCCAGAC-1,aneuploid,5.18403359246922,Subcutaneous_metastasis
GSE184362,PTC11_SC,PTC11_SC_CACGAATAGCAGCGAT-1,aneuploid,4.09154219806139,Subcutaneous_metastasis
GSE184362,PTC11_SC,PTC11_SC_CACGTTCGTTCTCACC-1,aneuploid,3.30581014485189,Subcutaneous_metastasis
GSE184362,PTC11_SC,PTC11_SC_CACTAAGTCTGGTGCG-1,aneuploid,5.30032656577582,Subcutaneous_metastasis
GSE184362,PTC11_SC,PTC11_SC_CACTGAAAGTGGGAAA-1,aneuploid,4.00476615825954,Subcutaneous_metastasis
GSE184362,PTC11_SC,PTC11_SC_CACTGAACAGCGCTTG-1,aneuploid,1.806364121452,Subcutaneous_metastasis
GSE184362,PTC11_SC,PTC11_SC_CAGAGCCAGTCGCTAT-1,aneuploid,2.03822718279124,Subcutaneous_metastasis
GSE184362,PTC11_SC,PTC11_SC_CAGAGCCTCTCTCGCA-1,aneuploid,6.63906376480568,Subcutaneous_metastasis
GSE184362,PTC11_SC,PTC11_SC_CAGCCAGCACCCTTGT-1,aneuploid,1.70322858752805,Subcutaneous_metastasis
GSE184362,PTC11_SC,PTC11_SC_CAGCGTGCAGTGGTGA-1,aneuploid,1.89284417079681,Subcutaneous_metastasis
GSE184362,PTC11_SC,PTC11_SC_CAGCGTGGTCGTTGGC-1,aneuploid,2.2399467608557,Subcutaneous_metastasis
GSE184362,PTC11_SC,PTC11_SC_CAGTTAGAGATACGAT-1,aneuploid,4.16043364410864,Subcutaneous_metastasis
GSE184362,PTC11_SC,PTC11_SC_CATAAGCTCATTGCCC-1,aneuploid,3.9380633956643,Subcutaneous_metastasis
GSE184362,PTC11_SC,PTC11_SC_CATAAGCTCCCAAGCG-1,aneuploid,4.40351401305993,Subcutaneous_metastasis
GSE184362,PTC11_SC,PTC11_SC_CATAAGCTCGTTAGAC-1,aneuploid,4.62364216081662,Subcutaneous_metastasis
GSE184362,PTC11_SC,PTC11_SC_CATGAGTAGGTTACCT-1,aneuploid,1.22891267149404,Subcutaneous_metastasis
GSE184362,PTC11_SC,PTC11_SC_CATGCCTAGCAATTCC-1,aneuploid,4.56259806907046,Subcutaneous_metastasis
GSE184362,PTC11_SC,PTC11_SC_CATGGATAGATGTAGT-1,aneuploid,2.14593672213075,Subcutaneous_metastasis
GSE184362,PTC11_SC,PTC11_SC_CATTCTATCGCGAAGA-1,aneuploid,3.92422825772579,Subcutaneous_metastasis
GSE184362,PTC11_SC,PTC11_SC_CATTGCCAGTCTTGGT-1,aneuploid,2.28035814583444,Subcutaneous_metastasis
GSE184362,PTC11_SC,PTC11_SC_CCAATGAAGCTGGAGT-1,aneuploid,0.663110329015254,Subcutaneous_metastasis
GSE184362,PTC11_SC,PTC11_SC_CCAATGACACAAATGA-1,aneuploid,2.63806975259717,Subcutaneous_metastasis
GSE184362,PTC11_SC,PTC11_SC_CCACAAACACATACTG-1,aneuploid,4.22614241656097,Subcutaneous_metastasis
GSE184362,PTC11_SC,PTC11_SC_CCACACTCAGTCTGGC-1,aneuploid,5.28786791613301,Subcutaneous_metastasis
GSE184362,PTC11_SC,PTC11_SC_CCATAAGAGCGGGTAT-1,aneuploid,4.43644145399438,Subcutaneous_metastasis
GSE184362,PTC11_SC,PTC11_SC_CCATAAGTCGGTTGTA-1,aneuploid,5.49681873922486,Subcutaneous_metastasis
GSE184362,PTC11_SC,PTC11_SC_CCCTCAACAGGCCTGT-1,aneuploid,3.26652090121663,Subcutaneous_metastasis
GSE184362,PTC11_SC,PTC11_SC_CCCTGATAGTCGAGGT-1,aneuploid,4.55539459987269,Subcutaneous_metastasis
GSE184362,PTC11_SC,PTC11_SC_CCCTGATGTGTATTCG-1,aneuploid,2.05196938437063,Subcutaneous_metastasis
GSE184362,PTC11_SC,PTC11_SC_CCGAACGAGGGTCAAC-1,aneuploid,2.55942327657775,Subcutaneous_metastasis
GSE184362,PTC11_SC,PTC11_SC_CCGATCTAGCGTTGTT-1,aneuploid,5.45445020392268,Subcutaneous_metastasis
GSE184362,PTC11_SC,PTC11_SC_CCGTAGGGTCCGATCG-1,aneuploid,3.31526193402321,Subcutaneous_metastasis
GSE184362,PTC11_SC,PTC11_SC_CCGTAGGTCCATATGG-1,aneuploid,4.22600772972741,Subcutaneous_metastasis
GSE184362,PTC11_SC,PTC11_SC_CCTATCGTCCACTTCG-1,aneuploid,3.9913769929106,Subcutaneous_metastasis
GSE184362,PTC11_SC,PTC11_SC_CCTATCGTCGCCATAA-1,aneuploid,0.994146215370335,Subcutaneous_metastasis
GSE184362,PTC11_SC,PTC11_SC_CCTCACACACGCTATA-1,aneuploid,4.98934290309945,Subcutaneous_metastasis
GSE184362,PTC11_SC,PTC11_SC_CCTCCTCCACCGTACG-1,aneuploid,3.57428634559026,Subcutaneous_metastasis
GSE184362,PTC11_SC,PTC11_SC_CCTGCATGTATCGTGT-1,aneuploid,4.32046858151582,Subcutaneous_metastasis
GSE184362,PTC11_SC,PTC11_SC_CCTGTTGGTGGTTTAC-1,aneuploid,4.3886519127821,Subcutaneous_metastasis
GSE184362,PTC11_SC,PTC11_SC_CCTTGTGAGGTTAGTA-1,aneuploid,2.84327939857814,Subcutaneous_metastasis
GSE184362,PTC11_SC,PTC11_SC_CGAATTGAGTGCCTCG-1,aneuploid,3.88062090968874,Subcutaneous_metastasis
GSE184362,PTC11_SC,PTC11_SC_CGAATTGGTTATCTTC-1,aneuploid,4.33874464068307,Subcutaneous_metastasis
GSE184362,PTC11_SC,PTC11_SC_CGCGTGACAAGTGGCA-1,aneuploid,4.11756136574027,Subcutaneous_metastasis
GSE184362,PTC11_SC,PTC11_SC_CGCGTGACATGGCACC-1,aneuploid,5.97390704699153,Subcutaneous_metastasis
GSE184362,PTC11_SC,PTC11_SC_CGCGTGATCTTAGTTC-1,aneuploid,4.8560102398963,Subcutaneous_metastasis
GSE184362,PTC11_SC,PTC11_SC_CGGCAGTAGAACGTGC-1,aneuploid,2.58380538565132,Subcutaneous_metastasis
GSE184362,PTC11_SC,PTC11_SC_CGGGACTGTTGCATTG-1,aneuploid,1.75993006285622,Subcutaneous_metastasis
GSE184362,PTC11_SC,PTC11_SC_CGGGTCAAGGACTGGT-1,aneuploid,2.73842935786214,Subcutaneous_metastasis
GSE184362,PTC11_SC,PTC11_SC_CGTAGTAAGATTAGCA-1,aneuploid,8.61213488266451,Subcutaneous_metastasis
GSE184362,PTC11_SC,PTC11_SC_CGTAGTACAAGTCATC-1,aneuploid,3.19201271883592,Subcutaneous_metastasis
GSE184362,PTC11_SC,PTC11_SC_CGTCAAAAGAAGTCAT-1,aneuploid,2.94413187387582,Subcutaneous_metastasis
GSE184362,PTC11_SC,PTC11_SC_CGTCAAAAGTGAACAT-1,aneuploid,3.50655046276232,Subcutaneous_metastasis
GSE184362,PTC11_SC,PTC11_SC_CGTGTCTTCTCTCCGA-1,aneuploid,4.55589086449412,Subcutaneous_metastasis
GSE184362,PTC11_SC,PTC11_SC_CGTTCTGCAAGAATAC-1,aneuploid,5.82958815062764,Subcutaneous_metastasis
GSE184362,PTC11_SC,PTC11_SC_CTAAGTGGTCGAATGG-1,aneuploid,4.29907709398259,Subcutaneous_metastasis
GSE184362,PTC11_SC,PTC11_SC_CTACGGGCACAGAGCA-1,aneuploid,1.54750978455241,Subcutaneous_metastasis
GSE184362,PTC11_SC,PTC11_SC_CTAGGTAGTCTGTGCG-1,aneuploid,0.42967180890521,Subcutaneous_metastasis
GSE184362,PTC11_SC,PTC11_SC_CTATAGGTCAGTGATC-1,aneuploid,1.95371353957036,Subcutaneous_metastasis
GSE184362,PTC11_SC,PTC11_SC_CTATCCGAGCTAAACA-1,aneuploid,6.29411951112147,Subcutaneous_metastasis
GSE184362,PTC11_SC,PTC11_SC_CTCAACCCAACAAAGT-1,aneuploid,2.09452779362533,Subcutaneous_metastasis
GSE184362,PTC11_SC,PTC11_SC_CTCAAGAGTGTAGTGG-1,aneuploid,6.51266573864869,Subcutaneous_metastasis
GSE184362,PTC11_SC,PTC11_SC_CTCAGAACAATGGCAG-1,aneuploid,4.00196685210948,Subcutaneous_metastasis
GSE184362,PTC11_SC,PTC11_SC_CTCAGTCGTGACTCGC-1,aneuploid,4.51034159718263,Subcutaneous_metastasis
GSE184362,PTC11_SC,PTC11_SC_CTCCACATCATATGGC-1,aneuploid,3.43475373703875,Subcutaneous_metastasis
GSE184362,PTC11_SC,PTC11_SC_CTCCATGTCACTACTT-1,aneuploid,4.66540771593982,Subcutaneous_metastasis
GSE184362,PTC11_SC,PTC11_SC_CTCCCTCTCGAGTGGA-1,aneuploid,4.50781856628406,Subcutaneous_metastasis
GSE184362,PTC11_SC,PTC11_SC_CTCCTCCGTCGAGTGA-1,aneuploid,4.91545981543828,Subcutaneous_metastasis
GSE184362,PTC11_SC,PTC11_SC_CTGATCCTCTACCACC-1,aneuploid,4.53513261030339,Subcutaneous_metastasis
GSE184362,PTC11_SC,PTC11_SC_CTGCAGGTCCTACGAA-1,aneuploid,4.58287142713246,Subcutaneous_metastasis
GSE184362,PTC11_SC,PTC11_SC_CTGCCATGTCTGATCA-1,aneuploid,1.73707276044066,Subcutaneous_metastasis
GSE184362,PTC11_SC,PTC11_SC_CTGGACGAGACCCGCT-1,aneuploid,5.60456728768141,Subcutaneous_metastasis
GSE184362,PTC11_SC,PTC11_SC_CTGGACGCATAGGCGA-1,aneuploid,5.07577022379678,Subcutaneous_metastasis
GSE184362,PTC11_SC,PTC11_SC_CTGTATTCACACGGAA-1,aneuploid,5.13032075127993,Subcutaneous_metastasis
GSE184362,PTC11_SC,PTC11_SC_CTGTGAAGTCGCGTCA-1,aneuploid,3.92746358420609,Subcutaneous_metastasis
GSE184362,PTC11_SC,PTC11_SC_CTTCAATAGCCGCTTG-1,aneuploid,2.02224976260994,Subcutaneous_metastasis
GSE184362,PTC11_SC,PTC11_SC_CTTCCGATCATGAAAG-1,aneuploid,2.57503150318476,Subcutaneous_metastasis
GSE184362,PTC11_SC,PTC11_SC_CTTCTCTCACAAGCTT-1,aneuploid,1.93258062747712,Subcutaneous_metastasis
GSE184362,PTC11_SC,PTC11_SC_CTTGATTGTCCACACG-1,aneuploid,5.14028825044123,Subcutaneous_metastasis
GSE184362,PTC11_SC,PTC11_SC_GAAATGAAGGCGAACT-1,aneuploid,4.68792788080573,Subcutaneous_metastasis
GSE184362,PTC11_SC,PTC11_SC_GAACACTTCATTTACC-1,aneuploid,3.69882244502301,Subcutaneous_metastasis
GSE184362,PTC11_SC,PTC11_SC_GAACACTTCTCAACGA-1,aneuploid,0.473451009332779,Subcutaneous_metastasis
GSE184362,PTC11_SC,PTC11_SC_GAACGTTCAGAGGCAT-1,aneuploid,2.66258706295196,Subcutaneous_metastasis
GSE184362,PTC11_SC,PTC11_SC_GAAGAATCAGCATACT-1,aneuploid,4.42071127517004,Subcutaneous_metastasis
GSE184362,PTC11_SC,PTC11_SC_GAAGCCCGTTCGGTCG-1,aneuploid,2.7099313294795,Subcutaneous_metastasis
GSE184362,PTC11_SC,PTC11_SC_GAAGTAAGTCGTTTCC-1,aneuploid,7.42005087651751,Subcutaneous_metastasis
GSE184362,PTC11_SC,PTC11_SC_GACAGCCAGGAGGCAG-1,aneuploid,3.21583013648501,Subcutaneous_metastasis
GSE184362,PTC11_SC,PTC11_SC_GACCCAGCACCTGTCT-1,aneuploid,3.87740528903871,Subcutaneous_metastasis
GSE184362,PTC11_SC,PTC11_SC_GACCGTGCAGGGAGAG-1,aneuploid,5.01493619715612,Subcutaneous_metastasis
GSE184362,PTC11_SC,PTC11_SC_GACGTTACACAGCGCT-1,aneuploid,4.37358495342084,Subcutaneous_metastasis
GSE184362,PTC11_SC,PTC11_SC_GACTATGGTTAGAAAC-1,aneuploid,4.68907132397411,Subcutaneous_metastasis
GSE184362,PTC11_SC,PTC11_SC_GACTCAACAGCTGGTC-1,aneuploid,2.06047298300333,Subcutaneous_metastasis
GSE184362,PTC11_SC,PTC11_SC_GAGACTTCAGTCAGCC-1,aneuploid,1.04728506677053,Subcutaneous_metastasis
GSE184362,PTC11_SC,PTC11_SC_GAGGCAAGTCAGTCTA-1,aneuploid,4.13278917913846,Subcutaneous_metastasis
GSE184362,PTC11_SC,PTC11_SC_GAGGGATCAACCCGCA-1,aneuploid,4.44016445369044,Subcutaneous_metastasis
GSE184362,PTC11_SC,PTC11_SC_GAGGGATGTAGCTGTT-1,aneuploid,6.32553976667583,Subcutaneous_metastasis
GSE184362,PTC11_SC,PTC11_SC_GAGTGAGGTCGTTATG-1,aneuploid,4.33119435713201,Subcutaneous_metastasis
GSE184362,PTC11_SC,PTC11_SC_GAGTTACAGTACAGAT-1,aneuploid,4.46381213127841,Subcutaneous_metastasis
GSE184362,PTC11_SC,PTC11_SC_GATCACAGTATTTCGG-1,aneuploid,4.80680322396633,Subcutaneous_metastasis
GSE184362,PTC11_SC,PTC11_SC_GATCACATCGACGTCG-1,aneuploid,6.58575697961969,Subcutaneous_metastasis
GSE184362,PTC11_SC,PTC11_SC_GATGCTATCACGAGGA-1,aneuploid,3.46028004756501,Subcutaneous_metastasis
GSE184362,PTC11_SC,PTC11_SC_GATTCGAAGACCAGCA-1,aneuploid,1.80836227037756,Subcutaneous_metastasis
GSE184362,PTC11_SC,PTC11_SC_GATTCTTAGGTTGAGC-1,aneuploid,4.01761348373241,Subcutaneous_metastasis
GSE184362,PTC11_SC,PTC11_SC_GCACGGTCACCCAATA-1,aneuploid,4.10813842635719,Subcutaneous_metastasis
GSE184362,PTC11_SC,PTC11_SC_GCACGTGAGTAAGCAT-1,aneuploid,4.02684087533604,Subcutaneous_metastasis
GSE184362,PTC11_SC,PTC11_SC_GCAGCTGAGCTCTATG-1,aneuploid,-0.183633817437313,Subcutaneous_metastasis
GSE184362,PTC11_SC,PTC11_SC_GCCAGTGTCGTGGGTC-1,aneuploid,6.22332774231062,Subcutaneous_metastasis
GSE184362,PTC11_SC,PTC11_SC_GCCCAGACAGTGTGCC-1,aneuploid,5.02441092375818,Subcutaneous_metastasis
GSE184362,PTC11_SC,PTC11_SC_GCGTTTCCAGTCGCAC-1,aneuploid,3.35799429727985,Subcutaneous_metastasis
GSE184362,PTC11_SC,PTC11_SC_GCGTTTCGTCTTCATT-1,aneuploid,2.9954930022458,Subcutaneous_metastasis
GSE184362,PTC11_SC,PTC11_SC_GCTACAAAGCATGCAG-1,aneuploid,1.52349780629492,Subcutaneous_metastasis
GSE184362,PTC11_SC,PTC11_SC_GCTGCAGCAACGGCCT-1,aneuploid,4.70633501553759,Subcutaneous_metastasis
GSE184362,PTC11_SC,PTC11_SC_GCTTCACAGCGCATCC-1,aneuploid,4.25220842590884,Subcutaneous_metastasis
GSE184362,PTC11_SC,PTC11_SC_GCTTTCGTCAAGGTGG-1,aneuploid,3.92614067773816,Subcutaneous_metastasis
GSE184362,PTC11_SC,PTC11_SC_GGAAGTGCAGCTATTG-1,aneuploid,3.77952152525098,Subcutaneous_metastasis
GSE184362,PTC11_SC,PTC11_SC_GGAGAACAGTTGAAGT-1,aneuploid,4.97644371151701,Subcutaneous_metastasis
GSE184362,PTC11_SC,PTC11_SC_GGAGAACTCTAGATCG-1,aneuploid,2.79191171990676,Subcutaneous_metastasis
GSE184362,PTC11_SC,PTC11_SC_GGAGAACTCTGGCCAG-1,aneuploid,4.76705648524956,Subcutaneous_metastasis
GSE184362,PTC11_SC,PTC11_SC_GGGACTCTCACTGGTA-1,aneuploid,4.29383596748772,Subcutaneous_metastasis
GSE184362,PTC11_SC,PTC11_SC_GGGCCATGTTTGACAC-1,aneuploid,3.38836133646806,Subcutaneous_metastasis
GSE184362,PTC11_SC,PTC11_SC_GGGCGTTCAAATGAGT-1,aneuploid,2.83713719487797,Subcutaneous_metastasis
GSE184362,PTC11_SC,PTC11_SC_GGTGTCGAGCTGGAGT-1,aneuploid,3.1106092754102,Subcutaneous_metastasis
GSE184362,PTC11_SC,PTC11_SC_GGTTCTCAGGAAGAAC-1,aneuploid,1.98065794714655,Subcutaneous_metastasis
GSE184362,PTC11_SC,PTC11_SC_GTAACACCAGAGTTCT-1,aneuploid,4.87431364099152,Subcutaneous_metastasis
GSE184362,PTC11_SC,PTC11_SC_GTAATCGAGCGTATGG-1,aneuploid,6.84797908699717,Subcutaneous_metastasis
GSE184362,PTC11_SC,PTC11_SC_GTACAACCACGGTGCT-1,aneuploid,4.22244186049071,Subcutaneous_metastasis
GSE184362,PTC11_SC,PTC11_SC_GTACAGTTCCAGTACA-1,aneuploid,2.82528713714421,Subcutaneous_metastasis
GSE184362,PTC11_SC,PTC11_SC_GTAGTACTCCGAGATT-1,aneuploid,6.06384888345215,Subcutaneous_metastasis
GSE184362,PTC11_SC,PTC11_SC_GTATTTCTCCGTATGA-1,aneuploid,2.50660411422677,Subcutaneous_metastasis
GSE184362,PTC11_SC,PTC11_SC_GTCACGGTCGCCGAAC-1,aneuploid,1.36525830050442,Subcutaneous_metastasis
GSE184362,PTC11_SC,PTC11_SC_GTCAGCGAGAGGTTTA-1,aneuploid,2.79796592733403,Subcutaneous_metastasis
GSE184362,PTC11_SC,PTC11_SC_GTCAGCGTCCACTGAA-1,aneuploid,4.02731057278862,Subcutaneous_metastasis
GSE184362,PTC11_SC,PTC11_SC_GTCATGAAGACCCTTA-1,aneuploid,1.74738987963977,Subcutaneous_metastasis
GSE184362,PTC11_SC,PTC11_SC_GTCATTTTCGAGATAA-1,aneuploid,1.81341165245906,Subcutaneous_metastasis
GSE184362,PTC11_SC,PTC11_SC_GTCTACCTCGCAGTGC-1,aneuploid,3.66372743417664,Subcutaneous_metastasis
GSE184362,PTC11_SC,PTC11_SC_GTCTAGAAGGAACGCT-1,aneuploid,4.75776312570937,Subcutaneous_metastasis
GSE184362,PTC11_SC,PTC11_SC_GTCTGTCGTCTTGTCC-1,aneuploid,1.23085735157733,Subcutaneous_metastasis
GSE184362,PTC11_SC,PTC11_SC_GTGAGGAGTCCAGCAC-1,aneuploid,4.24967857312548,Subcutaneous_metastasis
GSE184362,PTC11_SC,PTC11_SC_GTGCAGCAGACATAGT-1,aneuploid,2.22331122448762,Subcutaneous_metastasis
GSE184362,PTC11_SC,PTC11_SC_GTGCTTCAGTAATACG-1,aneuploid,1.83605930597898,Subcutaneous_metastasis
GSE184362,PTC11_SC,PTC11_SC_GTGCTTCGTCTCACAA-1,aneuploid,2.22719353871564,Subcutaneous_metastasis
GSE184362,PTC11_SC,PTC11_SC_GTGGCGTGTACAGTCT-1,aneuploid,-0.566923116859212,Subcutaneous_metastasis
GSE184362,PTC11_SC,PTC11_SC_GTGGTTATCATCGCCT-1,aneuploid,6.03167412610853,Subcutaneous_metastasis
GSE184362,PTC11_SC,PTC11_SC_GTTCCGTGTCCTTAAG-1,aneuploid,3.83339779100197,Subcutaneous_metastasis
GSE184362,PTC11_SC,PTC11_SC_TAATTCCTCGAAATCC-1,aneuploid,4.12558874638546,Subcutaneous_metastasis
GSE184362,PTC11_SC,PTC11_SC_TACCTGCCATGCTGCG-1,aneuploid,7.97166217356346,Subcutaneous_metastasis
GSE184362,PTC11_SC,PTC11_SC_TAGACTGAGGGTATAT-1,aneuploid,4.1978367983045,Subcutaneous_metastasis
GSE184362,PTC11_SC,PTC11_SC_TAGATCGCATCAGTGT-1,aneuploid,0.726905751941468,Subcutaneous_metastasis
GSE184362,PTC11_SC,PTC11_SC_TAGATCGGTATGTCAC-1,aneuploid,1.80165245030451,Subcutaneous_metastasis
GSE184362,PTC11_SC,PTC11_SC_TAGGGTTAGAGTTCGG-1,aneuploid,0.771881822109803,Subcutaneous_metastasis
GSE184362,PTC11_SC,PTC11_SC_TATATCCGTCGTACTA-1,aneuploid,4.56921915327866,Subcutaneous_metastasis
GSE184362,PTC11_SC,PTC11_SC_TATCAGGTCTCCGCAT-1,aneuploid,4.59670279439652,Subcutaneous_metastasis
GSE184362,PTC11_SC,PTC11_SC_TATCGCCTCATGCCGG-1,aneuploid,4.76257475118677,Subcutaneous_metastasis
GSE184362,PTC11_SC,PTC11_SC_TATTGGGCAACCCTAA-1,aneuploid,4.33078362799749,Subcutaneous_metastasis
GSE184362,PTC11_SC,PTC11_SC_TATTTCGTCGCTTTAT-1,aneuploid,5.91826807596489,Subcutaneous_metastasis
GSE184362,PTC11_SC,PTC11_SC_TCAAGACAGCCAAGCA-1,aneuploid,0.716430797178711,Subcutaneous_metastasis
GSE184362,PTC11_SC,PTC11_SC_TCAAGCAAGCTCATAC-1,aneuploid,1.8954579394698,Subcutaneous_metastasis
GSE184362,PTC11_SC,PTC11_SC_TCAAGCATCAGAGCAG-1,aneuploid,4.34058088011112,Subcutaneous_metastasis
GSE184362,PTC11_SC,PTC11_SC_TCAAGCATCGCATGAT-1,aneuploid,1.89153446118489,Subcutaneous_metastasis
GSE184362,PTC11_SC,PTC11_SC_TCAGGTACACGCTGTG-1,aneuploid,4.78710023916792,Subcutaneous_metastasis
GSE184362,PTC11_SC,PTC11_SC_TCAGGTAGTTCGGTCG-1,aneuploid,5.81337903915359,Subcutaneous_metastasis
GSE184362,PTC11_SC,PTC11_SC_TCAGTGAGTTCTTGCC-1,aneuploid,3.07545849303604,Subcutaneous_metastasis
GSE184362,PTC11_SC,PTC11_SC_TCATGAGGTCTGTCCT-1,aneuploid,5.01380995010818,Subcutaneous_metastasis
GSE184362,PTC11_SC,PTC11_SC_TCATTGTGTGGCTACC-1,aneuploid,4.5934482330584,Subcutaneous_metastasis
GSE184362,PTC11_SC,PTC11_SC_TCCCATGAGCCGCACT-1,aneuploid,4.73876864616698,Subcutaneous_metastasis
GSE184362,PTC11_SC,PTC11_SC_TCCCATGGTCCTGTCT-1,aneuploid,2.15044719444441,Subcutaneous_metastasis
GSE184362,PTC11_SC,PTC11_SC_TCCGATCTCTATGCCC-1,aneuploid,4.33881320848493,Subcutaneous_metastasis
GSE184362,PTC11_SC,PTC11_SC_TCCTCCCTCAAGAGTA-1,aneuploid,3.61426604693064,Subcutaneous_metastasis
GSE184362,PTC11_SC,PTC11_SC_TCCTCCCTCAGACCGC-1,aneuploid,4.65009634201693,Subcutaneous_metastasis
GSE184362,PTC11_SC,PTC11_SC_TCCTCGACAACTTGCA-1,aneuploid,5.78566836208966,Subcutaneous_metastasis
GSE184362,PTC11_SC,PTC11_SC_TCCTCTTTCCCTGTTG-1,aneuploid,2.94076761882255,Subcutaneous_metastasis
GSE184362,PTC11_SC,PTC11_SC_TCCTTTCGTAAGATTG-1,aneuploid,2.81151660493179,Subcutaneous_metastasis
GSE184362,PTC11_SC,PTC11_SC_TCGAAGTAGAGTACCG-1,aneuploid,4.69592037148685,Subcutaneous_metastasis
GSE184362,PTC11_SC,PTC11_SC_TCGACCTTCGCGCCAA-1,aneuploid,5.01451388740818,Subcutaneous_metastasis
GSE184362,PTC11_SC,PTC11_SC_TCGGTCTTCGACATTG-1,aneuploid,3.91267765873353,Subcutaneous_metastasis
GSE184362,PTC11_SC,PTC11_SC_TCGTCCATCCTACGAA-1,aneuploid,4.20938269074318,Subcutaneous_metastasis
GSE184362,PTC11_SC,PTC11_SC_TCGTGGGAGGAATCGC-1,aneuploid,4.0638400029558,Subcutaneous_metastasis
GSE184362,PTC11_SC,PTC11_SC_TCTCTGGAGAGTTGTA-1,aneuploid,5.38767246782635,Subcutaneous_metastasis
GSE184362,PTC11_SC,PTC11_SC_TCTTAGTCAGTCAGAG-1,aneuploid,2.18563483316184,Subcutaneous_metastasis
GSE184362,PTC11_SC,PTC11_SC_TCTTGCGAGAATTGTG-1,aneuploid,2.12504298603832,Subcutaneous_metastasis
GSE184362,PTC11_SC,PTC11_SC_TCTTTGAAGGGTGGGA-1,aneuploid,3.9177047144435,Subcutaneous_metastasis
GSE184362,PTC11_SC,PTC11_SC_TGAATCGAGTGCACAG-1,aneuploid,3.04110088728876,Subcutaneous_metastasis
GSE184362,PTC11_SC,PTC11_SC_TGAATGCAGTGGCGAT-1,aneuploid,4.01190246873768,Subcutaneous_metastasis
GSE184362,PTC11_SC,PTC11_SC_TGAGACTGTCTACGTA-1,aneuploid,4.81813317687914,Subcutaneous_metastasis
GSE184362,PTC11_SC,PTC11_SC_TGATCTTCAGGATGAC-1,aneuploid,4.15071179181269,Subcutaneous_metastasis
GSE184362,PTC11_SC,PTC11_SC_TGATCTTTCTGCCCTA-1,aneuploid,5.32145936569679,Subcutaneous_metastasis
GSE184362,PTC11_SC,PTC11_SC_TGATGCAAGTCATTGC-1,aneuploid,4.08006942910959,Subcutaneous_metastasis
GSE184362,PTC11_SC,PTC11_SC_TGATGGTGTACTGGGA-1,aneuploid,7.36551868314405,Subcutaneous_metastasis
GSE184362,PTC11_SC,PTC11_SC_TGATTCTTCATGAAAG-1,aneuploid,3.9259731734447,Subcutaneous_metastasis
GSE184362,PTC11_SC,PTC11_SC_TGCATGAAGCTGCCAC-1,aneuploid,7.91996348482173,Subcutaneous_metastasis
GSE184362,PTC11_SC,PTC11_SC_TGCGACGTCCCATAGA-1,aneuploid,5.31979108749166,Subcutaneous_metastasis
GSE184362,PTC11_SC,PTC11_SC_TGCTCCATCTCGGTAA-1,aneuploid,2.8119943890257,Subcutaneous_metastasis
GSE184362,PTC11_SC,PTC11_SC_TGCTGAAAGAAGTCAT-1,aneuploid,4.86247640366269,Subcutaneous_metastasis
GSE184362,PTC11_SC,PTC11_SC_TGGAGAGCATGAGTAA-1,aneuploid,-0.022005302915588,Subcutaneous_metastasis
GSE184362,PTC11_SC,PTC11_SC_TGGAGGACAGTCTCTC-1,aneuploid,2.13247110280294,Subcutaneous_metastasis
GSE184362,PTC11_SC,PTC11_SC_TGGATGTTCAGCCTCT-1,aneuploid,1.56236360177552,Subcutaneous_metastasis
GSE184362,PTC11_SC,PTC11_SC_TGGGATTCACGGATCC-1,aneuploid,4.20626287958314,Subcutaneous_metastasis
GSE184362,PTC11_SC,PTC11_SC_TGGGCTGGTAGCGCCT-1,aneuploid,5.396730352423,Subcutaneous_metastasis
GSE184362,PTC11_SC,PTC11_SC_TGTAGACGTGTCTTCC-1,aneuploid,5.65418860964692,Subcutaneous_metastasis
GSE184362,PTC11_SC,PTC11_SC_TGTCCCACAACAACAA-1,aneuploid,4.27184919409694,Subcutaneous_metastasis
GSE184362,PTC11_SC,PTC11_SC_TGTGAGTCAGGGACTA-1,aneuploid,5.57408832630012,Subcutaneous_metastasis
GSE184362,PTC11_SC,PTC11_SC_TGTTGAGCACGGTGAA-1,aneuploid,4.66823069591309,Subcutaneous_metastasis
GSE184362,PTC11_SC,PTC11_SC_TTACCATGTTATTCTC-1,aneuploid,2.6242971785686,Subcutaneous_metastasis
GSE184362,PTC11_SC,PTC11_SC_TTACCATTCATGCTAG-1,aneuploid,6.51429878001066,Subcutaneous_metastasis
GSE184362,PTC11_SC,PTC11_SC_TTACCGCAGCGGTATG-1,aneuploid,2.63782136823302,Subcutaneous_metastasis
GSE184362,PTC11_SC,PTC11_SC_TTATTGCGTATCAGCT-1,aneuploid,5.32202484942019,Subcutaneous_metastasis
GSE184362,PTC11_SC,PTC11_SC_TTCAGGAGTATCAAGA-1,aneuploid,4.36247499948509,Subcutaneous_metastasis
GSE184362,PTC11_SC,PTC11_SC_TTCCGGTAGCTCCCTT-1,aneuploid,3.47117516307608,Subcutaneous_metastasis
GSE184362,PTC11_SC,PTC11_SC_TTCCGTGGTCTACTGA-1,aneuploid,5.87869676219601,Subcutaneous_metastasis
GSE184362,PTC11_SC,PTC11_SC_TTCCTTCTCCGTGGCA-1,aneuploid,3.54593882121678,Subcutaneous_metastasis
GSE184362,PTC11_SC,PTC11_SC_TTCGCTGAGCGACCCT-1,aneuploid,1.39391274513233,Subcutaneous_metastasis
GSE184362,PTC11_SC,PTC11_SC_TTCGCTGTCCGTCCTA-1,aneuploid,2.08643162506956,Subcutaneous_metastasis
GSE184362,PTC11_SC,PTC11_SC_TTCTAACCATGGCGCT-1,aneuploid,1.9845034333566,Subcutaneous_metastasis
GSE184362,PTC11_SC,PTC11_SC_TTCTTCCTCGCTTACC-1,aneuploid,5.24007188139153,Subcutaneous_metastasis
GSE184362,PTC11_SC,PTC11_SC_TTGAACGAGATGAACT-1,aneuploid,3.44931513107719,Subcutaneous_metastasis
GSE184362,PTC11_SC,PTC11_SC_TTGACCCAGGAGCTGT-1,aneuploid,3.90775253479916,Subcutaneous_metastasis
GSE184362,PTC11_SC,PTC11_SC_TTGACCCTCCATCTCG-1,aneuploid,5.75023264049164,Subcutaneous_metastasis
GSE184362,PTC11_SC,PTC11_SC_TTGGGATTCACTGATG-1,aneuploid,2.97389645775782,Subcutaneous_metastasis
GSE184362,PTC11_SC,PTC11_SC_TTGGTTTTCTGGGATT-1,aneuploid,4.83763750935554,Subcutaneous_metastasis
GSE184362,PTC11_SC,PTC11_SC_TTTCAGTAGGCTGGAT-1,aneuploid,0.0586326790631344,Subcutaneous_metastasis
GSE184362,PTC11_SC,PTC11_SC_TTTCAGTTCATTTCCA-1,aneuploid,3.92877306746514,Subcutaneous_metastasis
GSE184362,PTC11_SC,PTC11_SC_TTTGGTTAGTCATCCA-1,aneuploid,3.76850606476267,Subcutaneous_metastasis
GSE184362,PTC8_P,PTC8_P_AAAGAACGTGGATTTC-1,aneuploid,-2.79254143971393,Paratumor
GSE184362,PTC8_P,PTC8_P_AACAACCAGCGCTGAA-1,aneuploid,-5.09180069006571,Paratumor
GSE184362,PTC8_P,PTC8_P_AACAGGGGTGACACAG-1,aneuploid,-5.11396938047126,Paratumor
GSE184362,PTC8_P,PTC8_P_AACCTTTAGAGTGTTA-1,aneuploid,-0.988402335792705,Paratumor
GSE184362,PTC8_P,PTC8_P_AACGGGACATGACGGA-1,aneuploid,-2.32962279859221,Paratumor
GSE184362,PTC8_P,PTC8_P_AACTTCTGTTGTAAAG-1,aneuploid,-2.92872869198921,Paratumor
GSE184362,PTC8_P,PTC8_P_AAGCCATGTGATCGTT-1,aneuploid,-1.4064550568647,Paratumor
GSE184362,PTC8_P,PTC8_P_AATGGAATCGGCTTGG-1,aneuploid,-2.72834299318758,Paratumor
GSE184362,PTC8_P,PTC8_P_ACACCAATCGGCTTGG-1,aneuploid,-4.7488497572362,Paratumor
GSE184362,PTC8_P,PTC8_P_ACACGCGCAAATGCGG-1,aneuploid,-4.23012297507972,Paratumor
GSE184362,PTC8_P,PTC8_P_ACAGAAAAGCGACCCT-1,aneuploid,-2.59782762193885,Paratumor
GSE184362,PTC8_P,PTC8_P_ACATCCCCAATATCCG-1,aneuploid,-1.44950541593357,Paratumor
GSE184362,PTC8_P,PTC8_P_ACATTTCTCGTGGACC-1,aneuploid,-3.7602538036772,Paratumor
GSE184362,PTC8_P,PTC8_P_ACCTACCGTCGTCAGC-1,aneuploid,-3.26436864707914,Paratumor
GSE184362,PTC8_P,PTC8_P_ACCTGTCGTGTCCAAT-1,aneuploid,-1.89739412013354,Paratumor
GSE184362,PTC8_P,PTC8_P_ACGGTCGTCCACGTAA-1,aneuploid,-5.23626452207504,Paratumor
GSE184362,PTC8_P,PTC8_P_ACGGTTAAGGTAAGAG-1,aneuploid,-2.91037006462961,Paratumor
GSE184362,PTC8_P,PTC8_P_ACGTTCCAGCCGTCGT-1,aneuploid,-2.53138750646226,Paratumor
GSE184362,PTC8_P,PTC8_P_ACTATTCAGATCCCGC-1,aneuploid,-5.57567768215054,Paratumor
GSE184362,PTC8_P,PTC8_P_ACTATTCGTTATGTCG-1,aneuploid,-3.63851704756858,Paratumor
GSE184362,PTC8_P,PTC8_P_ACTCCCAGTACAACGG-1,aneuploid,-3.33307065605826,Paratumor
GSE184362,PTC8_P,PTC8_P_ACTCTCGGTTGAATCC-1,aneuploid,-4.60285354615824,Paratumor
GSE184362,PTC8_P,PTC8_P_ACTGTCCTCCTCAGAA-1,aneuploid,-1.08123616579435,Paratumor
GSE184362,PTC8_P,PTC8_P_ACTTAGGGTGCATTTG-1,aneuploid,-1.40924353436914,Paratumor
GSE184362,PTC8_P,PTC8_P_ACTTTCAGTGATAGAT-1,aneuploid,-2.5530632215389,Paratumor
GSE184362,PTC8_P,PTC8_P_AGACACTTCGACATAC-1,aneuploid,-3.94473654596127,Paratumor
GSE184362,PTC8_P,PTC8_P_AGACCATTCAAGCTGT-1,aneuploid,-2.12657479113866,Paratumor
GSE184362,PTC8_P,PTC8_P_AGACCCGAGCGTGCCT-1,aneuploid,-3.71225351623967,Paratumor
GSE184362,PTC8_P,PTC8_P_AGAGAGCTCAGGAAAT-1,aneuploid,-2.31308244729205,Paratumor
GSE184362,PTC8_P,PTC8_P_AGCATCAAGTACAACA-1,aneuploid,-2.82674659585936,Paratumor
GSE184362,PTC8_P,PTC8_P_AGCCAATAGGTCATCT-1,aneuploid,-2.80695110411284,Paratumor
GSE184362,PTC8_P,PTC8_P_AGGAGGTGTCCGGCAT-1,aneuploid,-3.77822166513428,Paratumor
GSE184362,PTC8_P,PTC8_P_AGGCCACGTCGCATCG-1,aneuploid,-2.34893923977558,Paratumor
GSE184362,PTC8_P,PTC8_P_AGGGCTCGTCCACATA-1,aneuploid,-3.87502845134334,Paratumor
GSE184362,PTC8_P,PTC8_P_AGTAACCCAATGCTCA-1,aneuploid,-2.48003469868044,Paratumor
GSE184362,PTC8_P,PTC8_P_AGTCAACTCTCGGCTT-1,aneuploid,-2.88264491628722,Paratumor
GSE184362,PTC8_P,PTC8_P_AGTTCCCTCAGTCAGT-1,aneuploid,-2.46680624425471,Paratumor
GSE184362,PTC8_P,PTC8_P_ATCGGCGGTAAGGTCG-1,aneuploid,-3.87049393889067,Paratumor
GSE184362,PTC8_P,PTC8_P_ATGACCACAAGTGGTG-1,aneuploid,-2.10608990054793,Paratumor
GSE184362,PTC8_P,PTC8_P_ATGTCCCGTCAACATC-1,aneuploid,-3.55901952138535,Paratumor
GSE184362,PTC8_P,PTC8_P_CAAAGAAGTTTGGCTA-1,aneuploid,-4.37942870316124,Paratumor
GSE184362,PTC8_P,PTC8_P_CAACCTCTCCGTAATG-1,aneuploid,-2.36035052578021,Paratumor
GSE184362,PTC8_P,PTC8_P_CAACGATTCCGTGGCA-1,aneuploid,-2.6512515112986,Paratumor
GSE184362,PTC8_P,PTC8_P_CAATCGATCTTCTCAA-1,aneuploid,-2.51588592826781,Paratumor
GSE184362,PTC8_P,PTC8_P_CACACAAGTCCGGTGT-1,aneuploid,-3.97309556588713,Paratumor
GSE184362,PTC8_P,PTC8_P_CAGATACCAATTTCCT-1,aneuploid,-5.17884193029878,Paratumor
GSE184362,PTC8_P,PTC8_P_CATACCCTCGCGAAGA-1,aneuploid,-3.17715968226645,Paratumor
GSE184362,PTC8_P,PTC8_P_CCATAAGAGTTGCTCA-1,aneuploid,-3.3400201743858,Paratumor
GSE184362,PTC8_P,PTC8_P_CCATAAGGTTGGCTAT-1,aneuploid,-4.52608426555696,Paratumor
GSE184362,PTC8_P,PTC8_P_CCGCAAGAGGACGCTA-1,aneuploid,-1.54556527014157,Paratumor
GSE184362,PTC8_P,PTC8_P_CCGGTGATCTGCCCTA-1,aneuploid,-2.83472449692545,Paratumor
GSE184362,PTC8_P,PTC8_P_CCGTAGGAGCCGCTTG-1,aneuploid,-2.01532093885788,Paratumor
GSE184362,PTC8_P,PTC8_P_CCTCATGGTCGTGATT-1,aneuploid,-2.52906821867324,Paratumor
GSE184362,PTC8_P,PTC8_P_CCTCCAAAGACGAGCT-1,aneuploid,-3.19535062905274,Paratumor
GSE184362,PTC8_P,PTC8_P_CCTCCAACAAAGGAGA-1,aneuploid,-2.6991309436053,Paratumor
GSE184362,PTC8_P,PTC8_P_CGAGGCTGTCGTCGGT-1,aneuploid,-2.71139064991108,Paratumor
GSE184362,PTC8_P,PTC8_P_CGAGTGCGTCTGATAC-1,aneuploid,-1.87808389667317,Paratumor
GSE184362,PTC8_P,PTC8_P_CGCAGGTAGCGCGTTC-1,aneuploid,-3.78532919396112,Paratumor
GSE184362,PTC8_P,PTC8_P_CGCATAACACGATTCA-1,aneuploid,-2.02542664736241,Paratumor
GSE184362,PTC8_P,PTC8_P_CGTCCATCACGTACAT-1,aneuploid,-3.29603603588115,Paratumor
GSE184362,PTC8_P,PTC8_P_CGTTGGGGTCTACATG-1,aneuploid,-3.1519696794576,Paratumor
GSE184362,PTC8_P,PTC8_P_CTAACCCTCTACCTTA-1,aneuploid,-3.50393636793381,Paratumor
GSE184362,PTC8_P,PTC8_P_CTAACTTTCTAGTACG-1,aneuploid,-2.38533311451635,Paratumor
GSE184362,PTC8_P,PTC8_P_CTACAGACATGAGATA-1,aneuploid,-2.0248286946457,Paratumor
GSE184362,PTC8_P,PTC8_P_CTACCCAAGCAGGCAT-1,aneuploid,-3.46699016870019,Paratumor
GSE184362,PTC8_P,PTC8_P_CTCAACCAGCGAGGAG-1,aneuploid,-1.92034804486042,Paratumor
GSE184362,PTC8_P,PTC8_P_CTCAACCCATACAGAA-1,aneuploid,-2.91573076651572,Paratumor
GSE184362,PTC8_P,PTC8_P_CTCAATTTCAGTCTTT-1,aneuploid,-4.43807115679815,Paratumor
GSE184362,PTC8_P,PTC8_P_CTCACTGTCCTGGGAC-1,aneuploid,-2.65655800785565,Paratumor
GSE184362,PTC8_P,PTC8_P_CTCTCAGGTAGCACAG-1,aneuploid,-6.32322721981296,Paratumor
GSE184362,PTC8_P,PTC8_P_CTGTATTCACAGCCAC-1,aneuploid,-2.31984942909492,Paratumor
GSE184362,PTC8_P,PTC8_P_CTGTCGTCAGGAGACT-1,aneuploid,-0.151194358325132,Paratumor
GSE184362,PTC8_P,PTC8_P_CTGTGGGAGGATAATC-1,aneuploid,-4.34150639509131,Paratumor
GSE184362,PTC8_P,PTC8_P_CTTACCGCAGAACATA-1,aneuploid,-1.71546886614498,Paratumor
GSE184362,PTC8_P,PTC8_P_GAAACCTAGTCATTGC-1,aneuploid,-1.62754934844415,Paratumor
GSE184362,PTC8_P,PTC8_P_GAAGCGACATCAACCA-1,aneuploid,-0.991833566649023,Paratumor
GSE184362,PTC8_P,PTC8_P_GAAGGGTGTTCTTGTT-1,aneuploid,-2.80306598104481,Paratumor
GSE184362,PTC8_P,PTC8_P_GACCAATCACCCGTAG-1,aneuploid,-1.58272575942422,Paratumor
GSE184362,PTC8_P,PTC8_P_GACCCAGAGGGCTTCC-1,aneuploid,-4.0579660653782,Paratumor
GSE184362,PTC8_P,PTC8_P_GACCCTTAGCGAGTCA-1,aneuploid,-2.56244858509045,Paratumor
GSE184362,PTC8_P,PTC8_P_GACGCTGAGGTTGACG-1,aneuploid,2.62609889739223,Paratumor
GSE184362,PTC8_P,PTC8_P_GAGTCATTCTGCATAG-1,aneuploid,-1.0597931210736,Paratumor
GSE184362,PTC8_P,PTC8_P_GATAGCTCATCCCACT-1,aneuploid,-4.27144275155817,Paratumor
GSE184362,PTC8_P,PTC8_P_GATGAGGAGGCCGCTT-1,aneuploid,-2.58225714610071,Paratumor
GSE184362,PTC8_P,PTC8_P_GATGGAGAGCATCAAA-1,aneuploid,-2.89103511060064,Paratumor
GSE184362,PTC8_P,PTC8_P_GCACATAGTTCATCGA-1,aneuploid,-1.74948141901968,Paratumor
GSE184362,PTC8_P,PTC8_P_GCACGGTTCAAGCCCG-1,aneuploid,-2.57783183891974,Paratumor
GSE184362,PTC8_P,PTC8_P_GCACTAAAGCCTCAAT-1,aneuploid,-2.51925227103834,Paratumor
GSE184362,PTC8_P,PTC8_P_GCAGGCTTCTGCTGAA-1,aneuploid,-3.58998092974429,Paratumor
GSE184362,PTC8_P,PTC8_P_GCATCGGGTATGTCTG-1,aneuploid,-2.0362294343061,Paratumor
GSE184362,PTC8_P,PTC8_P_GCATCGGGTATTGCCA-1,aneuploid,-2.35373535199973,Paratumor
GSE184362,PTC8_P,PTC8_P_GCCAGGTGTACGCTTA-1,aneuploid,-2.72169804391191,Paratumor
GSE184362,PTC8_P,PTC8_P_GCCTGTTCACTACCGG-1,aneuploid,-2.97903038801853,Paratumor
GSE184362,PTC8_P,PTC8_P_GCGAGAATCACTCGAA-1,aneuploid,-4.1440692628138,Paratumor
GSE184362,PTC8_P,PTC8_P_GCTTGGGAGCTAAATG-1,aneuploid,-4.5614039140833,Paratumor
GSE184362,PTC8_P,PTC8_P_GGAATGGAGGTCGTGA-1,aneuploid,-2.74146478864044,Paratumor
GSE184362,PTC8_P,PTC8_P_GGGACCTCAGCAGTCC-1,aneuploid,-5.45254570044989,Paratumor
GSE184362,PTC8_P,PTC8_P_GGGAGTATCACACCCT-1,aneuploid,-5.46401468934628,Paratumor
GSE184362,PTC8_P,PTC8_P_GGGCTCATCTAACACG-1,aneuploid,-2.92361294251496,Paratumor
GSE184362,PTC8_P,PTC8_P_GGGTCTGAGATGGTAT-1,aneuploid,-1.36825603371964,Paratumor
GSE184362,PTC8_P,PTC8_P_GTAACCAAGATGACAT-1,aneuploid,-2.30043297720294,Paratumor
GSE184362,PTC8_P,PTC8_P_GTAATCGTCCTGTACC-1,aneuploid,-3.13013538810859,Paratumor
GSE184362,PTC8_P,PTC8_P_GTCAAGTTCTACCTTA-1,aneuploid,-4.00285245207757,Paratumor
GSE184362,PTC8_P,PTC8_P_GTCACTCCACCAGACC-1,aneuploid,-5.11473726287371,Paratumor
GSE184362,PTC8_P,PTC8_P_GTCCACTCACTCACTC-1,aneuploid,-5.26801596984085,Paratumor
GSE184362,PTC8_P,PTC8_P_GTCTACCCAGGTTACT-1,aneuploid,-2.50297418858493,Paratumor
GSE184362,PTC8_P,PTC8_P_GTCTGTCAGATGATTG-1,aneuploid,-2.48790756059012,Paratumor
GSE184362,PTC8_P,PTC8_P_GTGACGCAGAGTAACT-1,aneuploid,-3.76259865426527,Paratumor
GSE184362,PTC8_P,PTC8_P_GTGACGCGTTAAGAAC-1,aneuploid,4.68855246904369,Paratumor
GSE184362,PTC8_P,PTC8_P_GTGCGTGTCTGTAAGC-1,aneuploid,-4.61357408480301,Paratumor
GSE184362,PTC8_P,PTC8_P_GTGGAAGTCTTAATCC-1,aneuploid,-2.86308494847913,Paratumor
GSE184362,PTC8_P,PTC8_P_GTGGGAATCGACCATA-1,aneuploid,-0.393533511960839,Paratumor
GSE184362,PTC8_P,PTC8_P_GTGTCCTCAGTTGAAA-1,diploid,-4.60856155200323,Paratumor
GSE184362,PTC8_P,PTC8_P_GTGTTAGTCGGAATGG-1,aneuploid,-3.18131997932059,Paratumor
GSE184362,PTC8_P,PTC8_P_TAACTTCAGAAGCTGC-1,aneuploid,-3.74700912671344,Paratumor
GSE184362,PTC8_P,PTC8_P_TAATTCCAGAGTACCG-1,aneuploid,-5.80217338475249,Paratumor
GSE184362,PTC8_P,PTC8_P_TACAGGTAGGCTCACC-1,aneuploid,-3.52832464436652,Paratumor
GSE184362,PTC8_P,PTC8_P_TACGCTCCAATAGTAG-1,aneuploid,-4.71655489069492,Paratumor
GSE184362,PTC8_P,PTC8_P_TAGGAGGGTCAGTTTG-1,aneuploid,-5.34289043190232,Paratumor
GSE184362,PTC8_P,PTC8_P_TATCCTAGTCAAGTTC-1,aneuploid,-4.34997848272924,Paratumor
GSE184362,PTC8_P,PTC8_P_TATTTCGGTTGGGTTT-1,aneuploid,-6.01861387757245,Paratumor
GSE184362,PTC8_P,PTC8_P_TCAAGCACACCCTGTT-1,aneuploid,-2.03820956978176,Paratumor
GSE184362,PTC8_P,PTC8_P_TCAAGCATCTATGCCC-1,aneuploid,-4.83588158223775,Paratumor
GSE184362,PTC8_P,PTC8_P_TCAGTTTTCTAGTCAG-1,aneuploid,-2.45977425142823,Paratumor
GSE184362,PTC8_P,PTC8_P_TCATACTCACAAGCTT-1,aneuploid,-2.19648053804829,Paratumor
GSE184362,PTC8_P,PTC8_P_TCATCCGTCATTTCGT-1,aneuploid,-3.89830106869013,Paratumor
GSE184362,PTC8_P,PTC8_P_TCATGCCGTTGGATCT-1,aneuploid,-2.0416239855876,Paratumor
GSE184362,PTC8_P,PTC8_P_TCATTGTTCGTGCATA-1,aneuploid,-3.40693347548436,Paratumor
GSE184362,PTC8_P,PTC8_P_TCCGATCAGGAACTCG-1,aneuploid,-1.87298431637099,Paratumor
GSE184362,PTC8_P,PTC8_P_TCCTCTTTCTGCTTAT-1,aneuploid,-2.72875958533352,Paratumor
GSE184362,PTC8_P,PTC8_P_TCGGGACTCTCCTACG-1,aneuploid,-2.52755595917845,Paratumor
GSE184362,PTC8_P,PTC8_P_TCTACATAGCTCATAC-1,aneuploid,-3.69666282710148,Paratumor
GSE184362,PTC8_P,PTC8_P_TCTTTGATCCTATTGT-1,aneuploid,-6.23417735911066,Paratumor
GSE184362,PTC8_P,PTC8_P_TGACCCTGTCAGTTTG-1,aneuploid,-1.47798173112532,Paratumor
GSE184362,PTC8_P,PTC8_P_TGATGGTCATGCCGCA-1,aneuploid,-6.19801684553683,Paratumor
GSE184362,PTC8_P,PTC8_P_TGATTCTGTCGTGATT-1,aneuploid,-1.87366249579586,Paratumor
GSE184362,PTC8_P,PTC8_P_TGCAGTAGTACCTGTA-1,aneuploid,-1.16985629216394,Paratumor
GSE184362,PTC8_P,PTC8_P_TGCATGAAGATCGACG-1,aneuploid,-1.31441295101096,Paratumor
GSE184362,PTC8_P,PTC8_P_TGGAGAGCAACCCGCA-1,aneuploid,-2.35985969510591,Paratumor
GSE184362,PTC8_P,PTC8_P_TGGGAAGAGGCACTCC-1,aneuploid,-4.06214757021882,Paratumor
GSE184362,PTC8_P,PTC8_P_TGGGCTGAGCTGTGCC-1,aneuploid,-5.49042879453659,Paratumor
GSE184362,PTC8_P,PTC8_P_TGGGCTGGTCCCACGA-1,aneuploid,-2.63871174059697,Paratumor
GSE184362,PTC8_P,PTC8_P_TGTAACGAGGGAACAA-1,aneuploid,-3.64334185399149,Paratumor
GSE184362,PTC8_P,PTC8_P_TGTACAGGTCGCTTAA-1,aneuploid,-1.26892707541525,Paratumor
GSE184362,PTC8_P,PTC8_P_TGTTACTAGATACCAA-1,aneuploid,-3.12552441894557,Paratumor
GSE184362,PTC8_P,PTC8_P_TGTTCTAGTCTTACAG-1,aneuploid,-1.22464480409277,Paratumor
GSE184362,PTC8_P,PTC8_P_TTAATCCGTCCAAGAG-1,aneuploid,-2.0034445233605,Paratumor
GSE184362,PTC8_P,PTC8_P_TTACGTTCATGAGGGT-1,aneuploid,-3.21144976056887,Paratumor
GSE184362,PTC8_P,PTC8_P_TTAGGCAAGTGGCCTC-1,aneuploid,-5.26809588713264,Paratumor
GSE184362,PTC8_P,PTC8_P_TTATTGCCACAACGAG-1,aneuploid,-3.03890503566156,Paratumor
GSE184362,PTC8_P,PTC8_P_TTCAGGAGTCTGTAGT-1,aneuploid,-2.2321766204405,Paratumor
GSE184362,PTC8_P,PTC8_P_TTCCGTGCAAACGAGC-1,aneuploid,-1.48958915689505,Paratumor
GSE184362,PTC8_P,PTC8_P_TTCCGTGCATGGATCT-1,aneuploid,-0.889977807820343,Paratumor
GSE184362,PTC8_P,PTC8_P_TTCCTTCAGCTACAAA-1,aneuploid,2.20252560366434,Paratumor
GSE184362,PTC8_P,PTC8_P_TTCTGTATCACTGCTC-1,aneuploid,-5.06093428498694,Paratumor
GSE184362,PTC8_P,PTC8_P_TTGATGGGTCGCTTAA-1,aneuploid,-2.51928188944741,Paratumor
GSE184362,PTC8_P,PTC8_P_TTGATGGGTTTAGACC-1,aneuploid,-3.87254500062446,Paratumor
GSE184362,PTC8_P,PTC8_P_TTGGATGTCGCAGAGA-1,aneuploid,-1.89565625355044,Paratumor
GSE184362,PTC8_P,PTC8_P_TTTCAGTTCTTGGCTC-1,aneuploid,-3.21176883422248,Paratumor
GSE184362,PTC8_P,PTC8_P_TTTCCTCGTGCCGAAA-1,aneuploid,-2.20265225631336,Paratumor
GSE232237,AT13,AT13_AACCGCGAGCATGGCA-1,aneuploid,14.4409379520911,ATC
GSE232237,AT13,AT13_ACAGCTAGTCAAAGAT-1,aneuploid,15.0407880259647,ATC
GSE232237,AT13,AT13_ACCCACTCATGCCTAA-1,diploid,-0.493143799508651,ATC
GSE232237,AT13,AT13_ACGGGTCAGAATCTCC-1,aneuploid,11.0653327222075,ATC
GSE232237,AT13,AT13_ACTTTCATCAACCATG-1,aneuploid,19.8227258254244,ATC
GSE232237,AT13,AT13_AGAATAGAGGATGGAA-1,diploid,-0.636551224460315,ATC
GSE232237,AT13,AT13_AGCAGCCTCTTAGCCC-1,aneuploid,6.98949445331112,ATC
GSE232237,AT13,AT13_AGCGTATCACAGTCGC-1,aneuploid,9.83845302101728,ATC
GSE232237,AT13,AT13_AGCTCTCGTCTGCAAT-1,aneuploid,11.8550544592469,ATC
GSE232237,AT13,AT13_AGCTTGACATGCCACG-1,diploid,0.657428209744156,ATC
GSE232237,AT13,AT13_ATCTACTTCTTCAACT-1,diploid,-0.905991820994847,ATC
GSE232237,AT13,AT13_ATTCTACCATGCTGGC-1,diploid,-1.14683798579335,ATC
GSE232237,AT13,AT13_ATTGGACCATGTTGAC-1,diploid,2.58481765793222,ATC
GSE232237,AT13,AT13_CAACCTCTCTTGTATC-1,diploid,-1.17235016073793,ATC
GSE232237,AT13,AT13_CAAGAAATCGATAGAA-1,diploid,-0.378217676107709,ATC
GSE232237,AT13,AT13_CAAGTTGTCGGCGCAT-1,diploid,-1.77306717098761,ATC
GSE232237,AT13,AT13_CAGATCACAGTCCTTC-1,diploid,1.88977160344796,ATC
GSE232237,AT13,AT13_CAGCGACCAGCTTCGG-1,aneuploid,14.9964266825217,ATC
GSE232237,AT13,AT13_CAGTAACCACTGTCGG-1,aneuploid,13.6420627084477,ATC
GSE232237,AT13,AT13_CATCGAATCCCATTTA-1,diploid,-1.58519818222413,ATC
GSE232237,AT13,AT13_CATGACATCCCTCAGT-1,diploid,1.07797309241668,ATC
GSE232237,AT13,AT13_CATGCCTGTGAGCGAT-1,diploid,0.337839058784738,ATC
GSE232237,AT13,AT13_CCTACACCATAGTAAG-1,aneuploid,11.8939685940668,ATC
GSE232237,AT13,AT13_CCTATTAAGGTGACCA-1,diploid,3.21361436999366,ATC
GSE232237,AT13,AT13_CGAACATGTTATGCGT-1,aneuploid,9.34747620588895,ATC
GSE232237,AT13,AT13_CGACTTCGTAATCGTC-1,diploid,0.410549572088242,ATC
GSE232237,AT13,AT13_CGAGCACTCGTGACAT-1,aneuploid,9.38600538921435,ATC
GSE232237,AT13,AT13_CGATGGCGTTAAGGGC-1,aneuploid,13.4112740647537,ATC
GSE232237,AT13,AT13_CGCTTCAGTTATCGGT-1,diploid,-0.897402210355641,ATC
GSE232237,AT13,AT13_CGGACACTCCGTCATC-1,aneuploid,15.4526156418149,ATC
GSE232237,AT13,AT13_CGGACGTAGAATCTCC-1,aneuploid,12.7777692632579,ATC
GSE232237,AT13,AT13_CGGAGCTTCCACGACG-1,aneuploid,5.52972396198038,ATC
GSE232237,AT13,AT13_CGTAGCGGTTGTACAC-1,aneuploid,13.9245627779124,ATC
GSE232237,AT13,AT13_CGTGTCTAGCACACAG-1,aneuploid,10.1703282835028,ATC
GSE232237,AT13,AT13_CGTGTCTTCAACTCTT-1,diploid,-0.836014432171232,ATC
GSE232237,AT13,AT13_CTAAGACAGTTCGCAT-1,aneuploid,7.7306106800556,ATC
GSE232237,AT13,AT13_CTACCCATCTTCATGT-1,diploid,-0.124046375574277,ATC
GSE232237,AT13,AT13_CTAGAGTGTGAAATCA-1,aneuploid,7.94710301324917,ATC
GSE232237,AT13,AT13_CTAGAGTTCACCCGAG-1,aneuploid,9.72636012357282,ATC
GSE232237,AT13,AT13_CTGCTGTTCCCAACGG-1,aneuploid,13.9568076765126,ATC
GSE232237,AT13,AT13_CTGTTTACATTGCGGC-1,aneuploid,1.54646994834057,ATC
GSE232237,AT13,AT13_CTGTTTAGTTACCAGT-1,diploid,-0.799583552212326,ATC
GSE232237,AT13,AT13_CTTAGGATCCAACCAA-1,diploid,-0.121282986470668,ATC
GSE232237,AT13,AT13_GAACATCGTCCATGAT-1,diploid,-1.58519818222413,ATC
GSE232237,AT13,AT13_GAAGCAGGTATTACCG-1,diploid,-0.819567520087261,ATC
GSE232237,AT13,AT13_GACACGCAGACTGTAA-1,diploid,0.666834841765738,ATC
GSE232237,AT13,AT13_GACACGCAGTGTCCCG-1,aneuploid,9.70828987421451,ATC
GSE232237,AT13,AT13_GACCTGGGTTTGTTTC-1,aneuploid,11.4315996687126,ATC
GSE232237,AT13,AT13_GATGAAACAGCAGTTT-1,diploid,-1.60177799656909,ATC
GSE232237,AT13,AT13_GATGAGGAGATGCCAG-1,diploid,0.730512388781811,ATC
GSE232237,AT13,AT13_GCAAACTCACAGCCCA-1,aneuploid,19.1769801934952,ATC
GSE232237,AT13,AT13_GCATACATCACTTACT-1,diploid,3.40305111610748,ATC
GSE232237,AT13,AT13_GCATGTAGTGCTGTAT-1,diploid,-0.795101117658441,ATC
GSE232237,AT13,AT13_GCGAGAAAGGAGCGTT-1,diploid,-1.79981209139395,ATC
GSE232237,AT13,AT13_GCTTCCATCTACTCAT-1,diploid,-1.42730863154168,ATC
GSE232237,AT13,AT13_GGACATTCAAATCCGT-1,diploid,-1.16742600126457,ATC
GSE232237,AT13,AT13_GGATGTTCAATCGGTT-1,aneuploid,7.33346481754739,ATC
GSE232237,AT13,AT13_GGCGACTAGACCACGA-1,aneuploid,18.5934921109049,ATC
GSE232237,AT13,AT13_GGGCACTGTTGGACCC-1,aneuploid,10.8072228771261,ATC
GSE232237,AT13,AT13_GTACTCCTCAGCTCTC-1,aneuploid,13.6057635170594,ATC
GSE232237,AT13,AT13_GTCGGGTCAGGATCGA-1,diploid,-0.411611851562356,ATC
GSE232237,AT13,AT13_GTCGTAATCTTGAGGT-1,diploid,2.27369743971121,ATC
GSE232237,AT13,AT13_TAAGAGATCCTTTCGG-1,aneuploid,2.78391654400252,ATC
GSE232237,AT13,AT13_TACCTTACAGCAGTTT-1,diploid,-1.79640793786398,ATC
GSE232237,AT13,AT13_TACCTTAGTCATGCCG-1,aneuploid,6.40146931800109,ATC
GSE232237,AT13,AT13_TACTTACCAAAGCGGT-1,aneuploid,12.0076928019043,ATC
GSE232237,AT13,AT13_TCACGAACACGGACAA-1,diploid,1.79119665842385,ATC
GSE232237,AT13,AT13_TCGCGTTAGACACGAC-1,diploid,-0.643347671913898,ATC
GSE232237,AT13,AT13_TCGTAGAAGCTGCCCA-1,diploid,0.120413430353719,ATC
GSE232237,AT13,AT13_TCTCTAAAGAGAACAG-1,aneuploid,12.7726108053201,ATC
GSE232237,AT13,AT13_TCTCTAACACACGCTG-1,diploid,2.99986618378935,ATC
GSE232237,AT13,AT13_TCTTCGGTCGGTCTAA-1,aneuploid,5.36418440663364,ATC
GSE232237,AT13,AT13_TGCCCATAGTCCATAC-1,aneuploid,9.50952640451666,ATC
GSE232237,AT13,AT13_TGCGTGGCACAGACTT-1,diploid,0.469249276009043,ATC
GSE232237,AT13,AT13_TGGTTCCTCGAGAACG-1,aneuploid,19.1143532763642,ATC
GSE232237,AT13,AT13_TGTGGTATCAGAGACG-1,aneuploid,5.19240730585961,ATC
GSE232237,AT13,AT13_TGTGGTATCTGCAAGT-1,aneuploid,7.26391806167496,ATC
GSE232237,AT13,AT13_TTAGGACTCATTGCCC-1,aneuploid,15.5954041391225,ATC
GSE232237,AT13,AT13_TTATGCTAGTGCGATG-1,aneuploid,7.16798810117234,ATC
GSE232237,AT13,AT13_TTGGAACGTTCCCGAG-1,aneuploid,9.21644731147376,ATC
GSE232237,AT20,AT20_AACCATGCACAGAGGT-1,aneuploid,1.96730590069139,ATC
GSE232237,AT20,AT20_AACGTTGGTGGTACAG-1,aneuploid,2.20633309012887,ATC
GSE232237,AT20,AT20_AACTCTTCACCTCGTT-1,aneuploid,1.20864229964867,ATC
GSE232237,AT20,AT20_AACTGGTGTCAGCTAT-1,aneuploid,2.0350910655943,ATC
GSE232237,AT20,AT20_AAGACCTAGGACAGAA-1,diploid,4.21128480175888,ATC
GSE232237,AT20,AT20_AAGGCAGTCTGCAGTA-1,aneuploid,-0.268727307513798,ATC
GSE232237,AT20,AT20_AAGGTTCTCACAGGCC-1,aneuploid,-0.840084069221659,ATC
GSE232237,AT20,AT20_AAGTCTGGTCTCCATC-1,aneuploid,0.9679464031252,ATC
GSE232237,AT20,AT20_AATCCAGAGACTAGAT-1,aneuploid,2.6145674536759,ATC
GSE232237,AT20,AT20_ACATACGCACTATCTT-1,aneuploid,1.32216831399776,ATC
GSE232237,AT20,AT20_ACGCCAGGTACAAGTA-1,aneuploid,2.31185876303531,ATC
GSE232237,AT20,AT20_ACGTCAATCTCTAAGG-1,aneuploid,1.78279778010316,ATC
GSE232237,AT20,AT20_ACTATCTGTCAGAGGT-1,aneuploid,2.37890197715,ATC
GSE232237,AT20,AT20_ACTTACTTCAAGATCC-1,aneuploid,0.774033014855747,ATC
GSE232237,AT20,AT20_ACTTGTTTCTGTTTGT-1,aneuploid,2.0189696665841,ATC
GSE232237,AT20,AT20_ACTTTCATCCACTGGG-1,aneuploid,-0.225358346176068,ATC
GSE232237,AT20,AT20_AGAATAGCACACCGCA-1,aneuploid,4.27321496162966,ATC
GSE232237,AT20,AT20_AGAGCTTCACTGTCGG-1,aneuploid,0.19059062625276,ATC
GSE232237,AT20,AT20_AGATCTGAGGAATGGA-1,aneuploid,2.97017307115094,ATC
GSE232237,AT20,AT20_AGATTGCTCTTGTATC-1,aneuploid,1.71272277660329,ATC
GSE232237,AT20,AT20_AGCAGCCAGACTCGGA-1,aneuploid,-1.00601644775521,ATC
GSE232237,AT20,AT20_AGCATACTCCAAGTAC-1,aneuploid,3.7466392518809,ATC
GSE232237,AT20,AT20_AGCTCCTCAATAGAGT-1,aneuploid,1.63090655039341,ATC
GSE232237,AT20,AT20_AGCTCCTCACGCCAGT-1,aneuploid,0.664763446962053,ATC
GSE232237,AT20,AT20_AGGTCATAGAGATGAG-1,aneuploid,2.16525406191712,ATC
GSE232237,AT20,AT20_ATAGACCCAGCTCCGA-1,aneuploid,0.624012711007322,ATC
GSE232237,AT20,AT20_ATCACGATCACATGCA-1,aneuploid,1.18607084112053,ATC
GSE232237,AT20,AT20_ATCTACTTCACGAAGG-1,aneuploid,2.81071301186943,ATC
GSE232237,AT20,AT20_ATCTGCCAGTTCGATC-1,aneuploid,1.96501835071912,ATC
GSE232237,AT20,AT20_ATGGGAGGTCCAAGTT-1,aneuploid,1.51203116355357,ATC
GSE232237,AT20,AT20_ATTACTCTCTCTGCTG-1,aneuploid,2.75368784937856,ATC
GSE232237,AT20,AT20_ATTATCCGTGCTGTAT-1,aneuploid,2.44946715397248,ATC
GSE232237,AT20,AT20_ATTCTACAGGGTGTTG-1,aneuploid,1.98251748964885,ATC
GSE232237,AT20,AT20_ATTCTACCAAGAAAGG-1,aneuploid,-0.456818068847434,ATC
GSE232237,AT20,AT20_ATTCTACCAGGTTTCA-1,aneuploid,8.21423413576346,ATC
GSE232237,AT20,AT20_CAACCAAGTAAATACG-1,aneuploid,1.70565783039632,ATC
GSE232237,AT20,AT20_CAAGATCCAGTTTACG-1,aneuploid,0.87740111495481,ATC
GSE232237,AT20,AT20_CACAAACCAAGCCTAT-1,aneuploid,3.13754027922739,ATC
GSE232237,AT20,AT20_CACAAACCACGAAACG-1,aneuploid,1.42529491610315,ATC
GSE232237,AT20,AT20_CACAGTAAGGATATAC-1,aneuploid,0.13976349918615,ATC
GSE232237,AT20,AT20_CACTCCATCTCGCTTG-1,aneuploid,1.71809008748583,ATC
GSE232237,AT20,AT20_CACTCCATCTGCTGCT-1,aneuploid,0.179006529213093,ATC
GSE232237,AT20,AT20_CAGAATCTCAAGCCTA-1,aneuploid,0.911607202761494,ATC
GSE232237,AT20,AT20_CAGATCAGTAGAGCTG-1,aneuploid,1.97761038307641,ATC
GSE232237,AT20,AT20_CATATGGGTTCCTCCA-1,aneuploid,1.04248508749784,ATC
GSE232237,AT20,AT20_CATCAGACAATCGAAA-1,aneuploid,1.80515536880965,ATC
GSE232237,AT20,AT20_CATCCACGTTGTGGAG-1,aneuploid,2.31853072220942,ATC
GSE232237,AT20,AT20_CATGACATCACTTCAT-1,aneuploid,-1.14358488387854,ATC
GSE232237,AT20,AT20_CATTCGCGTTCCACGG-1,diploid,-1.2805929694613,ATC
GSE232237,AT20,AT20_CCAATCCCACTGTCGG-1,aneuploid,0.425379439882698,ATC
GSE232237,AT20,AT20_CCAGCGACACCGAAAG-1,diploid,3.59192910139516,ATC
GSE232237,AT20,AT20_CCCAATCTCTTTAGGG-1,aneuploid,4.8849164918577,ATC
GSE232237,AT20,AT20_CCCTCCTAGAAGGGTA-1,aneuploid,1.70507568156423,ATC
GSE232237,AT20,AT20_CCGGGATCACCAGATT-1,aneuploid,0.828616882931455,ATC
GSE232237,AT20,AT20_CCGGGATTCGTTACGA-1,aneuploid,1.35143910293554,ATC
GSE232237,AT20,AT20_CCGTTCAAGGTGTTAA-1,aneuploid,1.89276352831537,ATC
GSE232237,AT20,AT20_CCTACCAGTAAATGTG-1,aneuploid,0.882046788122679,ATC
GSE232237,AT20,AT20_CCTATTACAGATCTGT-1,aneuploid,-0.944685840502255,ATC
GSE232237,AT20,AT20_CCTCAGTCAATACGCT-1,aneuploid,1.96364000375147,ATC
GSE232237,AT20,AT20_CCTCAGTGTCTCACCT-1,diploid,3.92930457161306,ATC
GSE232237,AT20,AT20_CCTTCGAGTAAATACG-1,aneuploid,0.898488052143629,ATC
GSE232237,AT20,AT20_CGAACATTCAACACCA-1,aneuploid,2.21477020023078,ATC
GSE232237,AT20,AT20_CGACTTCTCGATCCCT-1,aneuploid,2.6217397161067,ATC
GSE232237,AT20,AT20_CGAGCACCACGGCTAC-1,aneuploid,1.97621266852292,ATC
GSE232237,AT20,AT20_CGAGCACCAGTAGAGC-1,aneuploid,-0.682164993691199,ATC
GSE232237,AT20,AT20_CGATCGGGTAGCTCCG-1,aneuploid,-0.5261805495736,ATC
GSE232237,AT20,AT20_CGATTGAGTAAACACA-1,aneuploid,0.732500433178526,ATC
GSE232237,AT20,AT20_CGCTGGACAGACGCTC-1,aneuploid,0.73754470227323,ATC
GSE232237,AT20,AT20_CGCTTCAGTACATGTC-1,aneuploid,2.06343418418758,ATC
GSE232237,AT20,AT20_CGGTTAACAAGTAATG-1,aneuploid,1.71874464504633,ATC
GSE232237,AT20,AT20_CGTCCATCACCCATTC-1,aneuploid,-0.0671179236667701,ATC
GSE232237,AT20,AT20_CGTTGGGGTCAGTGGA-1,aneuploid,3.16601318878599,ATC
GSE232237,AT20,AT20_CTACATTTCATTATCC-1,aneuploid,2.59474843879865,ATC
GSE232237,AT20,AT20_CTAGTGACAGTATAAG-1,aneuploid,3.00881350443656,ATC
GSE232237,AT20,AT20_CTCAGAACAGCTGTGC-1,aneuploid,5.64211056527878,ATC
GSE232237,AT20,AT20_CTCTGGTAGCCCAGCT-1,aneuploid,1.87855236795103,ATC
GSE232237,AT20,AT20_CTGAAACGTAGCCTAT-1,aneuploid,2.15894535657641,ATC
GSE232237,AT20,AT20_CTGAAGTCACGGCTAC-1,aneuploid,1.98996293820053,ATC
GSE232237,AT20,AT20_CTGATCCCATGCTGGC-1,aneuploid,12.186785532573,ATC
GSE232237,AT20,AT20_CTTTGCGAGATATGCA-1,aneuploid,2.28365740783653,ATC
GSE232237,AT20,AT20_GACAGAGTCTCTAGGA-1,aneuploid,2.32788854946627,ATC
GSE232237,AT20,AT20_GACCAATGTAGTACCT-1,aneuploid,2.34422315364445,ATC
GSE232237,AT20,AT20_GACCAATTCATCGCTC-1,aneuploid,2.1205351650507,ATC
GSE232237,AT20,AT20_GACCTGGAGGGTTCCC-1,aneuploid,5.13003410722007,ATC
GSE232237,AT20,AT20_GACTGCGAGGAGTACC-1,aneuploid,0.489742028929469,ATC
GSE232237,AT20,AT20_GATCGCGGTGATAAGT-1,aneuploid,3.39359536803149,ATC
GSE232237,AT20,AT20_GATTCAGCACCAGATT-1,aneuploid,3.50428959786462,ATC
GSE232237,AT20,AT20_GATTCAGTCAGCCTAA-1,aneuploid,2.94264409829807,ATC
GSE232237,AT20,AT20_GCACTCTAGTACGTTC-1,aneuploid,2.07270777975833,ATC
GSE232237,AT20,AT20_GCACTCTTCTCGAGTA-1,aneuploid,0.0864917483797718,ATC
GSE232237,AT20,AT20_GCAGTTACAAAGAATC-1,aneuploid,1.09761502926137,ATC
GSE232237,AT20,AT20_GCAGTTACATGGGACA-1,aneuploid,1.82995670144831,ATC
GSE232237,AT20,AT20_GCATGCGCAGTTTACG-1,aneuploid,0.413663400516813,ATC
GSE232237,AT20,AT20_GCATGCGTCCTTAATC-1,aneuploid,-0.386766478769635,ATC
GSE232237,AT20,AT20_GCCTCTAAGATATGGT-1,aneuploid,1.43455974644712,ATC
GSE232237,AT20,AT20_GCCTCTAAGATCCCAT-1,aneuploid,1.85113672402998,ATC
GSE232237,AT20,AT20_GCGCAGTCAAACTGCT-1,aneuploid,3.9772379036935,ATC
GSE232237,AT20,AT20_GCGCGATTCAATCACG-1,aneuploid,2.10554669571216,ATC
GSE232237,AT20,AT20_GCTGCGAAGACACTAA-1,aneuploid,0.498888937385093,ATC
GSE232237,AT20,AT20_GCTGCTTAGTGCGATG-1,aneuploid,-0.60524449031686,ATC
GSE232237,AT20,AT20_GCTTCCACACCCATGG-1,aneuploid,2.01354647741412,ATC
GSE232237,AT20,AT20_GCTTCCAGTTGATTCG-1,aneuploid,1.88359280076535,ATC
GSE232237,AT20,AT20_GGAATAAAGCTTTGGT-1,aneuploid,2.6919013580362,ATC
GSE232237,AT20,AT20_GGACGTCAGCCACCTG-1,aneuploid,-0.30766987244608,ATC
GSE232237,AT20,AT20_GGATGTTTCCAGATCA-1,diploid,3.66872131743232,ATC
GSE232237,AT20,AT20_GGCCGATAGCGAAGGG-1,diploid,5.0072147862445,ATC
GSE232237,AT20,AT20_GGCCGATCACATCCGG-1,aneuploid,2.45558530538409,ATC
GSE232237,AT20,AT20_GGGATGACAGATTGCT-1,aneuploid,1.97107812538559,ATC
GSE232237,AT20,AT20_GGTATTGGTCATATCG-1,aneuploid,2.82005450414838,ATC
GSE232237,AT20,AT20_GGTATTGGTTCAGACT-1,aneuploid,-0.589741614709163,ATC
GSE232237,AT20,AT20_GGTGCGTGTCTGGAGA-1,aneuploid,0.741005289352079,ATC
GSE232237,AT20,AT20_GTAACGTAGTATCTCG-1,aneuploid,2.76610195908147,ATC
GSE232237,AT20,AT20_GTACTCCCAGGAATGC-1,aneuploid,5.45308821022663,ATC
GSE232237,AT20,AT20_GTACTCCGTAGAGCTG-1,aneuploid,0.291803960249769,ATC
GSE232237,AT20,AT20_GTACTTTAGCCGTCGT-1,aneuploid,3.05322451858979,ATC
GSE232237,AT20,AT20_GTCACGGGTGATAAAC-1,aneuploid,-0.519628526126782,ATC
GSE232237,AT20,AT20_GTCGGGTTCACCCGAG-1,aneuploid,0.946295911193967,ATC
GSE232237,AT20,AT20_GTCGGGTTCACTTACT-1,aneuploid,-0.0333545641471803,ATC
GSE232237,AT20,AT20_GTCTCGTGTCTTCTCG-1,aneuploid,0.0303419859221552,ATC
GSE232237,AT20,AT20_GTGTGCGCAGGGTTAG-1,aneuploid,1.49371551500639,ATC
GSE232237,AT20,AT20_GTGTGCGTCTCCTATA-1,aneuploid,0.569753061066846,ATC
GSE232237,AT20,AT20_GTGTTAGCAGGTCTCG-1,aneuploid,-0.751457923915511,ATC
GSE232237,AT20,AT20_GTTACAGTCTAACGGT-1,aneuploid,2.0333065833841,ATC
GSE232237,AT20,AT20_TAAACCGTCTGCCAGG-1,aneuploid,2.37759002475296,ATC
GSE232237,AT20,AT20_TAAGCGTGTAGAGCTG-1,aneuploid,-0.0200043144079148,ATC
GSE232237,AT20,AT20_TACACGAAGCAGACTG-1,aneuploid,1.81704895988219,ATC
GSE232237,AT20,AT20_TACCTTAAGCGATTCT-1,aneuploid,1.83301249614592,ATC
GSE232237,AT20,AT20_TACGGATAGGCTCTTA-1,aneuploid,3.20485876673847,ATC
GSE232237,AT20,AT20_TACGGTAAGGAATCGC-1,aneuploid,-1.56422205662882,ATC
GSE232237,AT20,AT20_TAGTGGTGTCAGAATA-1,aneuploid,1.50094347821162,ATC
GSE232237,AT20,AT20_TATCTCAAGTCTCGGC-1,aneuploid,-0.82160711684254,ATC
GSE232237,AT20,AT20_TCAATCTAGCCGATTT-1,aneuploid,1.39444166071323,ATC
GSE232237,AT20,AT20_TCATTACTCTACTTAC-1,aneuploid,3.45371417094321,ATC
GSE232237,AT20,AT20_TCCCGATGTCGGATCC-1,aneuploid,0.823114538066302,ATC
GSE232237,AT20,AT20_TCGCGTTAGACAAGCC-1,diploid,13.5523844278988,ATC
GSE232237,AT20,AT20_TCGGGACCAGCATGAG-1,aneuploid,1.70611494245462,ATC
GSE232237,AT20,AT20_TCGTAGACAGGGTTAG-1,aneuploid,-1.55128389802802,ATC
GSE232237,AT20,AT20_TCTATTGAGGCCGAAT-1,aneuploid,-0.119165469236737,ATC
GSE232237,AT20,AT20_TGAGAGGCATAGAAAC-1,aneuploid,3.56296919651409,ATC
GSE232237,AT20,AT20_TGAGGGACATCCGGGT-1,aneuploid,-0.408606428728054,ATC
GSE232237,AT20,AT20_TGCCAAAGTGACCAAG-1,aneuploid,1.72276025478538,ATC
GSE232237,AT20,AT20_TGCTACCCAGTTAACC-1,aneuploid,5.33768441519845,ATC
GSE232237,AT20,AT20_TGCTGCTAGCACAGGT-1,aneuploid,4.08315605310105,ATC
GSE232237,AT20,AT20_TGCTGCTGTGGTAACG-1,aneuploid,1.96710292242346,ATC
GSE232237,AT20,AT20_TGGCCAGAGATGTTAG-1,aneuploid,-0.159389735008306,ATC
GSE232237,AT20,AT20_TGGCTGGGTCATACTG-1,aneuploid,1.81778846379439,ATC
GSE232237,AT20,AT20_TGTTCCGGTTGGGACA-1,aneuploid,2.76244342849854,ATC
GSE232237,AT20,AT20_TTAGGACAGGCATGTG-1,aneuploid,2.55638033276961,ATC
GSE232237,AT20,AT20_TTAGGACAGTGGACGT-1,aneuploid,2.78299096289751,ATC
GSE232237,AT20,AT20_TTAGGACCAAGAGGCT-1,aneuploid,1.76163481617617,ATC
GSE232237,AT20,AT20_TTAGGACCACCAGTTA-1,aneuploid,2.12945244568744,ATC
GSE232237,AT20,AT20_TTAGGACTCAGTTTGG-1,aneuploid,3.74151807113311,ATC
GSE232237,AT20,AT20_TTATGCTCACGCCAGT-1,aneuploid,2.40968485096888,ATC
GSE232237,AT20,AT20_TTCGAAGCACTCTGTC-1,aneuploid,-1.50749992507965,ATC
GSE232237,AT20,AT20_TTCTTAGCAAGCCGCT-1,aneuploid,1.88361788631078,ATC
GSE232237,AT20,AT20_TTGGCAACAACACCTA-1,aneuploid,-0.113333673295386,ATC
GSE232237,AT20,AT20_TTTGCGCAGAAGGTGA-1,aneuploid,4.45926067561518,ATC
GSE232237,AT20,AT20_TTTGCGCAGGTAGCCA-1,diploid,5.99520130777861,ATC
GSE232237,PT10,PT10_AAACGGGTCAACTCTT-1,aneuploid,-2.84858692427822,PTC
GSE232237,PT10,PT10_AAAGCAATCGCCATAA-1,aneuploid,1.15555555878036,PTC
GSE232237,PT10,PT10_AAAGCAATCGCGTTTC-1,aneuploid,3.1503115879707,PTC
GSE232237,PT10,PT10_AACCATGTCGATAGAA-1,aneuploid,8.75808576648034,PTC
GSE232237,PT10,PT10_AACCGCGAGCGGCTTC-1,aneuploid,2.45522701161372,PTC
GSE232237,PT10,PT10_AACCGCGGTTCCCGAG-1,aneuploid,3.1018676954166,PTC
GSE232237,PT10,PT10_AACTGGTTCCAAACAC-1,aneuploid,-1.14684266543196,PTC
GSE232237,PT10,PT10_AATCCAGGTGCACTTA-1,aneuploid,2.6449878679149,PTC
GSE232237,PT10,PT10_ACACCCTGTCATACTG-1,aneuploid,9.05066056382328,PTC
GSE232237,PT10,PT10_ACAGCCGTCCTTCAAT-1,aneuploid,4.53904494903454,PTC
GSE232237,PT10,PT10_ACATCAGCATACTCTT-1,aneuploid,6.25707172404048,PTC
GSE232237,PT10,PT10_ACATCAGTCTCTGAGA-1,aneuploid,4.12497019428472,PTC
GSE232237,PT10,PT10_ACCAGTAAGACAAGCC-1,aneuploid,6.57400228708393,PTC
GSE232237,PT10,PT10_ACGTCAACATTGGTAC-1,aneuploid,0.919453987867165,PTC
GSE232237,PT10,PT10_ACTATCTCAAGAGGCT-1,aneuploid,9.07809859153858,PTC
GSE232237,PT10,PT10_ACTGTCCAGGGATGGG-1,aneuploid,7.65898591531095,PTC
GSE232237,PT10,PT10_ACTTACTCAATGAATG-1,aneuploid,2.30055564064882,PTC
GSE232237,PT10,PT10_ACTTACTCACTGTTAG-1,aneuploid,9.0192071290602,PTC
GSE232237,PT10,PT10_AGAATAGTCTTATCTG-1,aneuploid,5.56236178774598,PTC
GSE232237,PT10,PT10_AGCAGCCAGGCTAGAC-1,aneuploid,6.47405283707395,PTC
GSE232237,PT10,PT10_AGCCTAAAGTGTTTGC-1,aneuploid,7.31654853853661,PTC
GSE232237,PT10,PT10_AGCGTATCATGGGAAC-1,aneuploid,10.827583177999,PTC
GSE232237,PT10,PT10_AGCTCCTAGACATAAC-1,aneuploid,3.76935941443506,PTC
GSE232237,PT10,PT10_AGCTCCTGTGCACTTA-1,aneuploid,8.87769793279134,PTC
GSE232237,PT10,PT10_AGCTTGACAGATCCAT-1,aneuploid,-0.304476036548595,PTC
GSE232237,PT10,PT10_AGGCCGTCATGCCTAA-1,aneuploid,4.07528473834796,PTC
GSE232237,PT10,PT10_AGGGATGTCAACGGCC-1,aneuploid,6.17830339409647,PTC
GSE232237,PT10,PT10_AGGGATGTCGGAAATA-1,aneuploid,7.16764894185396,PTC
GSE232237,PT10,PT10_AGGGTGAGTACCCAAT-1,aneuploid,2.87579313977619,PTC
GSE232237,PT10,PT10_AGTGGGACACGGATAG-1,aneuploid,1.03539330336357,PTC
GSE232237,PT10,PT10_AGTTGGTGTGTTGAGG-1,aneuploid,4.18688550194835,PTC
GSE232237,PT10,PT10_ATAAGAGAGGAGCGAG-1,aneuploid,7.28511078091413,PTC
GSE232237,PT10,PT10_ATCATCTGTTTAAGCC-1,aneuploid,10.2618443880073,PTC
GSE232237,PT10,PT10_ATCATCTTCCTTGACC-1,aneuploid,-0.87752138122508,PTC
GSE232237,PT10,PT10_ATCGAGTAGTACGTTC-1,aneuploid,7.91041225207357,PTC
GSE232237,PT10,PT10_ATGAGGGAGTCCATAC-1,aneuploid,2.41364955221175,PTC
GSE232237,PT10,PT10_ATGGGAGTCCCGACTT-1,aneuploid,6.89308634820781,PTC
GSE232237,PT10,PT10_ATTACTCTCACAACGT-1,aneuploid,10.728282352623,PTC
GSE232237,PT10,PT10_ATTGGTGCACTTAAGC-1,aneuploid,10.7970150234143,PTC
GSE232237,PT10,PT10_CAACCAACAGTAAGCG-1,aneuploid,10.5599789876648,PTC
GSE232237,PT10,PT10_CAACTAGTCCAAGCCG-1,aneuploid,7.17952219955126,PTC
GSE232237,PT10,PT10_CAAGTTGCATCCGTGG-1,aneuploid,7.29168748250013,PTC
GSE232237,PT10,PT10_CACAAACAGCGATGAC-1,aneuploid,3.06982340622364,PTC
GSE232237,PT10,PT10_CACAAACGTGTGCGTC-1,aneuploid,0.514841580256937,PTC
GSE232237,PT10,PT10_CACACAAGTAAAGGAG-1,aneuploid,2.60194671489417,PTC
GSE232237,PT10,PT10_CACAGTACAGGTGCCT-1,aneuploid,2.2134185753431,PTC
GSE232237,PT10,PT10_CACAGTATCGAACTGT-1,aneuploid,3.68676889401066,PTC
GSE232237,PT10,PT10_CACCACTTCATGCAAC-1,aneuploid,7.90848742416028,PTC
GSE232237,PT10,PT10_CACTCCAAGACTAGAT-1,aneuploid,5.91807307437206,PTC
GSE232237,PT10,PT10_CAGTAACAGACGCTTT-1,aneuploid,7.01395170848874,PTC
GSE232237,PT10,PT10_CAGTCCTGTTACGGAG-1,aneuploid,7.80284573457709,PTC
GSE232237,PT10,PT10_CATATTCAGCTGCAAG-1,aneuploid,6.35809888925532,PTC
GSE232237,PT10,PT10_CATCAAGAGTAGGCCA-1,aneuploid,9.40446002536049,PTC
GSE232237,PT10,PT10_CATCAAGGTAGCTCCG-1,aneuploid,6.4140659637949,PTC
GSE232237,PT10,PT10_CATCAGAGTACCAGTT-1,aneuploid,7.75655629654015,PTC
GSE232237,PT10,PT10_CATTCGCTCATTTGGG-1,aneuploid,8.16244311668558,PTC
GSE232237,PT10,PT10_CCACCTAAGATCCCAT-1,aneuploid,6.04948753841575,PTC
GSE232237,PT10,PT10_CCACGGAAGGCGTACA-1,aneuploid,-4.841920636363,PTC
GSE232237,PT10,PT10_CCACTACCACGGCCAT-1,aneuploid,5.93663850700323,PTC
GSE232237,PT10,PT10_CCCATACGTACATGTC-1,aneuploid,-1.20061204865638,PTC
GSE232237,PT10,PT10_CCCATACTCACATGCA-1,aneuploid,5.9403866725974,PTC
GSE232237,PT10,PT10_CCGTACTAGAAGATTC-1,diploid,-4.94781789818304,PTC
GSE232237,PT10,PT10_CCTAGCTCACCTTGTC-1,aneuploid,2.55050034137193,PTC
GSE232237,PT10,PT10_CCTCTGAGTGTAATGA-1,aneuploid,0.399256608206795,PTC
GSE232237,PT10,PT10_CCTTACGGTGCACCAC-1,aneuploid,-0.45223077002497,PTC
GSE232237,PT10,PT10_CCTTCCCAGTTATCGC-1,aneuploid,7.16018214059895,PTC
GSE232237,PT10,PT10_CCTTCCCCATCTCCCA-1,aneuploid,2.82737661580371,PTC
GSE232237,PT10,PT10_CGAACATCACCAGTTA-1,aneuploid,6.91059666465827,PTC
GSE232237,PT10,PT10_CGACTTCAGCAGATCG-1,aneuploid,-4.4222929607583,PTC
GSE232237,PT10,PT10_CGAGAAGTCATTGCGA-1,aneuploid,2.92882578030163,PTC
GSE232237,PT10,PT10_CGAGCCAAGGCTACGA-1,aneuploid,0.356318227937215,PTC
GSE232237,PT10,PT10_CGATGGCGTTGAGTTC-1,aneuploid,8.1227068907829,PTC
GSE232237,PT10,PT10_CGATTGAAGTTAGCGG-1,aneuploid,1.9852482089483,PTC
GSE232237,PT10,PT10_CGATTGACATGTTCCC-1,aneuploid,2.50898825362918,PTC
GSE232237,PT10,PT10_CGCCAAGCAGCGATCC-1,aneuploid,6.21521107976572,PTC
GSE232237,PT10,PT10_CGCTTCATCCTTGCCA-1,aneuploid,-0.61947910553155,PTC
GSE232237,PT10,PT10_CGTAGCGCACTTGGAT-1,aneuploid,5.04433612334138,PTC
GSE232237,PT10,PT10_CGTAGGCTCTGTCAAG-1,aneuploid,4.20626240264141,PTC
GSE232237,PT10,PT10_CGTCAGGGTTAAGACA-1,aneuploid,4.350954604016,PTC
GSE232237,PT10,PT10_CTACATTGTGTCAATC-1,aneuploid,8.37139699021954,PTC
GSE232237,PT10,PT10_CTAGCCTCAGGACCCT-1,aneuploid,7.17508580080146,PTC
GSE232237,PT10,PT10_CTAGTGAAGACCGGAT-1,aneuploid,9.85175641966333,PTC
GSE232237,PT10,PT10_CTAGTGAAGCGTGAAC-1,aneuploid,-2.7639688479109,PTC
GSE232237,PT10,PT10_CTCACACGTTAGTGGG-1,aneuploid,-5.37946466923162,PTC
GSE232237,PT10,PT10_CTCCTAGGTCTAAAGA-1,aneuploid,3.35688182107147,PTC
GSE232237,PT10,PT10_CTCGGGACACCAACCG-1,aneuploid,3.93299415417184,PTC
GSE232237,PT10,PT10_CTCGTCACATCTATGG-1,aneuploid,3.80876121865572,PTC
GSE232237,PT10,PT10_CTCTGGTAGCGCCTCA-1,aneuploid,-5.74128928802145,PTC
GSE232237,PT10,PT10_CTGTTTAAGTGAATTG-1,aneuploid,7.32633593300387,PTC
GSE232237,PT10,PT10_CTTACCGCACCACCAG-1,aneuploid,2.52097655187434,PTC
GSE232237,PT10,PT10_GAACATCAGTACGCGA-1,aneuploid,7.57081111291516,PTC
GSE232237,PT10,PT10_GAAGCAGGTGGTAACG-1,aneuploid,6.30312852272297,PTC
GSE232237,PT10,PT10_GAATGAAGTGGTGTAG-1,aneuploid,7.23783260778139,PTC
GSE232237,PT10,PT10_GACGTGCAGTAAGTAC-1,aneuploid,-5.20506913547712,PTC
GSE232237,PT10,PT10_GACGTGCGTGTTTGTG-1,aneuploid,7.87281016104203,PTC
GSE232237,PT10,PT10_GACGTTAGTGGTCCGT-1,aneuploid,11.1195372318864,PTC
GSE232237,PT10,PT10_GATCGTAAGATCGATA-1,aneuploid,8.31400653667736,PTC
GSE232237,PT10,PT10_GATCGTATCCTTTCGG-1,aneuploid,1.23738443058132,PTC
GSE232237,PT10,PT10_GATGAAACAAGGTGTG-1,aneuploid,3.22032175016158,PTC
GSE232237,PT10,PT10_GATTCAGCACGGTAGA-1,aneuploid,7.39368816732256,PTC
GSE232237,PT10,PT10_GCAAACTAGGGTTCCC-1,aneuploid,5.08942597819311,PTC
GSE232237,PT10,PT10_GCATGCGGTGATAAAC-1,aneuploid,-4.32300137500729,PTC
GSE232237,PT10,PT10_GCATGTAAGACCGGAT-1,aneuploid,3.17096022057368,PTC
GSE232237,PT10,PT10_GCCTCTAAGGACAGAA-1,aneuploid,10.4068180158653,PTC
GSE232237,PT10,PT10_GCGCAACAGCGTCTAT-1,aneuploid,2.73336150418747,PTC
GSE232237,PT10,PT10_GCTCCTAGTCGACTGC-1,aneuploid,2.62830998659861,PTC
GSE232237,PT10,PT10_GCTGCAGAGAAACGCC-1,aneuploid,16.075330977789,PTC
GSE232237,PT10,PT10_GCTGCAGGTCGCGGTT-1,aneuploid,1.58397851599616,PTC
GSE232237,PT10,PT10_GCTGCGAGTGTAATGA-1,aneuploid,-0.962394493202622,PTC
GSE232237,PT10,PT10_GTACTCCAGGCTACGA-1,aneuploid,9.82097286546478,PTC
GSE232237,PT10,PT10_GTCACGGTCATTCACT-1,aneuploid,2.24332123403258,PTC
GSE232237,PT10,PT10_GTCGTAACAGTAGAGC-1,aneuploid,10.8898606902915,PTC
GSE232237,PT10,PT10_GTCTCGTTCCGCTGTT-1,aneuploid,5.72086922284545,PTC
GSE232237,PT10,PT10_GTGAAGGAGCTAAGAT-1,aneuploid,6.60382357993039,PTC
GSE232237,PT10,PT10_GTGAAGGAGGCCGAAT-1,aneuploid,3.86548587114829,PTC
GSE232237,PT10,PT10_GTGCAGCCAGCCAGAA-1,aneuploid,8.90330620994304,PTC
GSE232237,PT10,PT10_GTGCTTCGTGCTCTTC-1,aneuploid,9.24976025259068,PTC
GSE232237,PT10,PT10_TAAACCGAGAGTGAGA-1,aneuploid,3.31386685762975,PTC
GSE232237,PT10,PT10_TAAGAGAGTATTCGTG-1,aneuploid,1.2290600023531,PTC
GSE232237,PT10,PT10_TACAGTGCATCCGCGA-1,aneuploid,0.640884158207244,PTC
GSE232237,PT10,PT10_TACAGTGGTATGAATG-1,aneuploid,6.31803190948839,PTC
GSE232237,PT10,PT10_TACCTATAGTCCTCCT-1,aneuploid,3.94681001990888,PTC
GSE232237,PT10,PT10_TAGAGCTGTACAGTGG-1,aneuploid,4.41252559037841,PTC
GSE232237,PT10,PT10_TAGCCGGTCCCATTAT-1,diploid,-2.17324394272506,PTC
GSE232237,PT10,PT10_TAGGCATAGACACTAA-1,aneuploid,3.10306311590721,PTC
GSE232237,PT10,PT10_TAGTTGGCACAGATTC-1,aneuploid,7.08561384517313,PTC
GSE232237,PT10,PT10_TAGTTGGTCTGCTTGC-1,aneuploid,3.67800829575788,PTC
GSE232237,PT10,PT10_TATCAGGGTTAGATGA-1,aneuploid,4.52038966575024,PTC
GSE232237,PT10,PT10_TATCTCACAGAGCCAA-1,aneuploid,10.3251143261019,PTC
GSE232237,PT10,PT10_TATTACCCACCCATTC-1,aneuploid,3.09089844686334,PTC
GSE232237,PT10,PT10_TATTACCCACTGTCGG-1,aneuploid,3.31952148285874,PTC
GSE232237,PT10,PT10_TATTACCCAGCTCGAC-1,aneuploid,-2.93748387721628,PTC
GSE232237,PT10,PT10_TCAATCTGTCACAAGG-1,aneuploid,14.8523772095608,PTC
GSE232237,PT10,PT10_TCAGATGAGGATATAC-1,aneuploid,6.58052040318652,PTC
GSE232237,PT10,PT10_TCAGATGGTTTGGCGC-1,aneuploid,2.13378604106901,PTC
GSE232237,PT10,PT10_TCAGCAATCGGTCCGA-1,aneuploid,9.48474238556309,PTC
GSE232237,PT10,PT10_TCAGGATTCTACTATC-1,aneuploid,3.7734784337022,PTC
GSE232237,PT10,PT10_TCAGGTATCGGTCCGA-1,aneuploid,0.685229096156104,PTC
GSE232237,PT10,PT10_TCATTACCACGGCGTT-1,aneuploid,12.2006851745637,PTC
GSE232237,PT10,PT10_TCCCGATTCAATCACG-1,aneuploid,7.09870776333797,PTC
GSE232237,PT10,PT10_TCTTTCCAGGTGATAT-1,aneuploid,8.19367948354538,PTC
GSE232237,PT10,PT10_TGAAAGACAGCTGTAT-1,aneuploid,-4.99343326456004,PTC
GSE232237,PT10,PT10_TGACAACGTCAGTGGA-1,aneuploid,8.23807386923767,PTC
GSE232237,PT10,PT10_TGACTTTGTAAGTGTA-1,aneuploid,2.06900384043066,PTC
GSE232237,PT10,PT10_TGCCCATAGCCACTAT-1,aneuploid,11.1595053456061,PTC
GSE232237,PT10,PT10_TGCCCATTCATAAAGG-1,aneuploid,5.80131599460642,PTC
GSE232237,PT10,PT10_TGCGCAGCACAACGCC-1,diploid,0.805247453498943,PTC
GSE232237,PT10,PT10_TGCTACCCAGCAGTTT-1,aneuploid,7.41367391553461,PTC
GSE232237,PT10,PT10_TGCTACCTCATGTCCC-1,aneuploid,6.23995434534465,PTC
GSE232237,PT10,PT10_TGGGCGTAGCTCCCAG-1,aneuploid,6.88196244616563,PTC
GSE232237,PT10,PT10_TGGTTAGAGATGGGTC-1,aneuploid,4.23473314681126,PTC
GSE232237,PT10,PT10_TGTCCCAAGGTCATCT-1,aneuploid,6.80292088939955,PTC
GSE232237,PT10,PT10_TTAGGACAGATTACCC-1,aneuploid,5.12374712541191,PTC
GSE232237,PT10,PT10_TTAGGACAGTATCGAA-1,aneuploid,15.2546329157513,PTC
GSE232237,PT10,PT10_TTAGTTCCACAGATTC-1,aneuploid,6.56349575751968,PTC
GSE232237,PT10,PT10_TTAGTTCTCCACTCCA-1,aneuploid,13.7918104906631,PTC
GSE232237,PT10,PT10_TTGCGTCCAATACGCT-1,aneuploid,6.32347598609059,PTC
GSE232237,PT10,PT10_TTGGAACCAGGCGATA-1,aneuploid,1.13706656694325,PTC
GSE232237,PT3,PT3_AAAGTAGCAAGTCATC-1,aneuploid,3.76015240938922,PTC
GSE232237,PT3,PT3_AAATGCCGTGCCTTGG-1,aneuploid,4.2736246392246,PTC
GSE232237,PT3,PT3_AACCATGTCCCGGATG-1,aneuploid,4.3563829400363,PTC
GSE232237,PT3,PT3_AACTCCCAGACTACAA-1,aneuploid,3.53241071129209,PTC
GSE232237,PT3,PT3_AACTCCCTCTCCCTGA-1,aneuploid,0.967459929871542,PTC
GSE232237,PT3,PT3_AACTCTTGTATCGCAT-1,aneuploid,1.85639531867872,PTC
GSE232237,PT3,PT3_ACACCGGTCTCCGGTT-1,aneuploid,4.3562831450635,PTC
GSE232237,PT3,PT3_ACAGCTACATAGACTC-1,aneuploid,4.02630212539648,PTC
GSE232237,PT3,PT3_ACATCAGCATGGTCTA-1,aneuploid,-2.23853021939695,PTC
GSE232237,PT3,PT3_ACATCAGTCGTTACAG-1,aneuploid,2.68549179905249,PTC
GSE232237,PT3,PT3_ACCTTTATCGAGAGCA-1,aneuploid,2.07991588207747,PTC
GSE232237,PT3,PT3_ACGAGGAGTAAACACA-1,aneuploid,3.05438871503506,PTC
GSE232237,PT3,PT3_ACGATACCAACTTGAC-1,aneuploid,0.306229491567049,PTC
GSE232237,PT3,PT3_ACGATACCAGATCTGT-1,aneuploid,0.785193971697747,PTC
GSE232237,PT3,PT3_ACGGGTCGTTCACGGC-1,aneuploid,-1.34633966578581,PTC
GSE232237,PT3,PT3_ACGTCAAAGCTAGCCC-1,aneuploid,2.74747307110158,PTC
GSE232237,PT3,PT3_ACTGAACAGACTAGAT-1,aneuploid,-0.52987971984639,PTC
GSE232237,PT3,PT3_ACTGAACAGGTGCAAC-1,aneuploid,1.56644225875146,PTC
GSE232237,PT3,PT3_ACTGCTCGTCTCCCTA-1,aneuploid,4.71019180769801,PTC
GSE232237,PT3,PT3_ACTTACTAGGCCCGTT-1,aneuploid,0.343540591215554,PTC
GSE232237,PT3,PT3_ACTTGTTGTTAAGATG-1,aneuploid,5.0467072216922,PTC
GSE232237,PT3,PT3_AGAGCTTTCTTGACGA-1,aneuploid,2.42871587970115,PTC
GSE232237,PT3,PT3_AGATCTGCACAACTGT-1,aneuploid,-0.469447242611877,PTC
GSE232237,PT3,PT3_AGATTGCTCTGCCAGG-1,aneuploid,3.52227044749197,PTC
GSE232237,PT3,PT3_AGCCTAACAGGCAGTA-1,aneuploid,4.02977610749702,PTC
GSE232237,PT3,PT3_AGCGTCGGTCAAGCGA-1,aneuploid,-0.091180610684014,PTC
GSE232237,PT3,PT3_AGGGTGATCCGCGTTT-1,aneuploid,0.600759166905591,PTC
GSE232237,PT3,PT3_AGTAGTCCATGCCTAA-1,aneuploid,2.61281960879347,PTC
GSE232237,PT3,PT3_AGTGAGGTCATCTGTT-1,aneuploid,3.28464182282474,PTC
GSE232237,PT3,PT3_AGTTGGTGTAAGAGGA-1,aneuploid,2.99215695948069,PTC
GSE232237,PT3,PT3_ATAACGCGTACCGAGA-1,aneuploid,-0.763131509138047,PTC
GSE232237,PT3,PT3_ATAAGAGCAACGATCT-1,aneuploid,-1.53304859582362,PTC
GSE232237,PT3,PT3_ATAGACCCAGTCGATT-1,aneuploid,2.46440964712925,PTC
GSE232237,PT3,PT3_ATCCACCAGCCGGTAA-1,aneuploid,4.46423884423677,PTC
GSE232237,PT3,PT3_ATCCACCGTAAGTAGT-1,aneuploid,0.506051994195488,PTC
GSE232237,PT3,PT3_ATCCACCGTTCCACTC-1,aneuploid,1.91568145590877,PTC
GSE232237,PT3,PT3_ATCTACTTCATCGATG-1,aneuploid,0.89009704294005,PTC
GSE232237,PT3,PT3_ATCTACTTCCAATGGT-1,aneuploid,3.64026193245351,PTC
GSE232237,PT3,PT3_ATCTGCCTCTCGTTTA-1,aneuploid,1.78071186696236,PTC
GSE232237,PT3,PT3_ATTCTACAGCGTCAAG-1,aneuploid,2.75065089641721,PTC
GSE232237,PT3,PT3_CAACCTCCAGGAATGC-1,aneuploid,-0.371400444742916,PTC
GSE232237,PT3,PT3_CAAGGCCCAGATGGGT-1,aneuploid,3.3095574900544,PTC
GSE232237,PT3,PT3_CACACAAGTGCGCTTG-1,aneuploid,-0.179056295450015,PTC
GSE232237,PT3,PT3_CACCTTGGTAGCACGA-1,aneuploid,3.84537798962192,PTC
GSE232237,PT3,PT3_CACTCCATCGGTTCGG-1,aneuploid,4.86052191436643,PTC
GSE232237,PT3,PT3_CAGAGAGAGTTTCCTT-1,aneuploid,2.6212543803837,PTC
GSE232237,PT3,PT3_CAGGTGCCAGGTCTCG-1,aneuploid,3.14239231886486,PTC
GSE232237,PT3,PT3_CAGTAACAGCCACGCT-1,aneuploid,3.08006273428963,PTC
GSE232237,PT3,PT3_CATCGGGTCAGTTCGA-1,aneuploid,3.96214290291575,PTC
GSE232237,PT3,PT3_CATGGCGCAAGAAGAG-1,diploid,-1.1833830257069,PTC
GSE232237,PT3,PT3_CATGGCGGTTGTACAC-1,aneuploid,3.54756292763002,PTC
GSE232237,PT3,PT3_CATTATCAGGCTAGGT-1,aneuploid,0.570591947615133,PTC
GSE232237,PT3,PT3_CATTCGCTCCGGGTGT-1,aneuploid,5.99475328363559,PTC
GSE232237,PT3,PT3_CCAGCGATCTCCGGTT-1,aneuploid,3.91481635939457,PTC
GSE232237,PT3,PT3_CCATTCGCACGTCAGC-1,aneuploid,2.72561312317009,PTC
GSE232237,PT3,PT3_CCCAATCGTAGCGCAA-1,aneuploid,-0.585720634288515,PTC
GSE232237,PT3,PT3_CCGTACTGTGTGCCTG-1,aneuploid,2.03327808185265,PTC
GSE232237,PT3,PT3_CCGTTCAAGGACAGCT-1,aneuploid,0.423689181078007,PTC
GSE232237,PT3,PT3_CCTAAAGTCAGCGATT-1,aneuploid,1.57818795602752,PTC
GSE232237,PT3,PT3_CCTACACCAACAACCT-1,aneuploid,4.1709554136382,PTC
GSE232237,PT3,PT3_CCTACCAAGACAGACC-1,aneuploid,0.493246915684742,PTC
GSE232237,PT3,PT3_CCTAGCTGTCAAACTC-1,aneuploid,0.318208949816465,PTC
GSE232237,PT3,PT3_CCTCAGTCATGGTTGT-1,aneuploid,3.26832621415726,PTC
GSE232237,PT3,PT3_CCTCAGTGTCGCTTTC-1,aneuploid,-0.709035847168813,PTC
GSE232237,PT3,PT3_CCTTACGGTGTAATGA-1,aneuploid,3.63779924954241,PTC
GSE232237,PT3,PT3_CCTTACGTCATTGCGA-1,aneuploid,3.84846304251372,PTC
GSE232237,PT3,PT3_CCTTCGAAGAATGTTG-1,aneuploid,3.41603595585362,PTC
GSE232237,PT3,PT3_CCTTTCTGTCAACTGT-1,aneuploid,6.27860493759302,PTC
GSE232237,PT3,PT3_CGAGCACAGATGTTAG-1,aneuploid,3.34734872634235,PTC
GSE232237,PT3,PT3_CGAGCACGTACCAGTT-1,aneuploid,2.90359092441192,PTC
GSE232237,PT3,PT3_CGCCAAGGTGTCAATC-1,aneuploid,3.50195705471337,PTC
GSE232237,PT3,PT3_CGCGGTAGTAAGTGTA-1,aneuploid,-0.843970433380236,PTC
GSE232237,PT3,PT3_CGCGGTAGTTGCGTTA-1,aneuploid,2.49619279481663,PTC
GSE232237,PT3,PT3_CGGACGTGTCCGAAGA-1,aneuploid,4.19256951829992,PTC
GSE232237,PT3,PT3_CGGCTAGCAATACGCT-1,aneuploid,-1.43169502747534,PTC
GSE232237,PT3,PT3_CGGGTCAAGTTGAGAT-1,aneuploid,-0.820951333105953,PTC
GSE232237,PT3,PT3_CGTTAGACATCACGTA-1,aneuploid,0.70049659763823,PTC
GSE232237,PT3,PT3_CTAAGACTCCAACCAA-1,aneuploid,5.37638750977784,PTC
GSE232237,PT3,PT3_CTACACCTCTAACTTC-1,aneuploid,4.08921850212248,PTC
GSE232237,PT3,PT3_CTCATTACACCTATCC-1,aneuploid,2.07898061982019,PTC
GSE232237,PT3,PT3_CTCGAGGTCTAGAGTC-1,aneuploid,0.0567880814716437,PTC
GSE232237,PT3,PT3_CTCGGAGGTTTGACAC-1,aneuploid,1.97377215717774,PTC
GSE232237,PT3,PT3_CTCGTACAGGTGATTA-1,aneuploid,2.85821358600769,PTC
GSE232237,PT3,PT3_CTCGTCACAGGTCTCG-1,diploid,0.392788838575026,PTC
GSE232237,PT3,PT3_CTCTACGAGCGATATA-1,aneuploid,2.52866656820995,PTC
GSE232237,PT3,PT3_CTGATCCTCGCTTAGA-1,aneuploid,2.60829375530547,PTC
GSE232237,PT3,PT3_CTTAACTCACAGATTC-1,aneuploid,2.26958035820681,PTC
GSE232237,PT3,PT3_GAAATGACAAGTAATG-1,aneuploid,2.56169477905486,PTC
GSE232237,PT3,PT3_GAAATGACAGATCTGT-1,aneuploid,3.07079199450804,PTC
GSE232237,PT3,PT3_GAAATGACATTCTCAT-1,aneuploid,3.01491672780251,PTC
GSE232237,PT3,PT3_GAATGAACATGGGAAC-1,aneuploid,2.54444645217631,PTC
GSE232237,PT3,PT3_GACGTGCCATACCATG-1,aneuploid,4.81368523796694,PTC
GSE232237,PT3,PT3_GACGTGCGTGAGGCTA-1,aneuploid,2.91440737906713,PTC
GSE232237,PT3,PT3_GACGTTATCAGCTCTC-1,aneuploid,-0.440286670538236,PTC
GSE232237,PT3,PT3_GAGGTGAAGCTAACTC-1,aneuploid,-0.106308426189161,PTC
GSE232237,PT3,PT3_GATCAGTCATATGCTG-1,aneuploid,2.97538316471864,PTC
GSE232237,PT3,PT3_GCAATCAGTTTGTTGG-1,aneuploid,-1.5511332465278,PTC
GSE232237,PT3,PT3_GCACTCTGTTCTGAAC-1,aneuploid,4.42349586974305,PTC
GSE232237,PT3,PT3_GCAGCCACACGGTAAG-1,aneuploid,-0.266692843724703,PTC
GSE232237,PT3,PT3_GCAGTTACAAGTTCTG-1,aneuploid,5.07051340464142,PTC
GSE232237,PT3,PT3_GCCTCTACAGGTGCCT-1,aneuploid,2.4708628728291,PTC
GSE232237,PT3,PT3_GCGAGAAGTCCAGTAT-1,aneuploid,-1.03494343797826,PTC
GSE232237,PT3,PT3_GCGAGAATCGGATGTT-1,aneuploid,5.13340627561405,PTC
GSE232237,PT3,PT3_GCGAGAATCGTATCAG-1,aneuploid,2.77853329430875,PTC
GSE232237,PT3,PT3_GCGAGAATCTTCAACT-1,aneuploid,3.34764222679279,PTC
GSE232237,PT3,PT3_GCGCCAAAGACATAAC-1,aneuploid,2.9814113234249,PTC
GSE232237,PT3,PT3_GCGCGATAGAAGGGTA-1,aneuploid,2.75990033561291,PTC
GSE232237,PT3,PT3_GCTTCCAAGTACGATA-1,aneuploid,3.08766694021333,PTC
GSE232237,PT3,PT3_GCTTCCATCAGTTGAC-1,aneuploid,3.71733792454569,PTC
GSE232237,PT3,PT3_GCTTGAACAGCTCGAC-1,aneuploid,4.24478267095342,PTC
GSE232237,PT3,PT3_GGAACTTAGGAGTTGC-1,aneuploid,2.86217650458112,PTC
GSE232237,PT3,PT3_GGACAAGGTCCATCCT-1,aneuploid,1.09326167730924,PTC
GSE232237,PT3,PT3_GGAGCAACATTACGAC-1,aneuploid,2.46086640238289,PTC
GSE232237,PT3,PT3_GGCTCGAAGTCCGTAT-1,aneuploid,4.17009330659081,PTC
GSE232237,PT3,PT3_GGCTCGACATTATCTC-1,aneuploid,2.86876098356981,PTC
GSE232237,PT3,PT3_GGGAATGTCTTCTGGC-1,aneuploid,-0.455550561682931,PTC
GSE232237,PT3,PT3_GGGACCTTCACGCGGT-1,aneuploid,3.39753467355495,PTC
GSE232237,PT3,PT3_GGGATGAGTATCTGCA-1,aneuploid,-0.980276884606736,PTC
GSE232237,PT3,PT3_GGGCACTGTAAGGGCT-1,aneuploid,4.8650752118968,PTC
GSE232237,PT3,PT3_GGGTTGCAGGCCGAAT-1,aneuploid,3.58274841245902,PTC
GSE232237,PT3,PT3_GGTATTGTCTGCCAGG-1,aneuploid,3.6965190260367,PTC
GSE232237,PT3,PT3_GTACGTAGTACTCAAC-1,aneuploid,1.80572594363171,PTC
GSE232237,PT3,PT3_GTATCTTGTTAAAGAC-1,aneuploid,-1.07227303852192,PTC
GSE232237,PT3,PT3_GTCAAGTGTGCAGTAG-1,aneuploid,3.12970921225247,PTC
GSE232237,PT3,PT3_GTCAAGTGTTGCGCAC-1,aneuploid,3.61815916485519,PTC
GSE232237,PT3,PT3_GTCACAAAGATCTGAA-1,aneuploid,2.03497615846147,PTC
GSE232237,PT3,PT3_GTGTGCGAGGGTTCCC-1,aneuploid,1.40658023088517,PTC
GSE232237,PT3,PT3_GTTCATTCAGTCGTGC-1,aneuploid,4.58411233970911,PTC
GSE232237,PT3,PT3_GTTCGGGGTTCCATGA-1,aneuploid,4.244006293485,PTC
GSE232237,PT3,PT3_GTTCTCGCACATCCAA-1,aneuploid,6.50476454642621,PTC
GSE232237,PT3,PT3_TACAGTGCAGATCCAT-1,diploid,-0.934712121996855,PTC
GSE232237,PT3,PT3_TACGGATCAGGTGGAT-1,aneuploid,2.85599854114037,PTC
GSE232237,PT3,PT3_TACGGTAAGAGACTAT-1,aneuploid,2.91323728627102,PTC
GSE232237,PT3,PT3_TACTCATTCTCGAGTA-1,aneuploid,2.809743115856,PTC
GSE232237,PT3,PT3_TAGTGGTGTGACGCCT-1,aneuploid,2.976131441916,PTC
GSE232237,PT3,PT3_TAGTTGGTCTTCAACT-1,aneuploid,-1.69817158798382,PTC
GSE232237,PT3,PT3_TATCTCAAGTAGATGT-1,aneuploid,4.73484067631955,PTC
GSE232237,PT3,PT3_TCAATCTCACGGTAGA-1,aneuploid,1.66541987552973,PTC
GSE232237,PT3,PT3_TCACGAAAGCTGTCTA-1,aneuploid,2.60937577640053,PTC
GSE232237,PT3,PT3_TCACGAACATTTGCTT-1,aneuploid,-0.0413253046432993,PTC
GSE232237,PT3,PT3_TCAGCTCGTATAGGTA-1,aneuploid,3.59624148629872,PTC
GSE232237,PT3,PT3_TCATTTGCATGCCTAA-1,aneuploid,3.71783079074664,PTC
GSE232237,PT3,PT3_TGACAACGTCTTCAAG-1,aneuploid,4.28734378553927,PTC
GSE232237,PT3,PT3_TGAGCCGAGTTCCACA-1,aneuploid,5.69700224792657,PTC
GSE232237,PT3,PT3_TGGACGCAGTACGTAA-1,aneuploid,3.9494225402402,PTC
GSE232237,PT3,PT3_TGGTTAGTCCTTTCGG-1,aneuploid,4.35972265708474,PTC
GSE232237,PT3,PT3_TTAACTCCAGGAATCG-1,aneuploid,3.2006403374751,PTC
GSE232237,PT3,PT3_TTAGGCACAATGTTGC-1,aneuploid,-0.078288628378086,PTC
GSE232237,PT3,PT3_TTATGCTGTCTAGTGT-1,aneuploid,1.59945346292175,PTC
GSE232237,PT3,PT3_TTCGGTCTCCTCTAGC-1,aneuploid,1.94348593823841,PTC
GSE232237,PT3,PT3_TTGACTTTCTGGTGTA-1,aneuploid,2.5245921097525,PTC
GSE232237,PT3,PT3_TTGCCGTAGAGGGCTT-1,aneuploid,-2.11034778354059,PTC
GSE232237,PT3,PT3_TTGCCGTAGTTAGCGG-1,aneuploid,4.34369782516943,PTC
GSE232237,PT3,PT3_TTGCCGTTCAGAAATG-1,aneuploid,4.21146471272402,PTC
GSE232237,PT3,PT3_TTTGCGCTCACTATTC-1,aneuploid,1.86280248433657,PTC
GSE232237,PT3,PT3_TTTGGTTGTAGAAAGG-1,aneuploid,2.98677025101595,PTC
GSE232237,PT3,PT3_TTTGTCAAGATCCCAT-1,aneuploid,-0.0499669245317812,PTC
