cell,copykat.pred,disease_group,tissue_group,cell_type,RAIR_like,TDS_raw,OneCarbon_raw,MAPK_raw,Dediff_EMT_raw,dataset,sample_target,copykat_class
PTC10_RightLN_AAAGTCCCACTTGGGC-1,aneuploid,PTC_related,Lymph_node_metastasis,Epithelial_Thyroid,3.35074618220962,0.715788676031452,0.447576457673813,0.296200145590197,0.81571006599371,GSE184362,PTC10_RightLN,aneuploid
PTC10_RightLN_AAAGTGAGTGCGGTAA-1,aneuploid,PTC_related,Lymph_node_metastasis,Epithelial_Thyroid,1.40359514954651,0.45806471069597,0.0523775230841647,0.356277406869173,1.25331270262536,GSE184362,PTC10_RightLN,aneuploid
PTC10_RightLN_AACAAGATCCGTAGGC-1,aneuploid,PTC_related,Lymph_node_metastasis,Epithelial_Thyroid,2.02977438948636,0.261710927227079,0,0.379491456684761,1.40874797236595,GSE184362,PTC10_RightLN,aneuploid
PTC10_RightLN_AACACACCAGAGTCTT-1,aneuploid,PTC_related,Lymph_node_metastasis,Epithelial_Thyroid,3.86280001709981,0.520549787034229,0.342590892379415,0.331837827453177,1.13736946110972,GSE184362,PTC10_RightLN,aneuploid
PTC10_RightLN_AAGACAATCAGACATC-1,aneuploid,PTC_related,Lymph_node_metastasis,Epithelial_Thyroid,4.92952230776463,0.830811414900123,0.397049783046862,0.451647788507842,1.57269638723168,GSE184362,PTC10_RightLN,aneuploid
PTC10_RightLN_AAGCGTTTCATATGGC-1,aneuploid,PTC_related,Lymph_node_metastasis,Epithelial_Thyroid,3.30717111470727,0.409949739841529,0.068313627417916,0.678961261782801,1.2357558059274,GSE184362,PTC10_RightLN,aneuploid
PTC10_RightLN_AAGTCGTCAACGGCCT-1,aneuploid,PTC_related,Lymph_node_metastasis,Epithelial_Thyroid,4.00050763435367,0.52987802977624,0.223335832843659,0.634094378618162,1.10851717267188,GSE184362,PTC10_RightLN,aneuploid
PTC10_RightLN_AATCGTGAGAAGCCAC-1,aneuploid,PTC_related,Lymph_node_metastasis,Epithelial_Thyroid,3.480894075812,0.533525710464576,0.134938256382332,0.595951010143816,1.37559769683815,GSE184362,PTC10_RightLN,aneuploid
PTC10_RightLN_AATCGTGAGTCAGGGT-1,aneuploid,PTC_related,Lymph_node_metastasis,Epithelial_Thyroid,0.432482832715531,0.640931204237887,0,0.437148060980725,1.1837947887318,GSE184362,PTC10_RightLN,aneuploid
PTC10_RightLN_AATGGAAAGTCTTCCC-1,aneuploid,PTC_related,Lymph_node_metastasis,Epithelial_Thyroid,4.70945360516911,0.477398703891234,0.230282395652954,0.548902975375278,1.48376547567607,GSE184362,PTC10_RightLN,aneuploid
PTC10_RightLN_AATTTCCGTTCAAAGA-1,aneuploid,PTC_related,Lymph_node_metastasis,Epithelial_Thyroid,-1.04295974835612,0.59007173042566,0,0.240405258982557,0.890077586093271,GSE184362,PTC10_RightLN,aneuploid
PTC10_RightLN_ACACCAATCGACCATA-1,aneuploid,PTC_related,Lymph_node_metastasis,Epithelial_Thyroid,6.09799420659103,0.421019726705311,0.448673562491341,0.334038627474608,1.45791919071708,GSE184362,PTC10_RightLN,aneuploid
PTC10_RightLN_ACACTGAGTTGCATGT-1,aneuploid,PTC_related,Lymph_node_metastasis,Epithelial_Thyroid,2.29932844039099,0.57599112349389,0.138515119020426,0.374875121175252,1.38900919277107,GSE184362,PTC10_RightLN,aneuploid
PTC10_RightLN_ACAGAAAAGCCTGAGA-1,aneuploid,PTC_related,Lymph_node_metastasis,Epithelial_Thyroid,4.54925313970677,0.207865992585898,0.228913664215337,0.296503601894205,1.54404520786017,GSE184362,PTC10_RightLN,aneuploid
PTC10_RightLN_ACAGCCGCAGTTTGGT-1,aneuploid,PTC_related,Lymph_node_metastasis,Epithelial_Thyroid,0.615516261510533,0.547037697576699,0,0.485928861733531,1.012774640619,GSE184362,PTC10_RightLN,aneuploid
PTC10_RightLN_ACATGCAAGACTCTTG-1,aneuploid,PTC_related,Lymph_node_metastasis,Epithelial_Thyroid,1.81839204909604,0.664560770771889,0.0947161442339128,0.521026702566753,1.20578646941434,GSE184362,PTC10_RightLN,aneuploid
PTC10_RightLN_ACCACAAGTCCGGTCA-1,aneuploid,PTC_related,Lymph_node_metastasis,Epithelial_Thyroid,4.92071877349996,0.310144746326003,0.100373547080484,0.90955715667007,1.13663590928845,GSE184362,PTC10_RightLN,aneuploid
PTC10_RightLN_ACCCTCAGTAGACAGC-1,aneuploid,PTC_related,Lymph_node_metastasis,Epithelial_Thyroid,1.71351959022578,0.59071241355908,0.124313737415879,0.36080587658866,1.25416041713323,GSE184362,PTC10_RightLN,aneuploid
PTC10_RightLN_ACCTGAACAATTCTCT-1,aneuploid,PTC_related,Lymph_node_metastasis,Epithelial_Thyroid,2.73072313303518,0.563549746434876,0.209837640813605,0.516954043795945,0.925603841358996,GSE184362,PTC10_RightLN,aneuploid
PTC10_RightLN_ACGATGTTCAAAGAAC-1,aneuploid,PTC_related,Lymph_node_metastasis,Epithelial_Thyroid,3.1339912690514,0.407599908677716,0.0947266722426002,0.590026021191403,1.22727400709051,GSE184362,PTC10_RightLN,aneuploid
PTC10_RightLN_ACGTAGTCAATCTAGC-1,aneuploid,PTC_related,Lymph_node_metastasis,Epithelial_Thyroid,6.78562121013953,0.6097074444446,0.476497189997529,0.598353566457963,1.35349746815588,GSE184362,PTC10_RightLN,aneuploid
PTC10_RightLN_ACTATGGCAGTCACGC-1,aneuploid,PTC_related,Lymph_node_metastasis,Epithelial_Thyroid,3.40709797548022,0.327560114629286,0.115570863958087,0.331976186731493,1.67865159577673,GSE184362,PTC10_RightLN,aneuploid
PTC10_RightLN_ACTCTCGCAAGTGATA-1,aneuploid,PTC_related,Lymph_node_metastasis,Epithelial_Thyroid,2.66319948439483,0.356976887510964,0.198692916951875,0.477911729005522,0.710995069790259,GSE184362,PTC10_RightLN,aneuploid
PTC10_RightLN_ACTCTCGCATGTTCAG-1,aneuploid,PTC_related,Lymph_node_metastasis,Epithelial_Thyroid,3.05498768868482,0.345897860875256,0.25954687227472,0.369256999255791,0.817577266092381,GSE184362,PTC10_RightLN,aneuploid
PTC10_RightLN_AGAAATGCACGTCATA-1,aneuploid,PTC_related,Lymph_node_metastasis,Epithelial_Thyroid,0.647521023845945,0.521116855329557,0.0672395307606401,0.289906432770616,1.09917098607795,GSE184362,PTC10_RightLN,aneuploid
PTC10_RightLN_AGACACTAGACCATTC-1,aneuploid,PTC_related,Lymph_node_metastasis,Epithelial_Thyroid,4.74665899745045,0.729691609067696,0.458022463176155,0.397013373957771,1.1756521007902,GSE184362,PTC10_RightLN,aneuploid
PTC10_RightLN_AGATAGACATCTAACG-1,aneuploid,PTC_related,Lymph_node_metastasis,Epithelial_Thyroid,0.0767752189308977,0.602818543255402,0,0.372031993280203,1.11081763237538,GSE184362,PTC10_RightLN,aneuploid
PTC10_RightLN_AGATCCACAGGAGGAG-1,aneuploid,PTC_related,Lymph_node_metastasis,Epithelial_Thyroid,3.41173582015322,0.500166544055609,0.174495008368925,0.451498457629358,1.4228272255791,GSE184362,PTC10_RightLN,aneuploid
PTC10_RightLN_AGATGCTGTCCGACGT-1,aneuploid,PTC_related,Lymph_node_metastasis,Epithelial_Thyroid,1.01042273786746,0.514041346633344,0.110165726075961,0.208924467850648,1.22211600410224,GSE184362,PTC10_RightLN,aneuploid
PTC10_RightLN_AGCCAGCCATACACCA-1,aneuploid,PTC_related,Lymph_node_metastasis,Epithelial_Thyroid,0.146617360034619,0.67531987849615,0.0594411481714631,0.324552486208003,1.08342624566408,GSE184362,PTC10_RightLN,aneuploid
PTC10_RightLN_AGGATAAAGAATCTAG-1,aneuploid,PTC_related,Lymph_node_metastasis,Epithelial_Thyroid,4.13014686561807,0.536958478851863,0.301927051010992,0.506191821083211,1.09036399675695,GSE184362,PTC10_RightLN,aneuploid
PTC10_RightLN_AGGCATTGTTCAAACC-1,aneuploid,PTC_related,Lymph_node_metastasis,Epithelial_Thyroid,3.32993182957957,0.594883301022854,0.164340213109862,0.625284563084207,1.20838230076607,GSE184362,PTC10_RightLN,aneuploid
PTC10_RightLN_AGGTCTACAAGCAGGT-1,aneuploid,PTC_related,Lymph_node_metastasis,Epithelial_Thyroid,3.44022867477488,0.357400195989913,0.0711954292958418,0.672421509530073,1.21257802684731,GSE184362,PTC10_RightLN,aneuploid
PTC10_RightLN_AGTGATCCAAACCGGA-1,aneuploid,PTC_related,Lymph_node_metastasis,Epithelial_Thyroid,0.177774812526813,0.414534500426857,0,0.122899559781127,1.3963838498778,GSE184362,PTC10_RightLN,aneuploid
PTC10_RightLN_ATATCCTCAGTGGTGA-1,aneuploid,PTC_related,Lymph_node_metastasis,Epithelial_Thyroid,4.11526969320642,0.601249203558555,0.385981663148934,0.477165368338082,0.861734403155832,GSE184362,PTC10_RightLN,aneuploid
PTC10_RightLN_ATCCATTCAAGTTTGC-1,aneuploid,PTC_related,Lymph_node_metastasis,Epithelial_Thyroid,-0.178981739224624,0.599056832780086,0.160197684612568,0.245491683233254,0.533903667917232,GSE184362,PTC10_RightLN,aneuploid
PTC10_RightLN_ATCGTGATCTACTATC-1,aneuploid,PTC_related,Lymph_node_metastasis,Epithelial_Thyroid,1.73808280960196,0.543699581047816,0.176036936483369,0.193640630131706,1.31373588148694,GSE184362,PTC10_RightLN,aneuploid
PTC10_RightLN_ATGATCGCAGTGTGCC-1,aneuploid,PTC_related,Lymph_node_metastasis,Epithelial_Thyroid,3.54360900057833,0.643558390214817,0.393971181398927,0.469853202793058,0.65987599204192,GSE184362,PTC10_RightLN,aneuploid
PTC10_RightLN_ATGCATGCACGTTCGG-1,aneuploid,PTC_related,Lymph_node_metastasis,Epithelial_Thyroid,4.34731027091219,0.373601174762253,0.284500415840912,0.273321806169615,1.50942703576136,GSE184362,PTC10_RightLN,aneuploid
PTC10_RightLN_ATGGAGGGTAGATTGA-1,aneuploid,PTC_related,Lymph_node_metastasis,Epithelial_Thyroid,1.37336635265984,0.0423809127684393,0.0616449640268208,0.204172427192307,0.879778542973706,GSE184362,PTC10_RightLN,aneuploid
PTC10_RightLN_ATTACTCAGATTAGCA-1,aneuploid,PTC_related,Lymph_node_metastasis,Epithelial_Thyroid,4.84214924348593,0.136128460377933,0.161338978571501,0.510464559918857,1.40959001808613,GSE184362,PTC10_RightLN,aneuploid
PTC10_RightLN_ATTCCATGTACTCAAC-1,aneuploid,PTC_related,Lymph_node_metastasis,Epithelial_Thyroid,1.86822232054173,0.346029691245145,0.0655964003932815,0.543667494124058,0.818319001772938,GSE184362,PTC10_RightLN,aneuploid
PTC10_RightLN_CAACAACTCGCCGATG-1,aneuploid,PTC_related,Lymph_node_metastasis,Epithelial_Thyroid,5.38025840885712,0.445700826230706,0.265252148304881,0.675307041296597,1.29344511716603,GSE184362,PTC10_RightLN,aneuploid
PTC10_RightLN_CACTAAGCACTTCCTG-1,aneuploid,PTC_related,Lymph_node_metastasis,Epithelial_Thyroid,4.47751033150581,0.466159460976456,0.0532451417609361,0.860364696982405,1.50786351711147,GSE184362,PTC10_RightLN,aneuploid
PTC10_RightLN_CAGGCCAGTGCGACAA-1,aneuploid,PTC_related,Lymph_node_metastasis,Epithelial_Thyroid,3.27730137519917,0.267098274104707,0.114572127800344,0.449009831358796,1.28284236161364,GSE184362,PTC10_RightLN,aneuploid
PTC10_RightLN_CAGGCCATCCCATTTA-1,aneuploid,PTC_related,Lymph_node_metastasis,Epithelial_Thyroid,3.43179878323966,0.595077597202784,0.22362091989423,0.450544528299462,1.35613839845299,GSE184362,PTC10_RightLN,aneuploid
PTC10_RightLN_CATACAGTCTAGACCA-1,aneuploid,PTC_related,Lymph_node_metastasis,Epithelial_Thyroid,0.707403439546561,0.844495847422392,0.0524178830102464,0.627539000313658,0.9704174629032,GSE184362,PTC10_RightLN,aneuploid
PTC10_RightLN_CATCAAGAGTGGAAAG-1,aneuploid,PTC_related,Lymph_node_metastasis,Epithelial_Thyroid,4.06838673622281,0.430390139844616,0.211061445878191,0.446156859053524,1.44234643254296,GSE184362,PTC10_RightLN,aneuploid
PTC10_RightLN_CATGGATGTCCCAAAT-1,aneuploid,PTC_related,Lymph_node_metastasis,Epithelial_Thyroid,2.29848857906781,0.543129396400282,0,0.47765158109027,1.75035976380597,GSE184362,PTC10_RightLN,aneuploid
PTC10_RightLN_CATTTCACAAGCACAG-1,aneuploid,PTC_related,Lymph_node_metastasis,Epithelial_Thyroid,3.40265326722643,0.764216665064308,0.217878890922817,0.546175030723181,1.42697618378241,GSE184362,PTC10_RightLN,aneuploid
PTC10_RightLN_CATTTCACACTTGTGA-1,aneuploid,PTC_related,Lymph_node_metastasis,Epithelial_Thyroid,4.64291232556856,0.556141525265588,0.397839716194882,0.356646213822309,1.2234458726352,GSE184362,PTC10_RightLN,aneuploid
PTC10_RightLN_CCACGAGGTAATGCGG-1,aneuploid,PTC_related,Lymph_node_metastasis,Epithelial_Thyroid,4.14646631233539,0.532709120104979,0.359188692174951,0.526684772090925,0.785322228306371,GSE184362,PTC10_RightLN,aneuploid
PTC10_RightLN_CCCTCAATCGCTCCTA-1,aneuploid,PTC_related,Lymph_node_metastasis,Epithelial_Thyroid,-0.152446371369069,0.87553559863449,0.0940213018951996,0.344375125177763,1.06417791471289,GSE184362,PTC10_RightLN,aneuploid
PTC10_RightLN_CCCTCTCGTATGAGAT-1,not.defined,PTC_related,Lymph_node_metastasis,Epithelial_Thyroid,7.72366544280605,0.125842147256268,0.549129369845533,0.666447525176856,0.5307723691103,GSE184362,PTC10_RightLN,not.defined
PTC10_RightLN_CCGAACGAGACTCGAG-1,aneuploid,PTC_related,Lymph_node_metastasis,Epithelial_Thyroid,4.31721912515234,0.332983884503415,0.257016789979642,0.492179101720544,1.090230230181,GSE184362,PTC10_RightLN,aneuploid
PTC10_RightLN_CCGCAAGGTCACCTTC-1,aneuploid,PTC_related,Lymph_node_metastasis,Epithelial_Thyroid,3.6170843691276,0.522844114581177,0.161062556852096,0.57067961524078,1.3525818300731,GSE184362,PTC10_RightLN,aneuploid
PTC10_RightLN_CCGGGTAGTGATTAGA-1,aneuploid,PTC_related,Lymph_node_metastasis,Epithelial_Thyroid,3.67830961913321,0.416324263957736,0.272806408269449,0.341634945784369,1.19413906090716,GSE184362,PTC10_RightLN,aneuploid
PTC10_RightLN_CCTAACCGTATCGCTA-1,aneuploid,PTC_related,Lymph_node_metastasis,Epithelial_Thyroid,0.231880364657653,0.796865625000271,0.1663087709775,0.3658792961505,0.731758592300999,GSE184362,PTC10_RightLN,aneuploid
PTC10_RightLN_CCTTCAGAGTCATCCA-1,not.defined,PTC_related,Lymph_node_metastasis,Epithelial_Thyroid,5.52890856774588,0.299744536263716,0.513069676199801,0.338497097067,0.720829745790456,GSE184362,PTC10_RightLN,not.defined
PTC10_RightLN_CCTTCAGCAAAGACGC-1,aneuploid,PTC_related,Lymph_node_metastasis,Epithelial_Thyroid,3.34718327003203,0.791207410108111,0.168351144569674,0.704696054690569,1.33153860920014,GSE184362,PTC10_RightLN,aneuploid
PTC10_RightLN_CCTTGTGGTCACTCAA-1,aneuploid,PTC_related,Lymph_node_metastasis,Epithelial_Thyroid,5.30700248234,0.642294462247157,0.450164591792173,0.347612733468043,1.42366761111359,GSE184362,PTC10_RightLN,aneuploid
PTC10_RightLN_CGAAGGAGTGTAGGAC-1,aneuploid,PTC_related,Lymph_node_metastasis,Epithelial_Thyroid,-0.44754930759817,0.665962140081497,0,0.30236032112813,1.13174409646172,GSE184362,PTC10_RightLN,aneuploid
PTC10_RightLN_CGCATAAAGATCGCCC-1,aneuploid,PTC_related,Lymph_node_metastasis,Epithelial_Thyroid,4.73113005307495,0.397937914515553,0.236596357060448,0.539966876057619,1.36030748651366,GSE184362,PTC10_RightLN,aneuploid
PTC10_RightLN_CGCATAACATGAGTAA-1,aneuploid,PTC_related,Lymph_node_metastasis,Epithelial_Thyroid,3.78891734470439,0.688408815612723,0.142576263014358,0.834363957481636,1.20277638688059,GSE184362,PTC10_RightLN,aneuploid
PTC10_RightLN_CGCATGGTCCAATCTT-1,aneuploid,PTC_related,Lymph_node_metastasis,Epithelial_Thyroid,1.05885479338028,1.00245372874712,0.132967007824041,0.562190822565471,1.138735000029,GSE184362,PTC10_RightLN,aneuploid
PTC10_RightLN_CGCATGGTCGCGTGCA-1,aneuploid,PTC_related,Lymph_node_metastasis,Epithelial_Thyroid,5.73192751136814,0.504284624980172,0.26110191578817,0.859519834109812,1.16022027680689,GSE184362,PTC10_RightLN,aneuploid
PTC10_RightLN_CGGGTGTGTTACGTAC-1,aneuploid,PTC_related,Lymph_node_metastasis,Epithelial_Thyroid,3.76631356290486,0.344963364562822,0.350447325098605,0.220785929612433,1.02573180770036,GSE184362,PTC10_RightLN,aneuploid
PTC10_RightLN_CGTGATAAGTACCCTA-1,aneuploid,PTC_related,Lymph_node_metastasis,Epithelial_Thyroid,4.16182233464835,0.449100890012175,0.323211266973545,0.278130525748,1.35924109962943,GSE184362,PTC10_RightLN,aneuploid
PTC10_RightLN_CGTGATATCGAGATAA-1,aneuploid,PTC_related,Lymph_node_metastasis,Epithelial_Thyroid,3.25235927363664,0.0915979985576021,0.0973720477054744,0.575911398890208,0.806909397591119,GSE184362,PTC10_RightLN,aneuploid
PTC10_RightLN_CGTTAGAAGTAAGGGA-1,aneuploid,PTC_related,Lymph_node_metastasis,Epithelial_Thyroid,3.2668962622224,0.764970272798627,0.389723750100841,0.407557411269995,0.881479910604009,GSE184362,PTC10_RightLN,aneuploid
PTC10_RightLN_CTAAGTGCAGGGACTA-1,diploid,PTC_related,Lymph_node_metastasis,Epithelial_Thyroid,5.68766605660614,0.407747883411484,0.461274033716452,0.338267624725398,1.19374869220488,GSE184362,PTC10_RightLN,diploid
PTC10_RightLN_CTACATTCACTACTTT-1,aneuploid,PTC_related,Lymph_node_metastasis,Epithelial_Thyroid,3.52990150184101,0.210288929758778,0.117537100493324,0.364417627064233,1.47145493134051,GSE184362,PTC10_RightLN,aneuploid
PTC10_RightLN_CTACGGGTCAGTCTTT-1,aneuploid,PTC_related,Lymph_node_metastasis,Epithelial_Thyroid,3.83493419377392,0.569740061378078,0.267352289642817,0.380417533241106,1.44121195512158,GSE184362,PTC10_RightLN,aneuploid
PTC10_RightLN_CTCATCGTCAAACCCA-1,aneuploid,PTC_related,Lymph_node_metastasis,Epithelial_Thyroid,3.62550443439568,0.368794704967398,0.0597529136992769,0.717011299024139,1.26689701136617,GSE184362,PTC10_RightLN,aneuploid
PTC10_RightLN_CTCTGGTGTACACGCC-1,aneuploid,PTC_related,Lymph_node_metastasis,Epithelial_Thyroid,3.51454442054379,0.576104399829605,0.338776446489394,0.331404638149587,1.09158113477415,GSE184362,PTC10_RightLN,aneuploid
PTC10_RightLN_CTGAGCGCATGCAGCC-1,aneuploid,PTC_related,Lymph_node_metastasis,Epithelial_Thyroid,5.28168258785402,0.506638440109891,0.402506994721326,0.454076233581092,1.19222791990443,GSE184362,PTC10_RightLN,aneuploid
PTC10_RightLN_CTGCATCTCTTGAACG-1,aneuploid,PTC_related,Lymph_node_metastasis,Epithelial_Thyroid,5.38852423577909,0,0.128342946606795,0.723210768560062,1.12933969924943,GSE184362,PTC10_RightLN,aneuploid
PTC10_RightLN_CTGGCAGTCGCCCAGA-1,aneuploid,PTC_related,Lymph_node_metastasis,Epithelial_Thyroid,3.49287565913768,0.937924279222407,0.366716069809663,0.515739240029833,1.120258745592,GSE184362,PTC10_RightLN,aneuploid
PTC10_RightLN_CTGTACCAGACGCTCC-1,aneuploid,PTC_related,Lymph_node_metastasis,Epithelial_Thyroid,4.12797584363737,0.445465441143158,0.192792567627443,0.768943205282057,0.883374271131213,GSE184362,PTC10_RightLN,aneuploid
PTC10_RightLN_CTGTATTAGACGCTCC-1,aneuploid,PTC_related,Lymph_node_metastasis,Epithelial_Thyroid,3.28679279547072,0.551291963441337,0.224149010922792,0.567147715235764,0.973551818429127,GSE184362,PTC10_RightLN,aneuploid
PTC10_RightLN_CTTACCGGTGTTCCTC-1,aneuploid,PTC_related,Lymph_node_metastasis,Epithelial_Thyroid,3.99040582789654,0.342283683658528,0.10219413125802,0.607034830491163,1.42492291130399,GSE184362,PTC10_RightLN,aneuploid
PTC10_RightLN_CTTACCGTCTCATGGA-1,aneuploid,PTC_related,Lymph_node_metastasis,Epithelial_Thyroid,4.67414610313331,0.570589511368364,0.257095331411484,0.540272891887929,1.50890857657973,GSE184362,PTC10_RightLN,aneuploid
PTC10_RightLN_CTTCGGTAGACTACCT-1,aneuploid,PTC_related,Lymph_node_metastasis,Epithelial_Thyroid,4.87122658476395,0.527207355485743,0.287650228529716,0.652617460217284,1.14644499265765,GSE184362,PTC10_RightLN,aneuploid
PTC10_RightLN_CTTTCGGTCTGAGTCA-1,aneuploid,PTC_related,Lymph_node_metastasis,Epithelial_Thyroid,3.44834553886951,0.535652124327843,0.190985970775277,0.519025628808161,1.27359628621911,GSE184362,PTC10_RightLN,aneuploid
PTC10_RightLN_GAAACCTAGTTATGGA-1,aneuploid,PTC_related,Lymph_node_metastasis,Epithelial_Thyroid,2.53229284824888,0.549794373525555,0.0881560596029838,0.440307746430457,1.53879572608691,GSE184362,PTC10_RightLN,aneuploid
PTC10_RightLN_GACATCAAGAGTGAAG-1,aneuploid,PTC_related,Lymph_node_metastasis,Epithelial_Thyroid,7.75715614550446,0.281675716370976,0.284916019963059,0.866686674616625,1.56472483337567,GSE184362,PTC10_RightLN,aneuploid
PTC10_RightLN_GACCCTTTCCTTGACC-1,aneuploid,PTC_related,Lymph_node_metastasis,Epithelial_Thyroid,2.60066222343677,0.400374590377029,0.0912629283725805,0.311836762708388,1.59781784385866,GSE184362,PTC10_RightLN,aneuploid
PTC10_RightLN_GAGACCCAGTACTGTC-1,aneuploid,PTC_related,Lymph_node_metastasis,Epithelial_Thyroid,5.08199751061193,0.682021168136733,0.351201679166993,0.605844504600898,1.28707251033713,GSE184362,PTC10_RightLN,aneuploid
PTC10_RightLN_GAGACTTAGCAACTCT-1,aneuploid,PTC_related,Lymph_node_metastasis,Epithelial_Thyroid,0.737399398671967,0.27817258240864,0,0.445076131853824,0.736318763851782,GSE184362,PTC10_RightLN,aneuploid
PTC10_RightLN_GAGTTTGTCGTGGCGT-1,aneuploid,PTC_related,Lymph_node_metastasis,Epithelial_Thyroid,3.39856871909538,0.479369501053596,0.17016127799307,0.526883466394709,1.24323227718733,GSE184362,PTC10_RightLN,aneuploid
PTC10_RightLN_GATCAGTCACGCTGAC-1,aneuploid,PTC_related,Lymph_node_metastasis,Epithelial_Thyroid,-1.11050106313613,0.938347774535634,0,0.407810381630116,1.04189386901399,GSE184362,PTC10_RightLN,aneuploid
PTC10_RightLN_GATTCTTTCTCGGCTT-1,aneuploid,PTC_related,Lymph_node_metastasis,Epithelial_Thyroid,0.900275230044609,0.504946414122574,0.104258151221257,0.166703780894706,1.2779519666776,GSE184362,PTC10_RightLN,aneuploid
PTC10_RightLN_GCAACCGCAGGCACAA-1,aneuploid,PTC_related,Lymph_node_metastasis,Epithelial_Thyroid,-1.40240524275993,0.996270654334267,0,0.368002284050419,1.0910053955848,GSE184362,PTC10_RightLN,aneuploid
PTC10_RightLN_GCAGCCATCTTGGGCG-1,aneuploid,PTC_related,Lymph_node_metastasis,Epithelial_Thyroid,3.46146177448335,0.589089825945016,0.156749114899274,0.580718444059724,1.38629022334462,GSE184362,PTC10_RightLN,aneuploid
PTC10_RightLN_GCCAGGTCAGCGCGTT-1,aneuploid,PTC_related,Lymph_node_metastasis,Epithelial_Thyroid,4.68921228807407,0.295850585300586,0.234368108260052,0.615590044567029,1.03224227831492,GSE184362,PTC10_RightLN,aneuploid
PTC10_RightLN_GCCATGGGTTGTCATG-1,aneuploid,PTC_related,Lymph_node_metastasis,Epithelial_Thyroid,4.44122383455441,0.36079580647844,0.313986484762479,0.428639135295254,1.06266091371673,GSE184362,PTC10_RightLN,aneuploid
PTC10_RightLN_GCCCGAATCTGATGGT-1,aneuploid,PTC_related,Lymph_node_metastasis,Epithelial_Thyroid,3.30537116329582,0.204063385675591,0.167140303305214,0.296385125548865,1.28409808831189,GSE184362,PTC10_RightLN,aneuploid
PTC10_RightLN_GCCGATGAGGGTCACA-1,aneuploid,PTC_related,Lymph_node_metastasis,Epithelial_Thyroid,5.01552246369655,0.462284589984745,0.287925462853642,0.636253189877408,1.14189970414612,GSE184362,PTC10_RightLN,aneuploid
PTC10_RightLN_GCCGATGCAGCCTTCT-1,aneuploid,PTC_related,Lymph_node_metastasis,Epithelial_Thyroid,0.325142078399176,0.235007675976084,0,0.158740712369503,1.1050310693181,GSE184362,PTC10_RightLN,aneuploid
PTC10_RightLN_GCCGTGATCCCAGGAC-1,aneuploid,PTC_related,Lymph_node_metastasis,Epithelial_Thyroid,2.50822446789032,0.609847100368045,0.096428975864504,0.489370348133418,1.47855332329606,GSE184362,PTC10_RightLN,aneuploid
PTC10_RightLN_GCTACCTCAGCAGAAC-1,aneuploid,PTC_related,Lymph_node_metastasis,Epithelial_Thyroid,6.54293848581345,0.575810079772577,0.404823433822418,0.583057193297622,1.55651206335124,GSE184362,PTC10_RightLN,aneuploid
PTC10_RightLN_GCTGAATAGAAGATCT-1,aneuploid,PTC_related,Lymph_node_metastasis,Epithelial_Thyroid,2.73485254681945,0.249784980693589,0.0492827319977277,0.431600304790377,1.35761385607634,GSE184362,PTC10_RightLN,aneuploid
PTC10_RightLN_GGATCTAAGGGCCCTT-1,aneuploid,PTC_related,Lymph_node_metastasis,Epithelial_Thyroid,5.82713643631822,0.491163818789372,0.285424183448964,0.776386874225613,1.2479357756278,GSE184362,PTC10_RightLN,aneuploid
PTC10_RightLN_GGCGTCACAGTTAAAG-1,aneuploid,PTC_related,Lymph_node_metastasis,Epithelial_Thyroid,-2.56041695599947,1.0022077133182,0,0.242729809216875,0.869089512581128,GSE184362,PTC10_RightLN,aneuploid
PTC10_RightLN_GGCTTTCGTCGTACAT-1,aneuploid,PTC_related,Lymph_node_metastasis,Epithelial_Thyroid,3.19387684703932,0.455984299506835,0.177288312747156,0.476971419209933,1.19307847843223,GSE184362,PTC10_RightLN,aneuploid
PTC10_RightLN_GGGATGAGTTATGACC-1,aneuploid,PTC_related,Lymph_node_metastasis,Epithelial_Thyroid,2.94258204626262,0.54671659696807,0.226181089770219,0.315899875574129,1.34694990767733,GSE184362,PTC10_RightLN,aneuploid
PTC10_RightLN_GGGTGAAGTCGGAACA-1,aneuploid,PTC_related,Lymph_node_metastasis,Epithelial_Thyroid,4.16264606804328,0.49039347662312,0.284745836205728,0.492352572154319,1.14037856047694,GSE184362,PTC10_RightLN,aneuploid
PTC10_RightLN_GGGTTTATCACACCGG-1,aneuploid,PTC_related,Lymph_node_metastasis,Epithelial_Thyroid,6.18144006414267,0.491755394354452,0.370296102517296,0.727574145224631,1.11850947985789,GSE184362,PTC10_RightLN,aneuploid
PTC10_RightLN_GGTGAAGTCTATCGGA-1,aneuploid,PTC_related,Lymph_node_metastasis,Epithelial_Thyroid,4.56708883156676,0.339801980288405,0.25259637645701,0.522042562675638,1.1647876107533,GSE184362,PTC10_RightLN,aneuploid
PTC10_RightLN_GGTGTCGAGAATACAC-1,aneuploid,PTC_related,Lymph_node_metastasis,Epithelial_Thyroid,4.66044063107727,0.446767510457922,0.261056499858835,0.5564662400656,1.25837701413618,GSE184362,PTC10_RightLN,aneuploid
PTC10_RightLN_GGTTGTATCCCGTGTT-1,aneuploid,PTC_related,Lymph_node_metastasis,Epithelial_Thyroid,3.57883766092357,0.360266880866622,0.0512727968271322,0.620986843584483,1.47800624464769,GSE184362,PTC10_RightLN,aneuploid
PTC10_RightLN_GTAGATCGTGCCTGCA-1,aneuploid,PTC_related,Lymph_node_metastasis,Epithelial_Thyroid,-1.34753528162908,0.925583774139153,0.245861044662623,0,0.670312733578143,GSE184362,PTC10_RightLN,aneuploid
PTC10_RightLN_GTAGCTATCACGGAGA-1,aneuploid,PTC_related,Lymph_node_metastasis,Epithelial_Thyroid,5.52436127329288,0.414001587740303,0.22918382733311,0.775793442066229,1.25599817119402,GSE184362,PTC10_RightLN,aneuploid
PTC10_RightLN_GTAGGTTCAGGAATAT-1,aneuploid,PTC_related,Lymph_node_metastasis,Epithelial_Thyroid,5.43761382041769,0.558017377076487,0.470760767425133,0.378111521298482,1.19000728050124,GSE184362,PTC10_RightLN,aneuploid
PTC10_RightLN_GTATTGGCAGAGATTA-1,aneuploid,PTC_related,Lymph_node_metastasis,Epithelial_Thyroid,3.88949559576727,0.16328255916919,0.240498382956744,0.261252094670704,1.21299720302611,GSE184362,PTC10_RightLN,aneuploid
PTC10_RightLN_GTCCCATTCGTCCATC-1,aneuploid,PTC_related,Lymph_node_metastasis,Epithelial_Thyroid,4.72660912148475,0.257347039552664,0.21233052343849,0.632425333293575,1.05333204056819,GSE184362,PTC10_RightLN,aneuploid
PTC10_RightLN_GTCTACCGTTCATCGA-1,aneuploid,PTC_related,Lymph_node_metastasis,Epithelial_Thyroid,3.90011453586802,0.306195836464556,0.119302640897637,0.568744559684741,1.33393660172281,GSE184362,PTC10_RightLN,aneuploid
PTC10_RightLN_GTGATGTAGAAGTATC-1,aneuploid,PTC_related,Lymph_node_metastasis,Epithelial_Thyroid,3.4473123321415,0.518526292536011,0.222862050873781,0.415585506704557,1.32258926423122,GSE184362,PTC10_RightLN,aneuploid
PTC10_RightLN_GTGTGGCTCCGTTGGG-1,aneuploid,PTC_related,Lymph_node_metastasis,Epithelial_Thyroid,3.84310509573892,0.469697975630652,0.196626251596431,0.492956591558371,1.37176455722161,GSE184362,PTC10_RightLN,aneuploid
PTC10_RightLN_GTGTTAGCACTTGGGC-1,aneuploid,PTC_related,Lymph_node_metastasis,Epithelial_Thyroid,1.5663066325656,0.75014137299433,0.144274973164626,0.551721261922248,0.937481008279323,GSE184362,PTC10_RightLN,aneuploid
PTC10_RightLN_GTTGCGGAGAGATGCC-1,aneuploid,PTC_related,Lymph_node_metastasis,Epithelial_Thyroid,6.02811944426954,0.241916593666273,0.36143676327415,0.585165812430448,1.01085942927185,GSE184362,PTC10_RightLN,aneuploid
PTC10_RightLN_GTTGTAGGTGCCCACA-1,aneuploid,PTC_related,Lymph_node_metastasis,Epithelial_Thyroid,1.48495992579101,0.500728323529453,0.138052096066167,0.365840507043193,0.942619168302924,GSE184362,PTC10_RightLN,aneuploid
PTC10_RightLN_TAACGACCACTACCGG-1,aneuploid,PTC_related,Lymph_node_metastasis,Epithelial_Thyroid,-3.25586167807735,0.825044339337487,0,0.0847450270370353,0.633096829989931,GSE184362,PTC10_RightLN,aneuploid
PTC10_RightLN_TAAGCCAAGAAGCGGG-1,aneuploid,PTC_related,Lymph_node_metastasis,Epithelial_Thyroid,4.92313764332265,0.397125722967413,0.18590842073871,0.691395082905795,1.34903386956705,GSE184362,PTC10_RightLN,aneuploid
PTC10_RightLN_TACACCCGTTGGGCCT-1,aneuploid,PTC_related,Lymph_node_metastasis,Epithelial_Thyroid,3.3931371281515,0.625291855237741,0.281089390108054,0.281744076488868,1.48534494260814,GSE184362,PTC10_RightLN,aneuploid
PTC10_RightLN_TACCGAATCTAGATCG-1,aneuploid,PTC_related,Lymph_node_metastasis,Epithelial_Thyroid,1.0694077770978,0.504738978161712,0.0808093544523545,0.135194074159669,1.52520786279616,GSE184362,PTC10_RightLN,aneuploid
PTC10_RightLN_TACCTGCCACTACACA-1,aneuploid,PTC_related,Lymph_node_metastasis,Epithelial_Thyroid,1.56112365358529,0.576909641089484,0.123455182521316,0.312608131020597,1.27421811377168,GSE184362,PTC10_RightLN,aneuploid
PTC10_RightLN_TACGGGCTCTCATTGT-1,aneuploid,PTC_related,Lymph_node_metastasis,Epithelial_Thyroid,3.15679802045155,0.537230785504446,0.0530107235152004,0.671949787746752,1.45301926935363,GSE184362,PTC10_RightLN,aneuploid
PTC10_RightLN_TACGTCCTCATTTGCT-1,aneuploid,PTC_related,Lymph_node_metastasis,Epithelial_Thyroid,3.73189494332822,0.362470218896982,0.101838016513213,0.640200543104303,1.27527255013933,GSE184362,PTC10_RightLN,aneuploid
PTC10_RightLN_TAGGTACTCGTGGCTG-1,not.defined,PTC_related,Lymph_node_metastasis,Epithelial_Thyroid,-0.704244378288279,0.183134563869935,0,0.293015302191896,0.293015302191896,GSE184362,PTC10_RightLN,not.defined
PTC10_RightLN_TAGTGCACAGACACCC-1,aneuploid,PTC_related,Lymph_node_metastasis,Epithelial_Thyroid,3.29681830973871,0.74031873543133,0.101982335316851,0.802283917771042,1.32511855167766,GSE184362,PTC10_RightLN,aneuploid
PTC10_RightLN_TATACCTCAGGTTCAT-1,aneuploid,PTC_related,Lymph_node_metastasis,Epithelial_Thyroid,4.99022021660014,0.210437322635207,0.358793563627188,0.521225895487221,0.663468529456331,GSE184362,PTC10_RightLN,aneuploid
PTC10_RightLN_TATCAGGTCAAGCCGC-1,aneuploid,PTC_related,Lymph_node_metastasis,Epithelial_Thyroid,5.69697494936287,0.30940696734662,0.488922503854569,0.246141731267534,1.11645418819363,GSE184362,PTC10_RightLN,aneuploid
PTC10_RightLN_TATTCCATCCTGATAG-1,aneuploid,PTC_related,Lymph_node_metastasis,Epithelial_Thyroid,5.12985501019816,0.468120561084611,0.380479774679685,0.564232554154573,0.931713543798524,GSE184362,PTC10_RightLN,aneuploid
PTC10_RightLN_TCAAGACGTTCGAAGG-1,aneuploid,PTC_related,Lymph_node_metastasis,Epithelial_Thyroid,4.11773534825019,0.763262378463878,0.319900230852549,0.44402016598575,1.48669405216959,GSE184362,PTC10_RightLN,aneuploid
PTC10_RightLN_TCACGGGAGTGGATAT-1,aneuploid,PTC_related,Lymph_node_metastasis,Epithelial_Thyroid,4.65940410558981,0.375826455008003,0.240587282983112,0.659802164561411,1.02016379244191,GSE184362,PTC10_RightLN,aneuploid
PTC10_RightLN_TCAGGTACAGGCTCTG-1,aneuploid,PTC_related,Lymph_node_metastasis,Epithelial_Thyroid,3.80747864050552,0.334823254111271,0.172803723891851,0.476083317093792,1.29241949912175,GSE184362,PTC10_RightLN,aneuploid
PTC10_RightLN_TCAGGTAGTTCAATCG-1,aneuploid,PTC_related,Lymph_node_metastasis,Epithelial_Thyroid,4.26445316710122,0.578386114683528,0.288459780261516,0.607090452118594,1.05785005849805,GSE184362,PTC10_RightLN,aneuploid
PTC10_RightLN_TCAGTTTCATCATCTT-1,aneuploid,PTC_related,Lymph_node_metastasis,Epithelial_Thyroid,4.69221163323172,0.278471417893697,0.118793769981502,0.608524169916329,1.54974207605878,GSE184362,PTC10_RightLN,aneuploid
PTC10_RightLN_TCATGCCCACCAGGTC-1,aneuploid,PTC_related,Lymph_node_metastasis,Epithelial_Thyroid,3.34168702922949,0.699390813308863,0.174286231342509,0.632037988064744,1.31545741150333,GSE184362,PTC10_RightLN,aneuploid
PTC10_RightLN_TCCATCGAGAGTGTGC-1,aneuploid,PTC_related,Lymph_node_metastasis,Epithelial_Thyroid,0.241648300595769,0.422319203652951,0,0.357552564887261,0.933308329177585,GSE184362,PTC10_RightLN,aneuploid
PTC10_RightLN_TCCCACAGTTCCTACC-1,aneuploid,PTC_related,Lymph_node_metastasis,Epithelial_Thyroid,3.75974104746545,0.570488907745742,0.103103840765207,0.800783562505063,1.25976745717582,GSE184362,PTC10_RightLN,aneuploid
PTC10_RightLN_TCCGAAAAGGACAAGA-1,aneuploid,PTC_related,Lymph_node_metastasis,Epithelial_Thyroid,3.39663599660751,0.666189308935479,0.118360689640073,0.699753046112753,1.39814976698577,GSE184362,PTC10_RightLN,aneuploid
PTC10_RightLN_TCGACGGAGTCACAGG-1,aneuploid,PTC_related,Lymph_node_metastasis,Epithelial_Thyroid,1.37711777343453,0.612912748711245,0.0618060820958618,0.489656655729711,1.15298739846885,GSE184362,PTC10_RightLN,aneuploid
PTC10_RightLN_TCGATTTAGCATATGA-1,aneuploid,PTC_related,Lymph_node_metastasis,Epithelial_Thyroid,3.5242107594115,0.368047527309681,0.135586203987305,0.729622795067998,0.848592227941295,GSE184362,PTC10_RightLN,aneuploid
PTC10_RightLN_TCGCTTGGTACGTTCA-1,aneuploid,PTC_related,Lymph_node_metastasis,Epithelial_Thyroid,3.65697900759659,0.354787000199998,0.0835920728455702,0.579924802776406,1.44353747715299,GSE184362,PTC10_RightLN,aneuploid
PTC10_RightLN_TCGGTCTGTCATGCAT-1,aneuploid,PTC_related,Lymph_node_metastasis,Epithelial_Thyroid,3.64991691463625,0.42915034959713,0.153631002094504,0.571793269175988,1.2531514680821,GSE184362,PTC10_RightLN,aneuploid
PTC10_RightLN_TCTCAGCAGGTATCTC-1,aneuploid,PTC_related,Lymph_node_metastasis,Epithelial_Thyroid,-1.34395962790806,0.623888279466597,0,0.145767944698385,1.01537685913296,GSE184362,PTC10_RightLN,aneuploid
PTC10_RightLN_TCTCAGCTCGAGTTGT-1,aneuploid,PTC_related,Lymph_node_metastasis,Epithelial_Thyroid,1.61374167107856,0.654777237462046,0.0780170045401773,0.403314135991978,1.43081752842067,GSE184362,PTC10_RightLN,aneuploid
PTC10_RightLN_TCTGCCACAGACGGAT-1,aneuploid,PTC_related,Lymph_node_metastasis,Epithelial_Thyroid,5.38537521774062,0.402778289149528,0.388637857418827,0.454193987615722,1.13915399910902,GSE184362,PTC10_RightLN,aneuploid
PTC10_RightLN_TGAGACTTCGCAGAGA-1,aneuploid,PTC_related,Lymph_node_metastasis,Epithelial_Thyroid,4.32845210129794,0.216285892220573,0.257557632427814,0.449937684516366,1.00229989983422,GSE184362,PTC10_RightLN,aneuploid
PTC10_RightLN_TGAGCGCAGATAGCAT-1,aneuploid,PTC_related,Lymph_node_metastasis,Epithelial_Thyroid,5.23810051945362,0.586047963309439,0.408476100580318,0.530646059636578,1.10515498789626,GSE184362,PTC10_RightLN,aneuploid
PTC10_RightLN_TGAGGGAAGGCAGCTA-1,aneuploid,PTC_related,Lymph_node_metastasis,Epithelial_Thyroid,3.27961360568001,0.709169434214392,0.221218624342771,0.625157895414234,1.10416447406081,GSE184362,PTC10_RightLN,aneuploid
PTC10_RightLN_TGAGTCAGTTCTCGCT-1,aneuploid,PTC_related,Lymph_node_metastasis,Epithelial_Thyroid,1.16047620701721,0.447968278624883,0,0.159175510246442,1.79433313442493,GSE184362,PTC10_RightLN,aneuploid
PTC10_RightLN_TGAGTCATCGTAGGGA-1,aneuploid,PTC_related,Lymph_node_metastasis,Epithelial_Thyroid,3.32636487439826,0.510739779497178,0.176831544467536,0.460411359643111,1.37261735184919,GSE184362,PTC10_RightLN,aneuploid
PTC10_RightLN_TGATCTTCACGCGGTT-1,aneuploid,PTC_related,Lymph_node_metastasis,Epithelial_Thyroid,4.85942593932628,0.184003692591464,0.241828416305325,0.564379859923987,1.0080021740738,GSE184362,PTC10_RightLN,aneuploid
PTC10_RightLN_TGATCTTGTGGTTTAC-1,aneuploid,PTC_related,Lymph_node_metastasis,Epithelial_Thyroid,4.3833120251266,0.612460993562358,0.334904191264762,0.435909231190966,1.31644322091023,GSE184362,PTC10_RightLN,aneuploid
PTC10_RightLN_TGATGCAAGTTCACTG-1,aneuploid,PTC_related,Lymph_node_metastasis,Epithelial_Thyroid,0.012966431423572,0.590970744976871,0,0.365682076401735,1.07854302830166,GSE184362,PTC10_RightLN,aneuploid
PTC10_RightLN_TGATTTCGTTGCATCA-1,aneuploid,PTC_related,Lymph_node_metastasis,Epithelial_Thyroid,4.11500469530106,0.849370222068538,0.290765933160803,0.657001669455205,1.29575810510164,GSE184362,PTC10_RightLN,aneuploid
PTC10_RightLN_TGCACGGAGTCTTCCC-1,aneuploid,PTC_related,Lymph_node_metastasis,Epithelial_Thyroid,5.10765190398651,0.207187819661813,0.206538442944008,0.546090625432996,1.35138690553761,GSE184362,PTC10_RightLN,aneuploid
PTC10_RightLN_TGCATCCTCCGCTAGG-1,aneuploid,PTC_related,Lymph_node_metastasis,Epithelial_Thyroid,3.45766393185996,0.546202404989645,0.0735257677807187,0.881222556269509,1.05465257225604,GSE184362,PTC10_RightLN,aneuploid
PTC10_RightLN_TGGAACTAGGAGTATT-1,aneuploid,PTC_related,Lymph_node_metastasis,Epithelial_Thyroid,4.67828906573199,0.407000681874737,0.320507705436234,0.514032840933347,1.02377000390889,GSE184362,PTC10_RightLN,aneuploid
PTC10_RightLN_TGGAACTCAATTGAGA-1,aneuploid,PTC_related,Lymph_node_metastasis,Epithelial_Thyroid,-0.778993168015458,0.370357028615953,0,0.180833893686539,0.791153077132259,GSE184362,PTC10_RightLN,aneuploid
PTC10_RightLN_TGGGATTTCAGGTGTT-1,aneuploid,PTC_related,Lymph_node_metastasis,Epithelial_Thyroid,6.88569744191175,0.414750477480664,0.500171611526779,0.397504409758113,1.41673710125885,GSE184362,PTC10_RightLN,aneuploid
PTC10_RightLN_TGGGCTGCATCACGGC-1,aneuploid,PTC_related,Lymph_node_metastasis,Epithelial_Thyroid,3.26655091335514,0.94823683571113,0.422935783593837,0.34600775454242,1.14538781361976,GSE184362,PTC10_RightLN,aneuploid
PTC10_RightLN_TGGGTTACAACCTATG-1,aneuploid,PTC_related,Lymph_node_metastasis,Epithelial_Thyroid,3.36708799567658,0.485706385509021,0.150024659220153,0.636719446795426,1.0961677055851,GSE184362,PTC10_RightLN,aneuploid
PTC10_RightLN_TGTGAGTCACGTGAGA-1,aneuploid,PTC_related,Lymph_node_metastasis,Epithelial_Thyroid,1.00401032339509,0.436707483870066,0,0.485826327516467,1.00963046792209,GSE184362,PTC10_RightLN,aneuploid
PTC10_RightLN_TGTGGCGAGGCTAACG-1,aneuploid,PTC_related,Lymph_node_metastasis,Epithelial_Thyroid,3.91655985181756,0.40031691906766,0.168791504369889,0.553135228987492,1.29420098607094,GSE184362,PTC10_RightLN,aneuploid
PTC10_RightLN_TGTGTGACATCCGATA-1,aneuploid,PTC_related,Lymph_node_metastasis,Epithelial_Thyroid,4.85675189057793,0.198493390752798,0.253340370769759,0.278674407846735,1.58875921714183,GSE184362,PTC10_RightLN,aneuploid
PTC10_RightLN_TTACAGGGTTGCATGT-1,aneuploid,PTC_related,Lymph_node_metastasis,Epithelial_Thyroid,4.79749555004336,0.524334079329943,0.38371289889516,0.368253680056896,1.28051458372829,GSE184362,PTC10_RightLN,aneuploid
PTC10_RightLN_TTACCGCAGTGGTTAA-1,aneuploid,PTC_related,Lymph_node_metastasis,Epithelial_Thyroid,1.47159476541158,0.667657227265502,0.0846998260585125,0.410427182847879,1.34369255384429,GSE184362,PTC10_RightLN,aneuploid
PTC10_RightLN_TTACCGCTCCTGTAGA-1,aneuploid,PTC_related,Lymph_node_metastasis,Epithelial_Thyroid,4.69197398180158,0.563322180785731,0.371789569214068,0.522151240376003,1.02018682123646,GSE184362,PTC10_RightLN,aneuploid
PTC10_RightLN_TTCACCGAGATACAGT-1,aneuploid,PTC_related,Lymph_node_metastasis,Epithelial_Thyroid,4.11927681763517,0.584329152543011,0.271687512325596,0.578894625998416,1.14146490854037,GSE184362,PTC10_RightLN,aneuploid
PTC10_RightLN_TTCATTGTCCACATAG-1,aneuploid,PTC_related,Lymph_node_metastasis,Epithelial_Thyroid,4.57367518286025,0.385085345943776,0.307739927383393,0.462513343986697,1.11339134557972,GSE184362,PTC10_RightLN,aneuploid
PTC10_RightLN_TTCCTCTAGGTAGTAT-1,aneuploid,PTC_related,Lymph_node_metastasis,Epithelial_Thyroid,3.19003709987404,0.728144807401056,0.303797053063403,0.562025092083581,0.852917894807623,GSE184362,PTC10_RightLN,aneuploid
PTC10_RightLN_TTGAACGGTGAACCGA-1,aneuploid,PTC_related,Lymph_node_metastasis,Epithelial_Thyroid,3.58208839178374,0.711946365316136,0.371577531318461,0.431637052305391,0.966597103002867,GSE184362,PTC10_RightLN,aneuploid
PTC10_RightLN_TTGCGTCAGTCCCGGT-1,aneuploid,PTC_related,Lymph_node_metastasis,Epithelial_Thyroid,3.65062410146488,0.568846190276226,0.208356336307788,0.566704147401241,1.23077565448151,GSE184362,PTC10_RightLN,aneuploid
PTC10_RightLN_TTTCAGTTCTCTATGT-1,aneuploid,PTC_related,Lymph_node_metastasis,Epithelial_Thyroid,2.35332758180427,0.368536369003991,0.059712233419937,0.409405011291017,1.37693171021195,GSE184362,PTC10_RightLN,aneuploid
PTC10_RightLN_TTTCGATAGCGGTATG-1,aneuploid,PTC_related,Lymph_node_metastasis,Epithelial_Thyroid,5.65388795687,0.123019372659331,0.206168808841017,0.721213373271825,1.0831239682524,GSE184362,PTC10_RightLN,aneuploid
PTC10_RightLN_TTTGGTTAGAAGGCTC-1,aneuploid,PTC_related,Lymph_node_metastasis,Epithelial_Thyroid,3.42993187548353,0.462099134013507,0.146404496225197,0.544814979600233,1.30012109556404,GSE184362,PTC10_RightLN,aneuploid
PTC1_P_ATGGGAGCATGAAGTA-1,diploid,Paratumor,Paratumor,Epithelial_Thyroid,-3.64922276601841,0.908132045342384,0,0,0.773700823711149,GSE184362,PTC10_RightLN,diploid
PTC1_P_CCACTACGTCCATGAT-1,diploid,Paratumor,Paratumor,Epithelial_Thyroid,-1.60827581038299,0.731969125050477,0.108989720527714,0.119888692580485,0.626343999955502,GSE184362,PTC10_RightLN,diploid
PTC1_P_CCTACACCAGCTGGCT-1,diploid,Paratumor,Paratumor,Epithelial_Thyroid,-2.16604203838075,0.906006753612822,0.0908771804438058,0.248909895969673,0.461746169917808,GSE184362,PTC10_RightLN,diploid
PTC1_P_CCTACCAGTGATGTCT-1,diploid,Paratumor,Paratumor,Epithelial_Thyroid,-2.99048484640348,0.801099935102504,0,0.120720246380669,0.633396149138145,GSE184362,PTC10_RightLN,diploid
PTC1_P_CGCCAAGTCCTATTCA-1,diploid,Paratumor,Paratumor,Epithelial_Thyroid,-3.41835356698307,1.19345374531257,0,0.305386384779719,0.661104982573501,GSE184362,PTC10_RightLN,diploid
PTC1_P_CTCTAATGTTTGGCGC-1,diploid,Paratumor,Paratumor,Epithelial_Thyroid,-0.788945304391355,0.751202211008426,0.126259072072717,0.333767990270692,0.472461210270033,GSE184362,PTC10_RightLN,diploid
PTC1_P_GGAACTTGTCTTGCGG-1,diploid,Paratumor,Paratumor,Epithelial_Thyroid,-5.05373711225838,0.892091127609146,0,0,0.143046950616801,GSE184362,PTC10_RightLN,diploid
PTC1_P_GTAACGTAGCCGTCGT-1,diploid,Paratumor,Paratumor,Epithelial_Thyroid,-2.52818335999634,0.784105770721589,0.112875056171138,0,0.549420588630096,GSE184362,PTC10_RightLN,diploid
PTC1_P_TGCGCAGTCAGGTTCA-1,diploid,Paratumor,Paratumor,Epithelial_Thyroid,-2.85949300615673,0.749792420356193,0,0.119261376821465,0.61353240060693,GSE184362,PTC10_RightLN,diploid
PTC1_P_TTTGCGCTCTCGGACG-1,diploid,Paratumor,Paratumor,Epithelial_Thyroid,-3.18936763315575,0.939009652811636,0,0.122152127456732,0.758204648570337,GSE184362,PTC10_RightLN,diploid
PTC2_P_GATTCAGGTATTAGCC-1,diploid,Paratumor,Paratumor,Epithelial_Thyroid,-1.96146204767309,0.606487573862813,0,0,1.03434622191511,GSE184362,PTC10_RightLN,diploid
PTC2_P_GTAGGCCCAGGGCATA-1,aneuploid,Paratumor,Paratumor,Epithelial_Thyroid,1.979684591507,0.550490004631096,0.0418262468882597,0.586871766916948,1.19919718103136,GSE184362,PTC10_RightLN,aneuploid
PTC3_P_ACGGGCTCAACTGCGC-1,diploid,Paratumor,Paratumor,Epithelial_Thyroid,-3.24937058888206,0.983311940271565,0.0868199463488177,0,0.666009327736269,GSE184362,PTC10_RightLN,diploid
PTC3_P_AGAGCGAAGGCCATAG-1,diploid,Paratumor,Paratumor,Epithelial_Thyroid,-3.99660128383364,0.887223262339264,0,0,0.591474470026934,GSE184362,PTC10_RightLN,diploid
PTC3_P_AGATCTGAGGTGCACA-1,diploid,Paratumor,Paratumor,Epithelial_Thyroid,-0.0920386416955381,0.813994124886122,0.20773192606166,0.181700422753648,0.823899668729411,GSE184362,PTC10_RightLN,diploid
PTC3_P_AGCATACGTCCCGACA-1,diploid,Paratumor,Paratumor,Epithelial_Thyroid,-2.34585803787511,0.699740357553631,0.10878423280395,0,0.516046123640724,GSE184362,PTC10_RightLN,diploid
PTC3_P_ATGTGTGAGGGAGTAA-1,diploid,Paratumor,Paratumor,Epithelial_Thyroid,-3.60615561323519,1.24850504739855,0.0908081703209563,0.099888987353052,0.690766602826132,GSE184362,PTC10_RightLN,diploid
PTC3_P_CAACCTCAGGAACTGC-1,diploid,Paratumor,Paratumor,Epithelial_Thyroid,-4.32329716425401,1.02436948667604,0,0,0.663038579964247,GSE184362,PTC10_RightLN,diploid
PTC3_P_CAGCCGACAAGCGAGT-1,diploid,Paratumor,Paratumor,Epithelial_Thyroid,-3.16896843483915,0.783308398560581,0,0.166825874174476,0.430077889112629,GSE184362,PTC10_RightLN,diploid
PTC3_P_CAGTAACAGGTGTTAA-1,diploid,Paratumor,Paratumor,Epithelial_Thyroid,-3.95362324476553,0.493481136606058,0,0,0,GSE184362,PTC10_RightLN,diploid
PTC3_P_CCTAGCTTCTTTAGTC-1,diploid,Paratumor,Paratumor,Epithelial_Thyroid,-4.38027404871011,0.934750969433105,0,0,0.499619945529316,GSE184362,PTC10_RightLN,diploid
PTC3_P_CGAATGTGTCAAACTC-1,diploid,Paratumor,Paratumor,Epithelial_Thyroid,-0.581675928831144,0.422196310855246,0.122260834251973,0.134486917677171,0.497319833553154,GSE184362,PTC10_RightLN,diploid
PTC3_P_CGAATGTTCGCTGATA-1,diploid,Paratumor,Paratumor,Epithelial_Thyroid,-3.74041548057436,0.959304078992367,0,0.106113356958146,0.586324538098976,GSE184362,PTC10_RightLN,diploid
PTC3_P_CGTTGGGAGCCGGTAA-1,diploid,Paratumor,Paratumor,Epithelial_Thyroid,-2.58043029672352,0.78051659151069,0.0879992823864587,0,0.634968005720113,GSE184362,PTC10_RightLN,diploid
PTC3_P_CTCATTATCAGCTTAG-1,diploid,Paratumor,Paratumor,Epithelial_Thyroid,-2.66198706316115,0.870189196187607,0.10959652840592,0.120556181246512,0.381789762245488,GSE184362,PTC10_RightLN,diploid
PTC3_P_CTTAACTCACCAGCAC-1,diploid,Paratumor,Paratumor,Epithelial_Thyroid,-5.13954562463075,1.10390933882546,0,0,0.43419871303747,GSE184362,PTC10_RightLN,diploid
PTC3_P_GGAGCAATCCAACCAA-1,not.defined,Paratumor,Paratumor,Epithelial_Thyroid,-5.37888866501302,0.890283211308265,0,0,0,GSE184362,PTC10_RightLN,not.defined
PTC3_P_GGCGTGTCAGAAGCAC-1,diploid,Paratumor,Paratumor,Epithelial_Thyroid,-2.2621012132682,0.739065434189153,0.0795499046762317,0.0875048951438549,0.559195110975371,GSE184362,PTC10_RightLN,diploid
PTC3_P_GGGTCTGCACGGTTTA-1,diploid,Paratumor,Paratumor,Epithelial_Thyroid,-0.667181749305271,0.218542450483554,0,0.146326769867346,0.678101737185472,GSE184362,PTC10_RightLN,diploid
PTC3_P_GTAGTCAAGGGCTTGA-1,diploid,Paratumor,Paratumor,Epithelial_Thyroid,-3.96377605625371,0.831279312476016,0,0,0.518960655500454,GSE184362,PTC10_RightLN,diploid
PTC3_P_GTCACGGTCTAACCGA-1,diploid,Paratumor,Paratumor,Epithelial_Thyroid,-3.02580998314099,0.833096102509741,0.100496261090693,0,0.467232666625914,GSE184362,PTC10_RightLN,diploid
PTC3_P_GTGCAGCGTTTGTTTC-1,diploid,Paratumor,Paratumor,Epithelial_Thyroid,-3.30125572003067,0.966440230241562,0,0.122034156529284,0.752694548266695,GSE184362,PTC10_RightLN,diploid
PTC3_P_GTGGGTCTCTTTAGGG-1,diploid,Paratumor,Paratumor,Epithelial_Thyroid,-3.29676298772497,1.07409129738086,0.114557544855148,0,0.659491832408809,GSE184362,PTC10_RightLN,diploid
PTC3_P_TACTCGCTCTCCTATA-1,diploid,Paratumor,Paratumor,Epithelial_Thyroid,-4.77434479302681,0.868603840437391,0,0,0.227167755553097,GSE184362,PTC10_RightLN,diploid
PTC3_P_TAGCCGGAGAGTAAGG-1,diploid,Paratumor,Paratumor,Epithelial_Thyroid,-1.52968334497055,0.909918433300402,0.093988035930193,0.359896337876274,0.490310941425713,GSE184362,PTC10_RightLN,diploid
PTC3_P_TATTACCCAGCTATTG-1,diploid,Paratumor,Paratumor,Epithelial_Thyroid,-1.91187130123011,0.630174981200897,0,0.230339946403787,0.598987411071345,GSE184362,PTC10_RightLN,diploid
PTC3_P_TCAATCTCAGCTCGAC-1,diploid,Paratumor,Paratumor,Epithelial_Thyroid,-1.45735221622833,0.428420146947491,0.0941368893070699,0,0.545848755884241,GSE184362,PTC10_RightLN,diploid
PTC3_P_TCACAAGCATCCTTGC-1,diploid,Paratumor,Paratumor,Epithelial_Thyroid,-3.35177473811227,0.769946873087333,0,0,0.687911774328306,GSE184362,PTC10_RightLN,diploid
PTC3_P_TGGCCAGAGTCTCCTC-1,diploid,Paratumor,Paratumor,Epithelial_Thyroid,-4.09481866288135,1.08456530908605,0,0.0859677128725972,0.670681844065514,GSE184362,PTC10_RightLN,diploid
PTC3_P_TGTGTTTTCCGTCAAA-1,diploid,Paratumor,Paratumor,Epithelial_Thyroid,-3.29442966338066,0.677550769891666,0,0,0.569499838391125,GSE184362,PTC10_RightLN,diploid
PTC3_P_TTAACTCAGTGAAGTT-1,diploid,Paratumor,Paratumor,Epithelial_Thyroid,-2.98741171811792,0.869810629353159,0.139163701073075,0,0.364025632387985,GSE184362,PTC10_RightLN,diploid
PTC3_P_TTTACTGCAGACAGGT-1,diploid,Paratumor,Paratumor,Epithelial_Thyroid,-3.54391688849364,0.80175697437957,0,0,0.654318418788933,GSE184362,PTC10_RightLN,diploid
PTC5_P_AATCGGTGTGACGCCT-1,aneuploid,Paratumor,Paratumor,Epithelial_Thyroid,3.65209309198958,0.372481902844734,0.0442005412025067,0.526806820495492,1.76259417972366,GSE184362,PTC10_RightLN,aneuploid
PTC5_P_ACATGGTTCAGCTGGC-1,diploid,Paratumor,Paratumor,Epithelial_Thyroid,0.895493106140692,0.469146205446854,0,0.361837093602944,1.2786969759422,GSE184362,PTC10_RightLN,diploid
PTC5_P_ACCCACTTCTTCAACT-1,diploid,Paratumor,Paratumor,Epithelial_Thyroid,-3.30962244052685,0.713347799124973,0,0,0.61840599594554,GSE184362,PTC10_RightLN,diploid
PTC5_P_ACTGCTCAGAATTCCC-1,diploid,Paratumor,Paratumor,Epithelial_Thyroid,-5.52296823195271,1.31119083146631,0,0,0.589953474398092,GSE184362,PTC10_RightLN,diploid
PTC5_P_AGATCTGTCAGGTAAA-1,diploid,Paratumor,Paratumor,Epithelial_Thyroid,-3.54677821192637,0.8164672675139,0,0,0.675874440996346,GSE184362,PTC10_RightLN,diploid
PTC5_P_AGGCCGTCACCAGATT-1,diploid,Paratumor,Paratumor,Epithelial_Thyroid,-2.59335899186712,0.801912902939002,0.0868915388941982,0,0.667600808340171,GSE184362,PTC10_RightLN,diploid
PTC5_P_AGTCTTTTCGGATGGA-1,diploid,Paratumor,Paratumor,Epithelial_Thyroid,-0.69920994457047,0.479985833728214,0.109462680330272,0.120408948363299,0.624782072133127,GSE184362,PTC10_RightLN,diploid
PTC5_P_AGTGGGATCACAAACC-1,not.defined,Paratumor,Paratumor,Epithelial_Thyroid,-2.99314295173495,0.226077909410007,0,0,0,GSE184362,PTC10_RightLN,not.defined
PTC5_P_ATCACGAAGGCTAGGT-1,diploid,Paratumor,Paratumor,Epithelial_Thyroid,-0.960753485744322,0.462919723530749,0.130862618929682,0,0.645714084774915,GSE184362,PTC10_RightLN,diploid
PTC5_P_ATCGAGTGTTACAGAA-1,diploid,Paratumor,Paratumor,Epithelial_Thyroid,-1.88637809113897,0.819210220006042,0,0.141753968854947,1.09262313532645,GSE184362,PTC10_RightLN,diploid
PTC5_P_CACACCTTCATCGGAT-1,aneuploid,Paratumor,Paratumor,Epithelial_Thyroid,4.75211841280691,0.275814895723298,0.122554431915541,0.542576824416582,1.69556132135363,GSE184362,PTC10_RightLN,aneuploid
PTC5_P_CAGAGAGGTCATATGC-1,diploid,Paratumor,Paratumor,Epithelial_Thyroid,-2.11427447068583,0.37959547076547,0,0,0.616917782232049,GSE184362,PTC10_RightLN,diploid
PTC5_P_CAGGTGCCATCCTAGA-1,diploid,Paratumor,Paratumor,Epithelial_Thyroid,-2.97084121397375,0.616076170371509,0,0,0.613831022997962,GSE184362,PTC10_RightLN,diploid
PTC5_P_CCAATCCGTTCACCTC-1,diploid,Paratumor,Paratumor,Epithelial_Thyroid,-2.72113548218022,0.803667282938778,0,0.23069567375081,0.517955479805947,GSE184362,PTC10_RightLN,diploid
PTC5_P_CTACCCAAGCGTTGCC-1,not.defined,Paratumor,Paratumor,Epithelial_Thyroid,-4.63176577473987,0.792320922661943,0,0,0.170482991525529,GSE184362,PTC10_RightLN,not.defined
PTC5_P_CTGCGGAGTGTAAGTA-1,diploid,Paratumor,Paratumor,Epithelial_Thyroid,-1.77268345222422,1.04959431207312,0.255051302997851,0,0.637076086276429,GSE184362,PTC10_RightLN,diploid
PTC5_P_GAGTCCGGTATTCGTG-1,diploid,Paratumor,Paratumor,Epithelial_Thyroid,-1.84916488481119,0.490050946580479,0,0.152010483234034,0.576746219197618,GSE184362,PTC10_RightLN,diploid
PTC5_P_GCATACACAATGGATA-1,diploid,Paratumor,Paratumor,Epithelial_Thyroid,-2.91195155330499,0.819393706709345,0,0,0.954224908299717,GSE184362,PTC10_RightLN,diploid
PTC5_P_GCGCAGTCACTCTGTC-1,diploid,Paratumor,Paratumor,Epithelial_Thyroid,-1.00290436741424,0.426195193339062,0,0.237314295824639,0.660087470252156,GSE184362,PTC10_RightLN,diploid
PTC5_P_GCTCTGTAGGAGTTGC-1,diploid,Paratumor,Paratumor,Epithelial_Thyroid,-2.0379490760312,0.610578095665072,0,0,1.007692765364,GSE184362,PTC10_RightLN,diploid
PTC5_P_GGAAAGCCAATCTGCA-1,diploid,Paratumor,Paratumor,Epithelial_Thyroid,-2.32080962317753,0.662220642782957,0,0.187796257875263,0.56338877362579,GSE184362,PTC10_RightLN,diploid
PTC5_P_GGAACTTTCTGCCAGG-1,aneuploid,Paratumor,Paratumor,Epithelial_Thyroid,2.37377036089679,0.381681266159906,0,0.568940200838061,1.33714088753462,GSE184362,PTC10_RightLN,aneuploid
PTC5_P_GGACAGATCTTGTATC-1,diploid,Paratumor,Paratumor,Epithelial_Thyroid,-3.79207738932579,0.780509344133877,0,0,0.514362314448433,GSE184362,PTC10_RightLN,diploid
PTC5_P_GGGATGAAGGGCTCTC-1,diploid,Paratumor,Paratumor,Epithelial_Thyroid,-2.85763454169653,0.188351590172215,0,0,0,GSE184362,PTC10_RightLN,diploid
PTC5_P_GGTGCGTCAATCGGTT-1,diploid,Paratumor,Paratumor,Epithelial_Thyroid,-3.04140472640196,0.694732691204139,0,0,0.705255224113482,GSE184362,PTC10_RightLN,diploid
PTC5_P_GTCCTCATCGTCTGAA-1,diploid,Paratumor,Paratumor,Epithelial_Thyroid,-2.66000798353579,0.708794162377729,0,0.116284551869107,0.642435121228375,GSE184362,PTC10_RightLN,diploid
PTC5_P_GTTAAGCGTACAGTTC-1,diploid,Paratumor,Paratumor,Epithelial_Thyroid,-2.18902446933902,0.832358629746657,0.139474147997534,0,0.648948606413453,GSE184362,PTC10_RightLN,diploid
PTC5_P_TCATTACTCGTCTGAA-1,diploid,Paratumor,Paratumor,Epithelial_Thyroid,-2.32546752428524,0.917672325681905,0.0892421228166528,0.098166335098318,0.741455720729418,GSE184362,PTC10_RightLN,diploid
PTC5_P_TCGGTAATCCAAACTG-1,not.defined,Paratumor,Paratumor,Epithelial_Thyroid,-0.447826254531282,0.289485162814954,0,0.288754290169569,0.577508580339138,GSE184362,PTC10_RightLN,not.defined
PTC5_P_TGGCTGGGTCTTGTCC-1,not.defined,Paratumor,Paratumor,Epithelial_Thyroid,-3.56006509989369,0.551091357018612,0,0,0.259005135917736,GSE184362,PTC10_RightLN,not.defined
PTC8_P_AATCACGTCCGTACGG-1,diploid,Paratumor,Paratumor,Epithelial_Thyroid,-3.52939322841566,1.20857689910854,0.128480896860173,0.14132898654619,0.401136231119544,GSE184362,PTC10_RightLN,diploid
PTC8_P_ACTGATGTCTGTCCGT-1,diploid,Paratumor,Paratumor,Epithelial_Thyroid,-3.83680671441772,1.17386286350562,0,0.110789778130254,0.867139507558409,GSE184362,PTC10_RightLN,diploid
PTC8_P_AGAACCTCAATTGAAG-1,diploid,Paratumor,Paratumor,Epithelial_Thyroid,-3.02378712125982,1.09794336577061,0.108245297556113,0.119069827311724,0.587945690304402,GSE184362,PTC10_RightLN,diploid
PTC8_P_AGAACCTTCTGAACGT-1,diploid,Paratumor,Paratumor,Epithelial_Thyroid,-3.36120306185617,0.893989075861667,0,0,0.876019685708709,GSE184362,PTC10_RightLN,diploid
PTC8_P_AGCGTATTCGAGAGAC-1,diploid,Paratumor,Paratumor,Epithelial_Thyroid,-4.52365168472711,1.15476864669079,0.0960752500983553,0,0.339730055845336,GSE184362,PTC10_RightLN,diploid
PTC8_P_AGTGCCGTCAACCTCC-1,diploid,Paratumor,Paratumor,Epithelial_Thyroid,-3.16247597437349,1.06339654947693,0.115386775074016,0,0.697055868150826,GSE184362,PTC10_RightLN,diploid
PTC8_P_ATACCGACATCCGTTC-1,diploid,Paratumor,Paratumor,Epithelial_Thyroid,-4.94003529456122,1.1591306937286,0,0,0.605805176564189,GSE184362,PTC10_RightLN,diploid
PTC8_P_ATCCTATAGACATCAA-1,diploid,Paratumor,Paratumor,Epithelial_Thyroid,-3.10211366514012,1.15364988586229,0,0.299792934715552,0.747822924112882,GSE184362,PTC10_RightLN,diploid
PTC8_P_ATGAGGGTCTATTGTC-1,diploid,Paratumor,Paratumor,Epithelial_Thyroid,-1.61909020386917,0.73098303779575,0,0.105050045916668,1.14985269137428,GSE184362,PTC10_RightLN,diploid
PTC8_P_CAGATTGTCTCCTGCA-1,diploid,Paratumor,Paratumor,Epithelial_Thyroid,-4.71743517798579,1.18541999374433,0,0,0.742547343664066,GSE184362,PTC10_RightLN,diploid
PTC8_P_CATACAGAGAGGACTC-1,diploid,Paratumor,Paratumor,Epithelial_Thyroid,-5.33810979818568,1.17982011628232,0,0,0.466159133132242,GSE184362,PTC10_RightLN,diploid
PTC8_P_CCCTTAGGTGTGTGTT-1,diploid,Paratumor,Paratumor,Epithelial_Thyroid,-3.71173269130906,1.52933106943768,0.155454940557023,0.171000434612725,0.632629722287223,GSE184362,PTC10_RightLN,diploid
PTC8_P_CCGATCTCAATAACCC-1,diploid,Paratumor,Paratumor,Epithelial_Thyroid,-4.60200835335363,1.36420331327581,0,0.216950406602236,0.604554170655574,GSE184362,PTC10_RightLN,diploid
PTC8_P_CGAGAAGCACGAAGAC-1,diploid,Paratumor,Paratumor,Epithelial_Thyroid,-3.23854021203811,0.689888967125843,0,0,0.612721528805822,GSE184362,PTC10_RightLN,diploid
PTC8_P_CGTTAGAAGGGAGAAT-1,diploid,Paratumor,Paratumor,Epithelial_Thyroid,-4.10256956112683,1.00323541735881,0,0,0.725501588805191,GSE184362,PTC10_RightLN,diploid
PTC8_P_CGTTCTGGTGGCTTAT-1,diploid,Paratumor,Paratumor,Epithelial_Thyroid,-3.52948603254274,1.13768655692731,0.0897288124798096,0,0.771067164213152,GSE184362,PTC10_RightLN,diploid
PTC8_P_CTACCTGTCGTCACCT-1,diploid,Paratumor,Paratumor,Epithelial_Thyroid,-2.72164827898328,0.868390280192785,0,0.177242437629045,0.732517959756832,GSE184362,PTC10_RightLN,diploid
PTC8_P_CTCCCAAAGACCAAGC-1,diploid,Paratumor,Paratumor,Epithelial_Thyroid,-4.16558465365531,1.40579735396283,0.0916840652746715,0,0.903144863654015,GSE184362,PTC10_RightLN,diploid
PTC8_P_GAATCACCATGTCTAG-1,diploid,Paratumor,Paratumor,Epithelial_Thyroid,-4.94063195437924,1.1429041317944,0,0,0.580408533277001,GSE184362,PTC10_RightLN,diploid
PTC8_P_GACAGCCGTGACTCTA-1,diploid,Paratumor,Paratumor,Epithelial_Thyroid,-4.07301609396261,1.12020645783008,0,0.0909741140137114,0.724578536872643,GSE184362,PTC10_RightLN,diploid
PTC8_P_GACGCTGTCACTGGTA-1,diploid,Paratumor,Paratumor,Epithelial_Thyroid,-6.10487511103689,1.47424786518157,0,0,0.591581473067589,GSE184362,PTC10_RightLN,diploid
PTC8_P_GCCGTGAAGGTGATAT-1,diploid,Paratumor,Paratumor,Epithelial_Thyroid,-3.46666383230139,0.712462722918816,0,0,0.549298892445575,GSE184362,PTC10_RightLN,diploid
PTC8_P_GGCACGTAGACATAGT-1,diploid,Paratumor,Paratumor,Epithelial_Thyroid,-4.97023698716499,1.27428548854904,0,0,0.771184039481504,GSE184362,PTC10_RightLN,diploid
PTC8_P_GGGCCATTCTTGGCTC-1,diploid,Paratumor,Paratumor,Epithelial_Thyroid,-4.60013064270663,1.07837727053304,0,0,0.627305888101745,GSE184362,PTC10_RightLN,diploid
PTC8_P_GTGAGGAGTTACCGTA-1,diploid,Paratumor,Paratumor,Epithelial_Thyroid,-3.18693285596685,0.809790157130906,0,0,0.820740119291194,GSE184362,PTC10_RightLN,diploid
PTC8_P_TATTTCGTCTGAATGC-1,diploid,Paratumor,Paratumor,Epithelial_Thyroid,-3.3940647308142,1.16122136600027,0,0.272388759251403,0.692334076211191,GSE184362,PTC10_RightLN,diploid
PTC8_P_TCAAGCATCTATGCCC-1,diploid,Paratumor,Paratumor,Epithelial_Thyroid,-4.83588158223775,1.39883943123083,0,0,1.02210229450217,GSE184362,PTC10_RightLN,diploid
PTC8_P_TTCGCTGTCGGTCGGT-1,diploid,Paratumor,Paratumor,Epithelial_Thyroid,-1.04389214790837,0.93649705202263,0.10771228264985,0.23696702182967,0.941669695004098,GSE184362,PTC10_RightLN,diploid
PTC8_P_TTTACGTCAGCATTGT-1,diploid,Paratumor,Paratumor,Epithelial_Thyroid,-3.16466593209169,1.2776602218997,0.12420315376776,0.136623469144535,0.695103825124176,GSE184362,PTC10_RightLN,diploid
PTC8_P_TTTCACAAGCATCAGG-1,diploid,Paratumor,Paratumor,Epithelial_Thyroid,-4.86493441156151,1.22924558433634,0,0.100852471802139,0.530773192029638,GSE184362,PTC10_RightLN,diploid
PTC9_P_AAGACTCGTACTCGCG-1,diploid,Paratumor,Paratumor,Epithelial_Thyroid,-3.35636600321661,1.10981474272446,0,0.185587395939303,0.814902427878419,GSE184362,PTC10_RightLN,diploid
PTC9_P_ACAAAGACAGAACTCT-1,diploid,Paratumor,Paratumor,Epithelial_Thyroid,-3.070076439999,1.24782211445409,0.0884186197707473,0.235577982315408,0.641169141681709,GSE184362,PTC10_RightLN,diploid
PTC9_P_AGACTCATCCTCAGGG-1,diploid,Paratumor,Paratumor,Epithelial_Thyroid,-2.127872359889,1.10317083347776,0.114147952653712,0.081315887771379,1.0363875169105,GSE184362,PTC10_RightLN,diploid
PTC9_P_AGGGTCCCACTGGAAG-1,diploid,Paratumor,Paratumor,Epithelial_Thyroid,-4.12335854055836,1.28242671071265,0,0.167017918785593,0.791282037518528,GSE184362,PTC10_RightLN,diploid
PTC9_P_AGTAGTCTCCAACTAG-1,diploid,Paratumor,Paratumor,Epithelial_Thyroid,-4.65077435567716,1.41158757641368,0,0.171840077950651,0.753568866580629,GSE184362,PTC10_RightLN,diploid
PTC9_P_ATCCGTCAGGGAGAAT-1,not.defined,Paratumor,Paratumor,Epithelial_Thyroid,-1.24758666469701,0.140918684808007,0,0,0.620967683425917,GSE184362,PTC10_RightLN,not.defined
PTC9_P_ATCGTGAAGCTCCGAC-1,diploid,Paratumor,Paratumor,Epithelial_Thyroid,-4.07526581009997,1.27272840380661,0,0.149116143922949,0.835350511277401,GSE184362,PTC10_RightLN,diploid
PTC9_P_ATGAAAGCACCGGTCA-1,diploid,Paratumor,Paratumor,Epithelial_Thyroid,-4.34888775540245,1.21537832634224,0,0.12001828512909,0.690814896787313,GSE184362,PTC10_RightLN,diploid
PTC9_P_ATGATCGCACCGTGCA-1,diploid,Paratumor,Paratumor,Epithelial_Thyroid,-2.46552441087287,0.930933328879884,0.0723590620694294,0,0.989016965466108,GSE184362,PTC10_RightLN,diploid
PTC9_P_ATGTCCCGTTCGTACA-1,diploid,Paratumor,Paratumor,Epithelial_Thyroid,-4.34516767545268,1.53749868551057,0.080641015491088,0.0887051170401968,0.890147428860124,GSE184362,PTC10_RightLN,diploid
PTC9_P_CACGTTCCAACGATTC-1,diploid,Paratumor,Paratumor,Epithelial_Thyroid,-2.39006531245308,1.40937288604866,0.200146503546728,0.266011158415002,0.609142867349768,GSE184362,PTC10_RightLN,diploid
PTC9_P_CCTTCAGTCTAATTCC-1,diploid,Paratumor,Paratumor,Epithelial_Thyroid,-3.59994429943706,1.47156777899286,0.174142153757652,0.0957781845667085,0.667129845952372,GSE184362,PTC10_RightLN,diploid
PTC9_P_CGAGAAGGTCGAAGCA-1,diploid,Paratumor,Paratumor,Epithelial_Thyroid,-5.4855994441003,1.45218557575058,0,0.130827444423789,0.544244557809002,GSE184362,PTC10_RightLN,diploid
PTC9_P_CGGTCAGCATCATGAC-1,diploid,Paratumor,Paratumor,Epithelial_Thyroid,-3.94673656518438,1.05807716896683,0,0,0.877680817609661,GSE184362,PTC10_RightLN,diploid
PTC9_P_CGTAGTATCTGGGTCG-1,diploid,Paratumor,Paratumor,Epithelial_Thyroid,-3.65677522448197,1.20657139303955,0.136515531234803,0,0.609142983478083,GSE184362,PTC10_RightLN,diploid
PTC9_P_CTCCACATCATGCCGG-1,diploid,Paratumor,Paratumor,Epithelial_Thyroid,-5.02474152956689,1.3612972179212,0,0,0.882479331442716,GSE184362,PTC10_RightLN,diploid
PTC9_P_CTTAGGACATAGAGGC-1,diploid,Paratumor,Paratumor,Epithelial_Thyroid,-5.13904276433759,1.56905272368844,0.0970092197372873,0,0.711866652426179,GSE184362,PTC10_RightLN,diploid
PTC9_P_CTTTCAACACGCTATA-1,diploid,Paratumor,Paratumor,Epithelial_Thyroid,-2.15284336917052,1.15430777673965,0.224366028573589,0.246802631430948,0.246802631430948,GSE184362,PTC10_RightLN,diploid
PTC9_P_GAGAGGTCACAGTCAT-1,diploid,Paratumor,Paratumor,Epithelial_Thyroid,-4.83585750847758,1.11283595383679,0,0,0.579016716433119,GSE184362,PTC10_RightLN,diploid
PTC9_P_GCCCGAATCATCACTT-1,diploid,Paratumor,Paratumor,Epithelial_Thyroid,-5.2333527162828,1.43045713357191,0,0.0774412426230487,0.73374851712556,GSE184362,PTC10_RightLN,diploid
PTC9_P_GGAGGTACAGCATCTA-1,diploid,Paratumor,Paratumor,Epithelial_Thyroid,-4.44086408936139,1.2512106093082,0,0.0720366471759705,0.809445858664185,GSE184362,PTC10_RightLN,diploid
PTC9_P_TACCTCGGTGAGACCA-1,diploid,Paratumor,Paratumor,Epithelial_Thyroid,-3.98989328422783,1.23657164529974,0,0.0941459975265806,0.933917336562078,GSE184362,PTC10_RightLN,diploid
PTC9_P_TACTTGTAGTGGGAAA-1,diploid,Paratumor,Paratumor,Epithelial_Thyroid,-1.81390569117641,0.919216693503818,0.0775784141881842,0.27081139056454,0.647933148403898,GSE184362,PTC10_RightLN,diploid
PTC9_P_TCATGCCAGCCTTTCC-1,diploid,Paratumor,Paratumor,Epithelial_Thyroid,-4.48792802987938,1.34060919398786,0.0593045548810585,0,0.811039966125931,GSE184362,PTC10_RightLN,diploid
PTC9_P_TCCCAGTCATGGAAGC-1,diploid,Paratumor,Paratumor,Epithelial_Thyroid,-3.4460072377152,1.1311185332498,0.0789904494497616,0.0868894943947378,0.659816206761578,GSE184362,PTC10_RightLN,diploid
PTC9_P_TCGGGTGGTCACTCTC-1,diploid,Paratumor,Paratumor,Epithelial_Thyroid,-4.29141044741525,1.27114798042477,0,0.148772323750969,0.740409969644447,GSE184362,PTC10_RightLN,diploid
PTC9_P_TGATGCAGTCATCGGC-1,diploid,Paratumor,Paratumor,Epithelial_Thyroid,-5.00062539694693,1.17337370853512,0,0,0.60173739204665,GSE184362,PTC10_RightLN,diploid
PTC9_P_TGCAGGCAGCGAGAAA-1,diploid,Paratumor,Paratumor,Epithelial_Thyroid,-5.56517146589549,1.10989177406913,0,0,0.259884026965089,GSE184362,PTC10_RightLN,diploid
PTC9_P_TGCGATACAACTAGAA-1,aneuploid,Paratumor,Paratumor,Epithelial_Thyroid,1.70412356210342,0.625518460462409,0.0745763288783765,0.489809426087033,1.25489545100632,GSE184362,PTC10_RightLN,aneuploid
PTC9_P_TTCCAATTCCGAGAAG-1,diploid,Paratumor,Paratumor,Epithelial_Thyroid,-3.42320804741158,1.08265385001344,0.108550446282691,0,0.64566165639243,GSE184362,PTC10_RightLN,diploid
PTC10_T_AAAGGATAGTCTCCTC-1,aneuploid,PTC_related,Primary_tumor,Epithelial_Thyroid,3.1524225696603,0.133069571967317,0,0.425822630295415,1.59442119052817,GSE184362,PTC10_T,aneuploid
PTC10_T_AACCATGCACATTACG-1,aneuploid,PTC_related,Primary_tumor,Epithelial_Thyroid,3.44194035728893,0.200486082298543,0.192910911725479,0.262515249922293,1.2922880522158,GSE184362,PTC10_T,aneuploid
PTC10_T_AACCTGAGTCGACTGC-1,not.defined,PTC_related,Primary_tumor,Epithelial_Thyroid,3.62618562558048,0.281171299591619,0,0.513771389988319,1.83980770097939,GSE184362,PTC10_T,not.defined
PTC10_T_AAGACAATCACTGTTT-1,not.defined,PTC_related,Primary_tumor,Epithelial_Thyroid,2.56353967180547,0.279478432337778,0.203257041700202,0,1.55090084557313,GSE184362,PTC10_T,not.defined
PTC10_T_AAGACTCCACCACTGG-1,aneuploid,PTC_related,Primary_tumor,Epithelial_Thyroid,4.06147060918034,0.440174336070216,0.112007542760698,0.750413112056987,1.25524909843301,GSE184362,PTC10_T,aneuploid
PTC10_T_AAGCATCTCTACTGCC-1,aneuploid,PTC_related,Primary_tumor,Epithelial_Thyroid,3.03470694041185,0.346123547562558,0.149876588357621,0.329728494386766,1.394881303712,GSE184362,PTC10_T,aneuploid
PTC10_T_AAGCGAGAGCGCTGCT-1,aneuploid,PTC_related,Primary_tumor,Epithelial_Thyroid,0.746760862443096,0.289745537977675,0.182381767764874,0,0.878552554442874,GSE184362,PTC10_T,aneuploid
PTC10_T_AAGGAATTCAGAGCAG-1,aneuploid,PTC_related,Primary_tumor,Epithelial_Thyroid,3.27305574697487,0.186554332663085,0.137124060080075,0.268755646771529,1.43935013530134,GSE184362,PTC10_T,aneuploid
PTC10_T_AAGTCGTGTATGAGAT-1,not.defined,PTC_related,Primary_tumor,Epithelial_Thyroid,4.12598726839443,0,0,0.519384398304485,1.60775054689566,GSE184362,PTC10_T,not.defined
PTC10_T_AAGTTCGCACCAGCGT-1,aneuploid,PTC_related,Primary_tumor,Epithelial_Thyroid,1.41150493724589,0.537705743464208,0,0.598542315946931,1.10040016139994,GSE184362,PTC10_T,aneuploid
PTC10_T_AATGCCATCAGATGCT-1,not.defined,PTC_related,Primary_tumor,Epithelial_Thyroid,1.07177766792401,0.486492315568728,0,0.518925136606644,1.0450841968448,GSE184362,PTC10_T,not.defined
PTC10_T_AATGGCTAGCTCGTGC-1,aneuploid,PTC_related,Primary_tumor,Epithelial_Thyroid,2.47573448881764,0.246820425259743,0,0.457033647397533,1.41191728239667,GSE184362,PTC10_T,aneuploid
PTC10_T_ACCACAATCTAGTTCT-1,aneuploid,PTC_related,Primary_tumor,Epithelial_Thyroid,4.74070844836009,0.10424435505559,0,0.941109862214653,1.13095452424969,GSE184362,PTC10_T,aneuploid
PTC10_T_ACCTACCGTGCATTAC-1,not.defined,PTC_related,Primary_tumor,Epithelial_Thyroid,-0.527776050338897,0.147210364388009,0,0,0.941187516611671,GSE184362,PTC10_T,not.defined
PTC10_T_ACCTACCGTTTGAAAG-1,aneuploid,PTC_related,Primary_tumor,Epithelial_Thyroid,3.8168633036636,0.520192721422796,0.232408987426213,0.576658468107639,1.09589380684784,GSE184362,PTC10_T,aneuploid
PTC10_T_ACGTAGTTCCGAAATC-1,aneuploid,PTC_related,Primary_tumor,Epithelial_Thyroid,3.90455059263309,0.0883747570811474,0.128545101208942,0.424198833989508,1.26581686863671,GSE184362,PTC10_T,aneuploid
PTC10_T_ACTACGACACAAGCTT-1,aneuploid,PTC_related,Primary_tumor,Epithelial_Thyroid,5.26882953565681,0.273157440812617,0.170766548676387,0.686260607056347,1.3862534299632,GSE184362,PTC10_T,aneuploid
PTC10_T_ACTTAGGTCCATCTAT-1,aneuploid,PTC_related,Primary_tumor,Epithelial_Thyroid,3.5957588272552,0.205486645165892,0,0.40967470865943,1.93242960206025,GSE184362,PTC10_T,aneuploid
PTC10_T_ACTTTGTTCAAGGCTT-1,aneuploid,PTC_related,Primary_tumor,Epithelial_Thyroid,0.492195284608049,0.317266140469996,0,0.261143809636231,1.08515223727747,GSE184362,PTC10_T,aneuploid
PTC10_T_AGAACAATCATCACTT-1,aneuploid,PTC_related,Primary_tumor,Epithelial_Thyroid,3.36727255944053,0.0713947074339884,0,0.332331388247227,1.7918224808954,GSE184362,PTC10_T,aneuploid
PTC10_T_AGACACTCAGCTCCTT-1,aneuploid,PTC_related,Primary_tumor,Epithelial_Thyroid,2.41385826568891,0.126872293239233,0.184541517438884,0,1.33541245039728,GSE184362,PTC10_T,aneuploid
PTC10_T_AGACAGGCACGGCTAC-1,not.defined,PTC_related,Primary_tumor,Epithelial_Thyroid,1.13981728752819,0.345475067645315,0.204626297011394,0,1.03280484152194,GSE184362,PTC10_T,not.defined
PTC10_T_AGATCGTAGCTAAACA-1,aneuploid,PTC_related,Primary_tumor,Epithelial_Thyroid,3.65021135686163,0.512520104411477,0.145274224407158,0.538055893095657,1.49289199000747,GSE184362,PTC10_T,aneuploid
PTC10_T_AGCGCTGGTGCGGTAA-1,diploid,PTC_related,Primary_tumor,Epithelial_Thyroid,6.7175072605904,0.470090447568933,0.48070566945751,0.582670325638943,1.12218541569495,GSE184362,PTC10_T,diploid
PTC10_T_AGCGCTGTCTGCATAG-1,aneuploid,PTC_related,Primary_tumor,Epithelial_Thyroid,3.69751861942676,0.113145729550567,0.164575606619006,0.181033167280907,1.57121516540846,GSE184362,PTC10_T,aneuploid
PTC10_T_AGGAGGTTCCTGGGTG-1,aneuploid,PTC_related,Primary_tumor,Epithelial_Thyroid,4.16459741880458,0.223140468101582,0,0.74262138697069,1.49187806303242,GSE184362,PTC10_T,aneuploid
PTC10_T_AGTCAACCAGGGTTGA-1,aneuploid,PTC_related,Primary_tumor,Epithelial_Thyroid,6.3854342699745,0.100991800172774,0.146897163887672,0.866269301573192,1.32456378281597,GSE184362,PTC10_T,aneuploid
PTC10_T_ATACCTTCAAACTGCT-1,aneuploid,PTC_related,Primary_tumor,Epithelial_Thyroid,-0.350015260651183,0.613337056313097,0,0.458602272170717,0.757572679287833,GSE184362,PTC10_T,aneuploid
PTC10_T_ATACCTTCAGATCATC-1,not.defined,PTC_related,Primary_tumor,Epithelial_Thyroid,1.4131169773191,0,0,0,1.55027499688786,GSE184362,PTC10_T,not.defined
PTC10_T_ATACTTCGTGATTCTG-1,not.defined,PTC_related,Primary_tumor,Epithelial_Thyroid,3.24542540467389,0,0,0.232235164265114,1.8430887743579,GSE184362,PTC10_T,not.defined
PTC10_T_ATAGGCTGTCCAGGTC-1,not.defined,PTC_related,Primary_tumor,Epithelial_Thyroid,4.14412604042102,0.283279581924938,0.206021514127228,0.453247331079901,1.25493607161388,GSE184362,PTC10_T,not.defined
PTC10_T_ATCCACCAGGTGCCAA-1,aneuploid,PTC_related,Primary_tumor,Epithelial_Thyroid,8.73598817959236,0.366776693316231,0.533493372096336,0.559773210401317,1.64064019241085,GSE184362,PTC10_T,aneuploid
PTC10_T_ATCCATTGTTACGCCG-1,aneuploid,PTC_related,Primary_tumor,Epithelial_Thyroid,3.50054383835386,0,0,0.550398968209106,1.27154005160626,GSE184362,PTC10_T,aneuploid
PTC10_T_ATCCGTCCACATATGC-1,not.defined,PTC_related,Primary_tumor,Epithelial_Thyroid,-0.0575051128994459,0,0,0,0.915958875341999,GSE184362,PTC10_T,not.defined
PTC10_T_ATCGTGATCGTCAACA-1,aneuploid,PTC_related,Primary_tumor,Epithelial_Thyroid,4.45367984466687,0,0,0.600360988112246,1.575620132723,GSE184362,PTC10_T,aneuploid
PTC10_T_ATGAGGGAGCGAACTG-1,aneuploid,PTC_related,Primary_tumor,Epithelial_Thyroid,1.39081425116535,0.482558719248819,0,0.546036067726829,1.11851996642946,GSE184362,PTC10_T,aneuploid
PTC10_T_ATGAGGGTCTCAGTCC-1,not.defined,PTC_related,Primary_tumor,Epithelial_Thyroid,-0.385677616101403,0.213962627513508,0,0,1.10589525642313,GSE184362,PTC10_T,not.defined
PTC10_T_ATGGGTTAGTGGTGAC-1,not.defined,PTC_related,Primary_tumor,Epithelial_Thyroid,2.37099665583253,0,0,0,1.96343248080131,GSE184362,PTC10_T,not.defined
PTC10_T_ATTATCCAGTGCTAGG-1,aneuploid,PTC_related,Primary_tumor,Epithelial_Thyroid,1.12177020922537,0.317352909531228,0,0.320155880629366,1.2304192442996,GSE184362,PTC10_T,aneuploid
PTC10_T_ATTCAGGAGCTTAAGA-1,aneuploid,PTC_related,Primary_tumor,Epithelial_Thyroid,0.55290905750384,0.261440285587211,0,0.209152228469769,1.13622958523609,GSE184362,PTC10_T,aneuploid
PTC10_T_ATTCATCCACGGTAGA-1,not.defined,PTC_related,Primary_tumor,Epithelial_Thyroid,2.25238147200869,0.281171299591619,0,0.738708429661614,0.765379300565471,GSE184362,PTC10_T,not.defined
PTC10_T_ATTCCCGCAACCAGAG-1,aneuploid,PTC_related,Primary_tumor,Epithelial_Thyroid,4.32621116955459,0.158427447865769,0.230439924168391,0,1.99946149087048,GSE184362,PTC10_T,aneuploid
PTC10_T_ATTCCCGTCATAAGGA-1,aneuploid,PTC_related,Primary_tumor,Epithelial_Thyroid,6.16382607436211,0.268501184291361,0.335034474321884,0.368537921754072,1.69526893352085,GSE184362,PTC10_T,aneuploid
PTC10_T_ATTCGTTAGAGGTGCT-1,aneuploid,PTC_related,Primary_tumor,Epithelial_Thyroid,5.02937940758241,0.582960958150857,0.329540526407958,0.642080720808485,1.13223666919033,GSE184362,PTC10_T,aneuploid
PTC10_T_ATTCTACTCAAGTGGG-1,not.defined,PTC_related,Primary_tumor,Epithelial_Thyroid,-0.782213009849397,0.166566999485057,0,0,0.86143109701617,GSE184362,PTC10_T,not.defined
PTC10_T_CAACCAATCATTTGCT-1,aneuploid,PTC_related,Primary_tumor,Epithelial_Thyroid,3.76552371462751,0,0,0.562058819451422,1.36085414222233,GSE184362,PTC10_T,aneuploid
PTC10_T_CAACCTCTCTCCGCAT-1,not.defined,PTC_related,Primary_tumor,Epithelial_Thyroid,-2.05420383477938,0.486932503572466,0,0,0.809121553716415,GSE184362,PTC10_T,not.defined
PTC10_T_CAAGACTTCCGCCTAT-1,aneuploid,PTC_related,Primary_tumor,Epithelial_Thyroid,3.9681356583744,0,0,0.637833082826616,1.28591802484091,GSE184362,PTC10_T,aneuploid
PTC10_T_CAAGGGACACCAGCTG-1,aneuploid,PTC_related,Primary_tumor,Epithelial_Thyroid,3.43890634740211,0.256556773229228,0,0.585617647954097,1.56698203316263,GSE184362,PTC10_T,aneuploid
PTC10_T_CAATACGTCTTCGACC-1,not.defined,PTC_related,Primary_tumor,Epithelial_Thyroid,4.2489294399049,0.243927001616229,0.177401455720894,0.452229350927877,1.37210245042038,GSE184362,PTC10_T,not.defined
PTC10_T_CAATCGAAGGCGACAT-1,aneuploid,PTC_related,Primary_tumor,Epithelial_Thyroid,0.642464761897378,0.142666861455819,0,0,1.43890257099964,GSE184362,PTC10_T,aneuploid
PTC10_T_CACAACACACAGCCTG-1,not.defined,PTC_related,Primary_tumor,Epithelial_Thyroid,3.33438461507813,0.29431282458961,0.214045690610625,0.235450259671688,1.35268647225315,GSE184362,PTC10_T,not.defined
PTC10_T_CACAACATCAAGATAG-1,not.defined,PTC_related,Primary_tumor,Epithelial_Thyroid,3.748088011208,0,0,0.603664713561894,1.26420329275334,GSE184362,PTC10_T,not.defined
PTC10_T_CACAGGCTCCCAGCGA-1,not.defined,PTC_related,Primary_tumor,Epithelial_Thyroid,-1.76308490938587,0.49646815019301,0,0,0.949461703519414,GSE184362,PTC10_T,not.defined
PTC10_T_CACATGAAGGGAGGGT-1,not.defined,PTC_related,Primary_tumor,Epithelial_Thyroid,3.29986934866823,0.157697283245125,0.229377866538364,0.2523156531922,1.01997107141272,GSE184362,PTC10_T,not.defined
PTC10_T_CACTGAAAGCACTTTG-1,aneuploid,PTC_related,Primary_tumor,Epithelial_Thyroid,5.46265697884121,0.16589738591066,0.153397947929955,0.749121908263732,1.24836401402977,GSE184362,PTC10_T,aneuploid
PTC10_T_CACTGTCGTTGCATGT-1,aneuploid,PTC_related,Primary_tumor,Epithelial_Thyroid,4.40591750919447,0,0.172540191687506,0.379588421712514,1.23973080548128,GSE184362,PTC10_T,aneuploid
PTC10_T_CAGATTGGTGGCACTC-1,aneuploid,PTC_related,Primary_tumor,Epithelial_Thyroid,3.11122901371136,0.108409134723765,0,0.406986085854483,1.57880042186377,GSE184362,PTC10_T,aneuploid
PTC10_T_CAGCACGTCTCGCGTT-1,aneuploid,PTC_related,Primary_tumor,Epithelial_Thyroid,3.67929009086147,0.164158156106088,0.0851494599273979,0.428683955730664,1.47470717409084,GSE184362,PTC10_T,aneuploid
PTC10_T_CAGCCAGCACCTCTGT-1,aneuploid,PTC_related,Primary_tumor,Epithelial_Thyroid,4.40224164370807,0.252675613367161,0.12250938829923,0.62987826598305,1.32198568304721,GSE184362,PTC10_T,aneuploid
PTC10_T_CAGTGCGGTGGACCAA-1,not.defined,PTC_related,Primary_tumor,Epithelial_Thyroid,3.27569194035688,0,0,0.284687061247852,1.74377820143546,GSE184362,PTC10_T,not.defined
PTC10_T_CAGTTAGAGCGAGTCA-1,aneuploid,PTC_related,Primary_tumor,Epithelial_Thyroid,4.49058071020896,0.127559414739348,0.185540966893597,0.408190127165914,1.35320649678965,GSE184362,PTC10_T,aneuploid
PTC10_T_CATACAGAGTATGAGT-1,aneuploid,PTC_related,Primary_tumor,Epithelial_Thyroid,3.65754604700912,0.202795270426879,0,0.582457153897225,1.58476642785347,GSE184362,PTC10_T,aneuploid
PTC10_T_CATGAGTTCGTGGCGT-1,not.defined,PTC_related,Primary_tumor,Epithelial_Thyroid,3.01874659967139,0,0,0.254560039204683,1.69749097812305,GSE184362,PTC10_T,not.defined
PTC10_T_CATGGTAGTTAAGAAC-1,diploid,PTC_related,Primary_tumor,Epithelial_Thyroid,0.757345930963406,0.59348424378145,0.0986422543183973,0.427138231515453,0.821210911828889,GSE184362,PTC10_T,diploid
PTC10_T_CATTCATTCTTTGCGC-1,aneuploid,PTC_related,Primary_tumor,Epithelial_Thyroid,3.36901758092777,0.0808673967557304,0,0.626688872489744,1.17666237897279,GSE184362,PTC10_T,aneuploid
PTC10_T_CATTCTAGTGCCTGAC-1,aneuploid,PTC_related,Primary_tumor,Epithelial_Thyroid,3.9792117216751,0.150039188584319,0.218238819759009,0.24006270173491,1.37826098215108,GSE184362,PTC10_T,aneuploid
PTC10_T_CATTTCAGTCAGTCTA-1,aneuploid,PTC_related,Primary_tumor,Epithelial_Thyroid,-0.948996582664909,0.652016844651561,0,0.354002290713882,0.783222120449486,GSE184362,PTC10_T,aneuploid
PTC10_T_CCACTTGTCTATGCCC-1,aneuploid,PTC_related,Primary_tumor,Epithelial_Thyroid,4.3690645442812,0.391235970730395,0.258860192862094,0.540089575966507,1.09178265747723,GSE184362,PTC10_T,aneuploid
PTC10_T_CCCAACTCAGAGAAAG-1,aneuploid,PTC_related,Primary_tumor,Epithelial_Thyroid,-0.668478234735634,0.213525692539614,0,0,0.983239341007068,GSE184362,PTC10_T,aneuploid
PTC10_T_CCGAACGAGCTCGAAG-1,aneuploid,PTC_related,Primary_tumor,Epithelial_Thyroid,0.441076492398538,0.250420746339396,0,0.170446178781307,1.15383937444685,GSE184362,PTC10_T,aneuploid
PTC10_T_CCTCACAAGTGAACAT-1,aneuploid,PTC_related,Primary_tumor,Epithelial_Thyroid,3.14226209907627,0.0841068175628008,0,0.272159442620997,1.84336789152118,GSE184362,PTC10_T,aneuploid
PTC10_T_CCTCAGTCATGGAAGC-1,aneuploid,PTC_related,Primary_tumor,Epithelial_Thyroid,3.9697842940545,0.388607137258895,0.132104024118988,0.608166293352531,1.34873039016623,GSE184362,PTC10_T,aneuploid
PTC10_T_CGAGGCTTCTATTTCG-1,not.defined,PTC_related,Primary_tumor,Epithelial_Thyroid,4.77640998096384,0,0,0.554504302805499,1.81305838806671,GSE184362,PTC10_T,not.defined
PTC10_T_CGAGTTACAAGAGTTA-1,not.defined,PTC_related,Primary_tumor,Epithelial_Thyroid,2.99240634876224,0.138404729937874,0.201315970818726,0.221447567900599,1.05179156094429,GSE184362,PTC10_T,not.defined
PTC10_T_CGATCGGCATACTTTC-1,aneuploid,PTC_related,Primary_tumor,Epithelial_Thyroid,0.988022022273769,0.575337370636092,0,0.707165389885203,0.743344627863761,GSE184362,PTC10_T,aneuploid
PTC10_T_CGGACACGTTATAGCC-1,aneuploid,PTC_related,Primary_tumor,Epithelial_Thyroid,1.69726117085517,0.150153322864392,0,0.545175002178997,0.737557857350345,GSE184362,PTC10_T,aneuploid
PTC10_T_CGGGACTCAATTTCTC-1,not.defined,PTC_related,Primary_tumor,Epithelial_Thyroid,1.41264141482001,0,0,0.2430335559513,1.02943026146042,GSE184362,PTC10_T,not.defined
PTC10_T_CGGTCAGAGAACAAGG-1,not.defined,PTC_related,Primary_tumor,Epithelial_Thyroid,-2.66618806045093,0.718639426786626,0,0,0.904133499183988,GSE184362,PTC10_T,not.defined
PTC10_T_CGTCCATAGTCATAGA-1,aneuploid,PTC_related,Primary_tumor,Epithelial_Thyroid,5.32719938470466,0,0,0.823879798994986,1.47355690487805,GSE184362,PTC10_T,aneuploid
PTC10_T_CGTGAATGTATCGGTT-1,aneuploid,PTC_related,Primary_tumor,Epithelial_Thyroid,4.30668108002185,0,0,0.634591649724575,1.43888511310312,GSE184362,PTC10_T,aneuploid
PTC10_T_CTACAGACAGGACTAG-1,not.defined,PTC_related,Primary_tumor,Epithelial_Thyroid,-0.243363184974406,0.459817237508889,0,0.245235860004741,1.02281614151908,GSE184362,PTC10_T,not.defined
PTC10_T_CTACTATAGCGAAACC-1,aneuploid,PTC_related,Primary_tumor,Epithelial_Thyroid,3.72770305591689,0.116300037267279,0.169163690570588,0.186080059627647,1.55734923349727,GSE184362,PTC10_T,aneuploid
PTC10_T_CTAGACACAGTTACCA-1,aneuploid,PTC_related,Primary_tumor,Epithelial_Thyroid,4.71056403926841,0.253518628670735,0.183461943994452,0.445827714455784,1.57210397462636,GSE184362,PTC10_T,aneuploid
PTC10_T_CTATCTAGTAGCTTAC-1,not.defined,PTC_related,Primary_tumor,Epithelial_Thyroid,6.0573058068562,0.440180438376031,0,1.30264836930731,1.44478353867068,GSE184362,PTC10_T,not.defined
PTC10_T_CTCAACCTCGGATACT-1,aneuploid,PTC_related,Primary_tumor,Epithelial_Thyroid,3.20699827003604,0.291328521841153,0.212388445356296,0.37412672241641,1.00360888039727,GSE184362,PTC10_T,aneuploid
PTC10_T_CTCAGTCGTAGTACGG-1,not.defined,PTC_related,Primary_tumor,Epithelial_Thyroid,3.14335565611875,0.515879912100785,0.210447044953337,0.462983498897341,1.14256383342172,GSE184362,PTC10_T,not.defined
PTC10_T_CTCCAACGTTCTCTCG-1,not.defined,PTC_related,Primary_tumor,Epithelial_Thyroid,-0.0628475210201154,0.714092362620638,0,0.215836452739886,1.55759831374764,GSE184362,PTC10_T,not.defined
PTC10_T_CTCCAACTCATCGGGC-1,aneuploid,PTC_related,Primary_tumor,Epithelial_Thyroid,3.3454845623653,0.224492291287878,0.163267120936638,0.277728871522503,1.39071067446127,GSE184362,PTC10_T,aneuploid
PTC10_T_CTCCACAAGGGTTAGC-1,aneuploid,PTC_related,Primary_tumor,Epithelial_Thyroid,-1.50010511856366,0.360086661894503,0,0,0.851600030011021,GSE184362,PTC10_T,aneuploid
PTC10_T_CTCGAGGAGCATTGAA-1,aneuploid,PTC_related,Primary_tumor,Epithelial_Thyroid,3.64008469213729,0,0,0.397825350111019,1.65857896242535,GSE184362,PTC10_T,aneuploid
PTC10_T_CTCGAGGCACGCGTCA-1,aneuploid,PTC_related,Primary_tumor,Epithelial_Thyroid,1.76723288929688,0,0,0.264175437844846,1.13708315929913,GSE184362,PTC10_T,aneuploid
PTC10_T_CTGCGAGTCAGCTGTA-1,not.defined,PTC_related,Primary_tumor,Epithelial_Thyroid,4.17138500792157,0.123310150596735,0.179360219049796,0.259405256144498,1.55591750375348,GSE184362,PTC10_T,not.defined
PTC10_T_CTGGTCTTCAAAGACA-1,aneuploid,PTC_related,Primary_tumor,Epithelial_Thyroid,4.1331968583309,0.246229052153689,0,0.804990663508763,1.38049378004363,GSE184362,PTC10_T,aneuploid
PTC10_T_CTTAGGACACCTGCAG-1,not.defined,PTC_related,Primary_tumor,Epithelial_Thyroid,8.80005564186527,0.154810563376488,0.509470822383751,0.495393802804761,1.58754437733489,GSE184362,PTC10_T,not.defined
PTC10_T_CTTCCTTAGATGTTCC-1,aneuploid,PTC_related,Primary_tumor,Epithelial_Thyroid,3.79786277531764,0.254770038250093,0,0.581394780449947,1.72808725030734,GSE184362,PTC10_T,aneuploid
PTC10_T_CTTGATTGTATCGCAT-1,aneuploid,PTC_related,Primary_tumor,Epithelial_Thyroid,3.24094276445054,0.400852594168069,0.137409951542945,0.480476082885869,1.30263935199915,GSE184362,PTC10_T,aneuploid
PTC10_T_CTTTCGGAGGGAGGAC-1,diploid,PTC_related,Primary_tumor,Epithelial_Thyroid,6.47063763418329,0.118261138560944,0.227905645437381,0.81834967507365,1.12064274897661,GSE184362,PTC10_T,diploid
PTC10_T_GAACTGTCAGACACAG-1,aneuploid,PTC_related,Primary_tumor,Epithelial_Thyroid,-0.961500815186131,0.30305201416458,0,0,0.995551609005755,GSE184362,PTC10_T,aneuploid
PTC10_T_GAAGCCCAGGCTCACC-1,not.defined,PTC_related,Primary_tumor,Epithelial_Thyroid,3.78969051131718,0,0,0.224031659346273,2.09541793085422,GSE184362,PTC10_T,not.defined
PTC10_T_GAATCGTGTGGAACCA-1,not.defined,PTC_related,Primary_tumor,Epithelial_Thyroid,-0.271576663904637,0.32845425521988,0,0.313523917894741,0.660840163943557,GSE184362,PTC10_T,not.defined
PTC10_T_GACACGCAGCATGCAG-1,aneuploid,PTC_related,Primary_tumor,Epithelial_Thyroid,5.65090272548925,0.139972916795001,0,0.799554903537324,1.882143888985,GSE184362,PTC10_T,aneuploid
PTC10_T_GACAGCCCATACAGGG-1,aneuploid,PTC_related,Primary_tumor,Epithelial_Thyroid,0.0849167589526186,0.32457852729011,0,0.184470474942279,1.08506541864007,GSE184362,PTC10_T,aneuploid
PTC10_T_GACCGTGTCGCCAGAC-1,not.defined,PTC_related,Primary_tumor,Epithelial_Thyroid,4.37445592072406,0.159235562656944,0,0.829654008315691,1.29694349634547,GSE184362,PTC10_T,not.defined
PTC10_T_GACCTTCAGCTAATCC-1,aneuploid,PTC_related,Primary_tumor,Epithelial_Thyroid,1.51106744930651,0.247962529308836,0,0.198370023447069,1.55172485423578,GSE184362,PTC10_T,aneuploid
PTC10_T_GACGTTAGTTACCCTC-1,aneuploid,PTC_related,Primary_tumor,Epithelial_Thyroid,1.73658858571888,0.128145751821831,0,0.205033202914929,1.44909527446483,GSE184362,PTC10_T,aneuploid
PTC10_T_GACTCAAGTTCCTACC-1,not.defined,PTC_related,Primary_tumor,Epithelial_Thyroid,-2.26531981343813,0.543782950894568,0,0,0.80613851142746,GSE184362,PTC10_T,not.defined
PTC10_T_GACTCTCTCTATTCGT-1,not.defined,PTC_related,Primary_tumor,Epithelial_Thyroid,-0.163705704796286,0.322763044478578,0,0,1.37019827472682,GSE184362,PTC10_T,not.defined
PTC10_T_GAGTGAGCATCTGGGC-1,aneuploid,PTC_related,Primary_tumor,Epithelial_Thyroid,3.52288497253951,0.204984958832475,0.149079970059982,0.32797593413196,1.39417697731607,GSE184362,PTC10_T,aneuploid
PTC10_T_GATGCTATCGTCAACA-1,aneuploid,PTC_related,Primary_tumor,Epithelial_Thyroid,3.63641192796898,0.190441604630572,0.185382206293131,0.407840853844888,1.08367698711385,GSE184362,PTC10_T,aneuploid
PTC10_T_GATGGAGCATTCCTCG-1,aneuploid,PTC_related,Primary_tumor,Epithelial_Thyroid,3.26263779138053,0.408586562205621,0,0.672249731697573,1.54089991025763,GSE184362,PTC10_T,aneuploid
PTC10_T_GATTCGAGTATGAGAT-1,not.defined,PTC_related,Primary_tumor,Epithelial_Thyroid,5.79360545686469,0,0.249001611022348,0.273901772124583,1.71537375783423,GSE184362,PTC10_T,not.defined
PTC10_T_GCACGGTTCATTCGGA-1,aneuploid,PTC_related,Primary_tumor,Epithelial_Thyroid,0.392821713257586,0.458693091941229,0,0.321694424767445,1.13168334315751,GSE184362,PTC10_T,aneuploid
PTC10_T_GCATCGGCAGCATCTA-1,not.defined,PTC_related,Primary_tumor,Epithelial_Thyroid,5.99996750625669,0,0,0.822518754978086,1.76665433910902,GSE184362,PTC10_T,not.defined
PTC10_T_GCCATTCAGGCGACAT-1,not.defined,PTC_related,Primary_tumor,Epithelial_Thyroid,3.00824025043718,0,0,0.377502295371945,1.42958578359146,GSE184362,PTC10_T,not.defined
PTC10_T_GCCCGAACACTTTATC-1,aneuploid,PTC_related,Primary_tumor,Epithelial_Thyroid,3.11923391794532,0.364876094745468,0,0.647965301323557,1.46335043129851,GSE184362,PTC10_T,aneuploid
PTC10_T_GCGAGAAAGAAAGTCT-1,aneuploid,PTC_related,Primary_tumor,Epithelial_Thyroid,0.310520464676873,0.384881922904372,0,0.24601560412261,1.14395474932145,GSE184362,PTC10_T,aneuploid
PTC10_T_GCGAGAAAGCAATTAG-1,not.defined,PTC_related,Primary_tumor,Epithelial_Thyroid,3.67498411899988,0.116847705699028,0,0.521691386165169,1.58930782577475,GSE184362,PTC10_T,not.defined
PTC10_T_GCGATCGCATCACAGT-1,aneuploid,PTC_related,Primary_tumor,Epithelial_Thyroid,4.2432246542447,0.115196058447329,0.167557903196114,0.368627387031451,1.39426943819701,GSE184362,PTC10_T,aneuploid
PTC10_T_GCTTTCGAGCCTCTTC-1,aneuploid,PTC_related,Primary_tumor,Epithelial_Thyroid,4.64924577747968,0.343177966200703,0.0986068815519968,0.846123345129328,1.21468235219063,GSE184362,PTC10_T,aneuploid
PTC10_T_GGCTTGGTCCTCGCAT-1,aneuploid,PTC_related,Primary_tumor,Epithelial_Thyroid,4.51525047752478,0.205898756156068,0.109895283517192,0.624356247460682,1.36771566713971,GSE184362,PTC10_T,aneuploid
PTC10_T_GGGAAGTCAGAAGCTG-1,aneuploid,PTC_related,Primary_tumor,Epithelial_Thyroid,1.30049549085651,0.148467050546409,0,0,1.73171374271812,GSE184362,PTC10_T,aneuploid
PTC10_T_GGGAAGTTCAAGCTTG-1,aneuploid,PTC_related,Primary_tumor,Epithelial_Thyroid,7.27792388385679,0,0.268629262141152,0.500436954357576,1.78063384062809,GSE184362,PTC10_T,aneuploid
PTC10_T_GGGCCATTCGAGATAA-1,aneuploid,PTC_related,Primary_tumor,Epithelial_Thyroid,3.45307439560151,0,0.210223121704396,0,1.46976841569868,GSE184362,PTC10_T,aneuploid
PTC10_T_GGGTAGAGTGACTCGC-1,aneuploid,PTC_related,Primary_tumor,Epithelial_Thyroid,2.10248877643959,0.304503155072494,0,0.591055319313693,1.05318458969829,GSE184362,PTC10_T,aneuploid
PTC10_T_GGTAACTCATTGCCGG-1,aneuploid,PTC_related,Primary_tumor,Epithelial_Thyroid,6.3784408362764,0,0.241156505199165,0.530544311438163,1.45367426330757,GSE184362,PTC10_T,aneuploid
PTC10_T_GGTTAACTCCACGTCT-1,not.defined,PTC_related,Primary_tumor,Epithelial_Thyroid,0.959372599628162,0.337576902826837,0,0.270061522261469,1.29902031125495,GSE184362,PTC10_T,not.defined
PTC10_T_GTCCCATAGCATTGTC-1,not.defined,PTC_related,Primary_tumor,Epithelial_Thyroid,3.10721546225338,0,0,0.347503331443184,1.53654167130955,GSE184362,PTC10_T,not.defined
PTC10_T_GTGTTCCCACATTCTT-1,aneuploid,PTC_related,Primary_tumor,Epithelial_Thyroid,3.11528528451814,0.247425746913835,0,0.672662734947647,1.22677707506396,GSE184362,PTC10_T,aneuploid
PTC10_T_GTTATGGCACAGAGAC-1,aneuploid,PTC_related,Primary_tumor,Epithelial_Thyroid,-2.28592509392662,0.546833048029605,0,0,0.801976355243358,GSE184362,PTC10_T,aneuploid
PTC10_T_GTTCTATTCAATCTCT-1,not.defined,PTC_related,Primary_tumor,Epithelial_Thyroid,-0.476103053537994,0.516005158715085,0,0.269159272906391,0.958229716286942,GSE184362,PTC10_T,not.defined
PTC10_T_TAATCTCTCTGTGCGG-1,aneuploid,PTC_related,Primary_tumor,Epithelial_Thyroid,1.24061962194189,0.270384844433892,0.168831111680992,0,1.12347663335144,GSE184362,PTC10_T,aneuploid
PTC10_T_TACAACGAGCCGCTTG-1,not.defined,PTC_related,Primary_tumor,Epithelial_Thyroid,0.589973119342259,0.56125322445101,0.232508762105116,0,1.00256211438998,GSE184362,PTC10_T,not.defined
PTC10_T_TACACCCAGCCAGAGT-1,aneuploid,PTC_related,Primary_tumor,Epithelial_Thyroid,2.42454723000985,0.265741987044127,0,0.52363615633229,1.27647400877615,GSE184362,PTC10_T,aneuploid
PTC10_T_TACACCCTCCCATAAG-1,aneuploid,PTC_related,Primary_tumor,Epithelial_Thyroid,-0.210341315236889,0.240182123917732,0,0.192145699134186,0.810518314836719,GSE184362,PTC10_T,aneuploid
PTC10_T_TACTTCAGTTCCGGTG-1,not.defined,PTC_related,Primary_tumor,Epithelial_Thyroid,2.01221493310855,0.141882455734029,0,0.291023490139558,1.40504861118739,GSE184362,PTC10_T,not.defined
PTC10_T_TAGACCACAACCGACC-1,not.defined,PTC_related,Primary_tumor,Epithelial_Thyroid,7.38177179194644,0,0.48275957112895,0.265517764120922,1.35044159936704,GSE184362,PTC10_T,not.defined
PTC10_T_TAGAGTCGTATTCCTT-1,aneuploid,PTC_related,Primary_tumor,Epithelial_Thyroid,3.67039014078009,0,0,0.456778388828765,1.54535807658847,GSE184362,PTC10_T,aneuploid
PTC10_T_TATACCTAGTAACGTA-1,aneuploid,PTC_related,Primary_tumor,Epithelial_Thyroid,-1.60681546363694,0.687870113193976,0,0,1.31339751443055,GSE184362,PTC10_T,aneuploid
PTC10_T_TATGTTCGTGGTTTGT-1,not.defined,PTC_related,Primary_tumor,Epithelial_Thyroid,-1.36275822527846,0.489328407380729,0,0,1.11107125051301,GSE184362,PTC10_T,not.defined
PTC10_T_TATTGCTTCAAACCCA-1,aneuploid,PTC_related,Primary_tumor,Epithelial_Thyroid,3.55129442009247,0.0955510626845019,0,0.305763400590406,1.96553575645731,GSE184362,PTC10_T,aneuploid
PTC10_T_TATTGGGGTATACAGA-1,not.defined,PTC_related,Primary_tumor,Epithelial_Thyroid,0.015794474177787,0.171104070102571,0,0,1.21266083852411,GSE184362,PTC10_T,not.defined
PTC10_T_TATTGGGGTTGGCCGT-1,aneuploid,PTC_related,Primary_tumor,Epithelial_Thyroid,5.3804190577682,0.100330677832591,0.291871062785721,0.160529084532146,1.73962187039301,GSE184362,PTC10_T,aneuploid
PTC10_T_TATTGGGTCGATTCCC-1,not.defined,PTC_related,Primary_tumor,Epithelial_Thyroid,4.48633152871331,0.153454636556971,0,0.801510161840711,1.39653331270946,GSE184362,PTC10_T,not.defined
PTC10_T_TCAAGCAAGCCTATTG-1,aneuploid,PTC_related,Primary_tumor,Epithelial_Thyroid,6.38060983417705,0.149454969131668,0.18742842252115,0.475675680050697,2.04915152595297,GSE184362,PTC10_T,aneuploid
PTC10_T_TCACATTTCCATTGTT-1,aneuploid,PTC_related,Primary_tumor,Epithelial_Thyroid,0.512475748449777,0.32472399893381,0,0.346372265529397,0.922872925885307,GSE184362,PTC10_T,aneuploid
PTC10_T_TCAGTGAAGGAAGTAG-1,aneuploid,PTC_related,Primary_tumor,Epithelial_Thyroid,3.10362057685785,0.140728110779889,0.262795419586215,0,1.29689247881944,GSE184362,PTC10_T,aneuploid
PTC10_T_TCATTTGCACAGCGCT-1,aneuploid,PTC_related,Primary_tumor,Epithelial_Thyroid,2.80526371499657,0.774138660586252,0.192076424562248,0.424641620887265,1.56291134532817,GSE184362,PTC10_T,aneuploid
PTC10_T_TCCACCAAGTCTGTAC-1,not.defined,PTC_related,Primary_tumor,Epithelial_Thyroid,4.70856261506193,0,0.241268066454051,0.530789746198911,0.732378540219139,GSE184362,PTC10_T,not.defined
PTC10_T_TCCCAGTCACGCAGTC-1,not.defined,PTC_related,Primary_tumor,Epithelial_Thyroid,2.98415477341765,0.337054392191875,0.215791352711829,0.301916539523988,1.11747910171085,GSE184362,PTC10_T,not.defined
PTC10_T_TCCGTGTGTGGTTCTA-1,aneuploid,PTC_related,Primary_tumor,Epithelial_Thyroid,1.86058785718089,0.268326433103442,0,0.576697555990015,0.923557215627305,GSE184362,PTC10_T,aneuploid
PTC10_T_TCCTTCTCACACCAGC-1,not.defined,PTC_related,Primary_tumor,Epithelial_Thyroid,3.22423424390727,0,0,0.248701761381361,1.79867286229331,GSE184362,PTC10_T,not.defined
PTC10_T_TCCTTCTTCTCTTGCG-1,not.defined,PTC_related,Primary_tumor,Epithelial_Thyroid,0.12252738207963,0,0,0,0.993611397174023,GSE184362,PTC10_T,not.defined
PTC10_T_TCCTTTCCATGAGTAA-1,aneuploid,PTC_related,Primary_tumor,Epithelial_Thyroid,8.45935913897577,0.168287914693627,0.297707776518708,0.757773780546324,1.86681523909477,GSE184362,PTC10_T,aneuploid
PTC10_T_TCGCACTAGACTACCT-1,aneuploid,PTC_related,Primary_tumor,Epithelial_Thyroid,1.2341207675721,0.387243476699406,0,0.330955228564004,1.36402310720129,GSE184362,PTC10_T,aneuploid
PTC10_T_TCGCACTAGGATGAGA-1,not.defined,PTC_related,Primary_tumor,Epithelial_Thyroid,-1.12735062281062,0,0,0,0.454507725509712,GSE184362,PTC10_T,not.defined
PTC10_T_TCTACATTCCATTGCC-1,aneuploid,PTC_related,Primary_tumor,Epithelial_Thyroid,2.18734935376891,0.241561033625898,0.175680751727926,0,1.4558769104884,GSE184362,PTC10_T,aneuploid
PTC10_T_TCTCACGCAAGTTCGT-1,aneuploid,PTC_related,Primary_tumor,Epithelial_Thyroid,3.43145122232936,0.376550832052505,0,0.794442641955445,1.30231319179144,GSE184362,PTC10_T,aneuploid
PTC10_T_TGACTCCTCGAACCTA-1,aneuploid,PTC_related,Primary_tumor,Epithelial_Thyroid,4.39339561264589,0.101972489345086,0.148323620865579,0.326311965904274,1.61707608881401,GSE184362,PTC10_T,aneuploid
PTC10_T_TGATTTCCACAGACGA-1,aneuploid,PTC_related,Primary_tumor,Epithelial_Thyroid,1.14324362720062,0.128590229615052,0,0.474201213304833,0.617233102152251,GSE184362,PTC10_T,aneuploid
PTC10_T_TGCTCGTCAGACATCT-1,not.defined,PTC_related,Primary_tumor,Epithelial_Thyroid,3.03240859643546,0.160194074319975,0.1767452563518,0.25631051891196,1.14036754680463,GSE184362,PTC10_T,not.defined
PTC10_T_TGGATCACAACCTATG-1,aneuploid,PTC_related,Primary_tumor,Epithelial_Thyroid,3.05704277574214,0,0,0.251999796959927,1.71949376678278,GSE184362,PTC10_T,aneuploid
PTC10_T_TGGGCTGTCCGCTTAC-1,aneuploid,PTC_related,Primary_tumor,Epithelial_Thyroid,4.05322835009185,0.276707669408776,0.117625304371971,0.442732271054041,1.63190649699416,GSE184362,PTC10_T,aneuploid
PTC10_T_TGTACAGTCAAGGCTT-1,aneuploid,PTC_related,Primary_tumor,Epithelial_Thyroid,8.10711145584243,0,0.267872496467803,0.77688830558628,1.54951141460082,GSE184362,PTC10_T,aneuploid
PTC10_T_TTATTGCTCCGAGCTG-1,aneuploid,PTC_related,Primary_tumor,Epithelial_Thyroid,3.12605762921512,0.0978992008839876,0.142398837649437,0.15663872141438,1.45468107217638,GSE184362,PTC10_T,aneuploid
PTC10_T_TTCAGGAAGTGCTACT-1,aneuploid,PTC_related,Primary_tumor,Epithelial_Thyroid,4.60394893943221,0.0917423391538064,0,0.784794629285497,1.38746469149572,GSE184362,PTC10_T,aneuploid
PTC10_T_TTCATTGAGTTGTCGT-1,not.defined,PTC_related,Primary_tumor,Epithelial_Thyroid,0.455334050606911,0,0,0,1.13715924444827,GSE184362,PTC10_T,not.defined
PTC10_T_TTCGCTGGTGCACAAG-1,aneuploid,PTC_related,Primary_tumor,Epithelial_Thyroid,4.14770982577608,0.219550358347782,0.159672987889296,0.411566443883852,1.45877963101054,GSE184362,PTC10_T,aneuploid
PTC10_T_TTCGGTCTCTCCAATT-1,aneuploid,PTC_related,Primary_tumor,Epithelial_Thyroid,4.9849800446432,0,0.200894271817383,0.272191909683969,1.59003172783421,GSE184362,PTC10_T,aneuploid
PTC10_T_TTGCATTCATCGATCA-1,aneuploid,PTC_related,Primary_tumor,Epithelial_Thyroid,4.00243168512756,0.456833190686178,0.416410742424919,0.305367877778274,0.818345981232372,GSE184362,PTC10_T,aneuploid
PTC10_T_TTGCTGCTCCGAGATT-1,aneuploid,PTC_related,Primary_tumor,Epithelial_Thyroid,3.8828057789807,0.152332586291248,0.110787335484544,0.418918005484447,1.44796371434393,GSE184362,PTC10_T,aneuploid
PTC10_T_TTGGGTAGTATGCTTG-1,not.defined,PTC_related,Primary_tumor,Epithelial_Thyroid,0.157393762891987,0.175773582446177,0,0,1.28097048124267,GSE184362,PTC10_T,not.defined
PTC10_T_TTTACCACAGCCATTA-1,aneuploid,PTC_related,Primary_tumor,Epithelial_Thyroid,1.89333837354317,0,0,0.272691868540659,1.17323125351332,GSE184362,PTC10_T,aneuploid
PTC10_T_TTTACCAGTTCTTGTT-1,aneuploid,PTC_related,Primary_tumor,Epithelial_Thyroid,7.18261636185696,0.301597583447928,0.129126313563932,0.992221102881653,1.79056471708843,GSE184362,PTC10_T,aneuploid
PTC10_T_TTTACCATCGCTAATG-1,aneuploid,PTC_related,Primary_tumor,Epithelial_Thyroid,4.98231133223387,0.446460543091542,0.238501462638601,0.524703217804921,1.56781807999936,GSE184362,PTC10_T,aneuploid
PTC10_T_TTTACCATCTTAGCCC-1,aneuploid,PTC_related,Primary_tumor,Epithelial_Thyroid,2.77819860227851,0.105505991274156,0,0.397234814484226,1.45154802251653,GSE184362,PTC10_T,aneuploid
PTC10_T_TTTACTGAGCTTTCTT-1,aneuploid,PTC_related,Primary_tumor,Epithelial_Thyroid,3.26505569222594,0.582347914719546,0.157616182734014,0.406825019506934,1.65969308092575,GSE184362,PTC10_T,aneuploid
PTC10_T_TTTAGTCGTCTGTGAT-1,not.defined,PTC_related,Primary_tumor,Epithelial_Thyroid,4.21877871784765,0.257553284445794,0,0.886903312818135,1.25947394354512,GSE184362,PTC10_T,not.defined
PTC10_T_TTTATGCAGCTTACGT-1,aneuploid,PTC_related,Primary_tumor,Epithelial_Thyroid,3.15661359662829,0.252342074513025,0.264162414300711,0.145289327865391,1.17517793052198,GSE184362,PTC10_T,aneuploid
PTC10_T_TTTCACACACCCTCTA-1,not.defined,PTC_related,Primary_tumor,Epithelial_Thyroid,3.38327616147939,0,0,0.48512469635437,1.36079363861411,GSE184362,PTC10_T,not.defined
PTC1_P_ATGGGAGCATGAAGTA-1,diploid,Paratumor,Paratumor,Epithelial_Thyroid,-3.64922276601841,0.908132045342384,0,0,0.773700823711149,GSE184362,PTC10_T,diploid
PTC1_P_CCACTACGTCCATGAT-1,diploid,Paratumor,Paratumor,Epithelial_Thyroid,-1.60827581038299,0.731969125050477,0.108989720527714,0.119888692580485,0.626343999955502,GSE184362,PTC10_T,diploid
PTC1_P_CCTACACCAGCTGGCT-1,diploid,Paratumor,Paratumor,Epithelial_Thyroid,-2.16604203838075,0.906006753612822,0.0908771804438058,0.248909895969673,0.461746169917808,GSE184362,PTC10_T,diploid
PTC1_P_CCTACCAGTGATGTCT-1,diploid,Paratumor,Paratumor,Epithelial_Thyroid,-2.99048484640348,0.801099935102504,0,0.120720246380669,0.633396149138145,GSE184362,PTC10_T,diploid
PTC1_P_CGCCAAGTCCTATTCA-1,diploid,Paratumor,Paratumor,Epithelial_Thyroid,-3.41835356698307,1.19345374531257,0,0.305386384779719,0.661104982573501,GSE184362,PTC10_T,diploid
PTC1_P_CTCTAATGTTTGGCGC-1,diploid,Paratumor,Paratumor,Epithelial_Thyroid,-0.788945304391355,0.751202211008426,0.126259072072717,0.333767990270692,0.472461210270033,GSE184362,PTC10_T,diploid
PTC1_P_GGAACTTGTCTTGCGG-1,diploid,Paratumor,Paratumor,Epithelial_Thyroid,-5.05373711225838,0.892091127609146,0,0,0.143046950616801,GSE184362,PTC10_T,diploid
PTC1_P_GTAACGTAGCCGTCGT-1,diploid,Paratumor,Paratumor,Epithelial_Thyroid,-2.52818335999634,0.784105770721589,0.112875056171138,0,0.549420588630096,GSE184362,PTC10_T,diploid
PTC1_P_TGCGCAGTCAGGTTCA-1,diploid,Paratumor,Paratumor,Epithelial_Thyroid,-2.85949300615673,0.749792420356193,0,0.119261376821465,0.61353240060693,GSE184362,PTC10_T,diploid
PTC1_P_TTTGCGCTCTCGGACG-1,diploid,Paratumor,Paratumor,Epithelial_Thyroid,-3.18936763315575,0.939009652811636,0,0.122152127456732,0.758204648570337,GSE184362,PTC10_T,diploid
PTC2_P_GATTCAGGTATTAGCC-1,diploid,Paratumor,Paratumor,Epithelial_Thyroid,-1.96146204767309,0.606487573862813,0,0,1.03434622191511,GSE184362,PTC10_T,diploid
PTC2_P_GTAGGCCCAGGGCATA-1,diploid,Paratumor,Paratumor,Epithelial_Thyroid,1.979684591507,0.550490004631096,0.0418262468882597,0.586871766916948,1.19919718103136,GSE184362,PTC10_T,diploid
PTC3_P_AACTTTCCATAGAAAC-1,not.defined,Paratumor,Paratumor,Epithelial_Thyroid,-2.62837209981056,0.25747860434325,0,0,0.2059828834746,GSE184362,PTC10_T,not.defined
PTC3_P_AAGGTTCTCTGCTTGC-1,diploid,Paratumor,Paratumor,Epithelial_Thyroid,-4.78811175657707,0.833195992007874,0,0,0.166373482153261,GSE184362,PTC10_T,diploid
PTC3_P_ACTGCTCAGGCCCGTT-1,diploid,Paratumor,Paratumor,Epithelial_Thyroid,-2.98249645721431,0.689039219921483,0,0.0810167085121941,0.548284753970978,GSE184362,PTC10_T,diploid
PTC3_P_AGAGCGAAGGCCATAG-1,diploid,Paratumor,Paratumor,Epithelial_Thyroid,-3.99660128383364,0.887223262339264,0,0,0.591474470026934,GSE184362,PTC10_T,diploid
PTC3_P_AGAGCTTCAGTTCCCT-1,diploid,Paratumor,Paratumor,Epithelial_Thyroid,-3.13233255642139,0.640778395913243,0,0,0.582446125585236,GSE184362,PTC10_T,diploid
PTC3_P_AGATCTGAGGTGCACA-1,diploid,Paratumor,Paratumor,Epithelial_Thyroid,-0.0920386416955381,0.813994124886122,0.20773192606166,0.181700422753648,0.823899668729411,GSE184362,PTC10_T,diploid
PTC3_P_ATGTGTGAGGGAGTAA-1,diploid,Paratumor,Paratumor,Epithelial_Thyroid,-3.60615561323519,1.24850504739855,0.0908081703209563,0.099888987353052,0.690766602826132,GSE184362,PTC10_T,diploid
PTC3_P_CAGCCGACAAGCGAGT-1,diploid,Paratumor,Paratumor,Epithelial_Thyroid,-3.16896843483915,0.783308398560581,0,0.166825874174476,0.430077889112629,GSE184362,PTC10_T,diploid
PTC3_P_CATCGAAGTCCTCTTG-1,diploid,Paratumor,Paratumor,Epithelial_Thyroid,-2.9855177341586,0.768065892780336,0,0.108402787564548,0.610747138551715,GSE184362,PTC10_T,diploid
PTC3_P_CGAATGTGTCAAACTC-1,diploid,Paratumor,Paratumor,Epithelial_Thyroid,-0.581675928831144,0.422196310855246,0.122260834251973,0.134486917677171,0.497319833553154,GSE184362,PTC10_T,diploid
PTC3_P_CGTTGGGAGCCGGTAA-1,diploid,Paratumor,Paratumor,Epithelial_Thyroid,-2.58043029672352,0.78051659151069,0.0879992823864587,0,0.634968005720113,GSE184362,PTC10_T,diploid
PTC3_P_CTACATTGTCTTTCAT-1,diploid,Paratumor,Paratumor,Epithelial_Thyroid,-3.05969585018453,0.692358419147877,0,0.131546033147182,0.411882402470822,GSE184362,PTC10_T,diploid
PTC3_P_CTCATTATCAGCTTAG-1,diploid,Paratumor,Paratumor,Epithelial_Thyroid,-2.66198706316115,0.870189196187607,0.10959652840592,0.120556181246512,0.381789762245488,GSE184362,PTC10_T,diploid
PTC3_P_CTCGTACCAAGTCATC-1,not.defined,Paratumor,Paratumor,Epithelial_Thyroid,-3.2281721728564,0.291511393750378,0,0,0,GSE184362,PTC10_T,not.defined
PTC3_P_CTGCCTAGTAAATACG-1,diploid,Paratumor,Paratumor,Epithelial_Thyroid,-0.25286873905669,0.389903975181481,0.219581024319675,0.120769563375821,0.173897941843377,GSE184362,PTC10_T,diploid
PTC3_P_CTTAACTCACCAGCAC-1,diploid,Paratumor,Paratumor,Epithelial_Thyroid,-5.13954562463075,1.10390933882546,0,0,0.43419871303747,GSE184362,PTC10_T,diploid
PTC3_P_GACTAACGTGCCTGTG-1,diploid,Paratumor,Paratumor,Epithelial_Thyroid,-1.83363127928152,0.622474308526733,0.116523568774095,0.0640879628257523,0.444627177583903,GSE184362,PTC10_T,diploid
PTC3_P_GATCAGTAGCTAACAA-1,diploid,Paratumor,Paratumor,Epithelial_Thyroid,-2.22182821491724,0.873131135465177,0.105472988760406,0.168290415157368,0.492778423778743,GSE184362,PTC10_T,diploid
PTC3_P_GGAGCAATCCAACCAA-1,not.defined,Paratumor,Paratumor,Epithelial_Thyroid,-5.37888866501302,0.890283211308265,0,0,0,GSE184362,PTC10_T,not.defined
PTC3_P_GTCACGGTCTAACCGA-1,diploid,Paratumor,Paratumor,Epithelial_Thyroid,-3.02580998314099,0.833096102509741,0.100496261090693,0,0.467232666625914,GSE184362,PTC10_T,diploid
PTC3_P_GTGCATATCGAGGTAG-1,diploid,Paratumor,Paratumor,Epithelial_Thyroid,-2.79549371738419,0.661348784294416,0,0.109874563978179,0.524222961187277,GSE184362,PTC10_T,diploid
PTC3_P_GTTAAGCAGAAACGCC-1,diploid,Paratumor,Paratumor,Epithelial_Thyroid,-2.99187706847562,0.664650899361404,0,0,0.680012993071738,GSE184362,PTC10_T,diploid
PTC3_P_TACTCATCATACTACG-1,diploid,Paratumor,Paratumor,Epithelial_Thyroid,-3.74392204168128,1.05532851464873,0.0867127949583434,0,0.564759376116087,GSE184362,PTC10_T,diploid
PTC3_P_TCAATCTCAGCTCGAC-1,diploid,Paratumor,Paratumor,Epithelial_Thyroid,-1.45735221622833,0.428420146947491,0.0941368893070699,0,0.545848755884241,GSE184362,PTC10_T,diploid
PTC3_P_TCAATCTGTCTAGTCA-1,diploid,Paratumor,Paratumor,Epithelial_Thyroid,-0.590561593171493,0.668688924204939,0.221635718182866,0,0.709487430799096,GSE184362,PTC10_T,diploid
PTC3_P_TCACAAGCATCCTTGC-1,diploid,Paratumor,Paratumor,Epithelial_Thyroid,-3.35177473811227,0.769946873087333,0,0,0.687911774328306,GSE184362,PTC10_T,diploid
PTC3_P_TGTGTTTTCCGTCAAA-1,diploid,Paratumor,Paratumor,Epithelial_Thyroid,-3.29442966338066,0.677550769891666,0,0,0.569499838391125,GSE184362,PTC10_T,diploid
PTC3_P_TTAACTCAGTGAAGTT-1,diploid,Paratumor,Paratumor,Epithelial_Thyroid,-2.98741171811792,0.869810629353159,0.139163701073075,0,0.364025632387985,GSE184362,PTC10_T,diploid
PTC3_P_TTAACTCCACAGTCGC-1,diploid,Paratumor,Paratumor,Epithelial_Thyroid,-2.39245229894464,0.645065068754314,0.0891947145884624,0,0.500735689162228,GSE184362,PTC10_T,diploid
PTC3_P_TTTACTGCAGACAGGT-1,diploid,Paratumor,Paratumor,Epithelial_Thyroid,-3.54391688849364,0.80175697437957,0,0,0.654318418788933,GSE184362,PTC10_T,diploid
PTC5_P_AATCCAGGTACTTGAC-1,diploid,Paratumor,Paratumor,Epithelial_Thyroid,-2.38402103819894,0.79175854499391,0.0992598355167555,0,0.685657893543593,GSE184362,PTC10_T,diploid
PTC5_P_ACGGGCTGTAGCGTAG-1,diploid,Paratumor,Paratumor,Epithelial_Thyroid,-3.57680726828325,0.695502878051527,0,0,0.475515930723922,GSE184362,PTC10_T,diploid
PTC5_P_ACTGTCCGTGTGCCTG-1,diploid,Paratumor,Paratumor,Epithelial_Thyroid,-4.56980820857276,1.05584180239004,0,0.0773091183508586,0.439855469207985,GSE184362,PTC10_T,diploid
PTC5_P_ATCATGGTCGCGTAGC-1,diploid,Paratumor,Paratumor,Epithelial_Thyroid,-1.19143638746847,0.661854698282051,0.195846492602938,0,0.557543520767216,GSE184362,PTC10_T,diploid
PTC5_P_ATGAGGGTCTAACTCT-1,diploid,Paratumor,Paratumor,Epithelial_Thyroid,-3.61297322482742,0.979394383140917,0,0.114362476388531,0.654747124107402,GSE184362,PTC10_T,diploid
PTC5_P_CATCAGAGTAGCGCTC-1,diploid,Paratumor,Paratumor,Epithelial_Thyroid,2.79703430390791,0.382630039920123,0.137799684388824,0.367205860947032,1.32381202367778,GSE184362,PTC10_T,diploid
PTC5_P_CATGGCGGTCTCCACT-1,diploid,Paratumor,Paratumor,Epithelial_Thyroid,-4.09846194280525,1.02817097786216,0,0.126613650066609,0.494666565475192,GSE184362,PTC10_T,diploid
PTC5_P_CCAATCCGTTTCCACC-1,diploid,Paratumor,Paratumor,Epithelial_Thyroid,-0.607462890738568,0.527649713810324,0,0.182411165860579,1.10544794522654,GSE184362,PTC10_T,diploid
PTC5_P_CCAGCGAAGGCATGGT-1,aneuploid,Paratumor,Paratumor,Epithelial_Thyroid,-1.18318144003311,0.202257743540801,0,0.196132437873694,0.323612389665282,GSE184362,PTC10_T,aneuploid
PTC5_P_CCATTCGCACAAGACG-1,diploid,Paratumor,Paratumor,Epithelial_Thyroid,-0.26159585322689,0.541654067138843,0.0937445991223876,0.152796870963328,0.911500509999719,GSE184362,PTC10_T,diploid
PTC5_P_CGATCGGGTCAGAGGT-1,diploid,Paratumor,Paratumor,Epithelial_Thyroid,-2.60122839277746,0.808741423634963,0,0.0535595991815483,0.957006080292511,GSE184362,PTC10_T,diploid
PTC5_P_CGTCTACTCCCGGATG-1,diploid,Paratumor,Paratumor,Epithelial_Thyroid,-4.22073556942833,0.979406207658071,0,0,0.637615805467399,GSE184362,PTC10_T,diploid
PTC5_P_CTACATTGTCGCTTTC-1,diploid,Paratumor,Paratumor,Epithelial_Thyroid,2.21488295416723,0.567265663195405,0.0500673710417417,0.601357984899684,1.25795188632232,GSE184362,PTC10_T,diploid
PTC5_P_CTCGTCACAACTTGAC-1,diploid,Paratumor,Paratumor,Epithelial_Thyroid,-0.806863278079118,0.990535344625427,0.276704442221925,0.179134292404771,0.47948817025383,GSE184362,PTC10_T,diploid
PTC5_P_GAACATCCAAAGGAAG-1,diploid,Paratumor,Paratumor,Epithelial_Thyroid,-3.0161733351382,0.687523855789695,0,0,0.704969738615683,GSE184362,PTC10_T,diploid
PTC5_P_GGACAGATCTTGTATC-1,diploid,Paratumor,Paratumor,Epithelial_Thyroid,-3.79207738932579,0.780509344133877,0,0,0.514362314448433,GSE184362,PTC10_T,diploid
PTC5_P_GGGATGAAGCGTGTCC-1,diploid,Paratumor,Paratumor,Epithelial_Thyroid,-1.5501184043874,0.548901201197895,0.111509662713331,0,0.613127350725476,GSE184362,PTC10_T,diploid
PTC5_P_GTACGTAGTCGAATCT-1,not.defined,Paratumor,Paratumor,Epithelial_Thyroid,-1.90770343991013,0.234973951119598,0,0,0.481959583675741,GSE184362,PTC10_T,not.defined
PTC5_P_GTGCGGTTCTCATTCA-1,diploid,Paratumor,Paratumor,Epithelial_Thyroid,-3.64882436544813,0.693953214285751,0,0,0.442052309831493,GSE184362,PTC10_T,diploid
PTC5_P_GTGTTAGAGAATAGGG-1,diploid,Paratumor,Paratumor,Epithelial_Thyroid,-4.16159524959093,1.03307767424416,0,0,0.746275977729512,GSE184362,PTC10_T,diploid
PTC5_P_GTTCGGGAGCTAGTTC-1,not.defined,Paratumor,Paratumor,Epithelial_Thyroid,-2.94054273689119,0.392963164598167,0,0,0.281237731913883,GSE184362,PTC10_T,not.defined
PTC5_P_TACACGACAAGGTGTG-1,diploid,Paratumor,Paratumor,Epithelial_Thyroid,-1.30197325766741,0.43964760490124,0,0,1.06032046398354,GSE184362,PTC10_T,diploid
PTC5_P_TCATTTGTCGTGGGAA-1,diploid,Paratumor,Paratumor,Epithelial_Thyroid,1.16492165086357,0.294378279502476,0,0.361228629820182,1.1254494258274,GSE184362,PTC10_T,diploid
PTC5_P_TCTTCGGAGAGGTACC-1,diploid,Paratumor,Paratumor,Epithelial_Thyroid,2.32840346435669,0.212604089522069,0,0.43119327183557,1.35071610675114,GSE184362,PTC10_T,diploid
PTC5_P_TGACAACAGCAACGGT-1,diploid,Paratumor,Paratumor,Epithelial_Thyroid,-2.45757653905593,1.06464801047319,0.204524796006962,0,0.59581397310082,GSE184362,PTC10_T,diploid
PTC5_P_TGACGGCGTAACGCGA-1,diploid,Paratumor,Paratumor,Epithelial_Thyroid,-2.90981767554346,0.620622558043457,0,0,0.64719557448688,GSE184362,PTC10_T,diploid
PTC5_P_TGAGCATAGTCCAGGA-1,diploid,Paratumor,Paratumor,Epithelial_Thyroid,-3.13957616198087,0.586980381343618,0,0,0.495974248611212,GSE184362,PTC10_T,diploid
PTC5_P_TGGACGCGTAACGCGA-1,diploid,Paratumor,Paratumor,Epithelial_Thyroid,-1.01297048040632,0.608906115662111,0.100007373624505,0.110008110986956,0.754658550263386,GSE184362,PTC10_T,diploid
PTC5_P_TGGCCAGAGTGAACAT-1,diploid,Paratumor,Paratumor,Epithelial_Thyroid,-3.62180888149614,0.833237008365536,0,0,0.669492653517157,GSE184362,PTC10_T,diploid
PTC5_P_TTCGGTCTCGTTACAG-1,diploid,Paratumor,Paratumor,Epithelial_Thyroid,-1.04928869099491,0.763440066819472,0.170065829421306,0,0.894015674597305,GSE184362,PTC10_T,diploid
PTC8_P_AACCAACGTTCCTTGC-1,diploid,Paratumor,Paratumor,Epithelial_Thyroid,-4.80931907200416,1.01582813063531,0,0,0.440172317192537,GSE184362,PTC10_T,diploid
PTC8_P_AATGGAAAGGGAGTGG-1,diploid,Paratumor,Paratumor,Epithelial_Thyroid,-2.0839059463998,1.09159939612774,0,0.472696565318097,0.72046508125826,GSE184362,PTC10_T,diploid
PTC8_P_ACTTAGGGTGCATTTG-1,diploid,Paratumor,Paratumor,Epithelial_Thyroid,-1.40924353436914,0.969387803125633,0.267495988220895,0,0.61272269186365,GSE184362,PTC10_T,diploid
PTC8_P_AGGATAAAGTCTGGTT-1,diploid,Paratumor,Paratumor,Epithelial_Thyroid,-3.75480904405696,0.973022761991124,0,0,0.828691912927608,GSE184362,PTC10_T,diploid
PTC8_P_AGGTTGTCACAGCCAC-1,diploid,Paratumor,Paratumor,Epithelial_Thyroid,-4.81501158189056,1.17746828240315,0,0,0.688140868156813,GSE184362,PTC10_T,diploid
PTC8_P_ATCGCCTAGCTCTTCC-1,diploid,Paratumor,Paratumor,Epithelial_Thyroid,-4.70953660167965,1.19876914947462,0,0.113495731428951,0.52349892624825,GSE184362,PTC10_T,diploid
PTC8_P_ATCTTCAGTTCGATTG-1,diploid,Paratumor,Paratumor,Epithelial_Thyroid,-4.52320166395525,0.888762918845004,0,0,0.366723883868838,GSE184362,PTC10_T,diploid
PTC8_P_ATGGAGGTCGGTCACG-1,diploid,Paratumor,Paratumor,Epithelial_Thyroid,-3.19527584648583,0.895420785913644,0,0.148560448424277,0.631552130973755,GSE184362,PTC10_T,diploid
PTC8_P_ATTGGGTTCGCTACGG-1,diploid,Paratumor,Paratumor,Epithelial_Thyroid,-5.7609520092824,1.32462060028599,0,0,0.508111421413257,GSE184362,PTC10_T,diploid
PTC8_P_ATTGTTCAGAATTGTG-1,diploid,Paratumor,Paratumor,Epithelial_Thyroid,3.13511835910726,0.0484362578234853,0.0704527386523422,0.513740463661474,0.945636492264026,GSE184362,PTC10_T,diploid
PTC8_P_CAACCTCGTCTCGCGA-1,diploid,Paratumor,Paratumor,Epithelial_Thyroid,-4.04129261952044,1.37144067196512,0.117905494536495,0.129696043990145,0.505894586093764,GSE184362,PTC10_T,diploid
PTC8_P_CAGCCAGAGCCGAACA-1,diploid,Paratumor,Paratumor,Epithelial_Thyroid,-4.45660564176168,1.17375004672664,0,0.154110013432138,0.506826982958183,GSE184362,PTC10_T,diploid
PTC8_P_CCAATGAAGACTACCT-1,diploid,Paratumor,Paratumor,Epithelial_Thyroid,-4.24232711870962,1.2358702402602,0,0.149291766373927,0.705813395112033,GSE184362,PTC10_T,diploid
PTC8_P_CCTCAGTCAAAGACTA-1,diploid,Paratumor,Paratumor,Epithelial_Thyroid,-2.17654137843349,1.07357172276828,0.128996627788158,0.283792581133947,0.467946641544011,GSE184362,PTC10_T,diploid
PTC8_P_CGCATAAGTTTGAAAG-1,diploid,Paratumor,Paratumor,Epithelial_Thyroid,-2.4217920116183,1.10417494042699,0.128802665755536,0.14168293233109,0.714897552654188,GSE184362,PTC10_T,diploid
PTC8_P_CTCATTATCCTCTCTT-1,diploid,Paratumor,Paratumor,Epithelial_Thyroid,-3.43049472047722,0.763347295734923,0,0,0.643733363035303,GSE184362,PTC10_T,diploid
PTC8_P_GATCAGTCACTGCACG-1,diploid,Paratumor,Paratumor,Epithelial_Thyroid,-4.90615660841132,1.24766501246164,0,0,0.757581266075695,GSE184362,PTC10_T,diploid
PTC8_P_GATCGTAAGGTCTGGA-1,diploid,Paratumor,Paratumor,Epithelial_Thyroid,3.37523138795846,0.141623017146343,0.179919664864211,0.098955815675316,1.58205571694736,GSE184362,PTC10_T,diploid
PTC8_P_GGATCTAGTCCTACAA-1,diploid,Paratumor,Paratumor,Epithelial_Thyroid,-5.8916132010548,1.534645272458,0,0,0.777138428227333,GSE184362,PTC10_T,diploid
PTC8_P_GGTGTTAGTAGACGGT-1,diploid,Paratumor,Paratumor,Epithelial_Thyroid,-3.4199889514009,0.997807851773168,0,0.134403047345173,0.723581471386564,GSE184362,PTC10_T,diploid
PTC8_P_GTCTAGATCTTACACT-1,diploid,Paratumor,Paratumor,Epithelial_Thyroid,-2.5556599302209,0.833877325012263,0,0.153193700851449,0.802161584764683,GSE184362,PTC10_T,diploid
PTC8_P_GTGTTAGTCGGAATGG-1,diploid,Paratumor,Paratumor,Epithelial_Thyroid,-3.18131997932059,1.2176603641098,0.10606457882748,0.116671036710228,0.720572805792476,GSE184362,PTC10_T,diploid
PTC8_P_GTTCCGTCATAATGCC-1,diploid,Paratumor,Paratumor,Epithelial_Thyroid,-5.2392689961756,1.31759549053359,0,0.133550233465579,0.436144063150262,GSE184362,PTC10_T,diploid
PTC8_P_GTTGCTCTCACCATCC-1,diploid,Paratumor,Paratumor,Epithelial_Thyroid,-3.41190419095274,1.1840207875847,0.136176928704767,0,0.681371949129124,GSE184362,PTC10_T,diploid
PTC8_P_GTTTACTAGCGTTCAT-1,diploid,Paratumor,Paratumor,Epithelial_Thyroid,-5.35393511378589,1.19332724614411,0,0,0.480259438943874,GSE184362,PTC10_T,diploid
PTC8_P_TACACCCTCGTTAGTG-1,diploid,Paratumor,Paratumor,Epithelial_Thyroid,-4.64410884577878,1.2119564472393,0,0,0.815286897712847,GSE184362,PTC10_T,diploid
PTC8_P_TATTTCGGTTGGGTTT-1,diploid,Paratumor,Paratumor,Epithelial_Thyroid,-6.01861387757245,1.26959018631358,0,0,0.311718562371126,GSE184362,PTC10_T,diploid
PTC8_P_TTGGTTTAGTAGTGCG-1,diploid,Paratumor,Paratumor,Epithelial_Thyroid,-5.43951830849012,1.31654374363741,0,0,0.634240609540235,GSE184362,PTC10_T,diploid
PTC8_P_TTTACTGGTTAAGAAC-1,diploid,Paratumor,Paratumor,Epithelial_Thyroid,-4.12210401963992,1.18528982091577,0,0.092023883905048,0.801988366919428,GSE184362,PTC10_T,diploid
PTC8_P_TTTCCTCGTCCAGCGT-1,diploid,Paratumor,Paratumor,Epithelial_Thyroid,-1.26258067106143,0.915671269706232,0.15172339993788,0.166895739931668,0.764127576135798,GSE184362,PTC10_T,diploid
PTC9_P_AACCTTTGTAGCTTTG-1,diploid,Paratumor,Paratumor,Epithelial_Thyroid,-5.16029659883211,1.49684349142451,0,0.14550718730925,0.722295148175742,GSE184362,PTC10_T,diploid
PTC9_P_AGAAGTATCTACGGTA-1,diploid,Paratumor,Paratumor,Epithelial_Thyroid,-4.30765976063687,1.29789879773156,0,0.132494775965909,0.809716054672078,GSE184362,PTC10_T,diploid
PTC9_P_AGTGACTTCATCGCTC-1,diploid,Paratumor,Paratumor,Epithelial_Thyroid,-4.03685679927788,1.25201185721483,0,0.161753680723395,0.792748987696703,GSE184362,PTC10_T,diploid
PTC9_P_AGTGCCGAGGGACCAT-1,diploid,Paratumor,Paratumor,Epithelial_Thyroid,-3.62507908491089,0.957473681551513,0,0.104139995629905,0.637463678298279,GSE184362,PTC10_T,diploid
PTC9_P_ATCCATTGTGCGGATA-1,diploid,Paratumor,Paratumor,Epithelial_Thyroid,0.0165868231644621,0.691132192066251,0.140389107918322,0,1.37730646801907,GSE184362,PTC10_T,diploid
PTC9_P_ATCGTGAAGCTCCGAC-1,diploid,Paratumor,Paratumor,Epithelial_Thyroid,-4.07526581009997,1.27272840380661,0,0.149116143922949,0.835350511277401,GSE184362,PTC10_T,diploid
PTC9_P_ATTCCTATCGCTACGG-1,diploid,Paratumor,Paratumor,Epithelial_Thyroid,-4.74440213228122,1.62163759271117,0.0685132808214285,0.0753646089035714,0.93228486865437,GSE184362,PTC10_T,diploid
PTC9_P_CAGTTAGAGATACATG-1,diploid,Paratumor,Paratumor,Epithelial_Thyroid,-4.33944943417136,1.27134942729979,0,0.235796095145531,0.533574622713426,GSE184362,PTC10_T,diploid
PTC9_P_CCTTGTGGTACTGACT-1,diploid,Paratumor,Paratumor,Epithelial_Thyroid,-2.95277251166251,1.11301692341222,0.0827198580569383,0,1.01361824840179,GSE184362,PTC10_T,diploid
PTC9_P_CCTTTGGCATAATCCG-1,diploid,Paratumor,Paratumor,Epithelial_Thyroid,-4.05134538069061,1.21060573077601,0,0.229104412297843,0.578068148026198,GSE184362,PTC10_T,diploid
PTC9_P_CTCCACATCATGCCGG-1,diploid,Paratumor,Paratumor,Epithelial_Thyroid,-5.02474152956689,1.3612972179212,0,0,0.882479331442716,GSE184362,PTC10_T,diploid
PTC9_P_CTCGAGGCACCAGGTC-1,diploid,Paratumor,Paratumor,Epithelial_Thyroid,-3.31844664014972,0.845033365047724,0,0,0.81861609715015,GSE184362,PTC10_T,diploid
PTC9_P_CTTCCTTCAAGTTTGC-1,diploid,Paratumor,Paratumor,Epithelial_Thyroid,-3.60046807010582,1.1143229306568,0.0349973665636046,0.120832096321201,0.695438490528227,GSE184362,PTC10_T,diploid
PTC9_P_CTTCTCTAGAGGACTC-1,diploid,Paratumor,Paratumor,Epithelial_Thyroid,-3.01329320287252,1.10624463294119,0.107740944676663,0,0.86271478706751,GSE184362,PTC10_T,diploid
PTC9_P_GAGAGGTCACAGTCAT-1,diploid,Paratumor,Paratumor,Epithelial_Thyroid,-4.83585750847758,1.11283595383679,0,0,0.579016716433119,GSE184362,PTC10_T,diploid
PTC9_P_GCGAGAATCATTCATC-1,diploid,Paratumor,Paratumor,Epithelial_Thyroid,-4.71794530689633,1.58516743064485,0.112132794305144,0,0.849371411186478,GSE184362,PTC10_T,diploid
PTC9_P_GGAACCCGTTTACGAC-1,diploid,Paratumor,Paratumor,Epithelial_Thyroid,-5.01566635644565,1.45022887234249,0,0.124867094577686,0.756675588310317,GSE184362,PTC10_T,diploid
PTC9_P_GGAGAACAGACCTCAT-1,aneuploid,Paratumor,Paratumor,Epithelial_Thyroid,-2.98543078382512,0.891089311814207,0,0,1.0336071650199,GSE184362,PTC10_T,aneuploid
PTC9_P_GTAACCAGTGCGAGTA-1,diploid,Paratumor,Paratumor,Epithelial_Thyroid,-3.63552277462861,1.13992614804826,0,0.280189271962445,0.538484503515186,GSE184362,PTC10_T,diploid
PTC9_P_GTAGAAATCCTAAGTG-1,diploid,Paratumor,Paratumor,Epithelial_Thyroid,-0.439298516704509,0.80540206212216,0,0.187818040825782,1.59671130330512,GSE184362,PTC10_T,diploid
PTC9_P_GTGTCCTTCCATTTAC-1,diploid,Paratumor,Paratumor,Epithelial_Thyroid,-2.76226287367261,0.850802903785984,0,0.129967099461141,0.789028096894084,GSE184362,PTC10_T,diploid
PTC9_P_TACTGCCTCCGTAATG-1,aneuploid,Paratumor,Paratumor,Epithelial_Thyroid,-2.75174910333708,1.20550113171384,0.0502148618692979,0.171927692699366,1.02379174286856,GSE184362,PTC10_T,aneuploid
PTC9_P_TAGGTACAGTCTTCCC-1,diploid,Paratumor,Paratumor,Epithelial_Thyroid,-5.2743881828418,1.42516977465083,0,0.0824930699452275,0.697035061127379,GSE184362,PTC10_T,diploid
PTC9_P_TAGGTTGGTATCGTAC-1,diploid,Paratumor,Paratumor,Epithelial_Thyroid,-3.97934061191859,1.27813878513057,0,0.126773920091558,0.932970298731106,GSE184362,PTC10_T,diploid
PTC9_P_TATATCCCACACCGCA-1,diploid,Paratumor,Paratumor,Epithelial_Thyroid,-3.09165781617702,1.19792434142897,0.0704470003981415,0.154983400875911,0.80931183772007,GSE184362,PTC10_T,diploid
PTC9_P_TCACTATAGACGGATC-1,diploid,Paratumor,Paratumor,Epithelial_Thyroid,-3.14546892184454,1.02554305636271,0.0978356511742765,0.107619216291704,0.495379760624862,GSE184362,PTC10_T,diploid
PTC9_P_TCATCCGTCCGCATAA-1,diploid,Paratumor,Paratumor,Epithelial_Thyroid,-5.71792739161545,1.58515927685385,0.0906901306433217,0,0.516000951006159,GSE184362,PTC10_T,diploid
PTC9_P_TGCAGGCAGCGAGAAA-1,diploid,Paratumor,Paratumor,Epithelial_Thyroid,-5.56517146589549,1.10989177406913,0,0,0.259884026965089,GSE184362,PTC10_T,diploid
PTC9_P_TGCGATACAACTAGAA-1,diploid,Paratumor,Paratumor,Epithelial_Thyroid,1.70412356210342,0.625518460462409,0.0745763288783765,0.489809426087033,1.25489545100632,GSE184362,PTC10_T,diploid
PTC9_P_TGCGGCAGTCTCGCGA-1,diploid,Paratumor,Paratumor,Epithelial_Thyroid,-3.01645656211671,0.852832097482408,0,0.0602222611135061,0.831942920847039,GSE184362,PTC10_T,diploid
PTC11_SC_AAAGGGCTCCGACGGT-1,aneuploid,PTC_related,Subcutaneous_metastasis,Epithelial_Thyroid,4.84975836051633,0.309912958465772,0.33888883971605,0.430299315713446,1.04271953556639,GSE184362,PTC11_SC,aneuploid
PTC11_SC_AACCATGGTCTCAGAT-1,aneuploid,PTC_related,Subcutaneous_metastasis,Epithelial_Thyroid,0.159172015527536,0.398207377039236,0,0.210158830634117,1.17613338806875,GSE184362,PTC11_SC,aneuploid
PTC11_SC_AAGACAATCGATACGT-1,aneuploid,PTC_related,Subcutaneous_metastasis,Epithelial_Thyroid,4.23287836871153,0.318149281426432,0.0986682207282556,0.623828692730408,1.4722479215178,GSE184362,PTC11_SC,aneuploid
PTC11_SC_AAGCATCAGCTGTTAC-1,aneuploid,PTC_related,Subcutaneous_metastasis,Epithelial_Thyroid,6.02229451765387,0.197361596134676,0.32636757717184,0.354236528452214,1.59423996002659,GSE184362,PTC11_SC,aneuploid
PTC11_SC_AAGGAATCAGAATTCC-1,aneuploid,PTC_related,Subcutaneous_metastasis,Epithelial_Thyroid,5.29249137956563,0.175644136260994,0.033159488192775,0.796626709327256,1.63760224543493,GSE184362,PTC11_SC,aneuploid
PTC11_SC_AATGGAAAGTAATTGG-1,aneuploid,PTC_related,Subcutaneous_metastasis,Epithelial_Thyroid,2.31003796749654,0.316849169161223,0.0393643271884192,0.444576943153693,1.29579343841684,GSE184362,PTC11_SC,aneuploid
PTC11_SC_AATGGAACAGTAACGG-1,aneuploid,PTC_related,Subcutaneous_metastasis,Epithelial_Thyroid,4.69005411683798,0.0649654262418615,0.153504663553623,0.567526100856364,1.14728725545034,GSE184362,PTC11_SC,aneuploid
PTC11_SC_ACAACCACAGACCCGT-1,aneuploid,PTC_related,Subcutaneous_metastasis,Epithelial_Thyroid,4.07367219482386,0.149840644360172,0.108975014080125,0.405702306775601,1.56301935378717,GSE184362,PTC11_SC,aneuploid
PTC11_SC_ACACAGTAGTGGTGGT-1,aneuploid,PTC_related,Subcutaneous_metastasis,Epithelial_Thyroid,4.55215099715419,0.156863754777587,0.0982271775843963,0.530938222491592,1.56109359675184,GSE184362,PTC11_SC,aneuploid
PTC11_SC_ACACAGTGTCGCATCG-1,aneuploid,PTC_related,Subcutaneous_metastasis,Epithelial_Thyroid,5.36119973634348,0.122517201762384,0.254340918177333,0.258041094242795,1.72826360246073,GSE184362,PTC11_SC,aneuploid
PTC11_SC_ACACAGTGTCGTGTTA-1,aneuploid,PTC_related,Subcutaneous_metastasis,Epithelial_Thyroid,5.96491920019601,0.141665962534743,0.37340032620604,0.290554001683532,1.40476305569985,GSE184362,PTC11_SC,aneuploid
PTC11_SC_ACAGAAAGTTAGGGAC-1,aneuploid,PTC_related,Subcutaneous_metastasis,Epithelial_Thyroid,4.86025343923639,0.233612378616865,0,0.80860718686075,1.66679736674038,GSE184362,PTC11_SC,aneuploid
PTC11_SC_ACATCGAGTCTTGCTC-1,aneuploid,PTC_related,Subcutaneous_metastasis,Epithelial_Thyroid,-0.416290913912947,0.542843609156023,0.107640701868425,0.118404772055268,0.856812706441346,GSE184362,PTC11_SC,aneuploid
PTC11_SC_ACATGCATCGCATTAG-1,aneuploid,PTC_related,Subcutaneous_metastasis,Epithelial_Thyroid,1.16017656866509,0.108553478861701,0,0.277043400528216,1.01585653004358,GSE184362,PTC11_SC,aneuploid
PTC11_SC_ACCTACCAGCAGTCTT-1,aneuploid,PTC_related,Subcutaneous_metastasis,Epithelial_Thyroid,2.73562321376177,0.140700944406858,0,0.415223946063276,1.44917330770853,GSE184362,PTC11_SC,aneuploid
PTC11_SC_ACGATGTAGGAGCTGT-1,aneuploid,PTC_related,Subcutaneous_metastasis,Epithelial_Thyroid,2.72650317229631,0.355510088015136,0.0446344201341588,0.575949253347624,1.22981246831979,GSE184362,PTC11_SC,aneuploid
PTC11_SC_ACGCACGAGCCTCTGG-1,aneuploid,PTC_related,Subcutaneous_metastasis,Epithelial_Thyroid,3.38073829065154,0.207835123205811,0.133374923222184,0.377141179760604,1.30370430904197,GSE184362,PTC11_SC,aneuploid
PTC11_SC_ACGCACGTCGGAACTT-1,aneuploid,PTC_related,Subcutaneous_metastasis,Epithelial_Thyroid,3.67546554609777,0.09597126694983,0,0.571960905139321,1.44948220485641,GSE184362,PTC11_SC,aneuploid
PTC11_SC_ACGGTCGCAAGCTCTA-1,aneuploid,PTC_related,Subcutaneous_metastasis,Epithelial_Thyroid,2.93933532409018,0.245859045878614,0,0.507125444442683,1.50308114005774,GSE184362,PTC11_SC,aneuploid
PTC11_SC_ACGTAGTAGGAACATT-1,aneuploid,PTC_related,Subcutaneous_metastasis,Epithelial_Thyroid,4.49438364983744,0.240419327472191,0.105511337422053,0.648476147599689,1.38055372203128,GSE184362,PTC11_SC,aneuploid
PTC11_SC_ACGTCCTTCCATTTGT-1,aneuploid,PTC_related,Subcutaneous_metastasis,Epithelial_Thyroid,5.08754613016181,0.0587995523166593,0.104941515829403,0.616628472367275,1.4258508944414,GSE184362,PTC11_SC,aneuploid
PTC11_SC_ACTTATCGTGGTGATG-1,aneuploid,PTC_related,Subcutaneous_metastasis,Epithelial_Thyroid,5.40735772607251,0,0,0.917074489111825,1.30848450411117,GSE184362,PTC11_SC,aneuploid
PTC11_SC_ACTTTCATCACTCTTA-1,aneuploid,PTC_related,Subcutaneous_metastasis,Epithelial_Thyroid,0.5329732156255,0.401502185923343,0,0.269626104246047,1.21507373790144,GSE184362,PTC11_SC,aneuploid
PTC11_SC_AGAAATGAGAATCGTA-1,aneuploid,PTC_related,Subcutaneous_metastasis,Epithelial_Thyroid,3.40210192374299,0.112161094945316,0,0.577185300529781,1.34546402764465,GSE184362,PTC11_SC,aneuploid
PTC11_SC_AGAAATGAGTTTAGGA-1,not.defined,PTC_related,Subcutaneous_metastasis,Epithelial_Thyroid,-0.574313139035595,0.141205897434992,0,0,0.911812378335936,GSE184362,PTC11_SC,not.defined
PTC11_SC_AGAAATGTCGGAGATG-1,aneuploid,PTC_related,Subcutaneous_metastasis,Epithelial_Thyroid,5.5304430373439,0.109307471722214,0.313697973082696,0.310034600721256,1.39824474694982,GSE184362,PTC11_SC,aneuploid
PTC11_SC_AGACCCGAGGACGCAT-1,aneuploid,PTC_related,Subcutaneous_metastasis,Epithelial_Thyroid,2.6817910228264,0.407187537534612,0.117167803674349,0.450867740372753,1.22718131893854,GSE184362,PTC11_SC,aneuploid
PTC11_SC_AGATCCAAGGAACTAT-1,aneuploid,PTC_related,Subcutaneous_metastasis,Epithelial_Thyroid,5.138988553499,0.281516304899781,0.234461795793965,0.514371238187064,1.42044279227226,GSE184362,PTC11_SC,aneuploid
PTC11_SC_AGATCGTAGCGGTATG-1,aneuploid,PTC_related,Subcutaneous_metastasis,Epithelial_Thyroid,0.442040312149769,0.355332415318669,0,0.251984488380625,1.14211558664227,GSE184362,PTC11_SC,aneuploid
PTC11_SC_AGCGCCAGTAGCTGTT-1,aneuploid,PTC_related,Subcutaneous_metastasis,Epithelial_Thyroid,4.86568603353808,0.068278154519546,0.0625935801314267,0.695988856404206,1.36829578694939,GSE184362,PTC11_SC,aneuploid
PTC11_SC_AGCTACATCATGGAGG-1,aneuploid,PTC_related,Subcutaneous_metastasis,Epithelial_Thyroid,2.76003837751063,0.285032284351038,0.0779743305710404,0.428858818140722,1.29788181964717,GSE184362,PTC11_SC,aneuploid
PTC11_SC_AGGAATAAGGCATCTT-1,aneuploid,PTC_related,Subcutaneous_metastasis,Epithelial_Thyroid,4.22632763511527,0.277542834179059,0.126382345757403,0.495203151200571,1.55545049149379,GSE184362,PTC11_SC,aneuploid
PTC11_SC_AGGAGGTTCCTAGCTC-1,aneuploid,PTC_related,Subcutaneous_metastasis,Epithelial_Thyroid,2.85915827890245,0.333541367400136,0.0771658707491821,0.514892508545854,1.23517565092002,GSE184362,PTC11_SC,aneuploid
PTC11_SC_AGGTCATTCCTTACCG-1,aneuploid,PTC_related,Subcutaneous_metastasis,Epithelial_Thyroid,3.93518276461116,0.387220790481308,0.222612127660252,0.431401583270794,1.29685232089804,GSE184362,PTC11_SC,aneuploid
PTC11_SC_AGGTTACCATCATGAC-1,aneuploid,PTC_related,Subcutaneous_metastasis,Epithelial_Thyroid,6.9566928224069,0.146526686548387,0.284172967851418,0.701009869246574,1.36839932243714,GSE184362,PTC11_SC,aneuploid
PTC11_SC_AGTCTCCTCATTTCCA-1,aneuploid,PTC_related,Subcutaneous_metastasis,Epithelial_Thyroid,3.91299125392413,0.173357499801507,0.114908929015891,0.538223027116074,1.21914577862514,GSE184362,PTC11_SC,aneuploid
PTC11_SC_ATCACAGTCATTGTTC-1,aneuploid,PTC_related,Subcutaneous_metastasis,Epithelial_Thyroid,2.48834572469685,0.11381209667675,0,0.497212085240973,1.12521889102669,GSE184362,PTC11_SC,aneuploid
PTC11_SC_ATCACTTAGCAAGTGC-1,aneuploid,PTC_related,Subcutaneous_metastasis,Epithelial_Thyroid,4.13410618733808,0.27951236229929,0.206242027290571,0.333079727603513,1.5011999578175,GSE184362,PTC11_SC,aneuploid
PTC11_SC_ATCGATGAGTATTAGG-1,aneuploid,PTC_related,Subcutaneous_metastasis,Epithelial_Thyroid,4.31023043079578,0.299103046533097,0.251644990301801,0.263617383789321,1.54890333555514,GSE184362,PTC11_SC,aneuploid
PTC11_SC_ATGCCTCAGCCGTTAT-1,aneuploid,PTC_related,Subcutaneous_metastasis,Epithelial_Thyroid,3.76430471034861,0.0696356222046038,0.0748534491809479,0.400704568239723,1.47191103639412,GSE184362,PTC11_SC,aneuploid
PTC11_SC_ATTCCCGTCGTGTTCC-1,aneuploid,PTC_related,Subcutaneous_metastasis,Epithelial_Thyroid,2.81090430572245,0.0619005234037228,0,0.345893053524779,1.50808536043703,GSE184362,PTC11_SC,aneuploid
PTC11_SC_ATTTCACCACCTCGTT-1,aneuploid,PTC_related,Subcutaneous_metastasis,Epithelial_Thyroid,5.53508389295882,0.0463851658959091,0,0.851844948891501,1.57517728357131,GSE184362,PTC11_SC,aneuploid
PTC11_SC_ATTTCTGAGCTCAGAG-1,aneuploid,PTC_related,Subcutaneous_metastasis,Epithelial_Thyroid,4.85420624689317,0.0628020794312161,0.0566954732617174,0.617896911022647,1.54909828052081,GSE184362,PTC11_SC,aneuploid
PTC11_SC_CAACGATAGATTGACA-1,aneuploid,PTC_related,Subcutaneous_metastasis,Epithelial_Thyroid,3.87723749423512,0.444278458168364,0.311018538622005,0.261891540762156,1.31951104941644,GSE184362,PTC11_SC,aneuploid
PTC11_SC_CAAGCTACACGTAACT-1,aneuploid,PTC_related,Subcutaneous_metastasis,Epithelial_Thyroid,4.35733329167915,0.142616953719938,0,0.646292956449237,1.65661735442839,GSE184362,PTC11_SC,aneuploid
PTC11_SC_CACTGAAAGTGGGAAA-1,aneuploid,PTC_related,Subcutaneous_metastasis,Epithelial_Thyroid,4.00476615825954,0.18701574870943,0.0666082730957294,0.49163920480095,1.60034380586231,GSE184362,PTC11_SC,aneuploid
PTC11_SC_CAGATTGCAAAGCAAT-1,aneuploid,PTC_related,Subcutaneous_metastasis,Epithelial_Thyroid,1.76594726475574,0.224285559053063,0,0.323765118281211,1.35635078617846,GSE184362,PTC11_SC,aneuploid
PTC11_SC_CAGTTAGAGATACGAT-1,aneuploid,PTC_related,Subcutaneous_metastasis,Epithelial_Thyroid,4.16043364410864,0.27178179156171,0.0642802483522208,0.58218851836062,1.61546819025858,GSE184362,PTC11_SC,aneuploid
PTC11_SC_CATAAGCTCCCAAGCG-1,aneuploid,PTC_related,Subcutaneous_metastasis,Epithelial_Thyroid,4.40351401305993,0.291382501819141,0.149583390838935,0.63665819909676,1.24429158249754,GSE184362,PTC11_SC,aneuploid
PTC11_SC_CATGCGGTCCGCACTT-1,not.defined,PTC_related,Subcutaneous_metastasis,Epithelial_Thyroid,2.66533046693027,0.189651254135204,0.184332916866341,0.530544311438163,0.40553241710595,GSE184362,PTC11_SC,not.defined
PTC11_SC_CATGCTCAGCTCCACG-1,aneuploid,PTC_related,Subcutaneous_metastasis,Epithelial_Thyroid,4.98841812270102,0.132007806870398,0.0797872460971495,0.571427823499347,1.70826068238041,GSE184362,PTC11_SC,aneuploid
PTC11_SC_CCACAAACACATACTG-1,aneuploid,PTC_related,Subcutaneous_metastasis,Epithelial_Thyroid,4.22614241656097,0.158662078526281,0.100150772804105,0.516507331076547,1.44539082981636,GSE184362,PTC11_SC,aneuploid
PTC11_SC_CCATAAGTCGGTTGTA-1,aneuploid,PTC_related,Subcutaneous_metastasis,Epithelial_Thyroid,5.49681873922486,0.088942696844019,0,0.903087212244771,1.51483162984887,GSE184362,PTC11_SC,aneuploid
PTC11_SC_CCCTCAAAGGACGCTA-1,aneuploid,PTC_related,Subcutaneous_metastasis,Epithelial_Thyroid,2.50016693220914,0.461226050369623,0.147038980790554,0.28673419405007,1.44771355866585,GSE184362,PTC11_SC,aneuploid
PTC11_SC_CCCTCAACAACACGAG-1,aneuploid,PTC_related,Subcutaneous_metastasis,Epithelial_Thyroid,0.877923477665424,0.431918228832101,0,0.363444214786515,1.20999979026019,GSE184362,PTC11_SC,aneuploid
PTC11_SC_CCGATCTAGCGTTGTT-1,aneuploid,PTC_related,Subcutaneous_metastasis,Epithelial_Thyroid,5.45445020392268,0.217587294090805,0.179695024770645,0.529751044742909,1.67471728607408,GSE184362,PTC11_SC,aneuploid
PTC11_SC_CCTATCGTCCACTTCG-1,aneuploid,PTC_related,Subcutaneous_metastasis,Epithelial_Thyroid,3.9913769929106,0,0,0.519959648113637,1.5484574341659,GSE184362,PTC11_SC,aneuploid
PTC11_SC_CCTCACACACGCTATA-1,aneuploid,PTC_related,Subcutaneous_metastasis,Epithelial_Thyroid,4.98934290309945,0.228990911081078,0.160537497157698,0.532286564415341,1.57386036863122,GSE184362,PTC11_SC,aneuploid
PTC11_SC_CCTCAGTGTGATTCTG-1,aneuploid,PTC_related,Subcutaneous_metastasis,Epithelial_Thyroid,3.60692998321959,0.179970801172491,0.119654320555879,0.37355323791929,1.4284651574348,GSE184362,PTC11_SC,aneuploid
PTC11_SC_CCTCATGAGAGTACCG-1,aneuploid,PTC_related,Subcutaneous_metastasis,Epithelial_Thyroid,2.67231898810885,0.280213914618012,0,0.458806545896073,1.54464655495246,GSE184362,PTC11_SC,aneuploid
PTC11_SC_CGAGGAAAGAGTGACC-1,aneuploid,PTC_related,Subcutaneous_metastasis,Epithelial_Thyroid,3.00942962211009,0.167297282902702,0.0682652470801376,0.354482851740468,1.42673502518441,GSE184362,PTC11_SC,aneuploid
PTC11_SC_CGCATGGTCGGAAACG-1,aneuploid,PTC_related,Subcutaneous_metastasis,Epithelial_Thyroid,2.01453509338124,0.0854908044082952,0,0.245415184105342,1.4163881652346,GSE184362,PTC11_SC,aneuploid
PTC11_SC_CGCCATTAGATCCCGC-1,aneuploid,PTC_related,Subcutaneous_metastasis,Epithelial_Thyroid,0.9392124543809,0.415605244321703,0,0.333472134234362,1.2753698896783,GSE184362,PTC11_SC,aneuploid
PTC11_SC_CGCGTGACAAGTGGCA-1,aneuploid,PTC_related,Subcutaneous_metastasis,Epithelial_Thyroid,4.11756136574027,0.229931838197187,0,0.677851469599174,1.62086550268837,GSE184362,PTC11_SC,aneuploid
PTC11_SC_CGCGTGATCTTAGTTC-1,aneuploid,PTC_related,Subcutaneous_metastasis,Epithelial_Thyroid,4.8560102398963,0.155543620251739,0.150830177213807,0.577513026130764,1.35002185378525,GSE184362,PTC11_SC,aneuploid
PTC11_SC_CGGAACCTCTTCTGGC-1,aneuploid,PTC_related,Subcutaneous_metastasis,Epithelial_Thyroid,3.29001330920116,0.331397928788401,0.075992641686814,0.491047955370097,1.47413436492442,GSE184362,PTC11_SC,aneuploid
PTC11_SC_CGGCAGTAGCATCAAA-1,aneuploid,PTC_related,Subcutaneous_metastasis,Epithelial_Thyroid,1.34706957105322,0.438908057804886,0.0660594035836365,0.186969581785939,1.49944856921574,GSE184362,PTC11_SC,aneuploid
PTC11_SC_CGTGAATAGATAGGGA-1,aneuploid,PTC_related,Subcutaneous_metastasis,Epithelial_Thyroid,1.33251773198819,0.381761275658442,0,0.404306965183531,1.240832730888,GSE184362,PTC11_SC,aneuploid
PTC11_SC_CGTGTCTTCTCTCCGA-1,aneuploid,PTC_related,Subcutaneous_metastasis,Epithelial_Thyroid,4.55589086449412,0.138176266257238,0.289553140682129,0.243897953118747,1.27460715854353,GSE184362,PTC11_SC,aneuploid
PTC11_SC_CGTTCTGCAAGAATAC-1,aneuploid,PTC_related,Subcutaneous_metastasis,Epithelial_Thyroid,5.82958815062764,0.348383153364837,0.195654432808069,0.785209304321108,1.41899542918451,GSE184362,PTC11_SC,aneuploid
PTC11_SC_CTAAGTGGTCGAATGG-1,aneuploid,PTC_related,Subcutaneous_metastasis,Epithelial_Thyroid,4.29907709398259,0.190188494381883,0.165617254779346,0.445647292307546,1.37841288526354,GSE184362,PTC11_SC,aneuploid
PTC11_SC_CTACTATCAGACTCTA-1,aneuploid,PTC_related,Subcutaneous_metastasis,Epithelial_Thyroid,1.3712331861537,0.41266285993005,0,0.326442671898507,1.47221159881129,GSE184362,PTC11_SC,aneuploid
PTC11_SC_CTCAAGAGTGTAGTGG-1,aneuploid,PTC_related,Subcutaneous_metastasis,Epithelial_Thyroid,6.51266573864869,0.315296738562959,0.389305513252787,0.484566848267287,1.42173374863121,GSE184362,PTC11_SC,aneuploid
PTC11_SC_CTCAGAACAATGGCAG-1,aneuploid,PTC_related,Subcutaneous_metastasis,Epithelial_Thyroid,4.00196685210948,0.198270419090073,0.0607865713604008,0.492611197746811,1.64108672000931,GSE184362,PTC11_SC,aneuploid
PTC11_SC_CTCAGTCGTGACTCGC-1,aneuploid,PTC_related,Subcutaneous_metastasis,Epithelial_Thyroid,4.51034159718263,0.314416030555915,0.332630387491473,0.229908108971567,1.3611772729485,GSE184362,PTC11_SC,aneuploid
PTC11_SC_CTCCATGAGGTAGCAC-1,aneuploid,PTC_related,Subcutaneous_metastasis,Epithelial_Thyroid,5.50123907510626,0.187483326670018,0.123506997829281,0.677352127405752,1.58875189163507,GSE184362,PTC11_SC,aneuploid
PTC11_SC_CTCCTCCGTCGAGTGA-1,aneuploid,PTC_related,Subcutaneous_metastasis,Epithelial_Thyroid,4.91545981543828,0.186082043766068,0.124713798871022,0.618811392895991,1.45381559922238,GSE184362,PTC11_SC,aneuploid
PTC11_SC_CTGATCCTCTACCACC-1,aneuploid,PTC_related,Subcutaneous_metastasis,Epithelial_Thyroid,4.53513261030339,0.187369930304566,0.243468080278452,0.178543258870865,1.69241085521546,GSE184362,PTC11_SC,aneuploid
PTC11_SC_CTGCAGGTCCTACGAA-1,aneuploid,PTC_related,Subcutaneous_metastasis,Epithelial_Thyroid,4.58287142713246,0.4547873501757,0.215532115024764,0.541085939320497,1.47826819101778,GSE184362,PTC11_SC,aneuploid
PTC11_SC_CTGGACGAGACCCGCT-1,aneuploid,PTC_related,Subcutaneous_metastasis,Epithelial_Thyroid,5.60456728768141,0.148874539749443,0.180637462170773,0.535894955395446,1.61554480431182,GSE184362,PTC11_SC,aneuploid
PTC11_SC_CTGGACGCATAGGCGA-1,aneuploid,PTC_related,Subcutaneous_metastasis,Epithelial_Thyroid,5.07577022379678,0.249562759492979,0.0510805374586992,0.785702615163329,1.60017570787027,GSE184362,PTC11_SC,aneuploid
PTC11_SC_CTGTATTCACACGGAA-1,aneuploid,PTC_related,Subcutaneous_metastasis,Epithelial_Thyroid,5.13032075127993,0.16495804954897,0.189062870494072,0.409483796254309,1.66822192382035,GSE184362,PTC11_SC,aneuploid
PTC11_SC_CTTGAGATCAGTGTCA-1,aneuploid,PTC_related,Subcutaneous_metastasis,Epithelial_Thyroid,-0.183399710479398,0.533812039009578,0.0746160880915671,0.126540536191054,1.07671421671823,GSE184362,PTC11_SC,aneuploid
PTC11_SC_CTTGATTGTCCACACG-1,aneuploid,PTC_related,Subcutaneous_metastasis,Epithelial_Thyroid,5.14028825044123,0.172327355444424,0.143849565676777,0.605538148746746,1.47049413434599,GSE184362,PTC11_SC,aneuploid
PTC11_SC_GAACGTTCATCTGCGG-1,aneuploid,PTC_related,Subcutaneous_metastasis,Epithelial_Thyroid,2.19009132908972,0.217427484523531,0,0.429316749691269,1.30255133784741,GSE184362,PTC11_SC,aneuploid
PTC11_SC_GAAGAATCAGCATACT-1,aneuploid,PTC_related,Subcutaneous_metastasis,Epithelial_Thyroid,4.42071127517004,0.191758677432684,0.0436011135283186,0.658730539856556,1.53425410886744,GSE184362,PTC11_SC,aneuploid
PTC11_SC_GAATCGTCAACTTCTT-1,aneuploid,PTC_related,Subcutaneous_metastasis,Epithelial_Thyroid,7.00785278745042,0.255995007489136,0.365213743254886,0.560587271711331,1.4906527574112,GSE184362,PTC11_SC,aneuploid
PTC11_SC_GACCCAGCACCTGTCT-1,aneuploid,PTC_related,Subcutaneous_metastasis,Epithelial_Thyroid,3.87740528903871,0.292842361561879,0,0.691962904293472,1.58451514171116,GSE184362,PTC11_SC,aneuploid
PTC11_SC_GACCGTGCAGGGAGAG-1,aneuploid,PTC_related,Subcutaneous_metastasis,Epithelial_Thyroid,5.01493619715612,0.17499373787891,0,1.02287717029989,1.18367920877965,GSE184362,PTC11_SC,aneuploid
PTC11_SC_GACGTTACACAGCGCT-1,aneuploid,PTC_related,Subcutaneous_metastasis,Epithelial_Thyroid,4.37358495342084,0.100996607121821,0.0562140251702361,0.600338633249872,1.44078159189745,GSE184362,PTC11_SC,aneuploid
PTC11_SC_GAGGCAAGTCAGTCTA-1,aneuploid,PTC_related,Subcutaneous_metastasis,Epithelial_Thyroid,4.13278917913846,0.22239943153049,0.0725843872810921,0.663999907594129,1.31384022198132,GSE184362,PTC11_SC,aneuploid
PTC11_SC_GAGGGATCAACCCGCA-1,aneuploid,PTC_related,Subcutaneous_metastasis,Epithelial_Thyroid,4.44016445369044,0.150492120450927,0.0609157561969634,0.554960817297481,1.62191204175977,GSE184362,PTC11_SC,aneuploid
PTC11_SC_GAGGGATCAGATCACT-1,aneuploid,PTC_related,Subcutaneous_metastasis,Epithelial_Thyroid,3.90242632755444,0.216827213034493,0.0679637672772855,0.517590633710101,1.5406009709783,GSE184362,PTC11_SC,aneuploid
PTC11_SC_GAGGGATGTAGCTGTT-1,aneuploid,PTC_related,Subcutaneous_metastasis,Epithelial_Thyroid,6.32553976667583,0.157917371654496,0.222865060892802,0.629971542489317,1.54607793952423,GSE184362,PTC11_SC,aneuploid
PTC11_SC_GAGTGAGGTCGTTATG-1,aneuploid,PTC_related,Subcutaneous_metastasis,Epithelial_Thyroid,4.33119435713201,0.378972211729874,0.225673575839958,0.386757974894076,1.53653469087971,GSE184362,PTC11_SC,aneuploid
PTC11_SC_GAGTTACAGTACAGAT-1,aneuploid,PTC_related,Subcutaneous_metastasis,Epithelial_Thyroid,4.46381213127841,0.252293138173138,0.0617493735026482,0.709352673061543,1.45527400662252,GSE184362,PTC11_SC,aneuploid
PTC11_SC_GATCACAGTATTTCGG-1,aneuploid,PTC_related,Subcutaneous_metastasis,Epithelial_Thyroid,4.80680322396633,0.368703584518244,0.206421081744367,0.65044288835663,1.24884160516122,GSE184362,PTC11_SC,aneuploid
PTC11_SC_GATCACATCGACGTCG-1,aneuploid,PTC_related,Subcutaneous_metastasis,Epithelial_Thyroid,6.58575697961969,0,0.246404081421689,0.549564356270191,1.47837591184631,GSE184362,PTC11_SC,aneuploid
PTC11_SC_GATGAGGGTTTAGACC-1,aneuploid,PTC_related,Subcutaneous_metastasis,Epithelial_Thyroid,3.35330444113696,0.231317659041441,0.0368574343229431,0.499460219448042,1.50714783988318,GSE184362,PTC11_SC,aneuploid
PTC11_SC_GATTCTTAGGTTGAGC-1,aneuploid,PTC_related,Subcutaneous_metastasis,Epithelial_Thyroid,4.01761348373241,0.175809536720371,0.128126161705817,0.344652153753825,1.62236670252397,GSE184362,PTC11_SC,aneuploid
PTC11_SC_GCACGGTTCTACCCAC-1,aneuploid,PTC_related,Subcutaneous_metastasis,Epithelial_Thyroid,2.64859804529243,0.359852853455454,0,0.351780113326899,1.88707496341381,GSE184362,PTC11_SC,aneuploid
PTC11_SC_GCCAGTGTCGTGGGTC-1,aneuploid,PTC_related,Subcutaneous_metastasis,Epithelial_Thyroid,6.22332774231062,0.380475092902267,0.347039911365618,0.439524044241602,1.68749465648489,GSE184362,PTC11_SC,aneuploid
PTC11_SC_GCGGAAAAGCATACTC-1,aneuploid,PTC_related,Subcutaneous_metastasis,Epithelial_Thyroid,3.01730657894882,0.270915560545346,0.117876372728152,0.276440737499655,1.53120569434271,GSE184362,PTC11_SC,aneuploid
PTC11_SC_GCGTTTCAGTCACTGT-1,aneuploid,PTC_related,Subcutaneous_metastasis,Epithelial_Thyroid,4.19082668781127,0.13977414148966,0.165568445529344,0.225099423489854,1.72630898625457,GSE184362,PTC11_SC,aneuploid
PTC11_SC_GCTTGGGTCGATTCCC-1,aneuploid,PTC_related,Subcutaneous_metastasis,Epithelial_Thyroid,2.41991020785968,0.239230224195688,0.0686271420962701,0.387005352082465,1.21257917777179,GSE184362,PTC11_SC,aneuploid
PTC11_SC_GCTTTCGTCAAGGTGG-1,aneuploid,PTC_related,Subcutaneous_metastasis,Epithelial_Thyroid,3.92614067773816,0.176513850895906,0.0447352644748606,0.514107178896281,1.60195379054826,GSE184362,PTC11_SC,aneuploid
PTC11_SC_GGGACTCGTAAGCTCT-1,aneuploid,PTC_related,Subcutaneous_metastasis,Epithelial_Thyroid,3.37716193854918,0.136957660045465,0.122658866697414,0.295136581759453,1.41698389068935,GSE184362,PTC11_SC,aneuploid
PTC11_SC_GGGACTCTCACTGGTA-1,aneuploid,PTC_related,Subcutaneous_metastasis,Epithelial_Thyroid,4.29383596748772,0.074853212554306,0,0.561856948760939,1.70512856801409,GSE184362,PTC11_SC,aneuploid
PTC11_SC_GGGTGTCAGTAATACG-1,aneuploid,PTC_related,Subcutaneous_metastasis,Epithelial_Thyroid,6.00957748376566,0.311086329751616,0,1.11513566478471,1.62589562591905,GSE184362,PTC11_SC,aneuploid
PTC11_SC_GGGTTTATCTTCTTCC-1,aneuploid,PTC_related,Subcutaneous_metastasis,Epithelial_Thyroid,2.08746267999095,0.37444570545634,0.116813920395981,0.315599319601867,1.21150277523724,GSE184362,PTC11_SC,aneuploid
PTC11_SC_GTAACACCAGAGTTCT-1,aneuploid,PTC_related,Subcutaneous_metastasis,Epithelial_Thyroid,4.87431364099152,0,0,0.748402162385258,1.43990821735598,GSE184362,PTC11_SC,aneuploid
PTC11_SC_GTAACCATCTGTTGGA-1,aneuploid,PTC_related,Subcutaneous_metastasis,Epithelial_Thyroid,2.3041273840185,0.323789952942941,0,0.685627002300705,0.967440214032479,GSE184362,PTC11_SC,aneuploid
PTC11_SC_GTAATCGAGCGTATGG-1,aneuploid,PTC_related,Subcutaneous_metastasis,Epithelial_Thyroid,6.84797908699717,0.0663383122703043,0.176090234720958,0.834594281144824,1.40487261836714,GSE184362,PTC11_SC,aneuploid
PTC11_SC_GTACAACCACGGTGCT-1,aneuploid,PTC_related,Subcutaneous_metastasis,Epithelial_Thyroid,4.22244186049071,0.199931674664834,0.150300773297363,0.380076441293427,1.57089479994772,GSE184362,PTC11_SC,aneuploid
PTC11_SC_GTAGGAGAGGTCACAG-1,aneuploid,PTC_related,Subcutaneous_metastasis,Epithelial_Thyroid,2.30881110279444,0.228312688274874,0,0.451568239409361,1.32295389978563,GSE184362,PTC11_SC,aneuploid
PTC11_SC_GTATTGGCAGGCCTGT-1,aneuploid,PTC_related,Subcutaneous_metastasis,Epithelial_Thyroid,3.61068625241155,0.303260405857131,0.101470533892009,0.544221250782419,1.33855120099412,GSE184362,PTC11_SC,aneuploid
PTC11_SC_GTCAAACCAAGCCATT-1,aneuploid,PTC_related,Subcutaneous_metastasis,Epithelial_Thyroid,5.43516659623139,0.153804760972,0.171287995759335,0.406069109843809,1.87094867528699,GSE184362,PTC11_SC,aneuploid
PTC11_SC_GTCACTCCAAGCGAGT-1,aneuploid,PTC_related,Subcutaneous_metastasis,Epithelial_Thyroid,0.972240130544212,0.219417099688504,0,0.351067359501606,0.947974147158046,GSE184362,PTC11_SC,aneuploid
PTC11_SC_GTCAGCGTCCGGCTTT-1,aneuploid,PTC_related,Subcutaneous_metastasis,Epithelial_Thyroid,1.63282360322581,0.46135270787454,0,0.361572555770925,1.58521856975284,GSE184362,PTC11_SC,aneuploid
PTC11_SC_GTCTTTAGTCTTTCAT-1,aneuploid,PTC_related,Subcutaneous_metastasis,Epithelial_Thyroid,1.6105435829427,0.296173857575694,0.0414728522835043,0.380203170206195,1.09032471482265,GSE184362,PTC11_SC,aneuploid
PTC11_SC_GTGATGTCAGCTACAT-1,aneuploid,PTC_related,Subcutaneous_metastasis,Epithelial_Thyroid,2.8975516955489,0.298112474116382,0,0.544235097476772,1.4865150623139,GSE184362,PTC11_SC,aneuploid
PTC11_SC_GTGGAAGCAGACCGCT-1,aneuploid,PTC_related,Subcutaneous_metastasis,Epithelial_Thyroid,5.2113605476017,0.320867694896402,0.319447539605994,0.443595184204067,1.27599267555186,GSE184362,PTC11_SC,aneuploid
PTC11_SC_GTGGTTACAGCTACTA-1,aneuploid,PTC_related,Subcutaneous_metastasis,Epithelial_Thyroid,2.51959633337631,0.173955127676599,0,0.521401156973923,1.18005658241403,GSE184362,PTC11_SC,aneuploid
PTC11_SC_GTTACCCCAAGATCCT-1,aneuploid,PTC_related,Subcutaneous_metastasis,Epithelial_Thyroid,5.21023819868091,0.2240580332758,0.0926761634362106,0.857545314218261,1.27472911553485,GSE184362,PTC11_SC,aneuploid
PTC11_SC_GTTGTCCTCTTTGCGC-1,aneuploid,PTC_related,Subcutaneous_metastasis,Epithelial_Thyroid,-0.0273097042342918,0.51396234549059,0,0.257104360807733,1.17446534180167,GSE184362,PTC11_SC,aneuploid
PTC11_SC_TAACGACCACGTCTCT-1,aneuploid,PTC_related,Subcutaneous_metastasis,Epithelial_Thyroid,2.77583775296898,0.253734187884002,0.19513996396683,0.107326980181757,1.40974630543433,GSE184362,PTC11_SC,aneuploid
PTC11_SC_TAATTCCTCGAAATCC-1,aneuploid,PTC_related,Subcutaneous_metastasis,Epithelial_Thyroid,4.12558874638546,0.337632821134099,0,0.757008015554706,1.6216121424089,GSE184362,PTC11_SC,aneuploid
PTC11_SC_TACACCCAGGGAACAA-1,aneuploid,PTC_related,Subcutaneous_metastasis,Epithelial_Thyroid,3.2610456993424,0.0608497234173759,0,0.445782557142844,1.48662595018895,GSE184362,PTC11_SC,aneuploid
PTC11_SC_TAGACTGAGGGTATAT-1,aneuploid,PTC_related,Subcutaneous_metastasis,Epithelial_Thyroid,4.1978367983045,0.284198360491768,0.0852505391538329,0.721883567435225,1.255773943758,GSE184362,PTC11_SC,aneuploid
PTC11_SC_TAGGTACGTCGCGGTT-1,aneuploid,PTC_related,Subcutaneous_metastasis,Epithelial_Thyroid,3.52160164738835,0.223652277309149,0.0855398360389303,0.505713964649491,1.33206326816629,GSE184362,PTC11_SC,aneuploid
PTC11_SC_TATCAGGTCTCCGCAT-1,aneuploid,PTC_related,Subcutaneous_metastasis,Epithelial_Thyroid,4.59670279439652,0.233550233722915,0.0479413568833819,0.696366295089355,1.57445648628342,GSE184362,PTC11_SC,aneuploid
PTC11_SC_TATCCTAAGCGTACAG-1,aneuploid,PTC_related,Subcutaneous_metastasis,Epithelial_Thyroid,2.18114904446863,0.286128258194704,0,0.511645409789597,1.22876129569317,GSE184362,PTC11_SC,aneuploid
PTC11_SC_TATGTTCGTATCGCTA-1,aneuploid,PTC_related,Subcutaneous_metastasis,Epithelial_Thyroid,4.32144199714321,0.376759632099116,0.219223417455548,0.504537522912267,1.30605381303172,GSE184362,PTC11_SC,aneuploid
PTC11_SC_TATGTTCGTCGAATTC-1,aneuploid,PTC_related,Subcutaneous_metastasis,Epithelial_Thyroid,2.4179315583406,0.281055141657101,0,0.545415764134764,1.25068722797346,GSE184362,PTC11_SC,aneuploid
PTC11_SC_TATGTTCTCCATTTAC-1,aneuploid,PTC_related,Subcutaneous_metastasis,Epithelial_Thyroid,4.44042514255465,0.380622011994337,0.164969578370734,0.474650637728289,1.67523867885061,GSE184362,PTC11_SC,aneuploid
PTC11_SC_TATTGGGCAACCCTAA-1,aneuploid,PTC_related,Subcutaneous_metastasis,Epithelial_Thyroid,4.33078362799749,0.201187209819047,0.0640301674679855,0.560931478333657,1.62625495295775,GSE184362,PTC11_SC,aneuploid
PTC11_SC_TCAAGCATCAGAGCAG-1,aneuploid,PTC_related,Subcutaneous_metastasis,Epithelial_Thyroid,4.34058088011112,0.334436370784269,0.250436084571397,0.44997958141569,1.22302266643015,GSE184362,PTC11_SC,aneuploid
PTC11_SC_TCACTCGAGGTAGCAC-1,aneuploid,PTC_related,Subcutaneous_metastasis,Epithelial_Thyroid,2.44277045592466,0.376923072237596,0.0519560413127782,0.405027625090024,1.47331506500641,GSE184362,PTC11_SC,aneuploid
PTC11_SC_TCAGGTACACGCTGTG-1,aneuploid,PTC_related,Subcutaneous_metastasis,Epithelial_Thyroid,4.78710023916792,0.109826073865574,0.107696112570206,0.412139109185977,1.80079876153738,GSE184362,PTC11_SC,aneuploid
PTC11_SC_TCAGGTAGTTCGGTCG-1,aneuploid,PTC_related,Subcutaneous_metastasis,Epithelial_Thyroid,5.81337903915359,0.153845313779615,0.261429317121288,0.446617708914584,1.53547356618424,GSE184362,PTC11_SC,aneuploid
PTC11_SC_TCATTGTGTGGCTACC-1,aneuploid,PTC_related,Subcutaneous_metastasis,Epithelial_Thyroid,4.5934482330584,0.295838138245604,0.0266265502505682,0.730845595774799,1.69306530402793,GSE184362,PTC11_SC,aneuploid
PTC11_SC_TCCACCAGTCACTTCC-1,aneuploid,PTC_related,Subcutaneous_metastasis,Epithelial_Thyroid,1.49209016756438,0.408113950231453,0,0.499271142323461,1.14705027486315,GSE184362,PTC11_SC,aneuploid
PTC11_SC_TCCCATGAGCCGCACT-1,aneuploid,PTC_related,Subcutaneous_metastasis,Epithelial_Thyroid,4.73876864616698,0.151473582336486,0.194177793670885,0.510078083254317,1.23957892387181,GSE184362,PTC11_SC,aneuploid
PTC11_SC_TCCGTGTTCCGAAATC-1,aneuploid,PTC_related,Subcutaneous_metastasis,Epithelial_Thyroid,3.77950031058312,0.361663706535578,0.110449925347341,0.453145181190924,1.65593356416505,GSE184362,PTC11_SC,aneuploid
PTC11_SC_TCCTCGACAACTTGCA-1,aneuploid,PTC_related,Subcutaneous_metastasis,Epithelial_Thyroid,5.78566836208966,0.0883208145456227,0.213559990736788,0.57143415514425,1.37330577628606,GSE184362,PTC11_SC,aneuploid
PTC11_SC_TCGAAGTAGAGTACCG-1,aneuploid,PTC_related,Subcutaneous_metastasis,Epithelial_Thyroid,4.69592037148685,0.166991586543547,0.0620815081063191,0.65176173962452,1.54509023131513,GSE184362,PTC11_SC,aneuploid
PTC11_SC_TCGACCTTCGCGCCAA-1,aneuploid,PTC_related,Subcutaneous_metastasis,Epithelial_Thyroid,5.01451388740818,0.346779874277421,0.213893817675542,0.383807447952413,1.84152883200259,GSE184362,PTC11_SC,aneuploid
PTC11_SC_TCGGATAAGATACAGT-1,aneuploid,PTC_related,Subcutaneous_metastasis,Epithelial_Thyroid,3.50323120154538,0.261441590664306,0,0.616309085132255,1.53654598825113,GSE184362,PTC11_SC,aneuploid
PTC11_SC_TCGGTCTTCGACATTG-1,aneuploid,PTC_related,Subcutaneous_metastasis,Epithelial_Thyroid,3.91267765873353,0.216821009465069,0.242977855048868,0.132942393622445,1.56948626027227,GSE184362,PTC11_SC,aneuploid
PTC11_SC_TCGTGCTAGGCCGCTT-1,aneuploid,PTC_related,Subcutaneous_metastasis,Epithelial_Thyroid,3.10323634902804,0.549746275615195,0.153178636764508,0.476058969104604,1.41134362569563,GSE184362,PTC11_SC,aneuploid
PTC11_SC_TCGTGGGAGGAATCGC-1,aneuploid,PTC_related,Subcutaneous_metastasis,Epithelial_Thyroid,4.0638400029558,0.313265470691641,0.0772563703993356,0.636357273406446,1.46275041911036,GSE184362,PTC11_SC,aneuploid
PTC11_SC_TCTTTGAAGGGTGGGA-1,aneuploid,PTC_related,Subcutaneous_metastasis,Epithelial_Thyroid,3.9177047144435,0.133193540329752,0,0.748044882716537,1.23441667988691,GSE184362,PTC11_SC,aneuploid
PTC11_SC_TGAATCGGTTCGTGCG-1,aneuploid,PTC_related,Subcutaneous_metastasis,Epithelial_Thyroid,1.42930632649757,0.181214235128016,0,0.289942776204826,1.21687615805899,GSE184362,PTC11_SC,aneuploid
PTC11_SC_TGAATGCAGTGGCGAT-1,aneuploid,PTC_related,Subcutaneous_metastasis,Epithelial_Thyroid,4.01190246873768,0.150990477568713,0,0.578348086744001,1.66615239431852,GSE184362,PTC11_SC,aneuploid
PTC11_SC_TGAGACTTCCCGAGAC-1,aneuploid,PTC_related,Subcutaneous_metastasis,Epithelial_Thyroid,0.977100183727452,0.422680484673632,0.0609072837525828,0.202131946736472,1.30578615773189,GSE184362,PTC11_SC,aneuploid
PTC11_SC_TGAGGTTAGTAAGACT-1,aneuploid,PTC_related,Subcutaneous_metastasis,Epithelial_Thyroid,4.72295790967883,0.198224347280791,0.0819773953085743,0.613614202771064,1.59596869579678,GSE184362,PTC11_SC,aneuploid
PTC11_SC_TGATCTTCAGGATGAC-1,aneuploid,PTC_related,Subcutaneous_metastasis,Epithelial_Thyroid,4.15071179181269,0.0737262987737461,0.0812344412241147,0.374011723363969,1.67294732511987,GSE184362,PTC11_SC,aneuploid
PTC11_SC_TGCAGTATCTTGTGCC-1,aneuploid,PTC_related,Subcutaneous_metastasis,Epithelial_Thyroid,0.541975034911487,0.284075575387998,0.071454543877171,0.0785999982648881,1.11982198436416,GSE184362,PTC11_SC,aneuploid
PTC11_SC_TGCATGAAGCTGCCAC-1,aneuploid,PTC_related,Subcutaneous_metastasis,Epithelial_Thyroid,7.91996348482173,0.236467613959016,0.269667842113946,0.838065240428548,1.69588299617935,GSE184362,PTC11_SC,aneuploid
PTC11_SC_TGCGGGTCAGATCACT-1,aneuploid,PTC_related,Subcutaneous_metastasis,Epithelial_Thyroid,3.70438419538819,0.354013604820517,0.13414685463696,0.504414225860312,1.39359277972595,GSE184362,PTC11_SC,aneuploid
PTC11_SC_TGCTGAAAGAAGTCAT-1,aneuploid,PTC_related,Subcutaneous_metastasis,Epithelial_Thyroid,4.86247640366269,0.201796865561984,0.154889190446722,0.599080817080824,1.359722496055,GSE184362,PTC11_SC,aneuploid
PTC11_SC_TGCTGAATCCCAGGAC-1,aneuploid,PTC_related,Subcutaneous_metastasis,Epithelial_Thyroid,3.23928796897658,0.188079770598005,0.0395207735504341,0.471170470168841,1.43941914478584,GSE184362,PTC11_SC,aneuploid
PTC11_SC_TGCTTCGTCTGCTAGA-1,aneuploid,PTC_related,Subcutaneous_metastasis,Epithelial_Thyroid,0.734740321838077,0.356680258920088,0,0.341642922501591,1.078381457224,GSE184362,PTC11_SC,aneuploid
PTC11_SC_TGGGAAGTCGACCATA-1,aneuploid,PTC_related,Subcutaneous_metastasis,Epithelial_Thyroid,4.63248765049387,0.181397463173568,0.0663972158014704,0.641891823874315,1.54147649483651,GSE184362,PTC11_SC,aneuploid
PTC11_SC_TGTAGACGTGTCTTCC-1,aneuploid,PTC_related,Subcutaneous_metastasis,Epithelial_Thyroid,5.65418860964692,0.188577841305088,0.264730033734665,0.534966552226137,1.31627594929635,GSE184362,PTC11_SC,aneuploid
PTC11_SC_TGTCCACCAGCAGATG-1,aneuploid,PTC_related,Subcutaneous_metastasis,Epithelial_Thyroid,1.65735388498728,0.200640425974038,0,0.320651021920637,1.27955028659267,GSE184362,PTC11_SC,aneuploid
PTC11_SC_TGTCCCACAACAACAA-1,aneuploid,PTC_related,Subcutaneous_metastasis,Epithelial_Thyroid,4.27184919409694,0.191071776039799,0.177747200507293,0.465125116768412,1.27089589829017,GSE184362,PTC11_SC,aneuploid
PTC11_SC_TGTTCCGGTAAGGCTG-1,aneuploid,PTC_related,Subcutaneous_metastasis,Epithelial_Thyroid,3.20152286104086,0.288324493048943,0.0385523982658447,0.464949808823761,1.59618622235931,GSE184362,PTC11_SC,aneuploid
PTC11_SC_TTACCATTCATGCTAG-1,aneuploid,PTC_related,Subcutaneous_metastasis,Epithelial_Thyroid,6.51429878001066,0.242582641233568,0.0644950803802658,0.87292197295141,1.96170548585091,GSE184362,PTC11_SC,aneuploid
PTC11_SC_TTCAATCCAATCGCAT-1,aneuploid,PTC_related,Subcutaneous_metastasis,Epithelial_Thyroid,5.31540716334043,0.16707764325477,0.174853325329155,0.486377677516099,1.65152734316437,GSE184362,PTC11_SC,aneuploid
PTC11_SC_TTCAGGAGTATCAAGA-1,aneuploid,PTC_related,Subcutaneous_metastasis,Epithelial_Thyroid,4.36247499948509,0.258219086495085,0.150236559415322,0.419756706332653,1.63688555481162,GSE184362,PTC11_SC,aneuploid
PTC11_SC_TTCCACGCAGCTGAAG-1,aneuploid,PTC_related,Subcutaneous_metastasis,Epithelial_Thyroid,2.35653784072194,0.175128527270903,0,0.359092857141651,1.4592488914211,GSE184362,PTC11_SC,aneuploid
PTC11_SC_TTCCGTGGTCTACTGA-1,aneuploid,PTC_related,Subcutaneous_metastasis,Epithelial_Thyroid,5.87869676219601,0.15870634474526,0.217287395088377,0.431270985873807,1.80571398359292,GSE184362,PTC11_SC,aneuploid
PTC11_SC_TTGACCCAGGAGCTGT-1,aneuploid,PTC_related,Subcutaneous_metastasis,Epithelial_Thyroid,3.90775253479916,0.151830959823775,0.0352598726120474,0.515075406934094,1.59699566639473,GSE184362,PTC11_SC,aneuploid
PTC11_SC_TTGACCCTCCATCTCG-1,aneuploid,PTC_related,Subcutaneous_metastasis,Epithelial_Thyroid,5.75023264049164,0.228772611213604,0.165117957799818,0.7067890077849,1.50695884298333,GSE184362,PTC11_SC,aneuploid
PTC11_SC_TTGAGTGTCCATACAG-1,aneuploid,PTC_related,Subcutaneous_metastasis,Epithelial_Thyroid,1.99907389701752,0.306040030098692,0,0.570830181711215,1.05428757675674,GSE184362,PTC11_SC,aneuploid
PTC11_SC_TTGGTTTTCTGGGATT-1,aneuploid,PTC_related,Subcutaneous_metastasis,Epithelial_Thyroid,4.83763750935554,0.191617854255458,0.0636518569514966,0.617668444157072,1.71023152087214,GSE184362,PTC11_SC,aneuploid
PTC11_SC_TTTCCTCAGCAGCGAT-1,aneuploid,PTC_related,Subcutaneous_metastasis,Epithelial_Thyroid,2.67578041934346,0.300396768356,0.116178736317225,0.309906815093676,1.36563390369369,GSE184362,PTC11_SC,aneuploid
PTC11_SC_TTTCGATGTTCTCGTC-1,aneuploid,PTC_related,Subcutaneous_metastasis,Epithelial_Thyroid,2.71109993268883,0.265184595141338,0.161625129131327,0.228710714754077,1.29263865813319,GSE184362,PTC11_SC,aneuploid
PTC11_SC_TTTGACTGTTATTCCT-1,aneuploid,PTC_related,Subcutaneous_metastasis,Epithelial_Thyroid,4.48052969802687,0.293996148394582,0.142104643839537,0.50877086910575,1.58969295251042,GSE184362,PTC11_SC,aneuploid
PTC1_P_ATGGGAGCATGAAGTA-1,diploid,Paratumor,Paratumor,Epithelial_Thyroid,-3.64922276601841,0.908132045342384,0,0,0.773700823711149,GSE184362,PTC11_SC,diploid
PTC1_P_CCACTACGTCCATGAT-1,diploid,Paratumor,Paratumor,Epithelial_Thyroid,-1.60827581038299,0.731969125050477,0.108989720527714,0.119888692580485,0.626343999955502,GSE184362,PTC11_SC,diploid
PTC1_P_CCTACACCAGCTGGCT-1,diploid,Paratumor,Paratumor,Epithelial_Thyroid,-2.16604203838075,0.906006753612822,0.0908771804438058,0.248909895969673,0.461746169917808,GSE184362,PTC11_SC,diploid
PTC1_P_CCTACCAGTGATGTCT-1,diploid,Paratumor,Paratumor,Epithelial_Thyroid,-2.99048484640348,0.801099935102504,0,0.120720246380669,0.633396149138145,GSE184362,PTC11_SC,diploid
PTC1_P_CGCCAAGTCCTATTCA-1,diploid,Paratumor,Paratumor,Epithelial_Thyroid,-3.41835356698307,1.19345374531257,0,0.305386384779719,0.661104982573501,GSE184362,PTC11_SC,diploid
PTC1_P_CTCTAATGTTTGGCGC-1,diploid,Paratumor,Paratumor,Epithelial_Thyroid,-0.788945304391355,0.751202211008426,0.126259072072717,0.333767990270692,0.472461210270033,GSE184362,PTC11_SC,diploid
PTC1_P_GGAACTTGTCTTGCGG-1,diploid,Paratumor,Paratumor,Epithelial_Thyroid,-5.05373711225838,0.892091127609146,0,0,0.143046950616801,GSE184362,PTC11_SC,diploid
PTC1_P_GTAACGTAGCCGTCGT-1,diploid,Paratumor,Paratumor,Epithelial_Thyroid,-2.52818335999634,0.784105770721589,0.112875056171138,0,0.549420588630096,GSE184362,PTC11_SC,diploid
PTC1_P_TGCGCAGTCAGGTTCA-1,diploid,Paratumor,Paratumor,Epithelial_Thyroid,-2.85949300615673,0.749792420356193,0,0.119261376821465,0.61353240060693,GSE184362,PTC11_SC,diploid
PTC1_P_TTTGCGCTCTCGGACG-1,diploid,Paratumor,Paratumor,Epithelial_Thyroid,-3.18936763315575,0.939009652811636,0,0.122152127456732,0.758204648570337,GSE184362,PTC11_SC,diploid
PTC2_P_GATTCAGGTATTAGCC-1,diploid,Paratumor,Paratumor,Epithelial_Thyroid,-1.96146204767309,0.606487573862813,0,0,1.03434622191511,GSE184362,PTC11_SC,diploid
PTC2_P_GTAGGCCCAGGGCATA-1,diploid,Paratumor,Paratumor,Epithelial_Thyroid,1.979684591507,0.550490004631096,0.0418262468882597,0.586871766916948,1.19919718103136,GSE184362,PTC11_SC,diploid
PTC3_P_ACGGGCTCAACTGCGC-1,diploid,Paratumor,Paratumor,Epithelial_Thyroid,-3.24937058888206,0.983311940271565,0.0868199463488177,0,0.666009327736269,GSE184362,PTC11_SC,diploid
PTC3_P_ACTGCTCAGGCCCGTT-1,diploid,Paratumor,Paratumor,Epithelial_Thyroid,-2.98249645721431,0.689039219921483,0,0.0810167085121941,0.548284753970978,GSE184362,PTC11_SC,diploid
PTC3_P_AGAGCGAAGGCCATAG-1,diploid,Paratumor,Paratumor,Epithelial_Thyroid,-3.99660128383364,0.887223262339264,0,0,0.591474470026934,GSE184362,PTC11_SC,diploid
PTC3_P_AGAGCTTCAGTTCCCT-1,diploid,Paratumor,Paratumor,Epithelial_Thyroid,-3.13233255642139,0.640778395913243,0,0,0.582446125585236,GSE184362,PTC11_SC,diploid
PTC3_P_AGATCTGAGGTGCACA-1,diploid,Paratumor,Paratumor,Epithelial_Thyroid,-0.0920386416955381,0.813994124886122,0.20773192606166,0.181700422753648,0.823899668729411,GSE184362,PTC11_SC,diploid
PTC3_P_AGCCTAACAATGCCAT-1,diploid,Paratumor,Paratumor,Epithelial_Thyroid,-4.08289482205213,0.896632725613597,0,0,0.56883168473235,GSE184362,PTC11_SC,diploid
PTC3_P_ATGTGTGAGGGAGTAA-1,diploid,Paratumor,Paratumor,Epithelial_Thyroid,-3.60615561323519,1.24850504739855,0.0908081703209563,0.099888987353052,0.690766602826132,GSE184362,PTC11_SC,diploid
PTC3_P_CAACCTCAGGAACTGC-1,diploid,Paratumor,Paratumor,Epithelial_Thyroid,-4.32329716425401,1.02436948667604,0,0,0.663038579964247,GSE184362,PTC11_SC,diploid
PTC3_P_CAGCCGACAAGCGAGT-1,diploid,Paratumor,Paratumor,Epithelial_Thyroid,-3.16896843483915,0.783308398560581,0,0.166825874174476,0.430077889112629,GSE184362,PTC11_SC,diploid
PTC3_P_CAGTAACAGGTGTTAA-1,diploid,Paratumor,Paratumor,Epithelial_Thyroid,-3.95362324476553,0.493481136606058,0,0,0,GSE184362,PTC11_SC,diploid
PTC3_P_CGAATGTGTCAAACTC-1,diploid,Paratumor,Paratumor,Epithelial_Thyroid,-0.581675928831144,0.422196310855246,0.122260834251973,0.134486917677171,0.497319833553154,GSE184362,PTC11_SC,diploid
PTC3_P_CGTCTACTCGCCGTGA-1,diploid,Paratumor,Paratumor,Epithelial_Thyroid,-3.62545355410917,1.04669218842016,0,0.389147944016552,0.164966090504858,GSE184362,PTC11_SC,diploid
PTC3_P_CGTTGGGAGCCGGTAA-1,diploid,Paratumor,Paratumor,Epithelial_Thyroid,-2.58043029672352,0.78051659151069,0.0879992823864587,0,0.634968005720113,GSE184362,PTC11_SC,diploid
PTC3_P_CTCATTATCAGCTTAG-1,diploid,Paratumor,Paratumor,Epithelial_Thyroid,-2.66198706316115,0.870189196187607,0.10959652840592,0.120556181246512,0.381789762245488,GSE184362,PTC11_SC,diploid
PTC3_P_CTCGTACCAAGTCATC-1,not.defined,Paratumor,Paratumor,Epithelial_Thyroid,-3.2281721728564,0.291511393750378,0,0,0,GSE184362,PTC11_SC,not.defined
PTC3_P_CTTAACTCACCAGCAC-1,diploid,Paratumor,Paratumor,Epithelial_Thyroid,-5.13954562463075,1.10390933882546,0,0,0.43419871303747,GSE184362,PTC11_SC,diploid
PTC3_P_GAAACTCGTGTGTGCC-1,not.defined,Paratumor,Paratumor,Epithelial_Thyroid,-4.53416418998836,0.806198587937192,0,0,0.234081217434163,GSE184362,PTC11_SC,not.defined
PTC3_P_GACTAACGTGCCTGTG-1,diploid,Paratumor,Paratumor,Epithelial_Thyroid,-1.83363127928152,0.622474308526733,0.116523568774095,0.0640879628257523,0.444627177583903,GSE184362,PTC11_SC,diploid
PTC3_P_GCAATCACATTCTCAT-1,diploid,Paratumor,Paratumor,Epithelial_Thyroid,-2.26060562391372,0.882297531850648,0.106411929425472,0.117053122368019,0.595727763355492,GSE184362,PTC11_SC,diploid
PTC3_P_GCTGCTTAGAAACCAT-1,diploid,Paratumor,Paratumor,Epithelial_Thyroid,-3.25616571448755,0.736902448534748,0,0,0.677955678576225,GSE184362,PTC11_SC,diploid
PTC3_P_GGAGCAATCCAACCAA-1,not.defined,Paratumor,Paratumor,Epithelial_Thyroid,-5.37888866501302,0.890283211308265,0,0,0,GSE184362,PTC11_SC,not.defined
PTC3_P_GTAGTCAAGGGCTTGA-1,diploid,Paratumor,Paratumor,Epithelial_Thyroid,-3.96377605625371,0.831279312476016,0,0,0.518960655500454,GSE184362,PTC11_SC,diploid
PTC3_P_GTGCAGCGTTTGTTTC-1,diploid,Paratumor,Paratumor,Epithelial_Thyroid,-3.30125572003067,0.966440230241562,0,0.122034156529284,0.752694548266695,GSE184362,PTC11_SC,diploid
PTC3_P_TACTCATCATACTACG-1,diploid,Paratumor,Paratumor,Epithelial_Thyroid,-3.74392204168128,1.05532851464873,0.0867127949583434,0,0.564759376116087,GSE184362,PTC11_SC,diploid
PTC3_P_TACTCGCTCTCCTATA-1,diploid,Paratumor,Paratumor,Epithelial_Thyroid,-4.77434479302681,0.868603840437391,0,0,0.227167755553097,GSE184362,PTC11_SC,diploid
PTC3_P_TAGCCGGAGAGTAAGG-1,diploid,Paratumor,Paratumor,Epithelial_Thyroid,-1.52968334497055,0.909918433300402,0.093988035930193,0.359896337876274,0.490310941425713,GSE184362,PTC11_SC,diploid
PTC3_P_TATTACCCAGCTATTG-1,diploid,Paratumor,Paratumor,Epithelial_Thyroid,-1.91187130123011,0.630174981200897,0,0.230339946403787,0.598987411071345,GSE184362,PTC11_SC,diploid
PTC3_P_TCGCGTTAGACTGGGT-1,diploid,Paratumor,Paratumor,Epithelial_Thyroid,-3.26558911469711,0.703572899304282,0,0.136775958647518,0.32924588676619,GSE184362,PTC11_SC,diploid
PTC3_P_TGTATTCGTAGCTCCG-1,diploid,Paratumor,Paratumor,Epithelial_Thyroid,-1.95029881521902,0.896147832956071,0.104592486084899,0.230103469386778,0.517158135612691,GSE184362,PTC11_SC,diploid
PTC3_P_TGTGTTTTCCGTCAAA-1,diploid,Paratumor,Paratumor,Epithelial_Thyroid,-3.29442966338066,0.677550769891666,0,0,0.569499838391125,GSE184362,PTC11_SC,diploid
PTC5_P_AATCCAGGTACTTGAC-1,diploid,Paratumor,Paratumor,Epithelial_Thyroid,-2.38402103819894,0.79175854499391,0.0992598355167555,0,0.685657893543593,GSE184362,PTC11_SC,diploid
PTC5_P_CACACAACATGGTCAT-1,diploid,Paratumor,Paratumor,Epithelial_Thyroid,0.0685869183320278,0.534735008462753,0.0741464833314928,0.163122263329284,1.11061029249527,GSE184362,PTC11_SC,diploid
PTC5_P_CATCAGAAGATATGGT-1,diploid,Paratumor,Paratumor,Epithelial_Thyroid,-3.116118633912,0.748632725249082,0,0.0633447667785945,0.620834247956732,GSE184362,PTC11_SC,diploid
PTC5_P_CATTCGCCAACGATGG-1,diploid,Paratumor,Paratumor,Epithelial_Thyroid,-2.68869746967985,0.684578338023466,0.111339661567283,0,0.333006548973589,GSE184362,PTC11_SC,diploid
PTC5_P_CCAGCGAAGGCATGGT-1,diploid,Paratumor,Paratumor,Epithelial_Thyroid,-1.18318144003311,0.202257743540801,0,0.196132437873694,0.323612389665282,GSE184362,PTC11_SC,diploid
PTC5_P_CCGGTAGTCGGCGCTA-1,diploid,Paratumor,Paratumor,Epithelial_Thyroid,-3.16186766758454,0.498824406911416,0,0,0.349782156751542,GSE184362,PTC11_SC,diploid
PTC5_P_CCTCAGTAGATGTGTA-1,diploid,Paratumor,Paratumor,Epithelial_Thyroid,-3.80642956469088,0.665905494639154,0,0,0.330619814781486,GSE184362,PTC11_SC,diploid
PTC5_P_CGATCGGGTCAGAGGT-1,diploid,Paratumor,Paratumor,Epithelial_Thyroid,-2.60122839277746,0.808741423634963,0,0.0535595991815483,0.957006080292511,GSE184362,PTC11_SC,diploid
PTC5_P_CGATGTATCAGCGATT-1,diploid,Paratumor,Paratumor,Epithelial_Thyroid,-3.19903754464003,1.05810680735557,0.0469907742658082,0.051689851692389,0.874820811986295,GSE184362,PTC11_SC,diploid
PTC5_P_CGTCTACGTCAAAGCG-1,diploid,Paratumor,Paratumor,Epithelial_Thyroid,-1.11070031876434,0.764856742333848,0.117363995853329,0.258200790877324,0.557355483600104,GSE184362,PTC11_SC,diploid
PTC5_P_CTACATTGTCGCTTTC-1,diploid,Paratumor,Paratumor,Epithelial_Thyroid,2.21488295416723,0.567265663195405,0.0500673710417417,0.601357984899684,1.25795188632232,GSE184362,PTC11_SC,diploid
PTC5_P_CTCTAATTCCCATTTA-1,diploid,Paratumor,Paratumor,Epithelial_Thyroid,-2.0945711164482,0.821227803336302,0.130484398465583,0.143532838312142,0.406029383782085,GSE184362,PTC11_SC,diploid
PTC5_P_CTGAAACCAGTAAGAT-1,diploid,Paratumor,Paratumor,Epithelial_Thyroid,-1.73480687534874,0.859676657783342,0.150154761244304,0,0.838393246115893,GSE184362,PTC11_SC,diploid
PTC5_P_CTGCGGAGTGTAAGTA-1,diploid,Paratumor,Paratumor,Epithelial_Thyroid,-1.77268345222422,1.04959431207312,0.255051302997851,0,0.637076086276429,GSE184362,PTC11_SC,diploid
PTC5_P_GAACATCCAAAGGAAG-1,diploid,Paratumor,Paratumor,Epithelial_Thyroid,-3.0161733351382,0.687523855789695,0,0,0.704969738615683,GSE184362,PTC11_SC,diploid
PTC5_P_GATCGTACACCCTATC-1,not.defined,Paratumor,Paratumor,Epithelial_Thyroid,-1.23239403020642,0.600999221489386,0,0.358435251492798,0.572449221126037,GSE184362,PTC11_SC,not.defined
PTC5_P_GATTCAGTCTAACTTC-1,diploid,Paratumor,Paratumor,Epithelial_Thyroid,-2.48942434717274,0.777565575796753,0.110000278880089,0.121000306768098,0.309925655505958,GSE184362,PTC11_SC,diploid
PTC5_P_GCTCCTACAATCAGAA-1,diploid,Paratumor,Paratumor,Epithelial_Thyroid,-3.09761848256092,0.641694264755938,0,0,0.598838100691608,GSE184362,PTC11_SC,diploid
PTC5_P_GCTCTGTTCTTCTGGC-1,diploid,Paratumor,Paratumor,Epithelial_Thyroid,-2.98491200623019,0.930818658053786,0,0.0688036648213548,0.947987393441086,GSE184362,PTC11_SC,diploid
PTC5_P_GGACAGATCTTGTATC-1,diploid,Paratumor,Paratumor,Epithelial_Thyroid,-3.79207738932579,0.780509344133877,0,0,0.514362314448433,GSE184362,PTC11_SC,diploid
PTC5_P_GGCTGGTTCGTAGATC-1,diploid,Paratumor,Paratumor,Epithelial_Thyroid,-1.05750719293094,0.694813062159772,0,0.403775773512846,0.696094133314736,GSE184362,PTC11_SC,diploid
PTC5_P_GTACGTAGTCGAATCT-1,not.defined,Paratumor,Paratumor,Epithelial_Thyroid,-1.90770343991013,0.234973951119598,0,0,0.481959583675741,GSE184362,PTC11_SC,not.defined
PTC5_P_TATGCCCCATGGAATA-1,diploid,Paratumor,Paratumor,Epithelial_Thyroid,-2.78393329531211,0.509720426492077,0,0,0.52967556398613,GSE184362,PTC11_SC,diploid
PTC5_P_TCATTTGTCGTGGGAA-1,diploid,Paratumor,Paratumor,Epithelial_Thyroid,1.16492165086357,0.294378279502476,0,0.361228629820182,1.1254494258274,GSE184362,PTC11_SC,diploid
PTC5_P_TCGCGTTGTCTAACGT-1,diploid,Paratumor,Paratumor,Epithelial_Thyroid,-1.94894107867265,0.930275100400735,0.173898119606634,0.107301650392516,0.517070242368819,GSE184362,PTC11_SC,diploid
PTC5_P_TGACAACAGCAACGGT-1,diploid,Paratumor,Paratumor,Epithelial_Thyroid,-2.45757653905593,1.06464801047319,0.204524796006962,0,0.59581397310082,GSE184362,PTC11_SC,diploid
PTC5_P_TGAGAGGCACAGGAGT-1,diploid,Paratumor,Paratumor,Epithelial_Thyroid,-3.49702828060865,0.952997500205419,0.139009092366675,0,0.273800307635059,GSE184362,PTC11_SC,diploid
PTC5_P_TGGACGCTCCAAGTAC-1,diploid,Paratumor,Paratumor,Epithelial_Thyroid,1.28539761318169,0.428991362498725,0,0.454945877339548,1.18519928071183,GSE184362,PTC11_SC,diploid
PTC5_P_TGGCCAGAGTGAACAT-1,diploid,Paratumor,Paratumor,Epithelial_Thyroid,-3.62180888149614,0.833237008365536,0,0,0.669492653517157,GSE184362,PTC11_SC,diploid
PTC5_P_TTCGGTCGTGTATGGG-1,diploid,Paratumor,Paratumor,Epithelial_Thyroid,0.251990184978533,0.41328615162996,0.0865703677601158,0.143107476893153,0.987678928311185,GSE184362,PTC11_SC,diploid
PTC8_P_AAGTACCAGCGTCAAG-1,diploid,Paratumor,Paratumor,Epithelial_Thyroid,-2.79332497114593,1.38356604447896,0.168170915037391,0.18498800654113,0.714875839024161,GSE184362,PTC11_SC,diploid
PTC8_P_ACATTTCTCCGAGTGC-1,diploid,Paratumor,Paratumor,Epithelial_Thyroid,-5.53293510650543,1.22768286642907,0,0,0.456278315453855,GSE184362,PTC11_SC,diploid
PTC8_P_ACTTAGGGTGCATTTG-1,diploid,Paratumor,Paratumor,Epithelial_Thyroid,-1.40924353436914,0.969387803125633,0.267495988220895,0,0.61272269186365,GSE184362,PTC11_SC,diploid
PTC8_P_ACTTCCGAGGGAACAA-1,diploid,Paratumor,Paratumor,Epithelial_Thyroid,-4.7786571727331,1.37362017826655,0,0.135673844238053,0.717065400828763,GSE184362,PTC11_SC,diploid
PTC8_P_AGCGATTCACTAGGTT-1,diploid,Paratumor,Paratumor,Epithelial_Thyroid,-4.57415754380942,1.26223076106389,0,0.0922424330182798,0.725740294612851,GSE184362,PTC11_SC,diploid
PTC8_P_AGGATCTCAGCTATAC-1,diploid,Paratumor,Paratumor,Epithelial_Thyroid,-4.14183757191799,1.17196390607186,0,0.116884662524313,0.719573278770818,GSE184362,PTC11_SC,diploid
PTC8_P_ATCTTCAGTTCGATTG-1,diploid,Paratumor,Paratumor,Epithelial_Thyroid,-4.52320166395525,0.888762918845004,0,0,0.366723883868838,GSE184362,PTC11_SC,diploid
PTC8_P_ATGGAGGTCGGTCACG-1,diploid,Paratumor,Paratumor,Epithelial_Thyroid,-3.19527584648583,0.895420785913644,0,0.148560448424277,0.631552130973755,GSE184362,PTC11_SC,diploid
PTC8_P_ATTGGGTTCGCTACGG-1,diploid,Paratumor,Paratumor,Epithelial_Thyroid,-5.7609520092824,1.32462060028599,0,0,0.508111421413257,GSE184362,PTC11_SC,diploid
PTC8_P_ATTGTTCAGAATTGTG-1,diploid,Paratumor,Paratumor,Epithelial_Thyroid,3.13511835910726,0.0484362578234853,0.0704527386523422,0.513740463661474,0.945636492264026,GSE184362,PTC11_SC,diploid
PTC8_P_CAGCCAGAGCCGAACA-1,diploid,Paratumor,Paratumor,Epithelial_Thyroid,-4.45660564176168,1.17375004672664,0,0.154110013432138,0.506826982958183,GSE184362,PTC11_SC,diploid
PTC8_P_CATACAGTCCCTGGTT-1,diploid,Paratumor,Paratumor,Epithelial_Thyroid,-1.50837430567665,0.796216030360931,0,0.316525288956208,0.845636910357463,GSE184362,PTC11_SC,diploid
PTC8_P_CATTTCAGTTGGGATG-1,diploid,Paratumor,Paratumor,Epithelial_Thyroid,-5.8635148673531,1.39512146067136,0,0,0.573098202067314,GSE184362,PTC11_SC,diploid
PTC8_P_CCAATGAAGACTACCT-1,diploid,Paratumor,Paratumor,Epithelial_Thyroid,-4.24232711870962,1.2358702402602,0,0.149291766373927,0.705813395112033,GSE184362,PTC11_SC,diploid
PTC8_P_CCTCAGTCAAAGACTA-1,diploid,Paratumor,Paratumor,Epithelial_Thyroid,-2.17654137843349,1.07357172276828,0.128996627788158,0.283792581133947,0.467946641544011,GSE184362,PTC11_SC,diploid
PTC8_P_CTACGGGTCTCGTCAC-1,diploid,Paratumor,Paratumor,Epithelial_Thyroid,-4.88081847507548,1.04148026945536,0,0,0.449074865998085,GSE184362,PTC11_SC,diploid
PTC8_P_CTCATTATCCTCTCTT-1,diploid,Paratumor,Paratumor,Epithelial_Thyroid,-3.43049472047722,0.763347295734923,0,0,0.643733363035303,GSE184362,PTC11_SC,diploid
PTC8_P_GACTATGAGTTGCGAG-1,diploid,Paratumor,Paratumor,Epithelial_Thyroid,-2.97972892971647,1.05853830653643,0.0631363563693913,0.208180763628821,0.56107923975607,GSE184362,PTC11_SC,diploid
PTC8_P_GAGAGGTGTGACTCGC-1,diploid,Paratumor,Paratumor,Epithelial_Thyroid,-4.22337352567883,0.89352756721783,0,0,0.503428981522378,GSE184362,PTC11_SC,diploid
PTC8_P_GATCAGTCACTGCACG-1,diploid,Paratumor,Paratumor,Epithelial_Thyroid,-4.90615660841132,1.24766501246164,0,0,0.757581266075695,GSE184362,PTC11_SC,diploid
PTC8_P_GGTGTTAGTAGACGGT-1,diploid,Paratumor,Paratumor,Epithelial_Thyroid,-3.4199889514009,0.997807851773168,0,0.134403047345173,0.723581471386564,GSE184362,PTC11_SC,diploid
PTC8_P_GTAGTACTCTATCGGA-1,diploid,Paratumor,Paratumor,Epithelial_Thyroid,-4.56091438891381,1.31437722930664,0,0.0736330081668857,0.852107355241622,GSE184362,PTC11_SC,diploid
PTC8_P_GTCAAGTTCTACCTTA-1,diploid,Paratumor,Paratumor,Epithelial_Thyroid,-4.00285245207757,1.15910349913722,0,0.12515143730029,0.741887295015901,GSE184362,PTC11_SC,diploid
PTC8_P_GTCTAGATCTTACACT-1,diploid,Paratumor,Paratumor,Epithelial_Thyroid,-2.5556599302209,0.833877325012263,0,0.153193700851449,0.802161584764683,GSE184362,PTC11_SC,diploid
PTC8_P_GTGTTAGTCGGAATGG-1,diploid,Paratumor,Paratumor,Epithelial_Thyroid,-3.18131997932059,1.2176603641098,0.10606457882748,0.116671036710228,0.720572805792476,GSE184362,PTC11_SC,diploid
PTC8_P_GTTCCGTCATAATGCC-1,diploid,Paratumor,Paratumor,Epithelial_Thyroid,-5.2392689961756,1.31759549053359,0,0.133550233465579,0.436144063150262,GSE184362,PTC11_SC,diploid
PTC8_P_TCAGTTTGTCAGTTTG-1,diploid,Paratumor,Paratumor,Epithelial_Thyroid,1.60821173080255,0.561190910519188,0.0758549207760617,0.45429917664872,1.18409648621432,GSE184362,PTC11_SC,diploid
PTC8_P_TGACTCCCACCGCTAG-1,diploid,Paratumor,Paratumor,Epithelial_Thyroid,-4.54285686942333,1.29169937799287,0,0.152262201975748,0.656318245018405,GSE184362,PTC11_SC,diploid
PTC8_P_TGCAGATCACAATTCG-1,diploid,Paratumor,Paratumor,Epithelial_Thyroid,-5.13393952179264,1.21542654838594,0,0,0.609386781001471,GSE184362,PTC11_SC,diploid
PTC8_P_TTGGTTTAGTAGTGCG-1,diploid,Paratumor,Paratumor,Epithelial_Thyroid,-5.43951830849012,1.31654374363741,0,0,0.634240609540235,GSE184362,PTC11_SC,diploid
PTC9_P_AGCCAATAGATCCCGC-1,diploid,Paratumor,Paratumor,Epithelial_Thyroid,-4.24716266115274,1.15022862238718,0.0546423842732309,0.060106622700554,0.512472801021284,GSE184362,PTC11_SC,diploid
PTC9_P_AGCCACGTCTGCTTAT-1,diploid,Paratumor,Paratumor,Epithelial_Thyroid,-3.95432350626544,1.57199833644558,0.0953902845027595,0.209858625906071,0.785254787417636,GSE184362,PTC11_SC,diploid
PTC9_P_AGTGCCGAGGGACCAT-1,diploid,Paratumor,Paratumor,Epithelial_Thyroid,-3.62507908491089,0.957473681551513,0,0.104139995629905,0.637463678298279,GSE184362,PTC11_SC,diploid
PTC9_P_ATACTTCAGTGATAAC-1,diploid,Paratumor,Paratumor,Epithelial_Thyroid,-4.90724180490177,1.24680820599426,0,0,0.75578577104245,GSE184362,PTC11_SC,diploid
PTC9_P_ATCCATTGTGCGGATA-1,diploid,Paratumor,Paratumor,Epithelial_Thyroid,0.0165868231644621,0.691132192066251,0.140389107918322,0,1.37730646801907,GSE184362,PTC11_SC,diploid
PTC9_P_ATCCGTCAGGGAGAAT-1,not.defined,Paratumor,Paratumor,Epithelial_Thyroid,-1.24758666469701,0.140918684808007,0,0,0.620967683425917,GSE184362,PTC11_SC,not.defined
PTC9_P_ATTCCTATCGCTACGG-1,diploid,Paratumor,Paratumor,Epithelial_Thyroid,-4.74440213228122,1.62163759271117,0.0685132808214285,0.0753646089035714,0.93228486865437,GSE184362,PTC11_SC,diploid
PTC9_P_CATGGTACACGCCACA-1,diploid,Paratumor,Paratumor,Epithelial_Thyroid,-3.20393356699728,1.18833765957891,0.1205214905041,0.0441912131848367,0.754614969187948,GSE184362,PTC11_SC,diploid
PTC9_P_CCATAAGTCTCCCTAG-1,diploid,Paratumor,Paratumor,Epithelial_Thyroid,-4.29016304121918,1.26891115439266,0,0.0773153992546345,0.890561448854232,GSE184362,PTC11_SC,diploid
PTC9_P_CCTTTGGCATAATCCG-1,diploid,Paratumor,Paratumor,Epithelial_Thyroid,-4.05134538069061,1.21060573077601,0,0.229104412297843,0.578068148026198,GSE184362,PTC11_SC,diploid
PTC9_P_CTACCTGGTTTAAGGA-1,diploid,Paratumor,Paratumor,Epithelial_Thyroid,-4.63890984055448,1.39227641003378,0.0942969453552126,0.103726639890734,0.443894707291089,GSE184362,PTC11_SC,diploid
PTC9_P_CTATCTACATGATGCT-1,diploid,Paratumor,Paratumor,Epithelial_Thyroid,-1.46975963487396,0.878879761282828,0.0821517446136752,0.0903669190750428,1.09954416873104,GSE184362,PTC11_SC,diploid
PTC9_P_CTCCACATCATGCCGG-1,diploid,Paratumor,Paratumor,Epithelial_Thyroid,-5.02474152956689,1.3612972179212,0,0,0.882479331442716,GSE184362,PTC11_SC,diploid
PTC9_P_CTTCCTTCAAGTTTGC-1,diploid,Paratumor,Paratumor,Epithelial_Thyroid,-3.60046807010582,1.1143229306568,0.0349973665636046,0.120832096321201,0.695438490528227,GSE184362,PTC11_SC,diploid
PTC9_P_CTTCTCTAGAGGACTC-1,diploid,Paratumor,Paratumor,Epithelial_Thyroid,-3.01329320287252,1.10624463294119,0.107740944676663,0,0.86271478706751,GSE184362,PTC11_SC,diploid
PTC9_P_GATGATCAGTATGGCG-1,diploid,Paratumor,Paratumor,Epithelial_Thyroid,-0.0834150529189648,0.621507264123394,0.0905943482439958,0.157586489727483,1.11619947727721,GSE184362,PTC11_SC,diploid
PTC9_P_GCATGATCATTACTCT-1,diploid,Paratumor,Paratumor,Epithelial_Thyroid,-3.7372681995279,1.34747504180972,0.0566079669997449,0.100351806826426,0.942795511019927,GSE184362,PTC11_SC,diploid
PTC9_P_GCGAGAATCATTCATC-1,diploid,Paratumor,Paratumor,Epithelial_Thyroid,-4.71794530689633,1.58516743064485,0.112132794305144,0,0.849371411186478,GSE184362,PTC11_SC,diploid
PTC9_P_GGAACCCGTTATGTGC-1,diploid,Paratumor,Paratumor,Epithelial_Thyroid,-3.10420441494558,0.845528882416861,0,0,0.911791821075002,GSE184362,PTC11_SC,diploid
PTC9_P_GGAGAACAGACCTCAT-1,diploid,Paratumor,Paratumor,Epithelial_Thyroid,-2.98543078382512,0.891089311814207,0,0,1.0336071650199,GSE184362,PTC11_SC,diploid
PTC9_P_GGGATGATCCGATCGG-1,diploid,Paratumor,Paratumor,Epithelial_Thyroid,-3.61670596978812,1.18364590006865,0.0567942522186265,0.128183975610872,0.680507206146494,GSE184362,PTC11_SC,diploid
PTC9_P_GTCCACTGTAATCAAG-1,not.defined,Paratumor,Paratumor,Epithelial_Thyroid,-1.17882605102004,0.181531736408534,0,0,0.713546348144099,GSE184362,PTC11_SC,not.defined
PTC9_P_GTCTGTCCACCTGATA-1,diploid,Paratumor,Paratumor,Epithelial_Thyroid,-4.08193574733156,1.14209218650136,0,0,0.949527782439746,GSE184362,PTC11_SC,diploid
PTC9_P_GTGCTTCCACTACGGC-1,diploid,Paratumor,Paratumor,Epithelial_Thyroid,-4.24357244616073,1.29505899651297,0,0.104425519403636,0.893090383124895,GSE184362,PTC11_SC,diploid
PTC9_P_TACCTCGGTGAGACCA-1,diploid,Paratumor,Paratumor,Epithelial_Thyroid,-3.98989328422783,1.23657164529974,0,0.0941459975265806,0.933917336562078,GSE184362,PTC11_SC,diploid
PTC9_P_TATCTTGGTGCTCTTC-1,diploid,Paratumor,Paratumor,Epithelial_Thyroid,-4.22212118967223,1.22737161557073,0.0719607632806386,0,0.692434680356505,GSE184362,PTC11_SC,diploid
PTC9_P_TCCCACACACGACGTC-1,diploid,Paratumor,Paratumor,Epithelial_Thyroid,-6.13077516056175,1.8495376502994,0.0747458447990497,0.0822204292789547,0.644225693756396,GSE184362,PTC11_SC,diploid
PTC9_P_TGAGACTAGCGATGGT-1,diploid,Paratumor,Paratumor,Epithelial_Thyroid,-0.464267870595142,0.598919146402758,0.18375877516588,0.0910450777251392,0.633865787478816,GSE184362,PTC11_SC,diploid
PTC9_P_TGCGATACAACTAGAA-1,diploid,Paratumor,Paratumor,Epithelial_Thyroid,1.70412356210342,0.625518460462409,0.0745763288783765,0.489809426087033,1.25489545100632,GSE184362,PTC11_SC,diploid
PTC9_P_TTTGTTGAGTGATGGC-1,diploid,Paratumor,Paratumor,Epithelial_Thyroid,-2.86501981792747,1.28165235251691,0.0832800712100711,0.117841274408665,1.05772436901107,GSE184362,PTC11_SC,diploid
