"patient","barcode","sample","TDS","OneCarbon","MAPK","Dediff_EMT","IodineHandling","ImmuneCheckpoint","CAF","RAIR_like","RAIR_like_group","TDS_group","submitter_id","vital_status","days_to_death","days_to_last_follow_up","age_at_diagnosis","gender","ajcc_pathologic_stage","ajcc_pathologic_t","ajcc_pathologic_n","ajcc_pathologic_m","primary_diagnosis","morphology","prior_malignancy","synchronous_malignancy","os_time","os_event","N_positive","T_high","stage_high","BRAF_mut","NRAS_mut","HRAS_mut","KRAS_mut","TERT_mut","TP53_mut","EIF1AX_mut","PIK3CA_mut","PTEN_mut","RAS_mut","Any_driver"
"TCGA-4C-A93U","TCGA-4C-A93U-01A-11R-A39I-07","TCGA-4C-A93U-01A",-0.725523356152306,-0.400746186331022,0.602382261011978,0.652726771257508,-0.857400754895457,1.56490267005379,1.61187507439961,2.20640646264452,"RAIR_like_high","TDS_low","TCGA-4C-A93U","Alive",NA,129,27348,"female","Stage IVA","T4a","N1b","M0","Papillary carcinoma, NOS","8050/3","no","No",129,0,"N1","T3_T4","Stage_III_IV",FALSE,FALSE,FALSE,FALSE,FALSE,FALSE,FALSE,FALSE,FALSE,FALSE,FALSE
"TCGA-BJ-A0YZ","TCGA-BJ-A0YZ-01A-11R-A10U-07","TCGA-BJ-A0YZ-01A",0.321608014679847,-0.453261280534202,-0.99069901995889,-0.413500965208891,0.0384889371372613,-1.22545129820293,0.377549306021195,-3.16660464187072,"RAIR_like_low","TDS_high","TCGA-BJ-A0YZ","Alive",NA,754,24102,"male","Stage II","T2","N0","M0","Papillary adenocarcinoma, NOS","8260/3","no","No",754,0,"N0","T1_T2","Stage_I_II",FALSE,FALSE,FALSE,FALSE,FALSE,FALSE,FALSE,FALSE,FALSE,FALSE,FALSE
"TCGA-BJ-A0Z0","TCGA-BJ-A0Z0-01A-11R-A10U-07","TCGA-BJ-A0Z0-01A",1.45481016970789,-0.0542161190636827,-0.34306426202471,-0.474175889753972,1.52661389214668,-1.09110351465763,-0.956988947066098,-3.39145678385602,"RAIR_like_low","TDS_high","TCGA-BJ-A0Z0","Alive",NA,419,20361,"male","Stage II","T2","N0","MX","Papillary adenocarcinoma, NOS","8260/3","no","No",419,0,"N0","T1_T2","Stage_I_II",FALSE,FALSE,FALSE,FALSE,FALSE,FALSE,FALSE,FALSE,TRUE,FALSE,TRUE
"TCGA-BJ-A0Z2","TCGA-BJ-A0Z2-01A-11R-A10U-07","TCGA-BJ-A0Z2-01A",1.02127055880855,0.209056621645769,-0.194686782460227,0.016574479528761,1.18692496926921,-0.122027011794455,-0.662217849270171,-1.40317113102019,"RAIR_like_low","TDS_high","TCGA-BJ-A0Z2","Alive",NA,1514,21008,"male","Stage IVC","T2","N0","M1","Follicular adenocarcinoma, NOS","8330/3","no","No",1514,0,"N0","T1_T2","Stage_III_IV",FALSE,FALSE,TRUE,FALSE,FALSE,FALSE,FALSE,FALSE,FALSE,TRUE,TRUE
"TCGA-BJ-A0Z3","TCGA-BJ-A0Z3-01A-11R-A13Y-07","TCGA-BJ-A0Z3-01A",-0.151054881930358,0.410456386752745,0.103382104727658,0.152398662416045,-0.163228214888117,1.14848714821557,0.381712414596123,1.24942455879757,"RAIR_like_high","TDS_low","TCGA-BJ-A0Z3","Alive",NA,497,12295,"female","Stage I","T1","N0","M0","Papillary adenocarcinoma, NOS","8260/3","no","No",497,0,"N0","T1_T2","Stage_I_II",TRUE,FALSE,FALSE,FALSE,FALSE,FALSE,FALSE,FALSE,FALSE,FALSE,TRUE
"TCGA-BJ-A0Z5","TCGA-BJ-A0Z5-01A-11R-A10U-07","TCGA-BJ-A0Z5-01A",-0.268774682227172,-0.270636122772268,-0.188081676879367,-0.314857488966642,-0.292618619105177,-0.541474110382299,-1.35284426799404,-0.763902399007352,"RAIR_like_low","TDS_low","TCGA-BJ-A0Z5","Alive",NA,448,21369,"male","Stage III","T3","N1a","M0","Papillary adenocarcinoma, NOS","8260/3","no","No",448,0,"N1","T3_T4","Stage_III_IV",FALSE,FALSE,FALSE,FALSE,FALSE,FALSE,FALSE,FALSE,FALSE,FALSE,FALSE
"TCGA-BJ-A0Z9","TCGA-BJ-A0Z9-01A-11R-A10U-07","TCGA-BJ-A0Z9-01A",-1.03033729941888,1.44397824316929,0.631861066983348,0.946791863081315,-1.50171981209813,0.131082045433196,-0.400243384337854,6.10076219673553,"RAIR_like_high","TDS_low","TCGA-BJ-A0Z9","Alive",NA,1257,21061,"female","Stage III","T3","N0","MX","Papillary carcinoma, columnar cell","8344/3","no","No",1257,0,"N0","T3_T4","Stage_III_IV",TRUE,FALSE,FALSE,FALSE,FALSE,FALSE,FALSE,FALSE,FALSE,FALSE,TRUE
"TCGA-BJ-A0ZA","TCGA-BJ-A0ZA-01A-11R-A10U-07","TCGA-BJ-A0ZA-01A",1.16631485177361,0.105351119339618,0.154597636537711,-0.33266172427724,1.28128295498741,-0.0587402031005536,-0.705812881273032,-1.8220919115239,"RAIR_like_low","TDS_high","TCGA-BJ-A0ZA","Alive",NA,574,24528,"female","Stage II","T2","N0","M0","Papillary adenocarcinoma, NOS","8260/3","no","No",574,0,"N0","T1_T2","Stage_I_II",FALSE,TRUE,FALSE,FALSE,FALSE,FALSE,FALSE,FALSE,FALSE,TRUE,TRUE
"TCGA-BJ-A0ZB","TCGA-BJ-A0ZB-01A-11R-A10U-07","TCGA-BJ-A0ZB-01A",-0.306665006314902,-0.439647342211342,-0.124662111907454,-0.151492153532157,-0.483477824974989,-0.4595215234952,0.116054429025445,-0.652553028859843,"RAIR_like_low","TDS_low","TCGA-BJ-A0ZB","Alive",NA,122,24415,"male","Stage IVA","T3","N1b","M0","Papillary adenocarcinoma, NOS","8260/3","no","No",122,0,"N1","T3_T4","Stage_III_IV",TRUE,FALSE,FALSE,FALSE,FALSE,FALSE,FALSE,FALSE,FALSE,FALSE,TRUE
"TCGA-BJ-A0ZC","TCGA-BJ-A0ZC-01A-12R-A13Y-07","TCGA-BJ-A0ZC-01A",1.003875557275,-0.294247172845973,-1.92185021965783,-0.984748652089425,1.24608259455027,-0.733979124368519,-0.69650511162059,-6.02770487385235,"RAIR_like_low","TDS_high","TCGA-BJ-A0ZC","Alive",NA,352,20282,"male","Stage I","T1","N0","M0","Papillary adenocarcinoma, NOS","8260/3","no","No",352,0,"N0","T1_T2","Stage_I_II",FALSE,FALSE,FALSE,FALSE,FALSE,FALSE,FALSE,FALSE,FALSE,FALSE,FALSE
"TCGA-BJ-A0ZE","TCGA-BJ-A0ZE-01A-11R-A10U-07","TCGA-BJ-A0ZE-01A",0.000929665307772251,-0.599407738088545,-1.12417346998984,-1.28821052083733,0.542670880747464,-1.21631928079755,-1.99117067640053,-4.40655952452364,"RAIR_like_low","TDS_high","TCGA-BJ-A0ZE","Alive",NA,509,23250,"female","Stage III","T3","N0","M0","Papillary adenocarcinoma, NOS","8260/3","no","No",509,0,"N0","T3_T4","Stage_III_IV",FALSE,FALSE,FALSE,TRUE,FALSE,FALSE,FALSE,FALSE,FALSE,TRUE,TRUE
"TCGA-BJ-A0ZF","TCGA-BJ-A0ZF-01A-11R-A10U-07","TCGA-BJ-A0ZF-01A",0.779998080468864,-0.244821915939225,-0.9424456205186,-0.202511098027725,0.581622164743959,-0.949991000160212,-0.0147690448550968,-3.12565351530741,"RAIR_like_low","TDS_high","TCGA-BJ-A0ZF","Alive",NA,1217,19978,"female","Stage II","T2","N0","M0","Follicular carcinoma, minimally invasive","8335/3","no","No",1217,0,"N0","T1_T2","Stage_I_II",FALSE,FALSE,FALSE,FALSE,FALSE,FALSE,FALSE,FALSE,FALSE,FALSE,FALSE
"TCGA-BJ-A0ZG","TCGA-BJ-A0ZG-01A-11R-A10U-07","TCGA-BJ-A0ZG-01A",1.27794104543284,0.103912044426724,-1.15102614562701,-0.656745132734431,1.21126947321476,-0.348125752758147,0.633983742881213,-4.25064335259508,"RAIR_like_low","TDS_high","TCGA-BJ-A0ZG","Alive",NA,775,29375,"male","Stage I","T1","N0","M0","Papillary carcinoma, follicular variant","8340/3","no","No",775,0,"N0","T1_T2","Stage_I_II",FALSE,FALSE,FALSE,FALSE,FALSE,FALSE,TRUE,FALSE,FALSE,FALSE,TRUE
"TCGA-BJ-A0ZH","TCGA-BJ-A0ZH-01A-11R-A10U-07","TCGA-BJ-A0ZH-01A",-0.516352665523004,-0.0960430686606901,0.0686575165238358,-0.0633811509935218,-0.688441537687515,-0.00129176605152127,-0.408229230049398,0.603040081452507,"RAIR_like_high","TDS_low","TCGA-BJ-A0ZH","Alive",NA,460,19114,"female","Stage IVA","T2","N1b","MX","Papillary carcinoma, columnar cell","8344/3","no","No",460,0,"N1","T1_T2","Stage_III_IV",TRUE,FALSE,FALSE,FALSE,FALSE,FALSE,FALSE,FALSE,FALSE,FALSE,TRUE
"TCGA-BJ-A0ZJ","TCGA-BJ-A0ZJ-01A-11R-A10U-07","TCGA-BJ-A0ZJ-01A",0.550692212086466,0.301122438943612,-0.429868918176497,-0.107248406216918,0.638274758944094,1.49358833527502,0.60481825408386,-1.06858638257897,"RAIR_like_low","TDS_high","TCGA-BJ-A0ZJ","Alive",NA,1280,13149,"male","Stage I","T2","N1a","M0","Papillary adenocarcinoma, NOS","8260/3","no","No",1280,0,"N1","T1_T2","Stage_I_II",FALSE,FALSE,FALSE,FALSE,FALSE,FALSE,FALSE,FALSE,FALSE,FALSE,FALSE
"TCGA-BJ-A18Y","TCGA-BJ-A18Y-01A-11R-A13Y-07","TCGA-BJ-A18Y-01A",1.18511725963376,-0.0165780299244268,-0.013852857941529,-0.122967353259098,1.35617650369794,-0.632618054980297,0.340980674540089,-1.96633882502299,"RAIR_like_low","TDS_high","TCGA-BJ-A18Y","Alive",NA,1563,10832,"male","Stage I","T1b","N0","MX","Papillary adenocarcinoma, NOS","8260/3","no","No",1563,0,"N0","T1_T2","Stage_I_II",FALSE,FALSE,TRUE,FALSE,FALSE,FALSE,FALSE,FALSE,FALSE,TRUE,TRUE
"TCGA-BJ-A18Z","TCGA-BJ-A18Z-01A-21R-A13Y-07","TCGA-BJ-A18Z-01A",-0.304707159266996,0.0970326511680208,0.227977787283028,0.464016945420783,-0.416256933363427,0.150555320039452,1.5189883699101,1.60062283363202,"RAIR_like_high","TDS_low","TCGA-BJ-A18Z","Alive",NA,1263,21519,"male","Stage IVA","T3","N1b","MX","Papillary adenocarcinoma, NOS","8260/3","no","No",1263,0,"N1","T3_T4","Stage_III_IV",TRUE,FALSE,FALSE,FALSE,FALSE,FALSE,FALSE,FALSE,FALSE,FALSE,TRUE
"TCGA-BJ-A190","TCGA-BJ-A190-01A-11R-A13Y-07","TCGA-BJ-A190-01A",0.96769937155267,-0.560917741804395,-2.11103061017973,-1.70726390804507,0.976924964398909,-1.28780158593357,-0.926638927739796,-7.73048389736327,"RAIR_like_low","TDS_high","TCGA-BJ-A190","Alive",NA,626,20407,"male","Stage II","T2","N0","MX","Papillary adenocarcinoma, NOS","8260/3","no","No",626,0,"N0","T1_T2","Stage_I_II",FALSE,FALSE,FALSE,FALSE,FALSE,FALSE,FALSE,FALSE,FALSE,FALSE,FALSE
"TCGA-BJ-A191","TCGA-BJ-A191-01A-11R-A13Y-07","TCGA-BJ-A191-01A",0.0182919548086104,0.222250420246793,-0.859905721172233,0.058983480294006,-0.281907208038854,0.149658338319516,-1.38062606646715,-0.756214405099686,"RAIR_like_low","TDS_high","TCGA-BJ-A191","Alive",NA,147,18162,"female","Stage I","T1b","N0","M0","Papillary carcinoma, columnar cell","8344/3","no","No",147,0,"N0","T1_T2","Stage_I_II",FALSE,FALSE,FALSE,FALSE,FALSE,FALSE,FALSE,FALSE,FALSE,FALSE,FALSE
"TCGA-BJ-A192","TCGA-BJ-A192-01A-31R-A13Y-07","TCGA-BJ-A192-01A",0.31033311842671,-0.0628139191013716,-0.805208653261981,-0.778869495563702,0.439155633966198,-0.693300298040662,-0.459539319921026,-2.80755362648869,"RAIR_like_low","TDS_high","TCGA-BJ-A192","Alive",NA,1349,19878,"female","Stage III","T3","NX","M0","Oxyphilic adenocarcinoma","8290/3","no","No",1349,0,NA,"T3_T4","Stage_III_IV",FALSE,FALSE,FALSE,FALSE,FALSE,FALSE,FALSE,FALSE,FALSE,FALSE,FALSE
"TCGA-BJ-A28R","TCGA-BJ-A28R-01A-11R-A16R-07","TCGA-BJ-A28R-01A",-0.0238257069079934,-0.423966441358947,0.315798930209027,0.306421957897844,-0.17277838807639,0.722505557996692,-0.328811680952538,0.236095702819461,"RAIR_like_low","TDS_low","TCGA-BJ-A28R","Alive",NA,1282,14044,"female","Stage I","T1","N0","M0","Papillary adenocarcinoma, NOS","8260/3","no","No",1282,0,"N0","T1_T2","Stage_I_II",TRUE,FALSE,FALSE,FALSE,FALSE,FALSE,FALSE,FALSE,FALSE,FALSE,TRUE
"TCGA-BJ-A28S","TCGA-BJ-A28S-01A-11R-A19O-07","TCGA-BJ-A28S-01A",0.93427963383586,-0.240622936335271,0.120003433335604,0.107587070252134,0.743811537813715,-1.1079722505141,-0.0666070384643784,-1.43567969416437,"RAIR_like_low","TDS_high","TCGA-BJ-A28S","Alive",NA,640,29143,"male","Stage II","T2","N0","M0","Papillary adenocarcinoma, NOS","8260/3","no","No",640,0,"N0","T1_T2","Stage_I_II",TRUE,FALSE,FALSE,FALSE,FALSE,FALSE,FALSE,FALSE,FALSE,FALSE,TRUE
"TCGA-BJ-A28T","TCGA-BJ-A28T-01A-11R-A16R-07","TCGA-BJ-A28T-01A",0.479124045763224,-0.249544481925473,-1.14834817795347,-0.441416486161809,0.784376427645165,2.02159075174987,0.657697945032849,-3.32610993215216,"RAIR_like_low","TDS_high","TCGA-BJ-A28T","Alive",NA,1081,12698,"female","Stage I","T1","N1a","M0","Papillary adenocarcinoma, NOS","8260/3","no","No",1081,0,"N1","T1_T2","Stage_I_II",FALSE,FALSE,FALSE,FALSE,FALSE,FALSE,FALSE,FALSE,FALSE,FALSE,FALSE
"TCGA-BJ-A28V","TCGA-BJ-A28V-01A-11R-A19O-07","TCGA-BJ-A28V-01A",1.48856317052657,0.317550626987993,-0.349758144760665,0.453144749380592,1.4375883282144,-1.32922179338522,-0.688509678182374,-1.48068097018421,"RAIR_like_low","TDS_high","TCGA-BJ-A28V","Alive",NA,987,29508,"female","Stage III","T3","N0","MX","Papillary adenocarcinoma, NOS","8260/3","no","No",987,0,"N0","T3_T4","Stage_III_IV",FALSE,FALSE,FALSE,FALSE,FALSE,FALSE,FALSE,FALSE,FALSE,FALSE,FALSE
"TCGA-BJ-A28W","TCGA-BJ-A28W-01A-11R-A32Y-07","TCGA-BJ-A28W-01A",-0.702962253845571,-0.38263019183788,-2.47066203617259,-1.74221542778637,-0.236118177170973,2.14733053126998,-0.226494677068142,-5.53470015355449,"RAIR_like_low","TDS_low","TCGA-BJ-A28W","Alive",NA,344,11999,"female","Stage I","T2","N0","M0","Papillary adenocarcinoma, NOS","8260/3","no","No",344,0,"N0","T1_T2","Stage_I_II",FALSE,FALSE,FALSE,FALSE,FALSE,FALSE,FALSE,FALSE,FALSE,FALSE,FALSE
"TCGA-BJ-A28X","TCGA-BJ-A28X-01A-11R-A22L-07","TCGA-BJ-A28X-01A",-0.535119053116794,-0.0539044825887617,-0.215028451461232,0.222077177928473,-0.493214443797374,1.86813748353079,1.22567269936128,0.732823281743888,"RAIR_like_high","TDS_low","TCGA-BJ-A28X","Alive",NA,942,11735,"female","Stage I","T3","N1a","M0","Papillary carcinoma, columnar cell","8344/3","no","No",942,0,"N1","T3_T4","Stage_I_II",TRUE,FALSE,FALSE,FALSE,FALSE,FALSE,FALSE,FALSE,FALSE,FALSE,TRUE
"TCGA-BJ-A28Z","TCGA-BJ-A28Z-01A-11R-A16R-07","TCGA-BJ-A28Z-01A",-0.853443652426376,-0.34352986484233,-0.199609405757524,-0.100726199252095,-0.697413815422649,1.82107174574736,0.345261748423069,0.277271961999041,"RAIR_like_low","TDS_low","TCGA-BJ-A28Z","Alive",NA,337,16912,"female","Stage III","T3","N1a","M0","Papillary adenocarcinoma, NOS","8260/3","no","No",337,0,"N1","T3_T4","Stage_III_IV",FALSE,FALSE,FALSE,FALSE,FALSE,FALSE,FALSE,FALSE,FALSE,FALSE,FALSE
"TCGA-BJ-A290","TCGA-BJ-A290-01A-11R-A180-07","TCGA-BJ-A290-01A",-0.386791687827569,0.476256563887468,0.351501426847115,0.429936170166612,-0.502226356821085,-1.04676003497527,0.957192224352668,2.45044424333538,"RAIR_like_high","TDS_low","TCGA-BJ-A290","Alive",NA,919,25803,"male","Stage III","T3","N1a","M0","Papillary carcinoma, columnar cell","8344/3","yes","No",919,0,"N1","T3_T4","Stage_III_IV",TRUE,FALSE,FALSE,FALSE,FALSE,FALSE,FALSE,FALSE,FALSE,FALSE,TRUE
"TCGA-BJ-A291","TCGA-BJ-A291-01A-11R-A16R-07","TCGA-BJ-A291-01A",0.152211988849037,-0.875505845602746,-1.68046135233673,-1.77283298554215,0.388124938814522,-1.15735820976654,-0.937003290546228,-6.54949167459862,"RAIR_like_low","TDS_high","TCGA-BJ-A291","Alive",NA,696,20682,"female","Stage I","T1","N0","M0","Papillary adenocarcinoma, NOS","8260/3","yes","No",696,0,"N0","T1_T2","Stage_I_II",FALSE,FALSE,FALSE,FALSE,FALSE,FALSE,FALSE,FALSE,FALSE,FALSE,FALSE
"TCGA-BJ-A2N7","TCGA-BJ-A2N7-01A-11R-A18C-07","TCGA-BJ-A2N7-01A",0.679250993824272,-0.14980755002352,-0.22605060699893,-0.203033458457612,0.768242396953745,-0.837324792381811,-0.00168072913190641,-1.84690849005757,"RAIR_like_low","TDS_high","TCGA-BJ-A2N7","Alive",NA,559,11188,"female","Stage I","T3","N0","M0","Papillary adenocarcinoma, NOS","8260/3","no","No",559,0,"N0","T3_T4","Stage_I_II",FALSE,TRUE,FALSE,FALSE,FALSE,FALSE,FALSE,FALSE,FALSE,TRUE,TRUE
"TCGA-BJ-A2N8","TCGA-BJ-A2N8-01A-11R-A18C-07","TCGA-BJ-A2N8-01A",0.305206566826281,-0.129864758546777,-0.181438874989793,0.0882702317098867,0.657480927597302,-0.483303997135293,-0.751412566789571,-0.774477147679607,"RAIR_like_low","TDS_high","TCGA-BJ-A2N8","Alive",NA,504,11024,"female","Stage I","T1b","N0","M0","Papillary adenocarcinoma, NOS","8260/3","no","No",504,0,"N0","T1_T2","Stage_I_II",FALSE,TRUE,FALSE,FALSE,FALSE,FALSE,FALSE,FALSE,FALSE,TRUE,TRUE
"TCGA-BJ-A2N9","TCGA-BJ-A2N9-01A-11R-A18C-07","TCGA-BJ-A2N9-01A",0.36827285420672,-0.312511283753107,-2.89742494332403,-1.75991996115144,0.592025247915314,0.422295687263838,-1.36958758647383,-7.60272052561628,"RAIR_like_low","TDS_high","TCGA-BJ-A2N9","Alive",NA,623,15411,"female","Stage I","T2","N0","M0","Papillary adenocarcinoma, NOS","8260/3","no","No",623,0,"N0","T1_T2","Stage_I_II",FALSE,FALSE,FALSE,FALSE,FALSE,FALSE,FALSE,FALSE,FALSE,FALSE,FALSE
"TCGA-BJ-A2NA","TCGA-BJ-A2NA-01A-12R-A19O-07","TCGA-BJ-A2NA-01A",-0.195969472693657,0.264919155020829,0.38970388316081,0.46385200549569,-0.293827727267,0.423644373598986,0.358813495421938,1.93224168629996,"RAIR_like_high","TDS_low","TCGA-BJ-A2NA","Alive",NA,577,28147,"male","Stage III","T3","N0","M0","Papillary adenocarcinoma, NOS","8260/3","no","No",577,0,"N0","T3_T4","Stage_III_IV",TRUE,FALSE,FALSE,FALSE,FALSE,FALSE,FALSE,FALSE,FALSE,FALSE,TRUE
"TCGA-BJ-A2P4","TCGA-BJ-A2P4-01A-11R-A18C-07","TCGA-BJ-A2P4-01A",0.508382778603799,-0.308036070527814,0.0604501552265417,-0.257425369479312,0.72546484773557,-1.00552025503182,0.254091607571948,-1.54014732194002,"RAIR_like_low","TDS_high","TCGA-BJ-A2P4","Alive",NA,390,10602,"female","Stage I","T2","N0","M0","Papillary adenocarcinoma, NOS","8260/3","no","No",390,0,"N0","T1_T2","Stage_I_II",FALSE,FALSE,TRUE,FALSE,FALSE,FALSE,FALSE,FALSE,FALSE,TRUE,TRUE
"TCGA-BJ-A3EZ","TCGA-BJ-A3EZ-01A-11R-A206-07","TCGA-BJ-A3EZ-01A",-0.504807495799328,-0.285921147663693,-0.169311243295194,0.0845338633960228,-0.605143126261044,-0.0912993600244994,-0.140866966537722,0.173698551087623,"RAIR_like_low","TDS_low","TCGA-BJ-A3EZ","Alive",NA,487,18882,"male","Stage IVA","T3","N1b","M0","Papillary adenocarcinoma, NOS","8260/3","no","No",487,0,"N1","T3_T4","Stage_III_IV",TRUE,FALSE,FALSE,FALSE,FALSE,FALSE,FALSE,TRUE,FALSE,FALSE,TRUE
"TCGA-BJ-A3F0","TCGA-BJ-A3F0-01A-11R-A206-07","TCGA-BJ-A3F0-01A",0.931019067082141,-0.189129091871119,-0.564633481627626,-0.610383131260153,1.25270285591999,-1.20165823272358,-0.635734670338503,-3.34420735884801,"RAIR_like_low","TDS_high","TCGA-BJ-A3F0","Alive",NA,424,23545,"female","Stage I","T1b","N0","M0","Papillary adenocarcinoma, NOS","8260/3","no","No",424,0,"N0","T1_T2","Stage_I_II",FALSE,FALSE,FALSE,FALSE,FALSE,FALSE,FALSE,FALSE,FALSE,FALSE,FALSE
"TCGA-BJ-A3PR","TCGA-BJ-A3PR-01A-11R-A220-07","TCGA-BJ-A3PR-01A",-0.673817367002843,0.259726468429542,-0.670886780349268,-0.465793524784659,-0.503248818560415,2.49128040057612,0.349104390064093,-0.197617998330479,"RAIR_like_low","TDS_low","TCGA-BJ-A3PR","Alive",NA,1107,25565,"female","Stage I","T1a","N0","M0","Papillary adenocarcinoma, NOS","8260/3","no","No",1107,0,"N0","T1_T2","Stage_I_II",TRUE,FALSE,FALSE,FALSE,FALSE,FALSE,FALSE,FALSE,FALSE,FALSE,TRUE
"TCGA-BJ-A3PT","TCGA-BJ-A3PT-01A-12R-A220-07","TCGA-BJ-A3PT-01A",0.562324052758883,-0.325335640236983,-0.107929693454513,-0.586456146543682,0.793584760976272,0.231324516624338,0.516128151838203,-2.36344133296099,"RAIR_like_low","TDS_high","TCGA-BJ-A3PT","Alive",NA,709,18903,"female","Stage III","T3","N0","M0","Papillary adenocarcinoma, NOS","8260/3","no","No",709,0,"N0","T3_T4","Stage_III_IV",FALSE,TRUE,FALSE,FALSE,FALSE,FALSE,FALSE,FALSE,FALSE,TRUE,TRUE
"TCGA-BJ-A3PU","TCGA-BJ-A3PU-01A-11R-A220-07","TCGA-BJ-A3PU-01A",-0.917205344130317,-0.849923330852379,-0.250875373878929,-0.396706363646906,-1.1331502072556,-0.0764109495533063,-0.794952031587569,-0.952520092212541,"RAIR_like_low","TDS_low","TCGA-BJ-A3PU","Alive",NA,567,19007,"male","Stage III","T3","N1a","M0","Papillary adenocarcinoma, NOS","8260/3","no","No",567,0,"N1","T3_T4","Stage_III_IV",TRUE,FALSE,FALSE,FALSE,FALSE,FALSE,FALSE,FALSE,FALSE,FALSE,TRUE
"TCGA-BJ-A45C","TCGA-BJ-A45C-01A-11R-A23W-07","TCGA-BJ-A45C-01A",0.869999460906789,-0.470726743540175,-0.714808720364604,-0.178377077238701,0.681732900842282,-1.09694825946584,-0.544123888836177,-3.27507620468146,"RAIR_like_low","TDS_high","TCGA-BJ-A45C","Dead",243,243,28490,"male","Stage III","T3","N0","M0","Papillary adenocarcinoma, NOS","8260/3","no","No",243,1,"N0","T3_T4","Stage_III_IV",FALSE,FALSE,FALSE,FALSE,FALSE,FALSE,FALSE,FALSE,FALSE,FALSE,FALSE
"TCGA-BJ-A45D","TCGA-BJ-A45D-01A-11R-A23W-07","TCGA-BJ-A45D-01A",0.297235596036765,-0.416622631618057,0.103066256562835,-0.436996670603345,0.616062575185515,-0.524666517716696,-0.375305337062021,-1.61244513084125,"RAIR_like_low","TDS_high","TCGA-BJ-A45D","Alive",NA,331,13335,"male","Stage I","T2","N0","M0","Papillary carcinoma, follicular variant","8340/3","no","No",331,0,"N0","T1_T2","Stage_I_II",FALSE,FALSE,TRUE,FALSE,FALSE,FALSE,FALSE,FALSE,FALSE,TRUE,TRUE
"TCGA-BJ-A45E","TCGA-BJ-A45E-01A-11R-A32Y-07","TCGA-BJ-A45E-01A",-1.75504659536626,-0.715557889743839,-2.37516053075351,-2.35556371359248,-1.45410504677742,1.66776873429796,-0.250334812348813,-5.30333459165151,"RAIR_like_low","TDS_low","TCGA-BJ-A45E","Alive",NA,639,17115,"female","Stage I","T1a","N0","M0","Papillary adenocarcinoma, NOS","8260/3","no","No",639,0,"N0","T1_T2","Stage_I_II",FALSE,FALSE,FALSE,FALSE,FALSE,FALSE,FALSE,FALSE,FALSE,FALSE,FALSE
"TCGA-BJ-A45F","TCGA-BJ-A45F-01A-12R-A23W-07","TCGA-BJ-A45F-01A",-0.100662528332984,-1.1630869873457,-0.992453201062487,-1.55401336527997,0.392141625432576,-1.06239267852726,-0.593266106999085,-5.3785824807175,"RAIR_like_low","TDS_low","TCGA-BJ-A45F","Alive",NA,105,21713,"female","Stage I","T1b","N0","M0","Papillary adenocarcinoma, NOS","8260/3","no","No",105,0,"N0","T1_T2","Stage_I_II",FALSE,TRUE,FALSE,FALSE,FALSE,FALSE,FALSE,FALSE,FALSE,TRUE,TRUE
"TCGA-BJ-A45G","TCGA-BJ-A45G-01A-11R-A23W-07","TCGA-BJ-A45G-01A",0.999648800111118,-0.133833452539653,0.0182780594973121,-0.379566956858354,1.20507474710971,-0.708220944062172,-0.163249344694015,-2.21844368523461,"RAIR_like_low","TDS_high","TCGA-BJ-A45G","Alive",NA,725,17831,"female","Stage III","T2","N1","M0","Papillary carcinoma, follicular variant","8340/3","no","No",725,0,"N1","T1_T2","Stage_III_IV",FALSE,TRUE,FALSE,FALSE,FALSE,FALSE,FALSE,FALSE,FALSE,TRUE,TRUE
"TCGA-BJ-A45H","TCGA-BJ-A45H-01A-12R-A23W-07","TCGA-BJ-A45H-01A",0.78350195969315,0.046862870855629,0.556825439060858,0.221963050840449,1.01091096448742,0.429675540259496,0.506801720888742,0.0144949988661423,"RAIR_like_low","TDS_high","TCGA-BJ-A45H","Alive",NA,865,16541,"male","Stage III","T3","N0","M0","Papillary adenocarcinoma, NOS","8260/3","no","No",865,0,"N0","T3_T4","Stage_III_IV",FALSE,FALSE,FALSE,FALSE,FALSE,FALSE,FALSE,FALSE,FALSE,FALSE,FALSE
"TCGA-BJ-A45I","TCGA-BJ-A45I-01A-11R-A23W-07","TCGA-BJ-A45I-01A",-1.01850434560878,-0.0736686800115289,0.108827298943422,0.140055701007228,-1.2249583247033,1.4092520904774,0.826265898583011,1.73144381150593,"RAIR_like_high","TDS_low","TCGA-BJ-A45I","Alive",NA,470,18767,"female","Stage III","T3","N0","M0","Papillary carcinoma, columnar cell","8344/3","no","No",470,0,"N0","T3_T4","Stage_III_IV",TRUE,FALSE,FALSE,FALSE,FALSE,FALSE,FALSE,FALSE,FALSE,FALSE,TRUE
"TCGA-BJ-A45J","TCGA-BJ-A45J-01A-11R-A23W-07","TCGA-BJ-A45J-01A",-0.020903791749173,-0.0722868911896473,1.2967476302106,0.374755184062512,-0.228212157429913,-0.650631583407914,0.0594352350667754,2.23940374993251,"RAIR_like_high","TDS_low","TCGA-BJ-A45J","Alive",NA,658,14510,"female","Stage I","T1a","N1a","M0","Papillary carcinoma, columnar cell","8344/3","no","No",658,0,"N1","T1_T2","Stage_I_II",TRUE,FALSE,FALSE,FALSE,FALSE,FALSE,FALSE,FALSE,FALSE,FALSE,TRUE
"TCGA-BJ-A45K","TCGA-BJ-A45K-01A-11R-A23W-07","TCGA-BJ-A45K-01A",1.02148619184408,0.0468879020989257,0.0363813612976189,0.152399149320331,1.02272527949775,-1.018441956118,-0.138286790109301,-1.14840439974234,"RAIR_like_low","TDS_high","TCGA-BJ-A45K","Alive",NA,705,12138,"male","Stage I","T2","N0","M0","Papillary carcinoma, follicular variant","8340/3","no","No",705,0,"N0","T1_T2","Stage_I_II",FALSE,FALSE,FALSE,FALSE,FALSE,FALSE,FALSE,FALSE,FALSE,FALSE,FALSE
"TCGA-BJ-A4O8","TCGA-BJ-A4O8-01A-11R-A250-07","TCGA-BJ-A4O8-01A",-0.568937222458194,0.49291109287889,0.314427817577647,0.68860480684872,-0.751035231132974,0.7384373799712,1.23403479390707,3.07618291908908,"RAIR_like_high","TDS_low","TCGA-BJ-A4O8","Alive",NA,591,17430,"male","Stage III","T3","N1a","M0","Papillary adenocarcinoma, NOS","8260/3","no","No",591,0,"N1","T3_T4","Stage_III_IV",TRUE,FALSE,FALSE,FALSE,FALSE,FALSE,FALSE,FALSE,FALSE,FALSE,TRUE
"TCGA-BJ-A4O9","TCGA-BJ-A4O9-01A-11R-A250-07","TCGA-BJ-A4O9-01A",-0.0949863946728757,1.68706146718858,0.153747453469059,0.0350919683111713,-0.298770730909851,-0.739709540328009,-2.03233720749388,3.11946306681149,"RAIR_like_high","TDS_low","TCGA-BJ-A4O9","Alive",NA,714,18938,"female","Stage II","T2","N0","M0","Papillary carcinoma, follicular variant","8340/3","no","No",714,0,"N0","T1_T2","Stage_I_II",TRUE,FALSE,FALSE,FALSE,FALSE,FALSE,FALSE,FALSE,FALSE,FALSE,TRUE
"TCGA-CE-A13K","TCGA-CE-A13K-01A-11R-A10U-07","TCGA-CE-A13K-01A",0.147616773827365,-0.0203662335766585,1.56842522378412,0.682332924789385,0.107570395063885,-0.152970312914015,0.360501551772445,2.90145164058311,"RAIR_like_high","TDS_high","TCGA-CE-A13K","Alive",NA,385,11122,"female","Stage I","T3","N1","M0","Papillary adenocarcinoma, NOS","8260/3","yes","No",385,0,"N1","T3_T4","Stage_I_II",FALSE,FALSE,FALSE,FALSE,FALSE,FALSE,FALSE,FALSE,FALSE,FALSE,FALSE
"TCGA-CE-A27D","TCGA-CE-A27D-01A-11R-A16R-07","TCGA-CE-A27D-01A",0.653438440203476,0.278020548251152,-0.367535003282881,-0.0373295726092263,0.873253080582013,1.69602673910577,0.604776923994113,-1.06809355920637,"RAIR_like_low","TDS_high","TCGA-CE-A27D","Alive",NA,374,10536,"female","Stage I","T2","N1","M0","Papillary adenocarcinoma, NOS","8260/3","no","No",374,0,"N1","T1_T2","Stage_I_II",FALSE,FALSE,FALSE,FALSE,FALSE,FALSE,FALSE,FALSE,FALSE,FALSE,FALSE
"TCGA-CE-A3MD","TCGA-CE-A3MD-01A-11R-A20F-07","TCGA-CE-A3MD-01A",0.125084051563499,-0.105241015581247,0.273784773305861,0.197910804114986,0.296164187137999,0.119989724897414,0.577686687863197,0.313369912905754,"RAIR_like_low","TDS_high","TCGA-CE-A3MD","Alive",NA,389,11399,"male","Stage I","T2","N1","M0","Papillary adenocarcinoma, NOS","8260/3","no","No",389,0,"N1","T1_T2","Stage_I_II",FALSE,FALSE,FALSE,FALSE,FALSE,FALSE,FALSE,FALSE,FALSE,FALSE,FALSE
"TCGA-CE-A3ME","TCGA-CE-A3ME-01A-11R-A20F-07","TCGA-CE-A3ME-01A",-0.317968453864659,1.93931764478104,0.430678034228807,0.301618294868536,-0.575076438246026,0.565821347211103,-0.328557972517131,4.62526952391752,"RAIR_like_high","TDS_low","TCGA-CE-A3ME","Alive",NA,379,18714,"female","Stage II","T2","N0","M0","Papillary adenocarcinoma, NOS","8260/3","no","No",379,0,"N0","T1_T2","Stage_I_II",TRUE,FALSE,FALSE,FALSE,FALSE,FALSE,FALSE,FALSE,FALSE,FALSE,TRUE
"TCGA-CE-A481","TCGA-CE-A481-01A-21R-A23W-07","TCGA-CE-A481-01A",0.458618370155733,0.336979329873917,0.838383907686542,0.531842956600758,0.618308711160092,0.727499806512912,0.754023692023209,1.80121932296455,"RAIR_like_high","TDS_high","TCGA-CE-A481","Alive",NA,346,15268,"female","Stage I","T1","N0","M0","Papillary adenocarcinoma, NOS","8260/3","no","No",346,0,"N0","T1_T2","Stage_I_II",FALSE,FALSE,FALSE,FALSE,FALSE,FALSE,FALSE,FALSE,FALSE,FALSE,FALSE
"TCGA-CE-A482","TCGA-CE-A482-01A-11R-A23W-07","TCGA-CE-A482-01A",-0.00283235685952821,0.327928064628741,0.969987556180749,0.846924165052018,-0.0881265709692713,-0.208635272309614,0.181697487055522,3.10916171727162,"RAIR_like_high","TDS_high","TCGA-CE-A482","Alive",NA,325,10192,"female","Stage I","T1","N1","M0","Papillary adenocarcinoma, NOS","8260/3","no","No",325,0,"N1","T1_T2","Stage_I_II",FALSE,FALSE,FALSE,FALSE,FALSE,FALSE,FALSE,FALSE,FALSE,FALSE,FALSE
"TCGA-CE-A483","TCGA-CE-A483-01A-11R-A23W-07","TCGA-CE-A483-01A",-0.0592365492875176,-0.0732783068984573,0.411459652839461,0.159140633100808,-0.08206177783254,-0.538532465251217,-0.906738539066617,0.766097774832587,"RAIR_like_high","TDS_low","TCGA-CE-A483","Alive",NA,457,12768,"female","Stage I","T2","N1","M0","Papillary adenocarcinoma, NOS","8260/3","no","No",457,0,"N1","T1_T2","Stage_I_II",FALSE,FALSE,FALSE,FALSE,FALSE,FALSE,FALSE,FALSE,FALSE,FALSE,FALSE
"TCGA-CE-A484","TCGA-CE-A484-01A-11R-A23W-07","TCGA-CE-A484-01A",0.28104942208429,-0.289684369034297,0.0134482393451225,0.124593695518117,0.521066995801501,-0.761504215626141,0.0986834910653032,-0.676634942493841,"RAIR_like_low","TDS_high","TCGA-CE-A484","Alive",NA,378,13815,"female","Stage I","T2","N1","M0","Papillary adenocarcinoma, NOS","8260/3","no","No",378,0,"N1","T1_T2","Stage_I_II",FALSE,FALSE,FALSE,FALSE,FALSE,FALSE,FALSE,FALSE,FALSE,FALSE,FALSE
"TCGA-CE-A485","TCGA-CE-A485-01A-11R-A23W-07","TCGA-CE-A485-01A",0.201607477334749,0.190648997871059,0.64911578255522,0.82576103569111,0.187621682470567,0.516667373042984,1.56449418650886,2.11840461494832,"RAIR_like_high","TDS_high","TCGA-CE-A485","Alive",NA,385,11997,"male","Stage I","T2","N1","M0","Papillary adenocarcinoma, NOS","8260/3","no","No",385,0,"N1","T1_T2","Stage_I_II",FALSE,FALSE,FALSE,FALSE,FALSE,FALSE,FALSE,FALSE,FALSE,FALSE,FALSE
"TCGA-DE-A0XZ","TCGA-DE-A0XZ-01A-11R-A180-07","TCGA-DE-A0XZ-01A",-0.188435742243746,0.224516578862758,0.474192825359748,0.325423419670491,-0.337706585157344,1.2902059626652,0.377805577721661,1.76692379361607,"RAIR_like_high","TDS_low","TCGA-DE-A0XZ","Alive",NA,1090,24020,"female","Stage III","T1","N1a","M0","Papillary adenocarcinoma, NOS","8260/3","yes","No",1090,0,"N1","T1_T2","Stage_III_IV",TRUE,FALSE,FALSE,FALSE,FALSE,FALSE,FALSE,FALSE,FALSE,FALSE,TRUE
"TCGA-DE-A0Y2","TCGA-DE-A0Y2-01A-11R-A10U-07","TCGA-DE-A0Y2-01A",-0.130476867407102,-0.119550774580158,0.932391992080084,0.794523758281545,-0.604604545871968,-0.348664089209969,-0.685672668742017,2.44668307236208,"RAIR_like_high","TDS_low","TCGA-DE-A0Y2","Alive",NA,658,11227,"female","Stage I","T2","N1a","M0","Papillary adenocarcinoma, NOS","8260/3","no","No",658,0,"N1","T1_T2","Stage_I_II",FALSE,FALSE,FALSE,FALSE,FALSE,FALSE,FALSE,FALSE,FALSE,FALSE,FALSE
"TCGA-DE-A0Y3","TCGA-DE-A0Y3-01B-11R-A10U-07","TCGA-DE-A0Y3-01B",-0.200766353331712,0.542452552262539,0.404748931886285,0.516583267394014,-0.576352571505747,-0.332086323162581,-0.951765317007904,2.484925226591,"RAIR_like_high","TDS_low","TCGA-DE-A0Y3","Alive",NA,1526,22239,"female","Stage IVC","T4a","N1b","M1","Papillary adenocarcinoma, NOS","8260/3","no","No",1526,0,"N1","T3_T4","Stage_III_IV",TRUE,FALSE,FALSE,FALSE,FALSE,FALSE,FALSE,FALSE,FALSE,FALSE,TRUE
"TCGA-DE-A2OL","TCGA-DE-A2OL-01A-11R-A18C-07","TCGA-DE-A2OL-01A",1.29533874955718,0.517085594194777,-0.021654475861668,0.627602303139942,1.27734481552898,-1.24687531153875,-0.546594054071616,-0.169646496226769,"RAIR_like_low","TDS_high","TCGA-DE-A2OL","Alive",NA,1145,16253,"female","Stage I","T2","NX","MX","Papillary carcinoma, follicular variant","8340/3","no","No",1145,0,NA,"T1_T2","Stage_I_II",FALSE,FALSE,FALSE,FALSE,FALSE,FALSE,FALSE,FALSE,FALSE,FALSE,FALSE
"TCGA-DE-A3KN","TCGA-DE-A3KN-01A-11R-A20F-07","TCGA-DE-A3KN-01A",0.406792710467829,-0.466460718323041,1.52751258717028,0.613244261832585,0.163888787941609,-0.490858236836336,0.202339311896314,1.64441025138753,"RAIR_like_high","TDS_high","TCGA-DE-A3KN","Alive",NA,831,18098,"female","Stage IVA","T3","N1b","M0","Papillary adenocarcinoma, NOS","8260/3","no","No",831,0,"N1","T3_T4","Stage_III_IV",FALSE,FALSE,FALSE,FALSE,FALSE,FALSE,FALSE,FALSE,FALSE,FALSE,FALSE
"TCGA-DE-A4M8","TCGA-DE-A4M8-01A-21R-A250-07","TCGA-DE-A4M8-01A",-0.389418124870696,-0.335545191727127,-0.526757280924579,-0.437621452404111,-0.00975090068222288,1.61417604261584,0.371656555325786,-1.33551945423334,"RAIR_like_low","TDS_low","TCGA-DE-A4M8","Alive",NA,564,22357,"female","Stage III","T2","N1","M0","Papillary adenocarcinoma, NOS","8260/3","no","No",564,0,"N1","T1_T2","Stage_III_IV",FALSE,FALSE,FALSE,FALSE,FALSE,FALSE,FALSE,FALSE,FALSE,FALSE,FALSE
"TCGA-DE-A4M9","TCGA-DE-A4M9-01A-11R-A250-07","TCGA-DE-A4M9-01A",0.974920761565278,-0.0649001503743231,-0.870879013104771,0.137565538546746,0.687460139216879,-1.02387415219346,0.432345063326547,-2.52143388347488,"RAIR_like_low","TDS_high","TCGA-DE-A4M9","Alive",NA,573,10384,"male","Stage I","T2","NX","M0","Papillary adenocarcinoma, NOS","8260/3","no","No",573,0,NA,"T1_T2","Stage_I_II",FALSE,FALSE,FALSE,FALSE,FALSE,FALSE,FALSE,FALSE,FALSE,FALSE,FALSE
"TCGA-DE-A4MA","TCGA-DE-A4MA-01A-11R-A250-07","TCGA-DE-A4MA-01A",-1.18589852130424,-1.17730487532874,-0.949043627704646,-0.578353183792905,-1.31581309492611,-0.114129015630144,-0.653300449726838,-2.30788372847211,"RAIR_like_low","TDS_low","TCGA-DE-A4MA","Alive",NA,916,19100,"female","Stage III","T3","N1a","M0","Papillary adenocarcinoma, NOS","8260/3","no","No",916,0,"N1","T3_T4","Stage_III_IV",FALSE,FALSE,FALSE,FALSE,FALSE,FALSE,FALSE,FALSE,FALSE,FALSE,FALSE
"TCGA-DE-A4MB","TCGA-DE-A4MB-01A-11R-A250-07","TCGA-DE-A4MB-01A",-0.368850205584289,-0.27731579330206,0.0904639550624625,0.308059759797113,-0.305620464283029,0.661707158610502,0.986499073297465,0.673262175137591,"RAIR_like_high","TDS_low","TCGA-DE-A4MB","Alive",NA,352,29011,"female","Stage IVA","T3","N1b","M0","Papillary adenocarcinoma, NOS","8260/3","no","No",352,0,"N1","T3_T4","Stage_III_IV",FALSE,FALSE,FALSE,FALSE,FALSE,FALSE,FALSE,FALSE,FALSE,FALSE,FALSE
"TCGA-DE-A4MC","TCGA-DE-A4MC-01A-11R-A250-07","TCGA-DE-A4MC-01A",-0.70685000771066,-0.293169141283336,-0.110219785367069,0.248636810735862,-0.847286759242795,1.06244878526776,-0.206735454787794,0.781727683230738,"RAIR_like_high","TDS_low","TCGA-DE-A4MC","Alive",NA,913,15996,"female","Stage I","T3","N1b","M0","Papillary adenocarcinoma, NOS","8260/3","no","No",913,0,"N1","T3_T4","Stage_I_II",FALSE,FALSE,FALSE,FALSE,FALSE,FALSE,FALSE,FALSE,FALSE,FALSE,FALSE
"TCGA-DE-A4MD","TCGA-DE-A4MD-01A-11R-A250-07","TCGA-DE-A4MD-01A",-0.923936956618454,0.298347385905432,-0.538900849461723,-0.0187078654645233,-0.881705829430242,-0.903430195077183,-1.7225822981227,1.07264525676957,"RAIR_like_high","TDS_low","TCGA-DE-A4MD","Alive",NA,764,26179,"male","Stage IVA","T3","N1b","M0","Papillary adenocarcinoma, NOS","8260/3","no","No",764,0,"N1","T3_T4","Stage_III_IV",FALSE,FALSE,FALSE,FALSE,FALSE,FALSE,FALSE,FALSE,FALSE,FALSE,FALSE
"TCGA-DE-A69J","TCGA-DE-A69J-01A-21R-A39I-07","TCGA-DE-A69J-01A",-0.239535031944963,0.933997765463055,0.517076464244708,0.899842215105457,-0.49551875994875,0.125346619193277,0.256311817627139,3.89251700463167,"RAIR_like_high","TDS_low","TCGA-DE-A69J","Alive",NA,447,12493,"female","Stage I","T2","NX","M0","Papillary adenocarcinoma, NOS","8260/3","no","No",447,0,NA,"T1_T2","Stage_I_II",FALSE,FALSE,FALSE,FALSE,FALSE,FALSE,FALSE,FALSE,FALSE,FALSE,FALSE
"TCGA-DE-A69K","TCGA-DE-A69K-01A-11R-A39I-07","TCGA-DE-A69K-01A",0.358370783871539,-0.0261295545316157,1.28279017268728,0.950454755033497,0.0396426354539596,-0.201733777030316,0.048022906802061,2.58898588320641,"RAIR_like_high","TDS_high","TCGA-DE-A69K","Alive",NA,434,21403,"female","Stage III","T3","N0","M0","Papillary adenocarcinoma, NOS","8260/3","no","No",434,0,"N0","T3_T4","Stage_III_IV",FALSE,FALSE,FALSE,FALSE,FALSE,FALSE,FALSE,FALSE,FALSE,FALSE,FALSE
"TCGA-DE-A7U5","TCGA-DE-A7U5-01A-11R-A39I-07","TCGA-DE-A7U5-01A",-0.729356778827272,0.222443533922899,0.358477720995724,0.490858817325841,-0.958295875401749,1.16423184689087,1.33288222296893,2.6437253120368,"RAIR_like_high","TDS_low","TCGA-DE-A7U5","Alive",NA,84,13411,"female","Stage I","T2","N0","M0","Papillary adenocarcinoma, NOS","8260/3","no","No",84,0,"N0","T1_T2","Stage_I_II",FALSE,FALSE,FALSE,FALSE,FALSE,FALSE,FALSE,FALSE,FALSE,FALSE,FALSE
"TCGA-DJ-A13L","TCGA-DJ-A13L-01A-11R-A220-07","TCGA-DJ-A13L-01A",-0.878678734307565,-0.311083272928124,-0.220827631574846,-0.037525777299059,-0.908986283660935,1.31409827320832,0.959225057327477,0.430996157144986,"RAIR_like_low","TDS_low","TCGA-DJ-A13L","Alive",NA,303,31388,"male","Stage I","T1b","N0","M0","Papillary carcinoma, columnar cell","8344/3","no","No",303,0,"N0","T1_T2","Stage_I_II",TRUE,FALSE,FALSE,FALSE,FALSE,FALSE,FALSE,FALSE,FALSE,FALSE,TRUE
"TCGA-DJ-A13M","TCGA-DJ-A13M-01A-11R-A10U-07","TCGA-DJ-A13M-01A",0.698334428961731,-0.0240474413301138,0.231984380010996,-0.356574872848316,1.02991566322406,-0.711763669645061,-1.13952492111951,-1.27352068532621,"RAIR_like_low","TDS_high","TCGA-DJ-A13M","Alive",NA,1484,10530,"female","Stage I","T1b","N0","M0","Papillary carcinoma, follicular variant","8340/3","no","No",1484,0,"N0","T1_T2","Stage_I_II",FALSE,FALSE,TRUE,FALSE,FALSE,FALSE,FALSE,FALSE,FALSE,TRUE,TRUE
"TCGA-DJ-A13O","TCGA-DJ-A13O-01A-11R-A10U-07","TCGA-DJ-A13O-01A",0.100762099971007,-0.408068746660742,-0.460601776652126,-0.265661050409163,0.141815215573622,0.615585784717256,-0.291423159306505,-1.82713065328113,"RAIR_like_low","TDS_high","TCGA-DJ-A13O","Alive",NA,1161,20779,"male","Stage I","T1b","N0","M0","Papillary adenocarcinoma, NOS","8260/3","no","No",1161,0,"N0","T1_T2","Stage_I_II",TRUE,FALSE,FALSE,FALSE,FALSE,FALSE,FALSE,FALSE,FALSE,FALSE,TRUE
"TCGA-DJ-A13P","TCGA-DJ-A13P-01A-11R-A10U-07","TCGA-DJ-A13P-01A",0.389807912462838,-0.27218709682574,0.426330172383885,0.691102305864698,0.540448555143342,-0.652812589078764,-0.711945825296004,0.593191721266933,"RAIR_like_high","TDS_high","TCGA-DJ-A13P","Alive",NA,5150,19297,"female","Stage II","T2","N0","M0","Papillary adenocarcinoma, NOS","8260/3","no","No",5150,0,"N0","T1_T2","Stage_I_II",TRUE,FALSE,FALSE,FALSE,FALSE,FALSE,FALSE,FALSE,FALSE,FALSE,TRUE
"TCGA-DJ-A13R","TCGA-DJ-A13R-01A-11R-A10U-07","TCGA-DJ-A13R-01A",-1.56539492586778,-2.71681043464079,-2.83742470657136,-2.89789341949189,-1.19511527588429,0.749731200098855,-1.89613746623466,-10.2389945930085,"RAIR_like_low","TDS_low","TCGA-DJ-A13R","Alive",NA,565,18354,"male","Stage III","T3","N0","M0","Papillary carcinoma, follicular variant","8340/3","no","No",565,0,"N0","T3_T4","Stage_III_IV",FALSE,FALSE,FALSE,FALSE,FALSE,FALSE,FALSE,FALSE,FALSE,FALSE,FALSE
"TCGA-DJ-A13S","TCGA-DJ-A13S-01A-11R-A10U-07","TCGA-DJ-A13S-01A",0.364022518061118,-0.337240177791681,-0.27114096742323,-0.615330381053622,0.686916014513891,-0.740168190105073,-1.21833877982893,-2.3572646608736,"RAIR_like_low","TDS_high","TCGA-DJ-A13S","Alive",NA,265,7099,"female","Stage I","T1b","N0","M0","Papillary carcinoma, follicular variant","8340/3","no","No",265,0,"N0","T1_T2","Stage_I_II",FALSE,TRUE,FALSE,FALSE,FALSE,FALSE,FALSE,FALSE,FALSE,TRUE,TRUE
"TCGA-DJ-A13T","TCGA-DJ-A13T-01A-11R-A10U-07","TCGA-DJ-A13T-01A",0.158162530658577,0.501435197134802,1.16732126360876,0.861131319946676,0.333162187760109,-0.168411033315666,-0.689809173576683,3.44303735810644,"RAIR_like_high","TDS_high","TCGA-DJ-A13T","Alive",NA,1709,13668,"female","Stage I","T2","N0","M0","Papillary adenocarcinoma, NOS","8260/3","no","No",1709,0,"N0","T1_T2","Stage_I_II",TRUE,FALSE,FALSE,FALSE,FALSE,FALSE,FALSE,FALSE,FALSE,FALSE,TRUE
"TCGA-DJ-A13U","TCGA-DJ-A13U-01A-11R-A10U-07","TCGA-DJ-A13U-01A",0.128657155170141,0.584519089530031,0.046502664226814,-0.109370245921951,0.0583415493341434,-0.0299954137538045,-0.500649330825317,0.654884967380132,"RAIR_like_high","TDS_high","TCGA-DJ-A13U","Alive",NA,1590,22130,"male","Stage III","T3","N0","M0","Papillary adenocarcinoma, NOS","8260/3","no","No",1590,0,"N0","T3_T4","Stage_III_IV",TRUE,FALSE,FALSE,FALSE,FALSE,FALSE,FALSE,FALSE,FALSE,FALSE,TRUE
"TCGA-DJ-A13V","TCGA-DJ-A13V-01A-11R-A10U-07","TCGA-DJ-A13V-01A",-0.108370956893304,0.252715153841948,0.476090925385381,0.448058164449584,-0.335916064222752,-0.300850254017085,0.501009096754863,1.87870515787873,"RAIR_like_high","TDS_low","TCGA-DJ-A13V","Alive",NA,1313,7915,"female","Stage I","T3","N1a","M0","Papillary adenocarcinoma, NOS","8260/3","no","No",1313,0,"N1","T3_T4","Stage_I_II",TRUE,FALSE,FALSE,FALSE,FALSE,FALSE,FALSE,FALSE,FALSE,FALSE,TRUE
"TCGA-DJ-A13W","TCGA-DJ-A13W-01A-11R-A10U-07","TCGA-DJ-A13W-01A",-1.41963228354276,-2.94574935008213,-2.48331773740327,-3.12435548346842,-0.883211876588566,-1.39240629988546,-2.37583682909319,-10.6727152013986,"RAIR_like_low","TDS_low","TCGA-DJ-A13W","Alive",NA,1593,16558,"female","Stage I","T1b","N0","M0","Papillary carcinoma, follicular variant","8340/3","no","No",1593,0,"N0","T1_T2","Stage_I_II",FALSE,FALSE,FALSE,FALSE,FALSE,FALSE,FALSE,FALSE,FALSE,FALSE,FALSE
"TCGA-DJ-A13X","TCGA-DJ-A13X-01A-11R-A10U-07","TCGA-DJ-A13X-01A",0.819653070391343,0.268860648856832,1.19311007553738,0.486807433050181,0.920766831318481,-0.324952096958695,0.336116417701822,1.57970452899497,"RAIR_like_high","TDS_high","TCGA-DJ-A13X","Alive",NA,253,18689,"female","Stage III","T3","N0","M0","Papillary carcinoma, follicular variant","8340/3","no","No",253,0,"N0","T3_T4","Stage_III_IV",TRUE,FALSE,FALSE,FALSE,FALSE,FALSE,FALSE,FALSE,FALSE,FALSE,TRUE
"TCGA-DJ-A1QD","TCGA-DJ-A1QD-01A-11R-A14Y-07","TCGA-DJ-A1QD-01A",-0.290055577623925,0.96137996064878,0.765883838517915,0.421798436466503,-0.511907570991266,-0.274278804764987,0.0379220548415171,3.64415454358972,"RAIR_like_high","TDS_low","TCGA-DJ-A1QD","Alive",NA,1462,7460,"female","Stage I","T2","N1b","M0","Papillary adenocarcinoma, NOS","8260/3","no","No",1462,0,"N1","T1_T2","Stage_I_II",TRUE,FALSE,FALSE,FALSE,FALSE,FALSE,FALSE,FALSE,FALSE,FALSE,TRUE
"TCGA-DJ-A1QE","TCGA-DJ-A1QE-01A-21R-A14Y-07","TCGA-DJ-A1QE-01A",-0.245300898955307,0.121988593682732,0.496436954941821,0.625837510438611,-0.504841859170448,-0.073237418506581,0.629838408485569,2.15952765219096,"RAIR_like_high","TDS_low","TCGA-DJ-A1QE","Alive",NA,4134,22645,"female","Stage III","T3","N0","M0","Papillary adenocarcinoma, NOS","8260/3","no","No",4134,0,"N0","T3_T4","Stage_III_IV",TRUE,FALSE,FALSE,FALSE,FALSE,FALSE,FALSE,FALSE,FALSE,FALSE,TRUE
"TCGA-DJ-A1QF","TCGA-DJ-A1QF-01A-12R-A14Y-07","TCGA-DJ-A1QF-01A",-0.00418739190370065,-0.092265983643986,0.276881901884435,0.339741244063738,-0.162058820701011,-0.483011873224185,0.449260667439471,0.737798018031034,"RAIR_like_high","TDS_high","TCGA-DJ-A1QF","Alive",NA,931,22310,"female","Stage II","T2","N0","M0","Papillary adenocarcinoma, NOS","8260/3","no","No",931,0,"N0","T1_T2","Stage_I_II",TRUE,FALSE,FALSE,FALSE,FALSE,FALSE,FALSE,FALSE,FALSE,FALSE,TRUE
"TCGA-DJ-A1QG","TCGA-DJ-A1QG-01A-11R-A14Y-07","TCGA-DJ-A1QG-01A",-0.220136458462986,0.252746214415544,-0.477082985773442,-0.743526106511422,0.157710305274788,-0.688003078788081,-1.18912865825127,-1.02028539304239,"RAIR_like_low","TDS_low","TCGA-DJ-A1QG","Alive",NA,1368,22859,"male","Stage I","T1b","N0","M0","Papillary carcinoma, follicular variant","8340/3","no","No",1368,0,"N0","T1_T2","Stage_I_II",FALSE,TRUE,FALSE,FALSE,FALSE,FALSE,FALSE,FALSE,FALSE,TRUE,TRUE
"TCGA-DJ-A1QH","TCGA-DJ-A1QH-01A-21R-A14Y-07","TCGA-DJ-A1QH-01A",-0.0182305566061783,0.802288737839938,0.419178956476981,0.797166698031859,-0.311557657070024,0.129811156960987,1.06325731659975,3.07010764475232,"RAIR_like_high","TDS_low","TCGA-DJ-A1QH","Alive",NA,1293,21184,"female","Stage III","T3","N1a","M0","Papillary carcinoma, columnar cell","8344/3","no","No",1293,0,"N1","T3_T4","Stage_III_IV",TRUE,FALSE,FALSE,FALSE,FALSE,FALSE,FALSE,FALSE,FALSE,FALSE,TRUE
"TCGA-DJ-A1QI","TCGA-DJ-A1QI-01A-11R-A14Y-07","TCGA-DJ-A1QI-01A",0.0398844869774774,0.445874291367227,1.00597700599866,0.745656176458712,-0.219411683885974,-0.0685199739907243,0.563393849446463,3.13601849033069,"RAIR_like_high","TDS_high","TCGA-DJ-A1QI","Alive",NA,455,23072,"female","Stage II","T2","N0","M0","Papillary adenocarcinoma, NOS","8260/3","no","No",455,0,"N0","T1_T2","Stage_I_II",TRUE,FALSE,FALSE,FALSE,FALSE,FALSE,FALSE,FALSE,FALSE,FALSE,TRUE
"TCGA-DJ-A1QL","TCGA-DJ-A1QL-01A-11R-A14Y-07","TCGA-DJ-A1QL-01A",1.12931387455878,0.117525285271275,-0.465030398220903,0.172064390629878,1.14837165726688,-1.06783804145088,-0.575346352779408,-1.8486813524213,"RAIR_like_low","TDS_high","TCGA-DJ-A1QL","Alive",NA,535,25713,"male","Stage II","T2","N0","M0","Papillary carcinoma, follicular variant","8340/3","no","No",535,0,"N0","T1_T2","Stage_I_II",FALSE,FALSE,FALSE,FALSE,FALSE,FALSE,FALSE,FALSE,FALSE,FALSE,FALSE
"TCGA-DJ-A1QM","TCGA-DJ-A1QM-01A-11R-A14Y-07","TCGA-DJ-A1QM-01A",1.19029883015191,-0.0841138527785697,-0.190083006075653,0.339841818533777,1.47553139123016,0.157931148974379,1.51115789835311,-1.63951812014579,"RAIR_like_low","TDS_high","TCGA-DJ-A1QM","Alive",NA,183,15418,"male","Stage I","T1a","N0","M0","Papillary carcinoma, follicular variant","8340/3","no","No",183,0,"N0","T1_T2","Stage_I_II",TRUE,FALSE,FALSE,FALSE,FALSE,FALSE,FALSE,FALSE,FALSE,FALSE,TRUE
"TCGA-DJ-A1QN","TCGA-DJ-A1QN-01A-11R-A14Y-07","TCGA-DJ-A1QN-01A",0.031066940332824,0.419823075012787,0.896097303693039,0.84624925273658,-0.135263327265818,0.522188582242174,-0.0386682706231406,3.10554977445595,"RAIR_like_high","TDS_high","TCGA-DJ-A1QN","Alive",NA,1295,15343,"female","Stage I","T1b","N0","M0","Papillary adenocarcinoma, NOS","8260/3","no","No",1295,0,"N0","T1_T2","Stage_I_II",TRUE,FALSE,FALSE,FALSE,FALSE,FALSE,FALSE,FALSE,FALSE,FALSE,TRUE
"TCGA-DJ-A1QO","TCGA-DJ-A1QO-01A-11R-A14Y-07","TCGA-DJ-A1QO-01A",-0.136358300274441,0.137927678251785,0.13735549803344,0.185893070628194,-0.313333451059741,0.111632793607484,0.129710692834465,0.884667549034316,"RAIR_like_high","TDS_low","TCGA-DJ-A1QO","Alive",NA,1442,25232,"male","Stage III","T3","N0","M0","Papillary carcinoma, columnar cell","8344/3","no","No",1442,0,"N0","T3_T4","Stage_III_IV",TRUE,FALSE,FALSE,FALSE,FALSE,FALSE,FALSE,FALSE,FALSE,FALSE,TRUE
"TCGA-DJ-A1QQ","TCGA-DJ-A1QQ-01A-11R-A14Y-07","TCGA-DJ-A1QQ-01A",0.499853332680006,0.254328231480824,0.581023231194744,0.904825787794612,0.479500212121351,-0.289680374896988,0.959110445062841,1.80720766307201,"RAIR_like_high","TDS_high","TCGA-DJ-A1QQ","Alive",NA,534,15949,"male","Stage I","T3","N0","M0","Papillary adenocarcinoma, NOS","8260/3","no","No",534,0,"N0","T3_T4","Stage_I_II",TRUE,FALSE,FALSE,FALSE,FALSE,FALSE,FALSE,FALSE,FALSE,FALSE,TRUE
"TCGA-DJ-A2PN","TCGA-DJ-A2PN-01A-21R-A19O-07","TCGA-DJ-A2PN-01A",0.19025577322757,0.680450352286928,0.72814632610223,0.315272826301914,0.0116545208502145,-0.474455808556144,-0.0641548406348713,2.27775640628506,"RAIR_like_high","TDS_high","TCGA-DJ-A2PN","Alive",NA,307,25690,"female","Stage I","T1b","N0","M0","Papillary adenocarcinoma, NOS","8260/3","no","No",307,0,"N0","T1_T2","Stage_I_II",TRUE,FALSE,FALSE,FALSE,FALSE,FALSE,FALSE,FALSE,FALSE,FALSE,TRUE
"TCGA-DJ-A2PO","TCGA-DJ-A2PO-01A-21R-A19O-07","TCGA-DJ-A2PO-01A",0.0199986827952284,0.237839763583276,0.453185897771863,0.44118132757838,0.0122337755955888,1.2076347606411,0.218713827222748,1.6249238701083,"RAIR_like_high","TDS_high","TCGA-DJ-A2PO","Alive",NA,243,20058,"male","Stage I","T1a","N0","M0","Papillary adenocarcinoma, NOS","8260/3","no","No",243,0,"N0","T1_T2","Stage_I_II",TRUE,FALSE,FALSE,FALSE,FALSE,FALSE,FALSE,FALSE,FALSE,FALSE,TRUE
"TCGA-DJ-A2PP","TCGA-DJ-A2PP-01A-11R-A19O-07","TCGA-DJ-A2PP-01A",0.849779100476715,1.60247441305639,0.0693231000460302,-0.394671089695064,0.883542733079631,-0.900685670047353,-0.799033344567979,0.846423319201756,"RAIR_like_high","TDS_high","TCGA-DJ-A2PP","Alive",NA,930,17410,"male","Stage II","T2","N0","M0","Papillary carcinoma, follicular variant","8340/3","no","No",930,0,"N0","T1_T2","Stage_I_II",FALSE,TRUE,FALSE,FALSE,FALSE,FALSE,FALSE,FALSE,FALSE,TRUE,TRUE
"TCGA-DJ-A2PQ","TCGA-DJ-A2PQ-01A-11R-A18C-07","TCGA-DJ-A2PQ-01A",0.11249761991718,0.0714567224809508,0.58416025953952,0.465995989473971,0.0107261516143465,-0.883028566890054,-0.0529795619025039,1.43670277002713,"RAIR_like_high","TDS_high","TCGA-DJ-A2PQ","Alive",NA,1077,9664,"male","Stage I","T2","N1a","M0","Papillary adenocarcinoma, NOS","8260/3","no","No",1077,0,"N1","T1_T2","Stage_I_II",TRUE,FALSE,FALSE,FALSE,FALSE,FALSE,FALSE,FALSE,FALSE,FALSE,TRUE
"TCGA-DJ-A2PR","TCGA-DJ-A2PR-01A-11R-A19O-07","TCGA-DJ-A2PR-01A",0.111234093471422,0.266943039344105,0.792059454133403,1.17546131608828,-0.0914745861586496,0.937237100313732,-0.278924660819497,3.08601018192562,"RAIR_like_high","TDS_high","TCGA-DJ-A2PR","Alive",NA,835,9914,"male","Stage I","T3","N1a","M0","Papillary adenocarcinoma, NOS","8260/3","yes","No",835,0,"N1","T3_T4","Stage_I_II",TRUE,FALSE,FALSE,FALSE,FALSE,FALSE,FALSE,FALSE,FALSE,FALSE,TRUE
"TCGA-DJ-A2PS","TCGA-DJ-A2PS-01A-11R-A18C-07","TCGA-DJ-A2PS-01A",0.500699880554236,0.200304052777109,0.592473684668018,0.736557403121478,0.516041314509436,0.440929854769857,0.317726704891224,1.48588491883605,"RAIR_like_high","TDS_high","TCGA-DJ-A2PS","Alive",NA,797,14916,"female","Stage I","T3","N1a","M0","Papillary adenocarcinoma, NOS","8260/3","no","No",797,0,"N1","T3_T4","Stage_I_II",TRUE,FALSE,FALSE,FALSE,FALSE,FALSE,FALSE,FALSE,FALSE,FALSE,TRUE
"TCGA-DJ-A2PT","TCGA-DJ-A2PT-01A-11R-A18C-07","TCGA-DJ-A2PT-01A",-1.03538393429251,-0.0459487488225476,0.366891193491289,0.518776700087877,-1.20952952017656,0.72166314025408,0.923002518905947,2.71308906186787,"RAIR_like_high","TDS_low","TCGA-DJ-A2PT","Alive",NA,1181,25837,"female","Stage III","T3","N0","M0","Papillary adenocarcinoma, NOS","8260/3","no","No",1181,0,"N0","T3_T4","Stage_III_IV",TRUE,FALSE,FALSE,FALSE,FALSE,FALSE,FALSE,FALSE,FALSE,FALSE,TRUE
"TCGA-DJ-A2PU","TCGA-DJ-A2PU-01A-12R-A19O-07","TCGA-DJ-A2PU-01A",0.241185246353985,0.366887064863886,0.831475445714144,0.763579070480751,0.239550902736114,0.00229660668400298,0.811628674466021,2.50149382581146,"RAIR_like_high","TDS_high","TCGA-DJ-A2PU","Alive",NA,1033,18998,"female","Stage II","T2","N0","M0","Papillary adenocarcinoma, NOS","8260/3","no","No",1033,0,"N0","T1_T2","Stage_I_II",TRUE,FALSE,FALSE,FALSE,FALSE,FALSE,FALSE,FALSE,FALSE,FALSE,TRUE
"TCGA-DJ-A2PV","TCGA-DJ-A2PV-01A-11R-A19O-07","TCGA-DJ-A2PV-01A",0.426142837193917,0.237914311996057,0.938952785158082,0.768339780526468,0.39619873280821,0.287073852082728,1.66626245348964,2.17614562192645,"RAIR_like_high","TDS_high","TCGA-DJ-A2PV","Alive",NA,973,19547,"female","Stage II","T2","N0","M0","Papillary adenocarcinoma, NOS","8260/3","no","No",973,0,"N0","T1_T2","Stage_I_II",TRUE,FALSE,FALSE,FALSE,FALSE,FALSE,FALSE,FALSE,FALSE,FALSE,TRUE
"TCGA-DJ-A2PW","TCGA-DJ-A2PW-01A-11R-A19O-07","TCGA-DJ-A2PW-01A",-0.367902442264969,0.135531388433297,0.529655605887208,0.431682947107771,-0.621361188939193,0.320676652169903,0.237973703814256,2.1196894049914,"RAIR_like_high","TDS_low","TCGA-DJ-A2PW","Alive",NA,1060,23987,"male","Stage III","T3","N1a","M0","Papillary adenocarcinoma, NOS","8260/3","no","No",1060,0,"N1","T3_T4","Stage_III_IV",TRUE,FALSE,FALSE,FALSE,FALSE,FALSE,FALSE,FALSE,FALSE,FALSE,TRUE
"TCGA-DJ-A2PX","TCGA-DJ-A2PX-01A-11R-A18C-07","TCGA-DJ-A2PX-01A",0.109950313534886,0.0981889278428835,0.11353024199,0.308011396705755,0.209672410314838,1.36743544807987,0.126507973990216,0.607149368187106,"RAIR_like_high","TDS_high","TCGA-DJ-A2PX","Alive",NA,881,20088,"female","Stage I","T1b","N0","M0","Papillary carcinoma, follicular variant","8340/3","no","No",881,0,"N0","T1_T2","Stage_I_II",FALSE,FALSE,FALSE,FALSE,FALSE,FALSE,FALSE,FALSE,FALSE,FALSE,FALSE
"TCGA-DJ-A2PY","TCGA-DJ-A2PY-01A-11R-A18C-07","TCGA-DJ-A2PY-01A",-0.350718243379511,0.553082479261611,0.201743751324111,0.766724265451492,-0.563211999830113,0.50587345657325,1.19690712070407,2.81445194596342,"RAIR_like_high","TDS_low","TCGA-DJ-A2PY","Alive",NA,267,17056,"female","Stage III","T3","N1a","M0","Papillary carcinoma, columnar cell","8344/3","no","No",267,0,"N1","T3_T4","Stage_III_IV",TRUE,FALSE,FALSE,FALSE,FALSE,FALSE,FALSE,FALSE,FALSE,FALSE,TRUE
"TCGA-DJ-A2PZ","TCGA-DJ-A2PZ-01A-21R-A18C-07","TCGA-DJ-A2PZ-01A",-0.137660755297301,-0.360838828938986,-0.282422589220463,0.0623724357456168,0.0108443182064739,-0.116776352814826,0.417984532252439,-0.673002437918482,"RAIR_like_low","TDS_low","TCGA-DJ-A2PZ","Alive",NA,256,23332,"male","Stage III","T3","N0","M0","Papillary adenocarcinoma, NOS","8260/3","no","No",256,0,"N0","T3_T4","Stage_III_IV",TRUE,FALSE,FALSE,FALSE,FALSE,FALSE,FALSE,FALSE,FALSE,FALSE,TRUE
"TCGA-DJ-A2Q0","TCGA-DJ-A2Q0-01A-11R-A206-07","TCGA-DJ-A2Q0-01A",-0.859348532076764,-0.073045682196235,-1.70341239241183,-2.04297304570839,-0.752841308645115,-0.594214112973792,-1.06242064780439,-4.20283572591709,"RAIR_like_low","TDS_low","TCGA-DJ-A2Q0","Alive",NA,1045,20973,"female","Stage II","T2","N0","M0","Papillary adenocarcinoma, NOS","8260/3","no","No",1045,0,"N0","T1_T2","Stage_I_II",FALSE,FALSE,FALSE,FALSE,FALSE,FALSE,FALSE,FALSE,FALSE,FALSE,FALSE
"TCGA-DJ-A2Q1","TCGA-DJ-A2Q1-01A-22R-A19O-07","TCGA-DJ-A2Q1-01A",-1.89036567496368,-0.684643583169441,0.00718246362728855,-0.0491260472575448,-2.16864168910419,0.431867122080378,0.14193329759595,1.60792638338274,"RAIR_like_high","TDS_low","TCGA-DJ-A2Q1","Alive",NA,1148,16371,"female","Stage I","T1b","N1b","M0","Papillary adenocarcinoma, NOS","8260/3","no","No",1148,0,"N1","T1_T2","Stage_I_II",FALSE,FALSE,FALSE,FALSE,FALSE,FALSE,FALSE,FALSE,FALSE,FALSE,FALSE
"TCGA-DJ-A2Q2","TCGA-DJ-A2Q2-01A-11R-A19O-07","TCGA-DJ-A2Q2-01A",1.25714415391434,0.181959817489813,0.0196096037034744,-0.196458601201658,1.14343995140148,-0.0866808548795949,0.0258319480465729,-1.81504189355874,"RAIR_like_low","TDS_high","TCGA-DJ-A2Q2","Alive",NA,1337,20951,"female","Stage III","T3","N0","M0","Papillary carcinoma, follicular variant","8340/3","no","No",1337,0,"N0","T3_T4","Stage_III_IV",FALSE,FALSE,FALSE,FALSE,FALSE,FALSE,FALSE,FALSE,FALSE,FALSE,FALSE
"TCGA-DJ-A2Q3","TCGA-DJ-A2Q3-01A-11R-A18C-07","TCGA-DJ-A2Q3-01A",-0.000938518849274561,0.0140177616126235,0.294301716189646,0.580321053923273,-0.0800620811394257,1.19953989167112,0.754674217665273,1.2836156901713,"RAIR_like_high","TDS_high","TCGA-DJ-A2Q3","Alive",NA,1224,22637,"female","Stage III","T3","N1a","M0","Papillary carcinoma, columnar cell","8344/3","no","No",1224,0,"N1","T3_T4","Stage_III_IV",TRUE,FALSE,FALSE,FALSE,FALSE,FALSE,FALSE,FALSE,FALSE,FALSE,TRUE
"TCGA-DJ-A2Q4","TCGA-DJ-A2Q4-01A-21R-A18C-07","TCGA-DJ-A2Q4-01A",-0.0179999472170412,0.0580672685475862,0.409090968402161,0.753917827291466,-0.316093052261107,-0.128845606407012,-0.126408100477488,1.7929785883847,"RAIR_like_high","TDS_low","TCGA-DJ-A2Q4","Alive",NA,1032,19689,"male","Stage III","T1b","N1a","M0","Papillary adenocarcinoma, NOS","8260/3","no","No",1032,0,"N1","T1_T2","Stage_III_IV",TRUE,FALSE,FALSE,FALSE,FALSE,FALSE,FALSE,FALSE,FALSE,FALSE,TRUE
"TCGA-DJ-A2Q5","TCGA-DJ-A2Q5-01A-11R-A18C-07","TCGA-DJ-A2Q5-01A",-0.280939754990028,0.441446056708176,0.192091236723666,0.349020206782951,-0.290766693102304,1.75347587859948,0.618709389530012,1.9016982342566,"RAIR_like_high","TDS_low","TCGA-DJ-A2Q5","Alive",NA,1140,18727,"male","Stage IVA","T2","N1b","M0","Papillary adenocarcinoma, NOS","8260/3","no","No",1140,0,"N1","T1_T2","Stage_III_IV",TRUE,FALSE,FALSE,FALSE,FALSE,FALSE,FALSE,FALSE,FALSE,FALSE,TRUE
"TCGA-DJ-A2Q6","TCGA-DJ-A2Q6-01A-11R-A18C-07","TCGA-DJ-A2Q6-01A",0.00917873855397841,0.230092051777729,0.499232819444888,0.835381331945104,-0.119572770789372,0.472980991335446,1.44727926095144,2.27379165817455,"RAIR_like_high","TDS_high","TCGA-DJ-A2Q6","Alive",NA,1109,14193,"female","Stage I","T1b","N1b","M0","Papillary adenocarcinoma, NOS","8260/3","no","No",1109,0,"N1","T1_T2","Stage_I_II",TRUE,FALSE,FALSE,FALSE,FALSE,FALSE,FALSE,FALSE,FALSE,FALSE,TRUE
"TCGA-DJ-A2Q7","TCGA-DJ-A2Q7-01A-11R-A18C-07","TCGA-DJ-A2Q7-01A",0.120982072643476,0.479240239606539,0.454747333470706,0.499886366700206,0.157564292445451,0.422973537407765,0.292739811472353,1.95458340501987,"RAIR_like_high","TDS_high","TCGA-DJ-A2Q7","Alive",NA,1068,19193,"female","Stage III","T2","N1a","M0","Papillary adenocarcinoma, NOS","8260/3","no","No",1068,0,"N1","T1_T2","Stage_III_IV",TRUE,FALSE,FALSE,FALSE,FALSE,FALSE,FALSE,FALSE,FALSE,FALSE,TRUE
"TCGA-DJ-A2Q9","TCGA-DJ-A2Q9-01A-21R-A18C-07","TCGA-DJ-A2Q9-01A",-0.612444089407543,1.08442722728965,0.105547288142408,1.555202047309,-0.479065701612178,2.16592646135115,2.1084086135365,5.08845855842214,"RAIR_like_high","TDS_low","TCGA-DJ-A2Q9","Alive",NA,1092,23951,"female","Stage III","T1b","N1a","M0","Papillary carcinoma, columnar cell","8344/3","no","No",1092,0,"N1","T1_T2","Stage_III_IV",TRUE,FALSE,FALSE,FALSE,FALSE,FALSE,FALSE,FALSE,FALSE,FALSE,TRUE
"TCGA-DJ-A2QA","TCGA-DJ-A2QA-01A-11R-A18C-07","TCGA-DJ-A2QA-01A",0.066376620355314,-0.795912092243543,-0.0916324746764924,-0.569527145086989,0.44855569072923,-0.935813937124003,0.217684698575467,-2.34663027878854,"RAIR_like_low","TDS_high","TCGA-DJ-A2QA","Alive",NA,1020,20784,"female","Stage III","T3","N0","M0","Papillary carcinoma, follicular variant","8340/3","no","No",1020,0,"N0","T3_T4","Stage_III_IV",TRUE,FALSE,FALSE,FALSE,FALSE,FALSE,FALSE,FALSE,FALSE,FALSE,TRUE
"TCGA-DJ-A2QB","TCGA-DJ-A2QB-01A-11R-A19O-07","TCGA-DJ-A2QB-01A",0.302933313314583,-0.100400233534692,-0.352555271314294,-0.852424986329744,0.906007253751698,-0.943888092713736,-1.24054112664879,-2.34763354929772,"RAIR_like_low","TDS_high","TCGA-DJ-A2QB","Alive",NA,1070,19601,"female","Stage IVA","T3","N1b","M0","Papillary carcinoma, follicular variant","8340/3","no","No",1070,0,"N1","T3_T4","Stage_III_IV",FALSE,FALSE,TRUE,FALSE,FALSE,FALSE,FALSE,FALSE,FALSE,TRUE,TRUE
"TCGA-DJ-A2QC","TCGA-DJ-A2QC-01A-11R-A18C-07","TCGA-DJ-A2QC-01A",-0.230056390214904,-0.211928820882084,0.569304811898452,-0.187244224929143,-0.281598224225751,-0.408311222271966,-0.182897562861796,0.497062172831722,"RAIR_like_low","TDS_low","TCGA-DJ-A2QC","Alive",NA,1215,25690,"female","Stage II","T2","N0","M0","Papillary adenocarcinoma, NOS","8260/3","no","No",1215,0,"N0","T1_T2","Stage_I_II",TRUE,FALSE,FALSE,FALSE,FALSE,FALSE,FALSE,FALSE,FALSE,FALSE,TRUE
"TCGA-DJ-A3UK","TCGA-DJ-A3UK-01A-11R-A22L-07","TCGA-DJ-A3UK-01A",0.240906871662283,0.51213619979639,0.487517387190363,0.688428491136192,0.274461246731893,-0.247490442871107,-0.0852531031115963,2.15501819962094,"RAIR_like_high","TDS_high","TCGA-DJ-A3UK","Alive",NA,1123,13145,"female","Stage I","T1b","N0","M0","Papillary adenocarcinoma, NOS","8260/3","no","No",1123,0,"N0","T1_T2","Stage_I_II",TRUE,FALSE,FALSE,FALSE,FALSE,FALSE,FALSE,FALSE,FALSE,FALSE,TRUE
"TCGA-DJ-A3UM","TCGA-DJ-A3UM-01A-11R-A22L-07","TCGA-DJ-A3UM-01A",0.00992545179011817,0.324708742071567,0.310930803089038,0.451384323833267,0.00584497542163121,-0.107900010176877,0.3186066953721,1.6004262494806,"RAIR_like_high","TDS_high","TCGA-DJ-A3UM","Alive",NA,944,16573,"female","Stage I","T1b","N0","M0","Papillary adenocarcinoma, NOS","8260/3","no","No",944,0,"N0","T1_T2","Stage_I_II",TRUE,FALSE,FALSE,FALSE,FALSE,FALSE,FALSE,FALSE,FALSE,FALSE,TRUE
"TCGA-DJ-A3UN","TCGA-DJ-A3UN-01A-11R-A22L-07","TCGA-DJ-A3UN-01A",0.279745760026851,0.234005966098706,0.414014160197616,0.514390492625609,0.517742858399499,0.124214182331832,0.044798893211004,1.29229266463429,"RAIR_like_high","TDS_high","TCGA-DJ-A3UN","Alive",NA,986,18871,"female","Stage I","T1b","N0","M0","Papillary adenocarcinoma, NOS","8260/3","no","No",986,0,"N0","T1_T2","Stage_I_II",TRUE,FALSE,FALSE,FALSE,FALSE,FALSE,FALSE,FALSE,FALSE,FALSE,TRUE
"TCGA-DJ-A3UO","TCGA-DJ-A3UO-01A-11R-A22L-07","TCGA-DJ-A3UO-01A",0.0543352321361594,0.120220079982448,0.456996772666851,0.615801682837619,0.0162456526634413,-0.437617052603777,0.0891367707996832,1.64830154319833,"RAIR_like_high","TDS_high","TCGA-DJ-A3UO","Alive",NA,957,23292,"male","Stage IVA","T3","N1b","M0","Papillary adenocarcinoma, NOS","8260/3","no","No",957,0,"N1","T3_T4","Stage_III_IV",TRUE,FALSE,FALSE,FALSE,FALSE,FALSE,FALSE,FALSE,FALSE,FALSE,TRUE
"TCGA-DJ-A3UP","TCGA-DJ-A3UP-01A-11R-A22L-07","TCGA-DJ-A3UP-01A",0.747270531564244,0.333126814413247,0.0812863803882918,0.336980584320975,0.843771428904659,0.0223419814157087,-0.291657024141468,0.0492813598504052,"RAIR_like_low","TDS_high","TCGA-DJ-A3UP","Alive",NA,499,13899,"female","Stage I","T2","N0","M0","Papillary carcinoma, follicular variant","8340/3","no","No",499,0,"N0","T1_T2","Stage_I_II",FALSE,TRUE,FALSE,FALSE,FALSE,FALSE,FALSE,FALSE,FALSE,TRUE,TRUE
"TCGA-DJ-A3UQ","TCGA-DJ-A3UQ-01A-11R-A22L-07","TCGA-DJ-A3UQ-01A",-0.0828930419955487,0.251467358867305,-0.0725753073162405,0.640657977520576,-0.113355482099551,0.675849846683452,1.80721809170213,1.37446588412392,"RAIR_like_high","TDS_low","TCGA-DJ-A3UQ","Alive",NA,595,16545,"female","Stage III","T3","N1a","M0","Papillary carcinoma, columnar cell","8344/3","no","No",595,0,"N1","T3_T4","Stage_III_IV",TRUE,FALSE,FALSE,FALSE,FALSE,FALSE,FALSE,FALSE,FALSE,FALSE,TRUE
"TCGA-DJ-A3UR","TCGA-DJ-A3UR-01A-11R-A22L-07","TCGA-DJ-A3UR-01A",0.171612453406392,-0.0947199054128945,0.441474451787366,0.23986697418139,-0.00374704352405245,-0.688807020433555,-0.448834153182525,0.553118669808231,"RAIR_like_low","TDS_high","TCGA-DJ-A3UR","Alive",NA,1105,18808,"female","Stage III","T3","N1a","M0","Papillary carcinoma, follicular variant","8340/3","no","No",1105,0,"N1","T3_T4","Stage_III_IV",TRUE,FALSE,FALSE,FALSE,FALSE,FALSE,FALSE,FALSE,FALSE,FALSE,TRUE
"TCGA-DJ-A3US","TCGA-DJ-A3US-01A-11R-A22L-07","TCGA-DJ-A3US-01A",0.880021314193338,0.477854893844269,0.239526771752332,0.174160232716657,0.955593280168221,1.59746625599135,-0.102742381645443,0.0632076098816798,"RAIR_like_low","TDS_high","TCGA-DJ-A3US","Alive",NA,998,13634,"female","Stage I","T1b","N0","M0","Papillary adenocarcinoma, NOS","8260/3","no","No",998,0,"N0","T1_T2","Stage_I_II",FALSE,FALSE,FALSE,FALSE,FALSE,FALSE,FALSE,FALSE,FALSE,FALSE,FALSE
"TCGA-DJ-A3UT","TCGA-DJ-A3UT-01A-11R-A22L-07","TCGA-DJ-A3UT-01A",0.744239791706508,-0.640103655478196,-0.317519626424069,-1.01914439447869,0.949510291942344,-0.888913791947858,-0.234447101294359,-4.06328596294468,"RAIR_like_low","TDS_high","TCGA-DJ-A3UT","Alive",NA,1105,15767,"female","Stage I","T1a","N0","M0","Papillary carcinoma, follicular variant","8340/3","no","No",1105,0,"N0","T1_T2","Stage_I_II",FALSE,TRUE,FALSE,FALSE,FALSE,FALSE,FALSE,FALSE,FALSE,TRUE,TRUE
"TCGA-DJ-A3UU","TCGA-DJ-A3UU-01A-11R-A22L-07","TCGA-DJ-A3UU-01A",0.494285029207285,0.452833402103066,0.176615004428631,0.417887746155433,0.648281554111619,0.746017579086353,0.964199763001321,0.863159533542512,"RAIR_like_high","TDS_high","TCGA-DJ-A3UU","Alive",NA,713,17919,"female","Stage III","T3","N0","M0","Papillary adenocarcinoma, NOS","8260/3","yes","No",713,0,"N0","T3_T4","Stage_III_IV",TRUE,FALSE,FALSE,FALSE,FALSE,FALSE,FALSE,FALSE,FALSE,FALSE,TRUE
"TCGA-DJ-A3UV","TCGA-DJ-A3UV-01A-11R-A22L-07","TCGA-DJ-A3UV-01A",1.00816211088735,0.280705596500403,0.372658511467204,0.507426716178213,1.08506564899446,0.583069147732368,1.19226786990456,0.231913701070382,"RAIR_like_low","TDS_high","TCGA-DJ-A3UV","Alive",NA,1466,6850,"female","Stage I","T1","N0","M0","Papillary adenocarcinoma, NOS","8260/3","yes","No",1466,0,"N0","T1_T2","Stage_I_II",FALSE,FALSE,FALSE,FALSE,FALSE,FALSE,FALSE,FALSE,FALSE,FALSE,FALSE
"TCGA-DJ-A3UW","TCGA-DJ-A3UW-01A-11R-A22L-07","TCGA-DJ-A3UW-01A",-0.93575331518487,-0.623853185356082,-0.420141544922721,-0.247902659336606,-0.845657616800678,1.06419370541998,-0.0162241448827366,-0.572364730186955,"RAIR_like_low","TDS_low","TCGA-DJ-A3UW","Alive",NA,1812,18487,"female","Stage I","T1b","N0","M0","Papillary adenocarcinoma, NOS","8260/3","yes","No",1812,0,"N0","T1_T2","Stage_I_II",TRUE,FALSE,FALSE,FALSE,FALSE,FALSE,FALSE,FALSE,FALSE,FALSE,TRUE
"TCGA-DJ-A3UX","TCGA-DJ-A3UX-01A-11R-A22L-07","TCGA-DJ-A3UX-01A",0.69475787108794,0.601385214489142,0.156925068831954,-0.0644927914368741,0.761253216672904,0.990521953303495,0.383029841106211,0.0685548626827266,"RAIR_like_low","TDS_high","TCGA-DJ-A3UX","Alive",NA,345,17124,"female","Stage I","T1","N0","M0","Papillary adenocarcinoma, NOS","8260/3","no","No",345,0,"N0","T1_T2","Stage_I_II",TRUE,FALSE,FALSE,FALSE,FALSE,FALSE,FALSE,FALSE,FALSE,FALSE,TRUE
"TCGA-DJ-A3UY","TCGA-DJ-A3UY-01A-21R-A22L-07","TCGA-DJ-A3UY-01A",0.437932265237228,0.672727244340819,0.130150649071471,0.171459641265389,0.408760376890946,0.593514872252423,1.44353496491607,0.872485107661013,"RAIR_like_high","TDS_high","TCGA-DJ-A3UY","Alive",NA,1091,12004,"female","Stage I","T1b","N0","M0","Papillary adenocarcinoma, NOS","8260/3","no","No",1091,0,"N0","T1_T2","Stage_I_II",TRUE,FALSE,FALSE,FALSE,FALSE,FALSE,FALSE,FALSE,FALSE,FALSE,TRUE
"TCGA-DJ-A3UZ","TCGA-DJ-A3UZ-01A-11R-A22U-07","TCGA-DJ-A3UZ-01A",0.708901587652991,-0.0990476556782786,0.26084632652969,-0.149341958241449,0.725872303059628,0.840449367729575,0.317991010310505,-1.06417954565631,"RAIR_like_low","TDS_high","TCGA-DJ-A3UZ","Alive",NA,1246,25846,"female","Stage III","T3","N0","M0","Papillary adenocarcinoma, NOS","8260/3","no","No",1246,0,"N0","T3_T4","Stage_III_IV",FALSE,FALSE,FALSE,FALSE,FALSE,FALSE,FALSE,FALSE,FALSE,FALSE,FALSE
"TCGA-DJ-A3V0","TCGA-DJ-A3V0-01A-11R-A22U-07","TCGA-DJ-A3V0-01A",-0.572314950409758,-0.453260052214108,-0.555736752201369,0.00059162752647075,-0.62341733546588,-0.15501732355387,1.44010743837729,-0.648776279693917,"RAIR_like_low","TDS_low","TCGA-DJ-A3V0","Alive",NA,1125,20496,"male","Stage IVA","T4a","N1b","M0","Papillary carcinoma, columnar cell","8344/3","no","No",1125,0,"N1","T3_T4","Stage_III_IV",FALSE,FALSE,FALSE,FALSE,FALSE,FALSE,FALSE,FALSE,FALSE,FALSE,FALSE
"TCGA-DJ-A3V2","TCGA-DJ-A3V2-01A-11R-A22U-07","TCGA-DJ-A3V2-01A",-0.238829837104365,0.0384939713074374,0.19140640339913,0.187409248380604,-0.0705661634262188,1.62583218647353,-0.11172892290633,0.950894886986922,"RAIR_like_high","TDS_low","TCGA-DJ-A3V2","Alive",NA,615,16382,"female","Stage I","T2","N1a","M0","Papillary adenocarcinoma, NOS","8260/3","no","No",615,0,"N1","T1_T2","Stage_I_II",FALSE,FALSE,FALSE,FALSE,FALSE,FALSE,FALSE,FALSE,FALSE,FALSE,FALSE
"TCGA-DJ-A3V3","TCGA-DJ-A3V3-01A-11R-A22U-07","TCGA-DJ-A3V3-01A",0.111945983380345,-0.0922535242389503,0.103348298485644,0.160201962664639,0.156179392981092,0.497987171385421,-0.00722385466226789,0.0650280632535055,"RAIR_like_low","TDS_high","TCGA-DJ-A3V3","Alive",NA,931,20997,"female","Stage II","T2","N0","M0","Papillary adenocarcinoma, NOS","8260/3","no","No",931,0,"N0","T1_T2","Stage_I_II",FALSE,FALSE,FALSE,FALSE,FALSE,FALSE,FALSE,FALSE,FALSE,FALSE,FALSE
"TCGA-DJ-A3V4","TCGA-DJ-A3V4-01A-11R-A22U-07","TCGA-DJ-A3V4-01A",0.303386203821455,0.0326667174867885,-0.172175005483125,0.138279059145309,0.34057351659544,0.307864590252809,0.657111381667257,-0.423373533838565,"RAIR_like_low","TDS_high","TCGA-DJ-A3V4","Alive",NA,1294,22218,"female","Stage III","T3","N1a","M0","Papillary carcinoma, columnar cell","8344/3","yes","No",1294,0,"N1","T3_T4","Stage_III_IV",FALSE,FALSE,FALSE,FALSE,FALSE,FALSE,FALSE,FALSE,FALSE,FALSE,FALSE
"TCGA-DJ-A3V5","TCGA-DJ-A3V5-01A-11R-A22U-07","TCGA-DJ-A3V5-01A",-0.233956773421278,-0.197748539571147,-0.0695046918216612,0.227192459142151,-0.284765072924373,0.108594690354676,1.20681376696134,0.26549751893931,"RAIR_like_low","TDS_low","TCGA-DJ-A3V5","Alive",NA,584,27918,"female","Stage III","T3","N0","M0","Papillary carcinoma, columnar cell","8344/3","no","No",584,0,"N0","T3_T4","Stage_III_IV",FALSE,FALSE,FALSE,FALSE,FALSE,FALSE,FALSE,FALSE,FALSE,FALSE,FALSE
"TCGA-DJ-A3V6","TCGA-DJ-A3V6-01A-11R-A22U-07","TCGA-DJ-A3V6-01A",-0.473765438771594,-0.441316597388227,0.135858444762998,0.153230850726881,-0.622151915827839,0.427351840632923,0.681176237105662,0.396162824488155,"RAIR_like_low","TDS_low","TCGA-DJ-A3V6","Alive",NA,818,19870,"male","Stage III","T3","N0","M0","Papillary carcinoma, columnar cell","8344/3","yes","No",818,0,"N0","T3_T4","Stage_III_IV",FALSE,FALSE,FALSE,FALSE,FALSE,FALSE,FALSE,FALSE,FALSE,FALSE,FALSE
"TCGA-DJ-A3V7","TCGA-DJ-A3V7-01A-11R-A23N-07","TCGA-DJ-A3V7-01A",-0.402082144067893,0.0824576468954609,0.358998137324479,0.0301819689525788,-0.595144723708965,0.428335943182842,-1.03065868039478,1.25784734906903,"RAIR_like_high","TDS_low","TCGA-DJ-A3V7","Alive",NA,706,16257,"female","Stage III","T3","N0","M0","Papillary carcinoma, columnar cell","8344/3","no","No",706,0,"N0","T3_T4","Stage_III_IV",TRUE,FALSE,FALSE,FALSE,FALSE,FALSE,FALSE,FALSE,FALSE,FALSE,TRUE
"TCGA-DJ-A3V8","TCGA-DJ-A3V8-01A-11R-A23N-07","TCGA-DJ-A3V8-01A",-0.303138845577054,0.597923227889745,0.42720840865715,0.0740142630592223,-0.530556348413421,-0.305371931289723,0.0191317052545457,2.10113856719882,"RAIR_like_high","TDS_low","TCGA-DJ-A3V8","Alive",NA,647,10398,"female","Stage I","T3","N1b","M0","Papillary carcinoma, columnar cell","8344/3","no","No",647,0,"N1","T3_T4","Stage_I_II",FALSE,FALSE,FALSE,FALSE,FALSE,FALSE,FALSE,FALSE,FALSE,FALSE,FALSE
"TCGA-DJ-A3V9","TCGA-DJ-A3V9-01A-11R-A23N-07","TCGA-DJ-A3V9-01A",0.259779672702315,0.613393609145671,0.570285647533743,0.395869388715033,0.355466046470721,0.0228729474493812,0.713204730081723,1.97117103610908,"RAIR_like_high","TDS_high","TCGA-DJ-A3V9","Alive",NA,623,18399,"female","Stage IVA","T2","N1b","M0","Papillary adenocarcinoma, NOS","8260/3","no","No",623,0,"N1","T1_T2","Stage_III_IV",FALSE,FALSE,FALSE,FALSE,FALSE,FALSE,FALSE,FALSE,FALSE,FALSE,FALSE
"TCGA-DJ-A3VA","TCGA-DJ-A3VA-01A-11R-A23N-07","TCGA-DJ-A3VA-01A",-0.335201214642028,0.231302098118392,0.141188433901367,0.307207052751454,-0.444166783958785,0.0794123710626243,-0.423766513026876,1.51140561073345,"RAIR_like_high","TDS_low","TCGA-DJ-A3VA","Alive",NA,755,14495,"female","Stage I","T1b","N1a","M0","Papillary adenocarcinoma, NOS","8260/3","no","No",755,0,"N1","T1_T2","Stage_I_II",TRUE,FALSE,FALSE,FALSE,FALSE,FALSE,FALSE,FALSE,FALSE,FALSE,TRUE
"TCGA-DJ-A3VB","TCGA-DJ-A3VB-01A-11R-A23N-07","TCGA-DJ-A3VB-01A",-0.939124309408012,-0.76065460975337,-0.139096415599549,0.0109750420591253,-1.16941357238411,0.5408743792533,-0.114966195185643,-0.0213387917683703,"RAIR_like_low","TDS_low","TCGA-DJ-A3VB","Alive",NA,697,19248,"male","Stage III","T3","N1a","M0","Papillary carcinoma, columnar cell","8344/3","no","No",697,0,"N1","T3_T4","Stage_III_IV",TRUE,FALSE,FALSE,FALSE,FALSE,FALSE,FALSE,FALSE,FALSE,FALSE,TRUE
"TCGA-DJ-A3VD","TCGA-DJ-A3VD-01A-11R-A23N-07","TCGA-DJ-A3VD-01A",-0.283866772074988,0.483455421293078,-0.00543240364023494,0.448879130834404,-0.262259551744751,1.87303322709111,1.31446633777319,1.8514387786793,"RAIR_like_high","TDS_low","TCGA-DJ-A3VD","Alive",NA,1238,12019,"female","Stage I","T1b","N1a","M0","Papillary adenocarcinoma, NOS","8260/3","no","No",1238,0,"N1","T1_T2","Stage_I_II",FALSE,FALSE,FALSE,FALSE,FALSE,FALSE,FALSE,FALSE,FALSE,FALSE,FALSE
"TCGA-DJ-A3VE","TCGA-DJ-A3VE-01A-11R-A23N-07","TCGA-DJ-A3VE-01A",-0.197085416550644,0.024165172092102,0.675262457520669,0.490520425657585,-0.406164282398834,-0.656921135447814,0.510833891043378,1.97546124604155,"RAIR_like_high","TDS_low","TCGA-DJ-A3VE","Alive",NA,577,18417,"male","Stage I","T1b","N0","M0","Papillary adenocarcinoma, NOS","8260/3","no","No",577,0,"N0","T1_T2","Stage_I_II",TRUE,FALSE,FALSE,FALSE,FALSE,FALSE,FALSE,FALSE,FALSE,FALSE,TRUE
"TCGA-DJ-A3VF","TCGA-DJ-A3VF-01A-11R-A23N-07","TCGA-DJ-A3VF-01A",-1.02527381806122,-0.332029870881892,0.214824768844315,0.34836520721324,-1.2734240840338,0.862812364366605,1.73998467017344,1.7777498657832,"RAIR_like_high","TDS_low","TCGA-DJ-A3VF","Alive",NA,292,22234,"female","Stage IVA","T3","N1b","M0","Papillary carcinoma, columnar cell","8344/3","no","No",292,0,"N1","T3_T4","Stage_III_IV",TRUE,FALSE,FALSE,FALSE,FALSE,FALSE,FALSE,FALSE,FALSE,FALSE,TRUE
"TCGA-DJ-A3VG","TCGA-DJ-A3VG-01A-11R-A23N-07","TCGA-DJ-A3VG-01A",0.710951695082424,-0.745184350137847,-0.425071505776909,-0.269671381625844,0.860353318411267,-1.06733085197587,0.0180326309681266,-3.22304449632516,"RAIR_like_low","TDS_high","TCGA-DJ-A3VG","Alive",NA,1085,14970,"male","Stage I","T1b","N0","M0","Papillary carcinoma, follicular variant","8340/3","no","No",1085,0,"N0","T1_T2","Stage_I_II",FALSE,FALSE,FALSE,FALSE,FALSE,FALSE,FALSE,FALSE,FALSE,FALSE,FALSE
"TCGA-DJ-A3VI","TCGA-DJ-A3VI-01A-11R-A23N-07","TCGA-DJ-A3VI-01A",-0.411294612645321,-0.34528402603144,0.0628128127787045,-0.160065248831975,-0.540035852414153,-0.232907607705908,-1.06178261904078,-0.1035648566311,"RAIR_like_low","TDS_low","TCGA-DJ-A3VI","Alive",NA,95,19053,"female","Stage III","T1b","N1a","M0","Papillary adenocarcinoma, NOS","8260/3","yes","No",95,0,"N1","T1_T2","Stage_III_IV",FALSE,FALSE,FALSE,FALSE,FALSE,FALSE,FALSE,FALSE,FALSE,FALSE,FALSE
"TCGA-DJ-A3VJ","TCGA-DJ-A3VJ-01A-11R-A23N-07","TCGA-DJ-A3VJ-01A",-0.102259381077404,0.585562351190413,1.13873125230088,0.692300314984988,-0.261402644967551,0.715067886622247,0.641633470437166,3.67214904028348,"RAIR_like_high","TDS_low","TCGA-DJ-A3VJ","Alive",NA,1108,8341,"male","Stage I","T3","N1a","M0","Nonencapsulated sclerosing carcinoma","8350/3","no","No",1108,0,"N1","T3_T4","Stage_I_II",TRUE,FALSE,FALSE,FALSE,FALSE,FALSE,FALSE,FALSE,FALSE,FALSE,TRUE
"TCGA-DJ-A3VK","TCGA-DJ-A3VK-01A-11R-A23N-07","TCGA-DJ-A3VK-01A",0.632700112352695,-0.130436890283875,0.327238069832433,0.17138175066662,0.780478176309674,-0.630657402810305,-0.287646167421886,-0.438262738137358,"RAIR_like_low","TDS_high","TCGA-DJ-A3VK","Alive",NA,753,23255,"male","Stage III","T3","N0","M0","Papillary carcinoma, follicular variant","8340/3","yes","No",753,0,"N0","T3_T4","Stage_III_IV",TRUE,FALSE,FALSE,FALSE,FALSE,FALSE,FALSE,FALSE,FALSE,FALSE,TRUE
"TCGA-DJ-A3VL","TCGA-DJ-A3VL-01A-11R-A23N-07","TCGA-DJ-A3VL-01A",0.539090340709624,-0.568827622485936,-0.581457059978604,-0.389982096897121,0.619819442687442,0.921066133530985,0.112507106180611,-3.07814365900868,"RAIR_like_low","TDS_high","TCGA-DJ-A3VL","Alive",NA,713,14219,"male","Stage I","T1a","N0","M0","Papillary carcinoma, follicular variant","8340/3","no","No",713,0,"N0","T1_T2","Stage_I_II",TRUE,FALSE,FALSE,FALSE,FALSE,FALSE,FALSE,FALSE,FALSE,FALSE,TRUE
"TCGA-DJ-A3VM","TCGA-DJ-A3VM-01A-11R-A23N-07","TCGA-DJ-A3VM-01A",0.177131050654537,-0.0979643684043128,-0.217775194564859,-0.899606817641418,0.406428430153488,-0.786790152113121,-0.281113538850724,-2.04473173497011,"RAIR_like_low","TDS_high","TCGA-DJ-A3VM","Alive",NA,840,24896,"female","Stage II","T2","N0","M0","Papillary carcinoma, follicular variant","8340/3","no","No",840,0,"N0","T1_T2","Stage_I_II",FALSE,FALSE,FALSE,FALSE,FALSE,FALSE,FALSE,FALSE,FALSE,FALSE,FALSE
"TCGA-DJ-A4UL","TCGA-DJ-A4UL-01A-11R-A250-07","TCGA-DJ-A4UL-01A",-0.263302810908261,0.091324975643302,-0.0184958315806788,0.139177380308251,-0.380321085014228,0.142967333909814,-0.101496503328414,0.713919391718446,"RAIR_like_high","TDS_low","TCGA-DJ-A4UL","Alive",NA,939,24939,"female","Stage I","T1b","N0","M0","Papillary adenocarcinoma, NOS","8260/3","no","No",939,0,"N0","T1_T2","Stage_I_II",TRUE,FALSE,FALSE,FALSE,FALSE,FALSE,FALSE,FALSE,FALSE,FALSE,TRUE
"TCGA-DJ-A4UP","TCGA-DJ-A4UP-01A-11R-A250-07","TCGA-DJ-A4UP-01A",0.513298706156457,0.546331211524418,0.758851643631426,0.390825540436856,0.687596141196055,1.41702737181855,0.38811012165928,1.74124752575896,"RAIR_like_high","TDS_high","TCGA-DJ-A4UP","Alive",NA,916,5655,"female","Stage I","T1b","N1b","M0","Papillary adenocarcinoma, NOS","8260/3","no","No",916,0,"N1","T1_T2","Stage_I_II",FALSE,FALSE,FALSE,FALSE,FALSE,FALSE,FALSE,FALSE,FALSE,FALSE,FALSE
"TCGA-DJ-A4UQ","TCGA-DJ-A4UQ-01A-11R-A250-07","TCGA-DJ-A4UQ-01A",0.460802849773019,0.347145702796897,0.118462732801495,0.680510587670541,0.366688842527217,0.0811233379693486,0.9574680472089,1.05068939742248,"RAIR_like_high","TDS_high","TCGA-DJ-A4UQ","Alive",NA,1005,22097,"male","Stage IVA","T3","N1b","M0","Nonencapsulated sclerosing carcinoma","8350/3","no","No",1005,0,"N1","T3_T4","Stage_III_IV",FALSE,FALSE,FALSE,FALSE,FALSE,FALSE,FALSE,FALSE,FALSE,FALSE,FALSE
"TCGA-DJ-A4UR","TCGA-DJ-A4UR-01A-11R-A250-07","TCGA-DJ-A4UR-01A",-0.0114521110940987,-0.981854462146486,-0.835529143870641,-0.713079363038558,0.306454684045862,-0.453787793610842,-0.291743410527913,-3.76033676857637,"RAIR_like_low","TDS_low","TCGA-DJ-A4UR","Alive",NA,1058,13463,"female","Stage II","T3","N1b","M1","Papillary carcinoma, follicular variant","8340/3","no","No",1058,0,"N1","T3_T4","Stage_I_II",FALSE,FALSE,FALSE,FALSE,FALSE,FALSE,FALSE,FALSE,FALSE,FALSE,FALSE
"TCGA-DJ-A4UT","TCGA-DJ-A4UT-01A-11R-A250-07","TCGA-DJ-A4UT-01A",-0.255561360076958,-0.25684218059408,0.401803213181117,0.218575437597144,-0.33989984223289,1.6523603478774,1.10211402595106,0.833060562317818,"RAIR_like_high","TDS_low","TCGA-DJ-A4UT","Alive",NA,823,11813,"female","Stage I","T1a","N0","M0","Papillary adenocarcinoma, NOS","8260/3","no","No",823,0,"N0","T1_T2","Stage_I_II",FALSE,FALSE,FALSE,FALSE,FALSE,FALSE,FALSE,FALSE,FALSE,FALSE,FALSE
"TCGA-DJ-A4UW","TCGA-DJ-A4UW-01A-11R-A250-07","TCGA-DJ-A4UW-01A",0.270589299643552,-0.112103579632687,0.301118246488524,0.42771757581645,0.428601123618202,-0.085103571702679,1.70165542884335,0.465767320053344,"RAIR_like_low","TDS_high","TCGA-DJ-A4UW","Alive",NA,819,12563,"female","Stage I","T1a","N1b","M0","Papillary carcinoma, columnar cell","8344/3","no","No",819,0,"N1","T1_T2","Stage_I_II",TRUE,FALSE,FALSE,FALSE,FALSE,FALSE,FALSE,FALSE,FALSE,FALSE,TRUE
"TCGA-DJ-A4V0","TCGA-DJ-A4V0-01A-11R-A250-07","TCGA-DJ-A4V0-01A",0.823155748639448,-0.187149474245937,-0.644155176642274,-0.338430845774645,1.14666772261968,1.58495949835838,0.192911838459905,-2.88946347467413,"RAIR_like_low","TDS_high","TCGA-DJ-A4V0","Alive",NA,1081,13168,"female","Stage I","T2","N0","M0","Papillary adenocarcinoma, NOS","8260/3","no","No",1081,0,"N0","T1_T2","Stage_I_II",FALSE,FALSE,FALSE,FALSE,FALSE,FALSE,FALSE,FALSE,FALSE,FALSE,FALSE
"TCGA-DJ-A4V2","TCGA-DJ-A4V2-01A-11R-A250-07","TCGA-DJ-A4V2-01A",-0.19771864120275,0.140975139822209,0.568940341814947,0.46576325475894,-0.450564138635589,0.237018648865772,-0.314521556164752,1.98277120959092,"RAIR_like_high","TDS_low","TCGA-DJ-A4V2","Alive",NA,95,14126,"female","Stage I","T2","N0","M0","Papillary adenocarcinoma, NOS","8260/3","no","No",95,0,"N0","T1_T2","Stage_I_II",TRUE,FALSE,FALSE,FALSE,FALSE,FALSE,FALSE,FALSE,FALSE,FALSE,TRUE
"TCGA-DJ-A4V4","TCGA-DJ-A4V4-01A-11R-A250-07","TCGA-DJ-A4V4-01A",-0.176459157243992,-0.383347375701205,-0.447920581008903,-0.303799881124128,-0.202920194527597,-0.563977922322923,0.137160098395149,-1.4195615952443,"RAIR_like_low","TDS_low","TCGA-DJ-A4V4","Alive",NA,481,17878,"female","Stage I","T1a","N0","M0","Papillary carcinoma, columnar cell","8344/3","no","No",481,0,"N0","T1_T2","Stage_I_II",TRUE,FALSE,FALSE,FALSE,FALSE,FALSE,FALSE,FALSE,FALSE,FALSE,TRUE
"TCGA-DJ-A4V5","TCGA-DJ-A4V5-01A-11R-A250-07","TCGA-DJ-A4V5-01A",0.299620777602851,0.501462487128409,0.922614082417492,0.817432698609768,0.238485946224881,1.28753527324407,0.550617631744556,2.83666162484309,"RAIR_like_high","TDS_high","TCGA-DJ-A4V5","Alive",NA,1076,20108,"male","Stage IVA","T3","N1b","M0","Papillary adenocarcinoma, NOS","8260/3","no","No",1076,0,"N1","T3_T4","Stage_III_IV",FALSE,FALSE,FALSE,FALSE,FALSE,FALSE,FALSE,FALSE,FALSE,FALSE,FALSE
"TCGA-DO-A1JZ","TCGA-DO-A1JZ-01A-11R-A13Y-07","TCGA-DO-A1JZ-01A",0.323254900009754,0.773936342650714,0.848945517030723,0.672814515775188,-0.0794730758258572,-0.85945333125767,-0.886646016110495,2.92663626679435,"RAIR_like_high","TDS_high","TCGA-DO-A1JZ","Alive",NA,1670,8551,"female","Stage I","T2","NX","MX","Papillary carcinoma, follicular variant","8340/3","no","No",1670,0,NA,"T1_T2","Stage_I_II",FALSE,FALSE,FALSE,FALSE,FALSE,FALSE,FALSE,FALSE,FALSE,FALSE,FALSE
"TCGA-DO-A1K0","TCGA-DO-A1K0-01A-11R-A13Y-07","TCGA-DO-A1K0-01A",-0.0959881228695836,0.165235867706651,0.192418712180684,0.322076876219613,-0.206235399755841,-0.297330017354059,-0.248573256153381,1.14590744251995,"RAIR_like_high","TDS_low","TCGA-DO-A1K0","Alive",NA,655,11216,"female","Stage I","T3","N1b","MX","Papillary adenocarcinoma, NOS","8260/3","no","No",655,0,"N1","T3_T4","Stage_I_II",TRUE,FALSE,FALSE,FALSE,FALSE,FALSE,FALSE,FALSE,FALSE,FALSE,TRUE
"TCGA-DO-A2HM","TCGA-DO-A2HM-01B-11R-A22L-07","TCGA-DO-A2HM-01B",-0.82199371186905,0.187431585169843,-0.54711472979218,0.34287712762226,-0.897335452019291,2.09466061575399,0.917377814713688,1.26750439407933,"RAIR_like_high","TDS_low","TCGA-DO-A2HM","Alive",NA,71,18068,"male","Stage IVA","T1b","N1b","MX","Papillary adenocarcinoma, NOS","8260/3","no","No",71,0,"N1","T1_T2","Stage_III_IV",TRUE,FALSE,FALSE,FALSE,FALSE,FALSE,FALSE,FALSE,FALSE,FALSE,TRUE
"TCGA-E3-A3DY","TCGA-E3-A3DY-01A-11R-A20F-07","TCGA-E3-A3DY-01A",0.0380864333809278,0.312363667004786,0.360141324384696,0.489298818745711,-0.173250564036733,0.638904733805281,-0.193305026137689,1.66246814999168,"RAIR_like_high","TDS_high","TCGA-E3-A3DY","Alive",NA,2815,13860,"male","Stage I","T3","N1a","M0","Papillary carcinoma, follicular variant","8340/3","no","No",2815,0,"N1","T3_T4","Stage_I_II",TRUE,FALSE,FALSE,FALSE,FALSE,FALSE,FALSE,FALSE,FALSE,FALSE,TRUE
"TCGA-E3-A3DZ","TCGA-E3-A3DZ-01A-11R-A20F-07","TCGA-E3-A3DZ-01A",1.17999439458717,0.644473669598107,0.442095226195953,0.0555983697559691,1.32665573320321,-0.809086728686176,-0.26614970613913,-0.00700818836178918,"RAIR_like_low","TDS_high","TCGA-E3-A3DZ","Alive",NA,1436,20251,"female","Stage III","T3","N0","M0","Papillary carcinoma, follicular variant","8340/3","no","No",1436,0,"N0","T3_T4","Stage_III_IV",FALSE,FALSE,TRUE,FALSE,FALSE,FALSE,FALSE,FALSE,FALSE,TRUE,TRUE
"TCGA-E3-A3E0","TCGA-E3-A3E0-01A-11R-A20F-07","TCGA-E3-A3E0-01A",0.50935560585753,0.610141804716357,0.591773038262769,0.653670353187047,0.709830213313905,0.554732298572492,-0.349778012869547,2.01006434905175,"RAIR_like_high","TDS_high","TCGA-E3-A3E0","Alive",NA,2019,12645,"female","Stage I","T2","N0","MX","Papillary adenocarcinoma, NOS","8260/3","no","No",2019,0,"N0","T1_T2","Stage_I_II",FALSE,FALSE,FALSE,FALSE,FALSE,FALSE,FALSE,FALSE,FALSE,FALSE,FALSE
"TCGA-E3-A3E1","TCGA-E3-A3E1-01A-11R-A20F-07","TCGA-E3-A3E1-01A",0.220607633426146,1.08330545512475,0.165498478038656,0.416892437051442,0.0907033223930068,-0.0895565122493499,-0.31410987571405,2.26390326743986,"RAIR_like_high","TDS_high","TCGA-E3-A3E1","Alive",NA,2449,16895,"female","Stage I","T1","N0","M0","Papillary adenocarcinoma, NOS","8260/3","no","No",2449,0,"N0","T1_T2","Stage_I_II",TRUE,FALSE,FALSE,FALSE,FALSE,FALSE,FALSE,FALSE,FALSE,FALSE,TRUE
"TCGA-E3-A3E2","TCGA-E3-A3E2-01A-11R-A20F-07","TCGA-E3-A3E2-01A",-0.122452309521431,0.483094158923661,-0.034233865893674,0.0851629838078358,-0.0153051030481914,1.31447303514605,0.370037994490204,1.03713998878215,"RAIR_like_high","TDS_low","TCGA-E3-A3E2","Alive",NA,1922,12714,"female","Stage I","T1","N1a","MX","Papillary carcinoma, follicular variant","8340/3","no","No",1922,0,"N1","T1_T2","Stage_I_II",TRUE,FALSE,FALSE,FALSE,FALSE,FALSE,FALSE,FALSE,FALSE,FALSE,TRUE
"TCGA-E3-A3E3","TCGA-E3-A3E3-01A-11R-A20F-07","TCGA-E3-A3E3-01A",-0.171775283170066,1.05606955605904,0.182731559000148,0.0661491063298702,-0.275800518368912,-0.272366092716135,-0.596287108882624,2.30097122946248,"RAIR_like_high","TDS_low","TCGA-E3-A3E3","Alive",NA,1595,18140,"female","Stage II","T2","N0","M0","Papillary adenocarcinoma, NOS","8260/3","no","No",1595,0,"N0","T1_T2","Stage_I_II",TRUE,FALSE,FALSE,FALSE,FALSE,FALSE,FALSE,FALSE,FALSE,FALSE,TRUE
"TCGA-E3-A3E5","TCGA-E3-A3E5-01A-11R-A20F-07","TCGA-E3-A3E5-01A",-0.102999078598854,-0.160970853194582,0.173978004747118,0.478560087460784,-0.109768614436318,-0.512251761478949,0.268104350176659,0.836679395865672,"RAIR_like_high","TDS_low","TCGA-E3-A3E5","Alive",NA,1215,20993,"male","Stage IVA","T4a","N1b","MX","Papillary adenocarcinoma, NOS","8260/3","yes","No",1215,0,"N1","T3_T4","Stage_III_IV",TRUE,FALSE,FALSE,FALSE,FALSE,FALSE,FALSE,FALSE,FALSE,FALSE,TRUE
"TCGA-E8-A242","TCGA-E8-A242-01A-21R-A16R-07","TCGA-E8-A242-01A",-1.00488710647817,-0.383720789505267,0.156464437636885,0.384960558884183,-1.19650220947003,1.06070917098636,0.945752754071077,1.63891328996856,"RAIR_like_high","TDS_low","TCGA-E8-A242","Alive",NA,950,20472,"female","Stage III","T3","N0","MX","Papillary adenocarcinoma, NOS","8260/3","no","No",950,0,"N0","T3_T4","Stage_III_IV",TRUE,FALSE,FALSE,FALSE,FALSE,FALSE,FALSE,FALSE,FALSE,FALSE,TRUE
"TCGA-E8-A2EA","TCGA-E8-A2EA-01A-11R-A180-07","TCGA-E8-A2EA-01A",-0.767265320923972,-0.226805021769034,-0.332040471075732,-0.205151469945997,-0.646406349916329,1.32993793198971,0.813915934206149,0.00365869058485613,"RAIR_like_low","TDS_low","TCGA-E8-A2EA","Alive",NA,1085,19159,"female","Stage I","T1b","N0","M0","Papillary adenocarcinoma, NOS","8260/3","no","No",1085,0,"N0","T1_T2","Stage_I_II",TRUE,FALSE,FALSE,FALSE,FALSE,FALSE,FALSE,FALSE,FALSE,FALSE,TRUE
"TCGA-E8-A2JQ","TCGA-E8-A2JQ-01A-11R-A180-07","TCGA-E8-A2JQ-01A",-1.05698138934998,-0.0735956440722802,-0.512533781579775,-0.143510848148681,-1.01438039504926,1.97907863564197,0.638417945659201,0.52016598821785,"RAIR_like_low","TDS_low","TCGA-E8-A2JQ","Alive",NA,356,6684,"female","Stage I","T3","N1a","M0","Papillary adenocarcinoma, NOS","8260/3","no","No",356,0,"N1","T3_T4","Stage_I_II",FALSE,FALSE,FALSE,FALSE,FALSE,FALSE,FALSE,FALSE,FALSE,FALSE,FALSE
"TCGA-E8-A3X7","TCGA-E8-A3X7-01A-11R-A22U-07","TCGA-E8-A3X7-01A",-0.632090212283735,-0.514080579797637,-0.392600801783188,-0.138443761681976,-0.612978113298238,-0.236463966005259,0.541117434744209,-0.641690825739746,"RAIR_like_low","TDS_low","TCGA-E8-A3X7","Alive",NA,951,20983,"female","Stage IVA","T4a","N0","M0","Papillary adenocarcinoma, NOS","8260/3","no","No",951,0,"N0","T3_T4","Stage_III_IV",FALSE,FALSE,FALSE,FALSE,FALSE,FALSE,FALSE,FALSE,FALSE,FALSE,FALSE
"TCGA-E8-A413","TCGA-E8-A413-01A-21R-A23N-07","TCGA-E8-A413-01A",0.0634168400335647,0.163580798459282,0.0502851361514019,0.640615462366027,-0.0925678467168279,0.712231071047132,1.762167582835,1.18594041783699,"RAIR_like_high","TDS_high","TCGA-E8-A413","Alive",NA,912,13909,"female","Stage I","T1b","N0","M0","Papillary adenocarcinoma, NOS","8260/3","no","No",912,0,"N0","T1_T2","Stage_I_II",TRUE,FALSE,FALSE,FALSE,FALSE,FALSE,FALSE,FALSE,FALSE,FALSE,TRUE
"TCGA-E8-A414","TCGA-E8-A414-01A-11R-A23N-07","TCGA-E8-A414-01A",0.381453471791005,0.470380318515563,0.54181817108812,0.901621178268635,0.475087106448775,1.22128078405219,1.85247560645084,2.27075540930838,"RAIR_like_high","TDS_high","TCGA-E8-A414","Alive",NA,958,16754,"female","Stage III","T3","N0","M0","Papillary adenocarcinoma, NOS","8260/3","no","No",958,0,"N0","T3_T4","Stage_III_IV",FALSE,FALSE,FALSE,FALSE,FALSE,FALSE,FALSE,FALSE,FALSE,FALSE,FALSE
"TCGA-E8-A415","TCGA-E8-A415-01A-11R-A23N-07","TCGA-E8-A415-01A",0.303125605059737,0.531071373138417,-0.0918613938894166,-0.0516325899408638,0.379328752650479,0.0321888486739574,-0.0788711469904768,0.209086773541444,"RAIR_like_low","TDS_high","TCGA-E8-A415","Alive",NA,944,14288,"female","Stage I","T1a","N1b","M0","Papillary adenocarcinoma, NOS","8260/3","no","No",944,0,"N1","T1_T2","Stage_I_II",TRUE,FALSE,FALSE,FALSE,FALSE,FALSE,FALSE,FALSE,FALSE,FALSE,TRUE
"TCGA-E8-A416","TCGA-E8-A416-01A-11R-A23N-07","TCGA-E8-A416-01A",1.05293347797843,-0.209383630518714,-0.876641735966011,-0.373295620295991,0.90622814968673,0.0983271459150676,0.95710746496639,-3.63155351608389,"RAIR_like_low","TDS_high","TCGA-E8-A416","Alive",NA,952,18932,"female","Stage I","T1b","N0","M0","Papillary adenocarcinoma, NOS","8260/3","no","No",952,0,"N0","T1_T2","Stage_I_II",FALSE,FALSE,FALSE,FALSE,FALSE,FALSE,FALSE,FALSE,FALSE,FALSE,FALSE
"TCGA-E8-A417","TCGA-E8-A417-01A-21R-A23N-07","TCGA-E8-A417-01A",-0.321025215749618,-0.532078972681147,-0.345407723659501,-0.317665037974309,-0.373571920755606,0.863558498792026,-0.612762669142556,-1.32752844748112,"RAIR_like_low","TDS_low","TCGA-E8-A417","Alive",NA,938,14019,"female","Stage I","T2","N1a","M0","Papillary adenocarcinoma, NOS","8260/3","no","No",938,0,"N1","T1_T2","Stage_I_II",FALSE,FALSE,FALSE,FALSE,FALSE,FALSE,FALSE,FALSE,FALSE,FALSE,FALSE
"TCGA-E8-A418","TCGA-E8-A418-01A-11R-A23N-07","TCGA-E8-A418-01A",-0.585214775719547,0.34929682717747,0.223439442371435,0.038844451781021,-0.671882151793292,0.300672245088716,-1.28204287489679,1.78412740545811,"RAIR_like_high","TDS_low","TCGA-E8-A418","Alive",NA,92,27737,"female","Stage IVA","T4a","N0","M0","Papillary adenocarcinoma, NOS","8260/3","no","No",92,0,"N0","T3_T4","Stage_III_IV",TRUE,FALSE,FALSE,FALSE,FALSE,FALSE,FALSE,FALSE,FALSE,FALSE,TRUE
"TCGA-E8-A419","TCGA-E8-A419-01A-11R-A23N-07","TCGA-E8-A419-01A",-1.13723865725656,-0.434030794374904,-0.410928614482599,-0.234863020276059,-1.13653794257897,1.39160272368097,-0.365833739067308,0.0609826027250293,"RAIR_like_low","TDS_low","TCGA-E8-A419","Alive",NA,774,11306,"female","Stage I","T2","N1","M0","Papillary adenocarcinoma, NOS","8260/3","no","No",774,0,"N1","T1_T2","Stage_I_II",TRUE,FALSE,FALSE,FALSE,FALSE,FALSE,FALSE,FALSE,FALSE,FALSE,TRUE
"TCGA-E8-A432","TCGA-E8-A432-01A-11R-A23N-07","TCGA-E8-A432-01A",-0.115041827035075,0.379906662041271,1.15804330039679,0.408368789293837,-0.222356303521668,0.181574807711844,1.4786376110595,2.96631960998645,"RAIR_like_high","TDS_low","TCGA-E8-A432","Alive",NA,931,20874,"female","Stage II","T2","N0","M0","Papillary adenocarcinoma, NOS","8260/3","no","No",931,0,"N0","T1_T2","Stage_I_II",FALSE,FALSE,FALSE,FALSE,FALSE,FALSE,FALSE,FALSE,FALSE,FALSE,FALSE
"TCGA-E8-A433","TCGA-E8-A433-01A-11R-A23N-07","TCGA-E8-A433-01A",-0.399608547971576,-0.660287794633572,-0.262957445773167,-0.0336663278969702,-0.194015206501594,-0.0249993091072929,0.816778372808422,-0.886451522058984,"RAIR_like_low","TDS_low","TCGA-E8-A433","Alive",NA,951,9145,"female","Stage I","T2","N0","M0","Papillary adenocarcinoma, NOS","8260/3","no","No",951,0,"N0","T1_T2","Stage_I_II",TRUE,FALSE,FALSE,FALSE,FALSE,FALSE,FALSE,FALSE,FALSE,FALSE,TRUE
"TCGA-E8-A434","TCGA-E8-A434-01A-11R-A23N-07","TCGA-E8-A434-01A",0.760443564916887,0.913705511928823,0.0785232050331596,0.237203591850328,0.86469412436061,0.142511143545595,0.843538931365033,0.814152799865106,"RAIR_like_high","TDS_high","TCGA-E8-A434","Alive",NA,953,20492,"female","Stage I","T1a","N0","M0","Papillary adenocarcinoma, NOS","8260/3","no","No",953,0,"N0","T1_T2","Stage_I_II",FALSE,FALSE,FALSE,FALSE,FALSE,FALSE,FALSE,FALSE,FALSE,FALSE,FALSE
"TCGA-E8-A436","TCGA-E8-A436-01A-12R-A23W-07","TCGA-E8-A436-01A",-0.0441079642074024,-0.0218794346432924,0.0682029497824588,0.242045553564658,-0.0152623058771687,0.752587877012661,0.3943484468668,0.480345286330049,"RAIR_like_low","TDS_low","TCGA-E8-A436","Alive",NA,455,19640,"female","Stage IVA","T2","N1b","M0","Papillary adenocarcinoma, NOS","8260/3","no","No",455,0,"N1","T1_T2","Stage_III_IV",TRUE,FALSE,FALSE,FALSE,FALSE,FALSE,FALSE,FALSE,FALSE,FALSE,TRUE
"TCGA-E8-A437","TCGA-E8-A437-01A-12R-A23W-07","TCGA-E8-A437-01A",-0.276931415855269,-0.377042035548162,-0.577836151617719,-0.446114112312743,-0.241235497389721,-0.493592062657581,0.0669340743263533,-1.6497612105733,"RAIR_like_low","TDS_low","TCGA-E8-A437","Alive",NA,1213,21073,"female","Stage I","TX","NX","M0","Papillary adenocarcinoma, NOS","8260/3","no","No",1213,0,NA,NA,"Stage_I_II",TRUE,FALSE,FALSE,FALSE,FALSE,FALSE,FALSE,FALSE,FALSE,FALSE,TRUE
"TCGA-E8-A438","TCGA-E8-A438-01A-11R-A23W-07","TCGA-E8-A438-01A",-0.205475187617535,-0.638933812792824,0.431234592697521,-0.22031545289823,-0.330706695468765,-0.926293738476141,0.0378757821138185,-0.46447942433705,"RAIR_like_low","TDS_low","TCGA-E8-A438","Alive",NA,1019,8752,"female","Stage I","T1b","N0","M0","Papillary adenocarcinoma, NOS","8260/3","no","No",1019,0,"N0","T1_T2","Stage_I_II",FALSE,FALSE,FALSE,FALSE,FALSE,FALSE,FALSE,FALSE,FALSE,FALSE,FALSE
"TCGA-E8-A44K","TCGA-E8-A44K-01A-21R-A23W-07","TCGA-E8-A44K-01A",-0.854781645455012,-0.36862918734085,-0.28494770548992,-0.204057943909386,-0.900089950563012,0.19158260587573,0.352071069608381,-0.0304876821427098,"RAIR_like_low","TDS_low","TCGA-E8-A44K","Alive",NA,943,18472,"female","Stage I","T1b","N0","M0","Papillary adenocarcinoma, NOS","8260/3","no","No",943,0,"N0","T1_T2","Stage_I_II",TRUE,FALSE,FALSE,FALSE,FALSE,FALSE,FALSE,FALSE,FALSE,FALSE,TRUE
"TCGA-E8-A44M","TCGA-E8-A44M-01A-21R-A23W-07","TCGA-E8-A44M-01A",0.0798218150438783,-0.102363933796597,-0.342092673203609,-0.381144186064208,0.408894050117121,2.22741366196697,0.177856376651305,-1.31263491851371,"RAIR_like_low","TDS_high","TCGA-E8-A44M","Alive",NA,917,8523,"female","Stage I","T1b","N0","M0","Papillary adenocarcinoma, NOS","8260/3","no","No",917,0,"N0","T1_T2","Stage_I_II",FALSE,FALSE,FALSE,FALSE,FALSE,FALSE,FALSE,FALSE,FALSE,FALSE,FALSE
"TCGA-EL-A3CL","TCGA-EL-A3CL-01A-11R-A19O-07","TCGA-EL-A3CL-01A",0.310144597058621,0.477293011178906,1.01961267590995,0.175993291303181,0.362654418459737,-0.131572866209404,-0.42122487089633,1.96681766083428,"RAIR_like_high","TDS_high","TCGA-EL-A3CL","Dead",963,963,25761,"female","Stage II","T2","NX","M0","Papillary adenocarcinoma, NOS","8260/3","no","No",963,1,NA,"T1_T2","Stage_I_II",TRUE,FALSE,FALSE,FALSE,FALSE,FALSE,FALSE,FALSE,FALSE,FALSE,TRUE
"TCGA-EL-A3CM","TCGA-EL-A3CM-01A-11R-A19O-07","TCGA-EL-A3CM-01A",-0.530544848583979,-0.528884418628479,-0.0310911870952882,0.012850309373303,-0.582658546030045,-0.151256432715834,1.24608959282134,-0.0971292774024944,"RAIR_like_low","TDS_low","TCGA-EL-A3CM","Dead",813,813,23406,"female","Stage III","T3","N1b","M0","Papillary adenocarcinoma, NOS","8260/3","no","No",813,1,"N1","T3_T4","Stage_III_IV",TRUE,FALSE,FALSE,FALSE,FALSE,FALSE,FALSE,FALSE,FALSE,FALSE,TRUE
"TCGA-EL-A3CN","TCGA-EL-A3CN-01A-12R-A20F-07","TCGA-EL-A3CN-01A",-0.887614480465724,-0.567533470851486,-0.337413029544827,0.102789143513925,-0.938757258859899,1.19059123765918,0.216600395453111,0.0790240248697611,"RAIR_like_low","TDS_low","TCGA-EL-A3CN","Alive",NA,4731,17456,"female","Stage II","T3","N0","M0","Papillary adenocarcinoma, NOS","8260/3","no","No",4731,0,"N0","T3_T4","Stage_I_II",TRUE,FALSE,FALSE,FALSE,FALSE,FALSE,FALSE,FALSE,FALSE,FALSE,TRUE
"TCGA-EL-A3CO","TCGA-EL-A3CO-01A-11R-A19O-07","TCGA-EL-A3CO-01A",0.504781302145902,0.392191463184024,0.276972158922961,0.139444883870013,0.793155117351114,1.36754924934338,1.75035070678845,0.475638729511163,"RAIR_like_low","TDS_high","TCGA-EL-A3CO","Dead",726,726,32146,"male","Stage III","T3","N1b","M0","Papillary adenocarcinoma, NOS","8260/3","no","No",726,1,"N1","T3_T4","Stage_III_IV",FALSE,FALSE,FALSE,FALSE,FALSE,FALSE,TRUE,FALSE,FALSE,FALSE,TRUE
"TCGA-EL-A3CP","TCGA-EL-A3CP-01A-11R-A19O-07","TCGA-EL-A3CP-01A",0.082572381703835,0.144508563587979,0.745537595722091,0.610285030457153,-0.188563808583652,-0.759727125208228,0.656943629874901,2.03199672974926,"RAIR_like_high","TDS_high","TCGA-EL-A3CP","Alive",NA,4831,18298,"female",NA,"T1","NX","M0","Papillary carcinoma, follicular variant","8340/3","no","No",4831,0,NA,"T1_T2",NA,TRUE,FALSE,FALSE,FALSE,FALSE,FALSE,FALSE,FALSE,FALSE,FALSE,TRUE
"TCGA-EL-A3CR","TCGA-EL-A3CR-01A-12R-A206-07","TCGA-EL-A3CR-01A",-0.646780887680619,-0.613641338948767,-0.29489863394002,0.027894665936341,-0.545133053197199,0.210141300099346,0.994975187094653,-0.401260312979629,"RAIR_like_low","TDS_low","TCGA-EL-A3CR","Dead",233,233,28785,"female","Stage III","T3","N1b","M0","Papillary adenocarcinoma, NOS","8260/3","yes","No",233,1,"N1","T3_T4","Stage_III_IV",TRUE,FALSE,FALSE,FALSE,FALSE,FALSE,FALSE,FALSE,FALSE,FALSE,TRUE
"TCGA-EL-A3CS","TCGA-EL-A3CS-01A-21R-A19O-07","TCGA-EL-A3CS-01A",-0.576326605988134,1.26603727381346,0.186021965324016,-0.0235978081057265,-0.702468683538273,-0.458204552637444,0.0185340866279982,3.1047499694126,"RAIR_like_high","TDS_low","TCGA-EL-A3CS","Dead",1385,1385,22993,"female","Stage IVA","T4a","N0","M0","Papillary adenocarcinoma, NOS","8260/3","yes","No",1385,1,"N0","T3_T4","Stage_III_IV",TRUE,FALSE,FALSE,FALSE,FALSE,FALSE,FALSE,FALSE,FALSE,FALSE,TRUE
"TCGA-EL-A3CT","TCGA-EL-A3CT-01A-12R-A206-07","TCGA-EL-A3CT-01A",-0.542122241391485,1.23875328490279,0.329341694914188,1.12824325724339,-0.747677605688193,0.363173474343638,1.0594510425396,4.9086402348477,"RAIR_like_high","TDS_low","TCGA-EL-A3CT","Dead",1854,1854,28597,"female","Stage IVA","T4a","N1a","M0","Papillary adenocarcinoma, NOS","8260/3","no","No",1854,1,"N1","T3_T4","Stage_III_IV",TRUE,FALSE,FALSE,FALSE,FALSE,FALSE,FALSE,FALSE,FALSE,FALSE,TRUE
"TCGA-EL-A3CU","TCGA-EL-A3CU-01A-11R-A19O-07","TCGA-EL-A3CU-01A",-0.284623115981116,-0.00470645823178903,0.0281350348038934,0.415397522564142,-0.382443475544433,1.17365513969349,1.20595440001071,1.06239098033173,"RAIR_like_high","TDS_low","TCGA-EL-A3CU","Alive",NA,4780,25881,"female","Stage III","T1","N1a","M0","Papillary adenocarcinoma, NOS","8260/3","no","No",4780,0,"N1","T1_T2","Stage_III_IV",TRUE,FALSE,FALSE,FALSE,FALSE,FALSE,FALSE,FALSE,FALSE,FALSE,TRUE
"TCGA-EL-A3CV","TCGA-EL-A3CV-01A-11R-A19O-07","TCGA-EL-A3CV-01A",-0.591221619837092,1.2285496872783,0.698122422624116,1.06585882208043,-0.583257800390327,2.2694470198608,1.79240948890472,5.37580610956325,"RAIR_like_high","TDS_low","TCGA-EL-A3CV","Alive",NA,1154,14785,"male","Stage I","T3","N1b","M0","Papillary adenocarcinoma, NOS","8260/3","no","No",1154,0,"N1","T3_T4","Stage_I_II",TRUE,FALSE,FALSE,FALSE,FALSE,FALSE,FALSE,FALSE,FALSE,FALSE,TRUE
"TCGA-EL-A3CW","TCGA-EL-A3CW-01A-11R-A19O-07","TCGA-EL-A3CW-01A",0.538382745709936,0.136115970124225,-0.607391753847773,-0.382859150099269,0.689765747814663,1.18678875876854,0.447905029489084,-1.96619581030414,"RAIR_like_low","TDS_high","TCGA-EL-A3CW","Dead",938,938,31934,"female","Stage III","T2","N1a","M0","Papillary adenocarcinoma, NOS","8260/3","no","No",938,1,"N1","T1_T2","Stage_III_IV",TRUE,FALSE,FALSE,FALSE,FALSE,FALSE,FALSE,FALSE,FALSE,FALSE,TRUE
"TCGA-EL-A3CX","TCGA-EL-A3CX-01A-11R-A19O-07","TCGA-EL-A3CX-01A",-2.10731996549385,0.969071845665058,-0.765503963607301,-0.150759550757883,-3.23260092855169,-0.553377327185174,-0.779778338006395,3.38505698847685,"RAIR_like_high","TDS_low","TCGA-EL-A3CX","Alive",NA,3243,8344,"female","Stage I","T2","N0","M0","Papillary adenocarcinoma, NOS","8260/3","no","No",3243,0,"N0","T1_T2","Stage_I_II",FALSE,FALSE,FALSE,FALSE,FALSE,FALSE,FALSE,FALSE,FALSE,FALSE,FALSE
"TCGA-EL-A3CY","TCGA-EL-A3CY-01A-11R-A19O-07","TCGA-EL-A3CY-01A",-0.664571957058064,0.396700208840377,0.624663344991103,0.238606137071439,-0.427292660031717,2.28718831418987,1.69803489422012,2.82024253867922,"RAIR_like_high","TDS_low","TCGA-EL-A3CY","Alive",NA,127,10423,"male","Stage I","TX","N1b","M0","Papillary adenocarcinoma, NOS","8260/3","yes","No",127,0,"N1",NA,"Stage_I_II",FALSE,FALSE,FALSE,FALSE,FALSE,FALSE,FALSE,FALSE,FALSE,FALSE,FALSE
"TCGA-EL-A3CZ","TCGA-EL-A3CZ-01A-11R-A19O-07","TCGA-EL-A3CZ-01A",1.37235386883257,-0.0929409153725885,0.361667613335092,-0.261515662856863,1.54944558316946,-0.877055094512597,-0.902044521997543,-2.05590904272989,"RAIR_like_low","TDS_high","TCGA-EL-A3CZ","Alive",NA,2418,13718,"female","Stage I","T1","N1a","M0","Papillary adenocarcinoma, NOS","8260/3","no","No",2418,0,"N1","T1_T2","Stage_I_II",FALSE,FALSE,TRUE,FALSE,FALSE,FALSE,FALSE,FALSE,FALSE,TRUE,TRUE
"TCGA-EL-A3D0","TCGA-EL-A3D0-01A-12R-A206-07","TCGA-EL-A3D0-01A",-0.462411888527361,-0.477258408321916,0.163703571386959,0.624628246303688,-0.625080995324809,-0.935359844532627,1.12195027826161,1.05629146209858,"RAIR_like_high","TDS_low","TCGA-EL-A3D0","Alive",NA,4254,22622,"male","Stage III","T4","N1b","M0","Papillary adenocarcinoma, NOS","8260/3","yes","No",4254,0,"N1","T3_T4","Stage_III_IV",TRUE,FALSE,FALSE,FALSE,FALSE,FALSE,FALSE,FALSE,FALSE,FALSE,TRUE
"TCGA-EL-A3D1","TCGA-EL-A3D1-01A-11R-A19O-07","TCGA-EL-A3D1-01A",-0.296025425042421,-0.420882911152994,0.452724585755486,0.231029580757913,-0.0013418324051004,-0.273067506842131,0.344872096000344,0.716096151615031,"RAIR_like_high","TDS_low","TCGA-EL-A3D1","Alive",NA,2997,14245,"male","Stage I","T2","N0","M0","Papillary adenocarcinoma, NOS","8260/3","no","No",2997,0,"N0","T1_T2","Stage_I_II",TRUE,FALSE,FALSE,FALSE,FALSE,FALSE,FALSE,FALSE,FALSE,FALSE,TRUE
"TCGA-EL-A3D4","TCGA-EL-A3D4-01A-11R-A19O-07","TCGA-EL-A3D4-01A",0.555366892791831,-0.0552223663116591,0.807086719899541,-0.041116539167796,0.597063577543474,-0.621186811288816,1.07562656663893,0.137829499349947,"RAIR_like_low","TDS_high","TCGA-EL-A3D4","Alive",NA,2116,22923,"male","Stage IVA","T3","N1b","M0","Papillary adenocarcinoma, NOS","8260/3","no","No",2116,0,"N1","T3_T4","Stage_III_IV",FALSE,FALSE,FALSE,FALSE,FALSE,FALSE,FALSE,FALSE,FALSE,FALSE,FALSE
"TCGA-EL-A3D5","TCGA-EL-A3D5-01A-22R-A206-07","TCGA-EL-A3D5-01A",0.696202216239902,-0.23677906105054,-1.04290239769738,0.0474975117391455,0.512798565044756,-1.24328607868144,0.240382617853022,-2.75748294627561,"RAIR_like_low","TDS_high","TCGA-EL-A3D5","Alive",NA,1737,16217,"female","Stage I","T3","N1b","M0","Papillary adenocarcinoma, NOS","8260/3","yes","No",1737,0,"N1","T3_T4","Stage_I_II",FALSE,FALSE,FALSE,FALSE,FALSE,TRUE,FALSE,FALSE,FALSE,FALSE,TRUE
"TCGA-EL-A3D6","TCGA-EL-A3D6-01A-12R-A206-07","TCGA-EL-A3D6-01A",-1.24860089923587,-0.724986801528361,-0.548421005063039,0.239844336194178,-1.33938438096725,0.299087115924468,0.323522534479438,0.269337085404358,"RAIR_like_low","TDS_low","TCGA-EL-A3D6","Alive",NA,3296,18640,"female","Stage III","T3","N1b","M0","Papillary adenocarcinoma, NOS","8260/3","no","No",3296,0,"N1","T3_T4","Stage_III_IV",TRUE,FALSE,FALSE,FALSE,FALSE,TRUE,FALSE,FALSE,FALSE,FALSE,TRUE
"TCGA-EL-A3GO","TCGA-EL-A3GO-01A-11R-A206-07","TCGA-EL-A3GO-01A",0.462480384626778,-0.162315564711079,-0.594674917628179,0.485668290463662,0.249724184015972,-0.470068562607275,-0.776409664134171,-1.03471881293056,"RAIR_like_low","TDS_high","TCGA-EL-A3GO","Alive",NA,1973,11604,"female","Stage I","T2","N0","M0","Papillary adenocarcinoma, NOS","8260/3","no","No",1973,0,"N0","T1_T2","Stage_I_II",FALSE,FALSE,FALSE,FALSE,FALSE,FALSE,FALSE,FALSE,FALSE,FALSE,FALSE
"TCGA-EL-A3GP","TCGA-EL-A3GP-01A-11R-A206-07","TCGA-EL-A3GP-01A",-1.01482652495233,-0.270575848105567,-0.0266237053851015,0.270688396203948,-0.655046149270846,0.262522821952611,2.2688724107218,1.41681983136314,"RAIR_like_high","TDS_low","TCGA-EL-A3GP","Alive",NA,1506,25696,"male","Stage III","T3","N1a","M0","Papillary adenocarcinoma, NOS","8260/3","no","No",1506,0,"N1","T3_T4","Stage_III_IV",TRUE,FALSE,FALSE,FALSE,FALSE,FALSE,FALSE,FALSE,FALSE,FALSE,TRUE
"TCGA-EL-A3GQ","TCGA-EL-A3GQ-01A-11R-A206-07","TCGA-EL-A3GQ-01A",0.56615539162264,-0.00958328412511743,0.44850030314819,0.543763124473662,0.692406282807066,-0.160210716184873,1.30934797232522,0.570075259976323,"RAIR_like_high","TDS_high","TCGA-EL-A3GQ","Alive",NA,1528,26478,"female","Stage I","T1","N0","M0","Papillary carcinoma, follicular variant","8340/3","yes","No",1528,0,"N0","T1_T2","Stage_I_II",TRUE,FALSE,FALSE,FALSE,FALSE,FALSE,FALSE,FALSE,FALSE,FALSE,TRUE
"TCGA-EL-A3GR","TCGA-EL-A3GR-01A-21R-A206-07","TCGA-EL-A3GR-01A",0.448312991593162,0.371250908132338,1.49766318524181,0.921039063676902,0.236162274717459,-0.0361466534623606,1.14278608803833,3.34731661777628,"RAIR_like_high","TDS_high","TCGA-EL-A3GR","Alive",NA,3501,11598,"female","Stage I","T3","NX","M0","Papillary adenocarcinoma, NOS","8260/3","no","No",3501,0,NA,"T3_T4","Stage_I_II",TRUE,FALSE,FALSE,FALSE,FALSE,FALSE,FALSE,FALSE,FALSE,FALSE,TRUE
"TCGA-EL-A3GS","TCGA-EL-A3GS-01A-11R-A20F-07","TCGA-EL-A3GS-01A",-0.119216871395364,0.378409010686061,0.293028527132342,0.247909681020842,-0.360285716170538,-0.292028013524263,-0.906385763097566,1.55128236282142,"RAIR_like_high","TDS_low","TCGA-EL-A3GS","Alive",NA,1989,13542,"female","Stage I","T3","N1","M0","Papillary adenocarcinoma, NOS","8260/3","no","No",1989,0,"N1","T3_T4","Stage_I_II",TRUE,FALSE,FALSE,FALSE,FALSE,FALSE,FALSE,FALSE,FALSE,FALSE,TRUE
"TCGA-EL-A3GU","TCGA-EL-A3GU-01A-11R-A21D-07","TCGA-EL-A3GU-01A",-0.514008804574296,-0.424132068075494,0.139150233287098,0.321449685039438,-0.675191534506769,-0.290548855032841,1.66877649787896,0.736002749445517,"RAIR_like_high","TDS_low","TCGA-EL-A3GU","Alive",NA,4137,26632,"female","Stage III","T3","N1","M0","Papillary adenocarcinoma, NOS","8260/3","no","No",4137,0,"N1","T3_T4","Stage_III_IV",TRUE,FALSE,FALSE,FALSE,FALSE,FALSE,FALSE,FALSE,FALSE,FALSE,TRUE
"TCGA-EL-A3GV","TCGA-EL-A3GV-01A-11R-A21D-07","TCGA-EL-A3GV-01A",0.24400702742029,0.648685975471144,0.680394991488718,0.799406885583655,0.243785186594525,0.627029894969493,0.288341007172108,2.79796167449995,"RAIR_like_high","TDS_high","TCGA-EL-A3GV","Alive",NA,1532,23787,"female","Stage III","T3","N0","M0","Papillary adenocarcinoma, NOS","8260/3","no","No",1532,0,"N0","T3_T4","Stage_III_IV",TRUE,FALSE,FALSE,FALSE,FALSE,FALSE,FALSE,FALSE,FALSE,FALSE,TRUE
"TCGA-EL-A3GW","TCGA-EL-A3GW-01A-11R-A206-07","TCGA-EL-A3GW-01A",0.590386617437916,1.54820375330323,0.428757363393488,0.32754241117109,0.563366215155984,-0.70678708647552,-0.318780581125491,2.69792252714103,"RAIR_like_high","TDS_high","TCGA-EL-A3GW","Alive",NA,1527,13670,"female","Stage I","T2","N0","M0","Papillary adenocarcinoma, NOS","8260/3","no","No",1527,0,"N0","T1_T2","Stage_I_II",FALSE,TRUE,FALSE,FALSE,FALSE,FALSE,FALSE,FALSE,FALSE,TRUE,TRUE
"TCGA-EL-A3GX","TCGA-EL-A3GX-01A-11R-A206-07","TCGA-EL-A3GX-01A",-0.602274117444558,0.106863742696582,0.252840538150021,0.310834387670859,-0.799253626248803,1.05732734195168,-0.98611395210406,1.86067578946068,"RAIR_like_high","TDS_low","TCGA-EL-A3GX","Alive",NA,4494,15212,"female","Stage I","T2","N1","M0","Papillary adenocarcinoma, NOS","8260/3","no","No",4494,0,"N1","T1_T2","Stage_I_II",TRUE,FALSE,FALSE,FALSE,FALSE,FALSE,FALSE,FALSE,FALSE,FALSE,TRUE
"TCGA-EL-A3GY","TCGA-EL-A3GY-01A-21R-A206-07","TCGA-EL-A3GY-01A",-0.126756190741802,0.662632011770577,0.938383402505009,0.564718233273953,-0.30990622690707,0.386947442738474,-0.0231131757690875,3.37004448947663,"RAIR_like_high","TDS_low","TCGA-EL-A3GY","Alive",NA,3076,14814,"female","Stage II","T1","N1","M1","Papillary adenocarcinoma, NOS","8260/3","no","No",3076,0,"N1","T1_T2","Stage_I_II",TRUE,FALSE,FALSE,FALSE,FALSE,FALSE,FALSE,FALSE,FALSE,FALSE,TRUE
"TCGA-EL-A3GZ","TCGA-EL-A3GZ-01A-11R-A20F-07","TCGA-EL-A3GZ-01A",-0.0292965669998802,0.662152842134242,0.762229999770975,0.540274278541206,-0.340610148905081,-0.223894114662732,0.640310958398422,2.94951443365715,"RAIR_like_high","TDS_low","TCGA-EL-A3GZ","Alive",NA,4258,12665,"female","Stage I","T1","N0","M0","Papillary adenocarcinoma, NOS","8260/3","no","No",4258,0,"N0","T1_T2","Stage_I_II",TRUE,FALSE,FALSE,FALSE,FALSE,FALSE,FALSE,FALSE,FALSE,FALSE,TRUE
"TCGA-EL-A3H1","TCGA-EL-A3H1-01A-11R-A21D-07","TCGA-EL-A3H1-01A",1.02146002654508,0.291627591683467,0.0641576567098999,0.228785698058252,1.03594910175791,-0.870814734594737,-0.749027196606971,-0.603208344828538,"RAIR_like_low","TDS_high","TCGA-EL-A3H1","Dead",1500,1500,24328,"female","Stage I","T1","N0","M0","Papillary adenocarcinoma, NOS","8260/3","no","No",1500,1,"N0","T1_T2","Stage_I_II",FALSE,FALSE,FALSE,FALSE,FALSE,FALSE,FALSE,FALSE,FALSE,FALSE,FALSE
"TCGA-EL-A3H2","TCGA-EL-A3H2-01A-11R-A20F-07","TCGA-EL-A3H2-01A",1.36661767602254,-0.353698021817231,-1.36621222925097,-0.82586610980744,1.52572574545927,-0.555135886979756,-1.02900157967587,-5.66194979920087,"RAIR_like_low","TDS_high","TCGA-EL-A3H2","Dead",1019,1019,21266,"male","Stage II","T2","N0","MX","Papillary adenocarcinoma, NOS","8260/3","no","Yes",1019,1,"N0","T1_T2","Stage_I_II",FALSE,FALSE,FALSE,FALSE,FALSE,FALSE,FALSE,FALSE,FALSE,FALSE,FALSE
"TCGA-EL-A3H3","TCGA-EL-A3H3-01A-11R-A206-07","TCGA-EL-A3H3-01A",-0.628601529526757,-0.343147749307242,0.418182360286974,0.20879956341975,-0.55766474679431,0.461444189235671,-0.135124429801749,1.24930972437972,"RAIR_like_high","TDS_low","TCGA-EL-A3H3","Alive",NA,1319,7000,"female","Stage I","T2","N1","M0","Papillary adenocarcinoma, NOS","8260/3","no","No",1319,0,"N1","T1_T2","Stage_I_II",FALSE,FALSE,FALSE,FALSE,FALSE,FALSE,FALSE,FALSE,FALSE,FALSE,FALSE
"TCGA-EL-A3H4","TCGA-EL-A3H4-01A-11R-A206-07","TCGA-EL-A3H4-01A",-0.130314904130313,-0.214817473210181,0.472520587539108,0.725972881796492,-0.289384351963322,-0.645881847874651,-0.285187831185533,1.56345600474698,"RAIR_like_high","TDS_low","TCGA-EL-A3H4","Alive",NA,1512,16944,"female","Stage IVA","T4a","N1","M0","Papillary adenocarcinoma, NOS","8260/3","no","No",1512,0,"N1","T3_T4","Stage_III_IV",TRUE,FALSE,FALSE,FALSE,FALSE,FALSE,FALSE,FALSE,FALSE,FALSE,TRUE
"TCGA-EL-A3H5","TCGA-EL-A3H5-01A-11R-A206-07","TCGA-EL-A3H5-01A",-1.97590152166012,-1.78736656580524,-1.21377095948371,-0.659885805336027,-1.75977571435123,-0.290456688995476,1.63938183724437,-2.61372476430676,"RAIR_like_low","TDS_low","TCGA-EL-A3H5","Alive",NA,2542,20926,"female","Stage IVA","T4","N1","M0","Papillary adenocarcinoma, NOS","8260/3","no","No",2542,0,"N1","T3_T4","Stage_III_IV",TRUE,FALSE,FALSE,FALSE,FALSE,FALSE,FALSE,FALSE,FALSE,FALSE,TRUE
"TCGA-EL-A3H7","TCGA-EL-A3H7-01A-11R-A21D-07","TCGA-EL-A3H7-01A",-1.00896259378935,-0.565660777636833,0.055453722489055,0.303364933142341,-1.25196302557316,0.739749428023804,1.39957243414929,1.09318224141637,"RAIR_like_high","TDS_low","TCGA-EL-A3H7","Alive",NA,4228,13407,"female","Stage I","T3","N1","M0","Papillary adenocarcinoma, NOS","8260/3","no","No",4228,0,"N1","T3_T4","Stage_I_II",TRUE,FALSE,FALSE,FALSE,FALSE,FALSE,FALSE,FALSE,FALSE,FALSE,TRUE
"TCGA-EL-A3H8","TCGA-EL-A3H8-01A-11R-A20F-07","TCGA-EL-A3H8-01A",0.172016474842867,0.491566623362488,0.704690346801255,0.842943190828693,-0.0111037480911929,-0.281087561948698,0.335979674073554,2.74797324073419,"RAIR_like_high","TDS_high","TCGA-EL-A3H8","Alive",NA,4577,12992,"female","Stage I","T3","N1","M0","Papillary adenocarcinoma, NOS","8260/3","yes","No",4577,0,"N1","T3_T4","Stage_I_II",TRUE,FALSE,FALSE,FALSE,FALSE,FALSE,FALSE,FALSE,FALSE,FALSE,TRUE
"TCGA-EL-A3MW","TCGA-EL-A3MW-01A-11R-A20F-07","TCGA-EL-A3MW-01A",0.0853842811455474,0.15873506072573,0.356945209836242,0.302144928388136,-0.0420678964210598,-0.295131361660748,-0.319516378003014,1.06458452828055,"RAIR_like_high","TDS_high","TCGA-EL-A3MW","Alive",NA,3305,20186,"female","Stage II","T2","N0","M0","Papillary adenocarcinoma, NOS","8260/3","no","No",3305,0,"N0","T1_T2","Stage_I_II",TRUE,FALSE,FALSE,FALSE,FALSE,FALSE,FALSE,FALSE,FALSE,FALSE,TRUE
"TCGA-EL-A3MX","TCGA-EL-A3MX-01A-11R-A21D-07","TCGA-EL-A3MX-01A",-0.830068669921421,0.103453106229678,-0.205882908022688,-0.00754620948096829,-1.10400658833904,-0.545873243363812,-0.483817420357294,1.09229241317092,"RAIR_like_high","TDS_low","TCGA-EL-A3MX","Dead",1753,1753,24178,"female","Stage IVC","T4","N1","M1","Papillary adenocarcinoma, NOS","8260/3","no","No",1753,1,"N1","T3_T4","Stage_III_IV",TRUE,FALSE,FALSE,FALSE,FALSE,FALSE,FALSE,FALSE,FALSE,FALSE,TRUE
"TCGA-EL-A3MY","TCGA-EL-A3MY-01A-11R-A21D-07","TCGA-EL-A3MY-01A",-0.882915025713684,0.559033418512605,0.489377157666013,0.78015116494574,-1.22565314539636,0.556745941515021,1.84010884567817,4.01770804611533,"RAIR_like_high","TDS_low","TCGA-EL-A3MY","Dead",533,533,29706,"male","Stage IVC","T4","NX","M1","Papillary adenocarcinoma, NOS","8260/3","yes","No",533,1,NA,"T3_T4","Stage_III_IV",TRUE,FALSE,FALSE,FALSE,FALSE,FALSE,FALSE,FALSE,FALSE,FALSE,TRUE
"TCGA-EL-A3MZ","TCGA-EL-A3MZ-01A-11R-A21D-07","TCGA-EL-A3MZ-01A",-0.929873557381515,-0.745058985724278,-0.166423827316565,0.104846532272566,-1.07730693948757,-0.0437016320653764,0.844635881725362,0.0916148937053503,"RAIR_like_low","TDS_low","TCGA-EL-A3MZ","Dead",1597,1597,24208,"male","Stage III","T4","N1","MX","Papillary adenocarcinoma, NOS","8260/3","no","No",1597,1,"N1","T3_T4","Stage_III_IV",TRUE,FALSE,FALSE,FALSE,TRUE,FALSE,FALSE,FALSE,FALSE,FALSE,TRUE
"TCGA-EL-A3N2","TCGA-EL-A3N2-01A-11R-A20F-07","TCGA-EL-A3N2-01A",-0.403692346919107,-0.167171924535095,0.277580385920978,0.302176702860358,-0.522531600697341,0.2710049341635,0.00986342793906635,1.14875958437431,"RAIR_like_high","TDS_low","TCGA-EL-A3N2","Alive",NA,902,8989,"female","Stage I","T2","N1","M0","Papillary adenocarcinoma, NOS","8260/3","no","No",902,0,"N1","T1_T2","Stage_I_II",TRUE,FALSE,FALSE,FALSE,FALSE,FALSE,FALSE,FALSE,FALSE,FALSE,TRUE
"TCGA-EL-A3N3","TCGA-EL-A3N3-01A-11R-A20F-07","TCGA-EL-A3N3-01A",-0.823672028568097,-0.494492922709078,-0.100444593825144,0.290581422245262,-1.04876169743778,0.84227651633985,0.295987360044193,0.704113113545866,"RAIR_like_high","TDS_low","TCGA-EL-A3N3","Alive",NA,5423,19513,"female","Stage II","T3","NX","M0","Papillary adenocarcinoma, NOS","8260/3","yes","No",5423,0,NA,"T3_T4","Stage_I_II",TRUE,FALSE,FALSE,FALSE,FALSE,FALSE,FALSE,FALSE,FALSE,FALSE,TRUE
"TCGA-EL-A3T0","TCGA-EL-A3T0-01A-22R-A22L-07","TCGA-EL-A3T0-01A",0.611971788333562,-0.157519233584101,0.975539182560989,0.233452075661629,0.882941940390813,0.118799018812855,1.28059710818895,0.52583107427143,"RAIR_like_low","TDS_high","TCGA-EL-A3T0","Alive",NA,4335,16798,"female","Stage III","T3","N1","M0","Papillary adenocarcinoma, NOS","8260/3","no","No",4335,0,"N1","T3_T4","Stage_III_IV",FALSE,FALSE,FALSE,FALSE,FALSE,FALSE,FALSE,FALSE,FALSE,FALSE,FALSE
"TCGA-EL-A3T1","TCGA-EL-A3T1-01A-11R-A22L-07","TCGA-EL-A3T1-01A",-0.761858375583466,0.193080219938343,0.226320697967045,0.155072899310196,-1.03901029593157,0.98186126737138,0.195600947651203,1.96733299191984,"RAIR_like_high","TDS_low","TCGA-EL-A3T1","Alive",NA,3941,14025,"female","Stage I","T2","N0","M0","Papillary adenocarcinoma, NOS","8260/3","no","No",3941,0,"N0","T1_T2","Stage_I_II",TRUE,FALSE,FALSE,FALSE,FALSE,FALSE,FALSE,FALSE,FALSE,FALSE,TRUE
"TCGA-EL-A3T2","TCGA-EL-A3T2-01A-11R-A22L-07","TCGA-EL-A3T2-01A",1.10305186412471,0.203947237386336,0.43955411420455,0.118908073330214,1.32260874433007,-0.695629071014423,-0.857363457673041,-0.513794021221204,"RAIR_like_low","TDS_high","TCGA-EL-A3T2","Alive",NA,988,20403,"female","Stage III","T2","N1","M0","Papillary adenocarcinoma, NOS","8260/3","no","No",988,0,"N1","T1_T2","Stage_III_IV",FALSE,TRUE,FALSE,FALSE,FALSE,FALSE,FALSE,FALSE,FALSE,TRUE,TRUE
"TCGA-EL-A3T3","TCGA-EL-A3T3-01A-11R-A22L-07","TCGA-EL-A3T3-01A",-0.553484775476914,-0.315284092550309,0.543632236160341,0.0658009922096882,-0.697720194312894,-0.483183512987636,-0.115990664397648,1.14401419124536,"RAIR_like_high","TDS_low","TCGA-EL-A3T3","Alive",NA,4017,23043,"male","Stage II","T2","N0","M0","Papillary adenocarcinoma, NOS","8260/3","no","No",4017,0,"N0","T1_T2","Stage_I_II",TRUE,FALSE,FALSE,FALSE,FALSE,FALSE,FALSE,FALSE,FALSE,FALSE,TRUE
"TCGA-EL-A3T6","TCGA-EL-A3T6-01A-11R-A220-07","TCGA-EL-A3T6-01A",-0.457326821136687,-0.234982708454916,-0.0582670738217219,-0.0530534411082734,-0.598652796677093,1.50133799454756,-0.984783035354199,0.134451789573506,"RAIR_like_low","TDS_low","TCGA-EL-A3T6","Alive",NA,2988,12777,"female","Stage I","T3","N0","M0","Papillary adenocarcinoma, NOS","8260/3","no","No",2988,0,"N0","T3_T4","Stage_I_II",TRUE,FALSE,FALSE,FALSE,FALSE,FALSE,FALSE,FALSE,FALSE,FALSE,TRUE
"TCGA-EL-A3T7","TCGA-EL-A3T7-01A-11R-A22L-07","TCGA-EL-A3T7-01A",-0.407509364342391,0.371917668053373,0.757843018512296,0.598431865912886,-0.571929672508967,-0.373160298730137,-0.0342377786917039,3.1168107329562,"RAIR_like_high","TDS_low","TCGA-EL-A3T7","Alive",NA,1256,17302,"female","Stage II","T2","N0","M0","Papillary adenocarcinoma, NOS","8260/3","no","No",1256,0,"N0","T1_T2","Stage_I_II",TRUE,FALSE,FALSE,FALSE,FALSE,FALSE,FALSE,FALSE,FALSE,FALSE,TRUE
"TCGA-EL-A3T8","TCGA-EL-A3T8-01A-21R-A22L-07","TCGA-EL-A3T8-01A",0.0361263913321823,0.431355228529557,0.857165446369927,0.741685665725469,0.0919573477809217,-0.408399776341317,0.385622862975855,2.90899463698444,"RAIR_like_high","TDS_high","TCGA-EL-A3T8","Alive",NA,3269,13290,"male","Stage I","T2","N0","M0","Papillary adenocarcinoma, NOS","8260/3","no","No",3269,0,"N0","T1_T2","Stage_I_II",TRUE,FALSE,FALSE,FALSE,FALSE,FALSE,FALSE,FALSE,FALSE,FALSE,TRUE
"TCGA-EL-A3T9","TCGA-EL-A3T9-01A-21R-A22L-07","TCGA-EL-A3T9-01A",-1.12062470864557,0.516707250282897,0.403478008182495,0.433442107267091,-1.24221281464101,0.138167088009633,2.27593798020384,3.66858650974862,"RAIR_like_high","TDS_low","TCGA-EL-A3T9","Dead",174,174,25484,"female","Stage IV","T4","N1","MX","Papillary adenocarcinoma, NOS","8260/3","no","No",174,1,"N1","T3_T4","Stage_III_IV",FALSE,FALSE,FALSE,FALSE,FALSE,FALSE,FALSE,FALSE,FALSE,FALSE,FALSE
"TCGA-EL-A3TA","TCGA-EL-A3TA-01A-12R-A22L-07","TCGA-EL-A3TA-01A",0.197628677535656,-0.262950481147643,0.0841492996568452,-0.249904638194674,0.359467652716227,0.257126344480812,0.617207945531036,-0.968033850947683,"RAIR_like_low","TDS_high","TCGA-EL-A3TA","Alive",NA,2035,15366,"male","Stage I","T2","N0","M0","Papillary adenocarcinoma, NOS","8260/3","no","No",2035,0,"N0","T1_T2","Stage_I_II",TRUE,FALSE,FALSE,FALSE,FALSE,FALSE,FALSE,FALSE,FALSE,FALSE,TRUE
"TCGA-EL-A3TB","TCGA-EL-A3TB-01A-11R-A22L-07","TCGA-EL-A3TB-01A",0.495491449710627,0.0724359207404192,0.445839034009657,0.276545920165842,0.550639548404178,0.0465735357010591,-0.0984602585802951,0.407367484514467,"RAIR_like_low","TDS_high","TCGA-EL-A3TB","Alive",NA,2519,17195,"female","Stage III","T3","N1a","M0","Papillary adenocarcinoma, NOS","8260/3","no","No",2519,0,"N1","T3_T4","Stage_III_IV",FALSE,FALSE,FALSE,FALSE,FALSE,FALSE,FALSE,FALSE,FALSE,FALSE,FALSE
"TCGA-EL-A3ZG","TCGA-EL-A3ZG-01A-11R-A23N-07","TCGA-EL-A3ZG-01A",-0.242806683534866,1.07242307065701,0.156626179360046,-0.149933233973563,-0.14776392803583,-0.567822981523061,0.13657430166751,2.07654728977927,"RAIR_like_high","TDS_low","TCGA-EL-A3ZG","Alive",NA,2724,5612,"male","Stage I","T3","N0","M0","Papillary adenocarcinoma, NOS","8260/3","no","No",2724,0,"N0","T3_T4","Stage_I_II",FALSE,FALSE,FALSE,FALSE,FALSE,FALSE,FALSE,FALSE,FALSE,FALSE,FALSE
"TCGA-EL-A3ZH","TCGA-EL-A3ZH-01A-31R-A23N-07","TCGA-EL-A3ZH-01A",1.28103764049525,-0.0252558308787655,-0.0037957386126886,-0.471495116217979,1.32870325173686,-0.851444870465337,-0.964575982247915,-2.62240750292054,"RAIR_like_low","TDS_high","TCGA-EL-A3ZH","Alive",NA,2773,15685,"female","Stage I","T3","N1","M0","Papillary adenocarcinoma, NOS","8260/3","no","No",2773,0,"N1","T3_T4","Stage_I_II",FALSE,TRUE,FALSE,FALSE,FALSE,FALSE,FALSE,FALSE,FALSE,TRUE,TRUE
"TCGA-EL-A3ZK","TCGA-EL-A3ZK-01A-21R-A23N-07","TCGA-EL-A3ZK-01A",-0.540682420942099,0.090128475336216,-0.00294006162751083,-0.352833784406558,-0.558396388075308,0.78782267736384,-0.85801355374486,0.413126767146851,"RAIR_like_low","TDS_low","TCGA-EL-A3ZK","Alive",NA,1575,15121,"female","Stage I","T2","N1","M0","Papillary adenocarcinoma, NOS","8260/3","no","No",1575,0,"N1","T1_T2","Stage_I_II",FALSE,FALSE,FALSE,FALSE,FALSE,FALSE,FALSE,FALSE,FALSE,FALSE,FALSE
"TCGA-EL-A3ZL","TCGA-EL-A3ZL-01A-11R-A23N-07","TCGA-EL-A3ZL-01A",-0.892317027339344,-0.48195843009697,-0.203210945746882,-0.151834621744889,-0.862344119136672,-0.754169547868357,0.662214877063735,0.0308245876717084,"RAIR_like_low","TDS_low","TCGA-EL-A3ZL","Alive",NA,1895,12649,"female","Stage I","T1","N1","M0","Papillary adenocarcinoma, NOS","8260/3","no","No",1895,0,"N1","T1_T2","Stage_I_II",FALSE,FALSE,FALSE,FALSE,FALSE,FALSE,FALSE,FALSE,FALSE,FALSE,FALSE
"TCGA-EL-A3ZM","TCGA-EL-A3ZM-01A-12R-A23N-07","TCGA-EL-A3ZM-01A",-1.78549981443121,-0.888139600247407,-0.366872642821281,-0.0796055490025807,-2.14497253963388,0.033698901431029,0.744387625050375,0.570172507168165,"RAIR_like_high","TDS_low","TCGA-EL-A3ZM","Alive",NA,1096,21987,"male","Stage IVA","T4a","N1","M0","Papillary adenocarcinoma, NOS","8260/3","no","No",1096,0,"N1","T3_T4","Stage_III_IV",FALSE,FALSE,FALSE,FALSE,FALSE,FALSE,FALSE,FALSE,FALSE,FALSE,FALSE
"TCGA-EL-A3ZN","TCGA-EL-A3ZN-01A-11R-A23N-07","TCGA-EL-A3ZN-01A",0.131446453749372,-0.345808940059344,0.365876457386559,0.0327931303155279,0.0171173962777614,-0.510367481120176,0.502506398284033,-0.201794422513347,"RAIR_like_low","TDS_high","TCGA-EL-A3ZN","Alive",NA,1614,10266,"female","Stage I","T3","N1","M0","Papillary adenocarcinoma, NOS","8260/3","no","No",1614,0,"N1","T3_T4","Stage_I_II",FALSE,FALSE,FALSE,FALSE,FALSE,FALSE,FALSE,FALSE,FALSE,FALSE,FALSE
"TCGA-EL-A3ZO","TCGA-EL-A3ZO-01A-11R-A23N-07","TCGA-EL-A3ZO-01A",-1.20183402721959,-0.284921461362105,-0.172321428867052,0.253995220129063,-1.21090120059836,1.11110632230078,1.20327903539777,1.44441671355285,"RAIR_like_high","TDS_low","TCGA-EL-A3ZO","Alive",NA,2211,28924,"female","Stage III","T3","N1","M0","Papillary adenocarcinoma, NOS","8260/3","no","No",2211,0,"N1","T3_T4","Stage_III_IV",FALSE,FALSE,FALSE,FALSE,FALSE,FALSE,FALSE,FALSE,FALSE,FALSE,FALSE
"TCGA-EL-A3ZP","TCGA-EL-A3ZP-01A-11R-A23N-07","TCGA-EL-A3ZP-01A",0.00156463572957869,-0.118823893911677,0.208558709057056,0.38492470478205,0.0905041853405474,1.42660065285295,0.719204937990802,0.660012791587436,"RAIR_like_high","TDS_high","TCGA-EL-A3ZP","Alive",NA,1992,7101,"male","Stage I","T4","N1","M0","Papillary adenocarcinoma, NOS","8260/3","no","No",1992,0,"N1","T3_T4","Stage_I_II",FALSE,FALSE,FALSE,FALSE,FALSE,FALSE,FALSE,FALSE,FALSE,FALSE,FALSE
"TCGA-EL-A3ZQ","TCGA-EL-A3ZQ-01A-11R-A23N-07","TCGA-EL-A3ZQ-01A",-1.16419830620855,-1.23836673351574,-0.284612030048897,-0.835528488316484,-1.13503878048185,-0.460346594583269,-0.845505855648722,-1.91056262587779,"RAIR_like_low","TDS_low","TCGA-EL-A3ZQ","Alive",NA,1862,28783,"female","Stage II","T2","N0","M0","Papillary adenocarcinoma, NOS","8260/3","no","No",1862,0,"N0","T1_T2","Stage_I_II",TRUE,FALSE,FALSE,FALSE,FALSE,FALSE,FALSE,FALSE,FALSE,FALSE,TRUE
"TCGA-EL-A3ZR","TCGA-EL-A3ZR-01A-11R-A23N-07","TCGA-EL-A3ZR-01A",0.910137038597865,0.11230513128399,0.178685205111843,0.0635771719932372,0.893105001394178,-1.23684125077775,-0.662197702272244,-0.81649528661327,"RAIR_like_low","TDS_high","TCGA-EL-A3ZR","Alive",NA,1830,16852,"female","Stage II","T2","N0","M0","Papillary adenocarcinoma, NOS","8260/3","no","No",1830,0,"N0","T1_T2","Stage_I_II",FALSE,FALSE,TRUE,FALSE,FALSE,FALSE,FALSE,FALSE,FALSE,TRUE,TRUE
"TCGA-EL-A3ZS","TCGA-EL-A3ZS-01A-12R-A23N-07","TCGA-EL-A3ZS-01A",0.20795824734865,0.280844199158929,0.191257111445704,0.190815134284288,0.383100386406063,1.55615479099504,0.84313260097853,0.690608320174382,"RAIR_like_high","TDS_high","TCGA-EL-A3ZS","Alive",NA,215,8076,"female","Stage I","T1a","N1","M0","Papillary adenocarcinoma, NOS","8260/3","no","No",215,0,"N1","T1_T2","Stage_I_II",FALSE,FALSE,FALSE,FALSE,FALSE,FALSE,FALSE,FALSE,FALSE,FALSE,FALSE
"TCGA-EL-A3ZT","TCGA-EL-A3ZT-01A-12R-A23N-07","TCGA-EL-A3ZT-01A",-0.2867080749795,-0.30075920751247,0.417158635567429,0.0404511051699335,-0.47927708594674,-0.375905530828831,-0.0209002507244634,0.565736137373945,"RAIR_like_high","TDS_low","TCGA-EL-A3ZT","Alive",NA,1808,13103,"male","Stage I","T3","N0","M0","Papillary adenocarcinoma, NOS","8260/3","no","No",1808,0,"N0","T3_T4","Stage_I_II",TRUE,FALSE,FALSE,FALSE,FALSE,FALSE,FALSE,FALSE,FALSE,FALSE,TRUE
"TCGA-EL-A4JV","TCGA-EL-A4JV-01A-11R-A250-07","TCGA-EL-A4JV-01A",0.994118402049969,0.149914031420806,0.365603019688101,-0.14716599091513,1.08062994125336,-0.752424619561684,-0.497440324368644,-0.935248516366161,"RAIR_like_low","TDS_high","TCGA-EL-A4JV","Alive",NA,1748,15065,"female","Stage I","T2","N0","M0","Papillary adenocarcinoma, NOS","8260/3","no","No",1748,0,"N0","T1_T2","Stage_I_II",FALSE,FALSE,TRUE,FALSE,FALSE,FALSE,FALSE,FALSE,FALSE,TRUE,TRUE
"TCGA-EL-A4JW","TCGA-EL-A4JW-01A-11R-A250-07","TCGA-EL-A4JW-01A",-0.189416138844443,1.84186314235446,1.09743227129195,-0.0782384856391892,-0.471251569795636,0.128062830993332,0.711636905306595,4.62903182071251,"RAIR_like_high","TDS_low","TCGA-EL-A4JW","Alive",NA,1056,13928,"female","Stage I","T1","N0","M0","Papillary adenocarcinoma, NOS","8260/3","no","No",1056,0,"N0","T1_T2","Stage_I_II",TRUE,FALSE,FALSE,FALSE,FALSE,FALSE,FALSE,FALSE,FALSE,FALSE,TRUE
"TCGA-EL-A4JX","TCGA-EL-A4JX-01A-12R-A250-07","TCGA-EL-A4JX-01A",-1.51966583771555,-0.837314630239899,-1.0212217805617,-0.690359638458493,-1.39055383888238,1.70631445215669,-0.382972200540753,-1.5344633497544,"RAIR_like_low","TDS_low","TCGA-EL-A4JX","Alive",NA,1398,11465,"female","Stage I","T3","N0","MX","Papillary adenocarcinoma, NOS","8260/3","no","No",1398,0,"N0","T3_T4","Stage_I_II",TRUE,FALSE,FALSE,FALSE,FALSE,FALSE,FALSE,FALSE,FALSE,FALSE,TRUE
"TCGA-EL-A4JZ","TCGA-EL-A4JZ-01A-11R-A250-07","TCGA-EL-A4JZ-01A",-0.321056459739546,0.287006600942109,0.486273049004497,0.577047927257975,-0.359008612374171,1.40817916656672,1.39024376475141,2.45057698178212,"RAIR_like_high","TDS_low","TCGA-EL-A4JZ","Alive",NA,1856,20290,"female","Stage III","T3","N1a","M0","Papillary adenocarcinoma, NOS","8260/3","no","No",1856,0,"N1","T3_T4","Stage_III_IV",TRUE,FALSE,FALSE,FALSE,FALSE,FALSE,FALSE,FALSE,FALSE,FALSE,TRUE
"TCGA-EL-A4K0","TCGA-EL-A4K0-01A-11R-A250-07","TCGA-EL-A4K0-01A",0.102213601757345,0.429708290642583,0.616558393608633,0.727004092605473,-0.101620055490832,0.281964593800808,0.899310625604004,2.45900075215323,"RAIR_like_high","TDS_high","TCGA-EL-A4K0","Alive",NA,944,20042,"female","Stage I","T1","N0","M0","Papillary adenocarcinoma, NOS","8260/3","no","No",944,0,"N0","T1_T2","Stage_I_II",TRUE,FALSE,FALSE,FALSE,FALSE,FALSE,FALSE,FALSE,FALSE,FALSE,TRUE
"TCGA-EL-A4K1","TCGA-EL-A4K1-01A-11R-A250-07","TCGA-EL-A4K1-01A",-1.5085458838502,-1.6852237378092,-1.09649848754617,-1.13723790215828,-1.42279403712883,-0.855512731774966,-0.0353839336414495,-3.68019051904631,"RAIR_like_low","TDS_low","TCGA-EL-A4K1","Alive",NA,1046,24846,"female","Stage III","T3","N1","M0","Papillary adenocarcinoma, NOS","8260/3","no","No",1046,0,"N1","T3_T4","Stage_III_IV",FALSE,FALSE,FALSE,FALSE,FALSE,FALSE,FALSE,FALSE,FALSE,FALSE,FALSE
"TCGA-EL-A4K2","TCGA-EL-A4K2-01A-11R-A250-07","TCGA-EL-A4K2-01A",0.801096629705761,-0.0225585577207993,-0.0340029364857087,-0.341043723722215,1.01227043771709,0.511860405792438,-0.0639387950426887,-1.76229622604024,"RAIR_like_low","TDS_high","TCGA-EL-A4K2","Alive",NA,928,15962,"female","Stage I","T1","N0","M0","Papillary adenocarcinoma, NOS","8260/3","no","No",928,0,"N0","T1_T2","Stage_I_II",FALSE,TRUE,FALSE,FALSE,FALSE,FALSE,FALSE,FALSE,FALSE,TRUE,TRUE
"TCGA-EL-A4K4","TCGA-EL-A4K4-01A-11R-A250-07","TCGA-EL-A4K4-01A",-0.685201658473677,-0.0336153406307493,0.0819909854440854,0.36664570745857,-0.953941337821435,0.250786007679244,1.69930948247999,1.60511867324794,"RAIR_like_high","TDS_low","TCGA-EL-A4K4","Alive",NA,1623,12368,"female","Stage I","T3","N1","M0","Papillary adenocarcinoma, NOS","8260/3","no","No",1623,0,"N1","T3_T4","Stage_I_II",TRUE,FALSE,FALSE,FALSE,FALSE,FALSE,FALSE,FALSE,FALSE,FALSE,TRUE
"TCGA-EL-A4K6","TCGA-EL-A4K6-01A-12R-A250-07","TCGA-EL-A4K6-01A",-0.0337472266897327,-0.961080060187574,-1.11545172790873,-1.00667908541243,0.188150076586562,-0.918250507735583,-1.49937934987372,-4.51042619023982,"RAIR_like_low","TDS_low","TCGA-EL-A4K6","Alive",NA,1343,27416,"male","Stage IV","T4","N1","MX","Papillary adenocarcinoma, NOS","8260/3","no","No",1343,0,"N1","T3_T4","Stage_III_IV",FALSE,TRUE,FALSE,FALSE,FALSE,FALSE,FALSE,FALSE,FALSE,TRUE,TRUE
"TCGA-EL-A4K7","TCGA-EL-A4K7-01A-11R-A250-07","TCGA-EL-A4K7-01A",-0.469854161297545,-0.412867422244714,0.0184785196474902,-0.219856752582259,-0.625409451391136,-0.977318889391287,-0.520683332380509,-0.275453141497761,"RAIR_like_low","TDS_low","TCGA-EL-A4K7","Alive",NA,1251,27306,"male","Stage III","T2","N1","M0","Papillary adenocarcinoma, NOS","8260/3","no","No",1251,0,"N1","T1_T2","Stage_III_IV",FALSE,FALSE,FALSE,FALSE,FALSE,FALSE,FALSE,FALSE,FALSE,FALSE,FALSE
"TCGA-EL-A4K9","TCGA-EL-A4K9-01A-11R-A250-07","TCGA-EL-A4K9-01A",-0.0499868212137039,0.229162293895971,0.569037250402014,-0.0190891619424972,-0.0319299306573238,-0.0179678912639473,0.186950463252072,1.19167169898886,"RAIR_like_high","TDS_low","TCGA-EL-A4K9","Alive",NA,1455,24980,"male","Stage II","T2","N0","M0","Papillary adenocarcinoma, NOS","8260/3","no","No",1455,0,"N0","T1_T2","Stage_I_II",FALSE,FALSE,FALSE,FALSE,FALSE,FALSE,FALSE,FALSE,FALSE,FALSE,FALSE
"TCGA-EL-A4KD","TCGA-EL-A4KD-01A-11R-A250-07","TCGA-EL-A4KD-01A",0.505523898796662,-0.21859012840618,0.678751158385844,0.0425375600625755,0.646959836689374,-0.249680875793623,0.120895970446588,-0.103930324348069,"RAIR_like_low","TDS_high","TCGA-EL-A4KD","Alive",NA,1326,15291,"male","Stage I","T3","N1","M0","Papillary adenocarcinoma, NOS","8260/3","no","No",1326,0,"N1","T3_T4","Stage_I_II",FALSE,FALSE,FALSE,FALSE,FALSE,FALSE,FALSE,FALSE,FALSE,FALSE,FALSE
"TCGA-EL-A4KG","TCGA-EL-A4KG-01A-11R-A250-07","TCGA-EL-A4KG-01A",-0.914926158338078,0.00624852623658644,0.394660121781824,0.468998072844672,-1.22105715727134,0.315999748310036,0.0466461159131866,2.58480293292487,"RAIR_like_high","TDS_low","TCGA-EL-A4KG","Alive",NA,739,12978,"female","Stage I","T3","N0","M0","Papillary adenocarcinoma, NOS","8260/3","no","No",739,0,"N0","T3_T4","Stage_I_II",TRUE,FALSE,FALSE,FALSE,FALSE,FALSE,FALSE,FALSE,FALSE,FALSE,TRUE
"TCGA-EL-A4KH","TCGA-EL-A4KH-01A-11R-A250-07","TCGA-EL-A4KH-01A",-0.247454905661011,-0.426405477682208,0.203751488005663,-0.113102374350931,-0.0166392069130105,-0.330314235344999,0.0351250519875482,-0.212750118855783,"RAIR_like_low","TDS_low","TCGA-EL-A4KH","Alive",NA,823,13275,"female","Stage I","T2","N0","M0","Papillary adenocarcinoma, NOS","8260/3","no","No",823,0,"N0","T1_T2","Stage_I_II",TRUE,FALSE,FALSE,FALSE,FALSE,FALSE,FALSE,FALSE,FALSE,FALSE,TRUE
"TCGA-EL-A4KI","TCGA-EL-A4KI-01A-11R-A250-07","TCGA-EL-A4KI-01A",-0.122923311628835,-0.439456397504035,-0.261973128107465,-0.486296729608623,0.276856075329308,-1.04917639259866,0.545299587911895,-1.60422096902859,"RAIR_like_low","TDS_low","TCGA-EL-A4KI","Alive",NA,727,23182,"male","Stage III","T3","N0","MX","Papillary adenocarcinoma, NOS","8260/3","no","No",727,0,"N0","T3_T4","Stage_III_IV",FALSE,TRUE,FALSE,FALSE,FALSE,FALSE,FALSE,FALSE,FALSE,TRUE,TRUE
"TCGA-EM-A1CS","TCGA-EM-A1CS-01A-11R-A13Y-07","TCGA-EM-A1CS-01A",0.550904778729014,0.308817146980568,0.614713176673493,0.650637682586877,0.417537418141646,-0.281157826660313,0.574976541017177,1.49045556495524,"RAIR_like_high","TDS_high","TCGA-EM-A1CS","Alive",NA,817,20284,"female","Stage I","T1","N0","MX","Papillary adenocarcinoma, NOS","8260/3","no","No",817,0,"N0","T1_T2","Stage_I_II",FALSE,FALSE,FALSE,FALSE,FALSE,FALSE,FALSE,FALSE,FALSE,FALSE,FALSE
"TCGA-EM-A1CT","TCGA-EM-A1CT-01A-11R-A13Y-07","TCGA-EM-A1CT-01A",-0.187999865024349,-0.633753610547978,-0.368290450371387,-0.348859145676679,-0.247588660100515,-0.0320205601921118,-0.551301693818595,-1.76389994494688,"RAIR_like_low","TDS_low","TCGA-EM-A1CT","Alive",NA,553,27944,"male","Stage IVA","T1b","N1b","MX","Papillary adenocarcinoma, NOS","8260/3","no","No",553,0,"N1","T1_T2","Stage_III_IV",TRUE,FALSE,FALSE,FALSE,FALSE,FALSE,FALSE,FALSE,FALSE,FALSE,TRUE
"TCGA-EM-A1CU","TCGA-EM-A1CU-01A-11R-A13Y-07","TCGA-EM-A1CU-01A",-0.0466568485869283,0.407639733618474,0.382419053456221,0.895855323331354,-0.234871561063685,-0.158563913008649,0.0665992900755587,2.57159198996979,"RAIR_like_high","TDS_low","TCGA-EM-A1CU","Alive",NA,636,11470,"male","Stage I","T3","N1a","M0","Papillary adenocarcinoma, NOS","8260/3","no","No",636,0,"N1","T3_T4","Stage_I_II",TRUE,FALSE,FALSE,FALSE,FALSE,FALSE,FALSE,FALSE,FALSE,FALSE,TRUE
"TCGA-EM-A1CV","TCGA-EM-A1CV-01A-11R-A13Y-07","TCGA-EM-A1CV-01A",0.284737982852861,0.262587385081166,0.89027984090856,0.639874063659155,0.211972860641706,-0.494310088361247,-0.452162480874364,2.16704644411845,"RAIR_like_high","TDS_high","TCGA-EM-A1CV","Alive",NA,1475,11932,"female","Stage I","T1","N0","MX","Papillary adenocarcinoma, NOS","8260/3","no","No",1475,0,"N0","T1_T2","Stage_I_II",TRUE,FALSE,FALSE,FALSE,FALSE,FALSE,FALSE,FALSE,FALSE,FALSE,TRUE
"TCGA-EM-A1CW","TCGA-EM-A1CW-01A-21R-A13Y-07","TCGA-EM-A1CW-01A",0.470968893815074,0.44528648699882,-0.571750537480555,-1.07109670529773,0.716589162623664,0.849608677992462,-0.594694310973281,-2.33757447286931,"RAIR_like_low","TDS_high","TCGA-EM-A1CW","Alive",NA,549,14263,"female","Stage I","T3","N0","MX","Papillary carcinoma, follicular variant","8340/3","no","No",549,0,"N0","T3_T4","Stage_I_II",FALSE,FALSE,FALSE,FALSE,FALSE,FALSE,FALSE,FALSE,FALSE,FALSE,FALSE
"TCGA-EM-A1YA","TCGA-EM-A1YA-01A-11R-A14Y-07","TCGA-EM-A1YA-01A",0.245483593824191,-0.296268568891742,-1.6484966903773,-1.5578798054816,0.298599856744061,-0.865408126045014,-0.910432641514941,-5.39174696885981,"RAIR_like_low","TDS_high","TCGA-EM-A1YA","Alive",NA,602,27224,"female","Stage II","T2","NX","MX","Papillary carcinoma, follicular variant","8340/3","no","No",602,0,NA,"T1_T2","Stage_I_II",FALSE,FALSE,FALSE,FALSE,FALSE,FALSE,TRUE,FALSE,FALSE,FALSE,TRUE
"TCGA-EM-A1YB","TCGA-EM-A1YB-01A-11R-A14Y-07","TCGA-EM-A1YB-01A",-0.996925872518522,0.165997503451007,-1.598365234203,-2.27565101920131,-0.604550426969917,-0.977089420661303,-1.60048295657647,-3.81618594752927,"RAIR_like_low","TDS_low","TCGA-EM-A1YB","Alive",NA,592,26852,"female","Stage II","T2","NX","MX","Papillary carcinoma, follicular variant","8340/3","no","No",592,0,NA,"T1_T2","Stage_I_II",FALSE,FALSE,FALSE,FALSE,FALSE,TRUE,FALSE,FALSE,FALSE,FALSE,TRUE
"TCGA-EM-A1YC","TCGA-EM-A1YC-01A-11R-A14Y-07","TCGA-EM-A1YC-01A",0.0758641154069169,-0.140218327344682,-1.84919118433702,-1.69650717322046,0.122162748334454,-0.692051524935866,-1.88583367441075,-5.37044939622985,"RAIR_like_low","TDS_high","TCGA-EM-A1YC","Alive",NA,2391,26143,"female","Stage III","T3","N0","MX","Papillary carcinoma, follicular variant","8340/3","no","No",2391,0,"N0","T3_T4","Stage_III_IV",FALSE,FALSE,FALSE,FALSE,FALSE,FALSE,FALSE,FALSE,FALSE,FALSE,FALSE
"TCGA-EM-A1YD","TCGA-EM-A1YD-01A-11R-A14Y-07","TCGA-EM-A1YD-01A",1.25251368965929,-0.424324242022527,-0.486256151096091,-0.624770272148549,1.31551522419724,-0.328968840475635,1.09144212549178,-4.10909738888594,"RAIR_like_low","TDS_high","TCGA-EM-A1YD","Alive",NA,1734,19366,"female","Stage II","T2","N0","MX","Papillary carcinoma, follicular variant","8340/3","no","No",1734,0,"N0","T1_T2","Stage_I_II",FALSE,FALSE,FALSE,FALSE,FALSE,FALSE,FALSE,FALSE,FALSE,FALSE,FALSE
"TCGA-EM-A1YE","TCGA-EM-A1YE-01A-11R-A14Y-07","TCGA-EM-A1YE-01A",1.03608804999921,-0.636718784122492,-1.75853072177709,-1.39216981599045,1.04746936613844,-1.13234162963854,-0.198381745539923,-7.00578227304114,"RAIR_like_low","TDS_high","TCGA-EM-A1YE","Alive",NA,1645,17297,"female","Stage II","T2","N0","MX","Papillary carcinoma, follicular variant","8340/3","no","No",1645,0,"N0","T1_T2","Stage_I_II",FALSE,FALSE,FALSE,FALSE,FALSE,FALSE,FALSE,FALSE,FALSE,FALSE,FALSE
"TCGA-EM-A22I","TCGA-EM-A22I-01A-11R-A180-07","TCGA-EM-A22I-01A",-0.813635799500648,-0.20652814771071,0.513684340328143,0.185572739124755,-0.949549808440466,-0.159658614836714,0.0584814332922363,1.83707125775026,"RAIR_like_high","TDS_low","TCGA-EM-A22I","Alive",NA,448,19003,"female","Stage III","T3","N0","MX","Papillary adenocarcinoma, NOS","8260/3","no","No",448,0,"N0","T3_T4","Stage_III_IV",TRUE,FALSE,FALSE,FALSE,FALSE,FALSE,FALSE,FALSE,FALSE,FALSE,TRUE
"TCGA-EM-A22J","TCGA-EM-A22J-01A-11R-A180-07","TCGA-EM-A22J-01A",0.538481054999578,0.191951959645863,-0.835923386294264,-1.14849181191273,0.760701904138156,-1.06210375573248,-1.3038957198439,-3.32005299626112,"RAIR_like_low","TDS_high","TCGA-EM-A22J","Alive",NA,441,20539,"female","Stage II","T2","N0","MX","Papillary carcinoma, follicular variant","8340/3","no","No",441,0,"N0","T1_T2","Stage_I_II",FALSE,TRUE,FALSE,FALSE,FALSE,FALSE,FALSE,FALSE,FALSE,TRUE,TRUE
"TCGA-EM-A22K","TCGA-EM-A22K-01A-11R-A180-07","TCGA-EM-A22K-01A",0.989673075137838,0.112341881289572,0.563425262547099,0.275061572978974,1.2344771220754,-0.790348714478197,-0.74354059366383,-0.0950411918442844,"RAIR_like_low","TDS_high","TCGA-EM-A22K","Alive",NA,479,16890,"female","Stage IVA","T1b","N1b","MX","Papillary adenocarcinoma, NOS","8260/3","no","No",479,0,"N1","T1_T2","Stage_III_IV",FALSE,FALSE,TRUE,FALSE,FALSE,FALSE,FALSE,FALSE,FALSE,TRUE,TRUE
"TCGA-EM-A22L","TCGA-EM-A22L-01A-11R-A180-07","TCGA-EM-A22L-01A",1.3702365957279,0.344199628392603,0.102721247962542,-0.0548146137041389,1.64702248687129,-1.01419451274184,-0.544611674559534,-1.39672427901996,"RAIR_like_low","TDS_high","TCGA-EM-A22L","Alive",NA,318,12092,"female","Stage I","T2","N0","MX","Papillary carcinoma, follicular variant","8340/3","no","No",318,0,"N0","T1_T2","Stage_I_II",FALSE,TRUE,FALSE,FALSE,FALSE,FALSE,FALSE,FALSE,FALSE,TRUE,TRUE
"TCGA-EM-A22M","TCGA-EM-A22M-01A-11R-A32Y-07","TCGA-EM-A22M-01A",-0.922472486816584,-0.659158037384389,-0.919221318317297,-0.468355974976101,-0.679274907140122,0.964256513269813,-0.189250738267096,-1.65628075158743,"RAIR_like_low","TDS_low","TCGA-EM-A22M","Alive",NA,442,19059,"male","Stage I","T1b","N0","MX","Papillary adenocarcinoma, NOS","8260/3","no","No",442,0,"N0","T1_T2","Stage_I_II",TRUE,FALSE,FALSE,FALSE,FALSE,FALSE,FALSE,FALSE,FALSE,FALSE,TRUE
"TCGA-EM-A22N","TCGA-EM-A22N-01A-11R-A180-07","TCGA-EM-A22N-01A",0.347424088873823,-0.0948878143937699,-1.87507581928559,-2.00647731870027,0.706286244597353,-0.541606086938748,-0.725875070763333,-6.18933709321261,"RAIR_like_low","TDS_high","TCGA-EM-A22N","Alive",NA,324,25035,"female","Stage I","T1b","N0","MX","Papillary carcinoma, follicular variant","8340/3","no","No",324,0,"N0","T1_T2","Stage_I_II",FALSE,FALSE,FALSE,FALSE,FALSE,FALSE,FALSE,FALSE,FALSE,FALSE,FALSE
"TCGA-EM-A22O","TCGA-EM-A22O-01A-11R-A180-07","TCGA-EM-A22O-01A",-0.214708926511012,1.60610511558058,-0.210466273177412,0.106369131611961,-0.475110321788596,-0.519274034720946,-1.59134059644481,2.77252048865361,"RAIR_like_high","TDS_low","TCGA-EM-A22O","Alive",NA,1344,27758,"male","Stage IVA","T4a","N1a","MX","Papillary adenocarcinoma, NOS","8260/3","no","No",1344,0,"N1","T3_T4","Stage_III_IV",TRUE,FALSE,FALSE,FALSE,FALSE,FALSE,FALSE,FALSE,FALSE,FALSE,TRUE
"TCGA-EM-A22P","TCGA-EM-A22P-01A-11R-A19O-07","TCGA-EM-A22P-01A",-0.162162620932175,0.364827472519311,0.546614933818866,0.598465207252297,0.0591775976051633,1.36777276606595,1.55312833592185,2.45688946095766,"RAIR_like_high","TDS_low","TCGA-EM-A22P","Alive",NA,1256,23723,"male","Stage IVA","T1b","N1b","MX","Papillary adenocarcinoma, NOS","8260/3","no","No",1256,0,"N1","T1_T2","Stage_III_IV",TRUE,FALSE,FALSE,FALSE,FALSE,FALSE,FALSE,FALSE,FALSE,FALSE,TRUE
"TCGA-EM-A22Q","TCGA-EM-A22Q-01A-11R-A180-07","TCGA-EM-A22Q-01A",-0.0259119779940356,-0.850132566381437,-0.698966085816452,-1.07129495650176,0.401483718591487,-1.20345922156659,-0.794160024770313,-3.86973629066372,"RAIR_like_low","TDS_low","TCGA-EM-A22Q","Alive",NA,433,13341,"male","Stage I","T3","N0","MX","Papillary carcinoma, follicular variant","8340/3","no","No",433,0,"N0","T3_T4","Stage_I_II",FALSE,TRUE,FALSE,FALSE,FALSE,FALSE,FALSE,FALSE,FALSE,TRUE,TRUE
"TCGA-EM-A2CJ","TCGA-EM-A2CJ-01A-11R-A180-07","TCGA-EM-A2CJ-01A",0.939161280136217,-0.106222035270768,-0.607978218702906,-0.25929652666001,1.18497434528814,-0.950882335480845,-0.464054475232435,-2.76292516484777,"RAIR_like_low","TDS_high","TCGA-EM-A2CJ","Alive",NA,1447,18168,"female","Stage I","T1b","NX","MX","Papillary carcinoma, follicular variant","8340/3","no","No",1447,0,NA,"T1_T2","Stage_I_II",FALSE,FALSE,FALSE,FALSE,FALSE,FALSE,FALSE,FALSE,FALSE,FALSE,FALSE
"TCGA-EM-A2CK","TCGA-EM-A2CK-01A-11R-A180-07","TCGA-EM-A2CK-01A",0.981091992065967,-0.294973107204224,-0.143419934493173,-0.328046775031172,1.14230679473994,-0.96241966713042,-0.587390197673656,-2.59558398566189,"RAIR_like_low","TDS_high","TCGA-EM-A2CK","Alive",NA,544,10485,"male","Stage I","T2","N1b","MX","Papillary carcinoma, follicular variant","8340/3","no","No",544,0,"N1","T1_T2","Stage_I_II",FALSE,FALSE,TRUE,FALSE,FALSE,FALSE,FALSE,FALSE,FALSE,TRUE,TRUE
"TCGA-EM-A2CL","TCGA-EM-A2CL-01A-11R-A180-07","TCGA-EM-A2CL-01A",1.08104068098367,-0.0629723637073202,-0.280184437452063,-0.143350025805918,1.07092401539678,-1.19934427376402,-1.00191984915143,-2.28230625044699,"RAIR_like_low","TDS_high","TCGA-EM-A2CL","Alive",NA,401,11649,"male","Stage I","T2","NX","MX","Papillary carcinoma, follicular variant","8340/3","no","No",401,0,NA,"T1_T2","Stage_I_II",FALSE,FALSE,FALSE,FALSE,FALSE,FALSE,TRUE,FALSE,FALSE,FALSE,TRUE
"TCGA-EM-A2CM","TCGA-EM-A2CM-01A-11R-A180-07","TCGA-EM-A2CM-01A",-0.41883417498694,-0.180485240355479,-0.535127730579559,-0.992622596699878,-0.0209984998545365,-1.10249348117613,-1.52889316670852,-1.87417274609439,"RAIR_like_low","TDS_low","TCGA-EM-A2CM","Alive",NA,1253,22726,"female","Stage III","T3","N0","MX","Carcinoma, NOS","8010/3","no","No",1253,0,"N0","T3_T4","Stage_III_IV",FALSE,FALSE,FALSE,FALSE,FALSE,FALSE,FALSE,FALSE,FALSE,FALSE,FALSE
"TCGA-EM-A2CN","TCGA-EM-A2CN-01A-11R-A19O-07","TCGA-EM-A2CN-01A",0.599139307753841,-0.152811214120872,-0.393581588402715,-0.172925112252468,0.588600625882556,-1.24699959437508,-0.565168159943149,-1.91854846881535,"RAIR_like_low","TDS_high","TCGA-EM-A2CN","Alive",NA,715,22817,"male","Stage IVC","T3","N0","M1","Papillary carcinoma, follicular variant","8340/3","no","No",715,0,"N0","T3_T4","Stage_III_IV",FALSE,TRUE,FALSE,FALSE,FALSE,FALSE,FALSE,FALSE,FALSE,TRUE,TRUE
"TCGA-EM-A2CO","TCGA-EM-A2CO-01A-11R-A19O-07","TCGA-EM-A2CO-01A",-0.0156868364140836,-0.425686472137859,-1.67144487245066,-2.11023814575904,0.291997578175,-0.955118671756042,-0.783167329887362,-6.06469670035426,"RAIR_like_low","TDS_low","TCGA-EM-A2CO","Alive",NA,184,28424,"female","Stage II","T2","NX","MX","Papillary carcinoma, follicular variant","8340/3","no","No",184,0,NA,"T1_T2","Stage_I_II",FALSE,FALSE,FALSE,FALSE,FALSE,FALSE,FALSE,FALSE,FALSE,FALSE,FALSE
"TCGA-EM-A2CP","TCGA-EM-A2CP-01A-11R-A180-07","TCGA-EM-A2CP-01A",-0.104180165862687,0.0512948266092325,-0.853792168043923,-0.784114523144071,0.19631094564883,2.32585369415192,-0.607884856825404,-2.08958352297149,"RAIR_like_low","TDS_low","TCGA-EM-A2CP","Alive",NA,91,9759,"female","Stage I","T2","N0","MX","Papillary carcinoma, follicular variant","8340/3","no","No",91,0,"N0","T1_T2","Stage_I_II",FALSE,FALSE,FALSE,FALSE,FALSE,FALSE,FALSE,FALSE,FALSE,FALSE,FALSE
"TCGA-EM-A2CQ","TCGA-EM-A2CQ-01A-11R-A180-07","TCGA-EM-A2CQ-01A",0.789963543300074,1.05003101503317,-0.310685275220313,-0.19342908574732,0.787035750705437,-1.04514457817527,-0.568802242859819,-0.177591638585988,"RAIR_like_low","TDS_high","TCGA-EM-A2CQ","Alive",NA,374,14776,"female","Stage I","T1b","N1a","MX","Papillary carcinoma, follicular variant","8340/3","no","No",374,0,"N1","T1_T2","Stage_I_II",FALSE,FALSE,FALSE,TRUE,FALSE,FALSE,FALSE,FALSE,FALSE,TRUE,TRUE
"TCGA-EM-A2CR","TCGA-EM-A2CR-01A-11R-A180-07","TCGA-EM-A2CR-01A",-0.183851750993529,-0.534613853355956,-0.341944601724647,-0.682369162099321,0.204967685465954,-1.19606800314438,-0.531374789512503,-2.06714601783385,"RAIR_like_low","TDS_low","TCGA-EM-A2CR","Alive",NA,415,16807,"female","Stage II","T2","N0","MX","Papillary carcinoma, follicular variant","8340/3","no","No",415,0,"N0","T1_T2","Stage_I_II",FALSE,TRUE,FALSE,FALSE,FALSE,FALSE,FALSE,FALSE,FALSE,TRUE,TRUE
"TCGA-EM-A2CS","TCGA-EM-A2CS-01A-11R-A180-07","TCGA-EM-A2CS-01A",0.722501828182905,0.532507483025187,0.823285148831054,0.825043623158511,0.882450821497289,-0.679716817256701,1.13677054179312,2.14173324609246,"RAIR_like_high","TDS_high","TCGA-EM-A2CS","Alive",NA,841,18990,"female","Stage IVA","T3","N1b","MX","Papillary carcinoma, oxyphilic cell","8342/3","no","No",841,0,"N1","T3_T4","Stage_III_IV",FALSE,FALSE,FALSE,FALSE,FALSE,FALSE,FALSE,FALSE,FALSE,FALSE,FALSE
"TCGA-EM-A2CT","TCGA-EM-A2CT-01A-11R-A180-07","TCGA-EM-A2CT-01A",0.73483116623555,2.15082611474695,0.219173999672738,-0.242577189090133,0.664577816672657,-0.54158826392585,0.0157521928265837,2.32807051822839,"RAIR_like_high","TDS_high","TCGA-EM-A2CT","Alive",NA,1474,7558,"female","Stage I","T1b","N0","MX","Papillary carcinoma, follicular variant","8340/3","no","No",1474,0,"N0","T1_T2","Stage_I_II",FALSE,TRUE,FALSE,FALSE,FALSE,FALSE,FALSE,FALSE,FALSE,TRUE,TRUE
"TCGA-EM-A2CU","TCGA-EM-A2CU-01A-12R-A180-07","TCGA-EM-A2CU-01A",0.458240278990469,-0.0746536768037996,1.12810581883311,0.536790659744609,0.511477066015019,0.47468203012574,0.536366979877574,1.54162166589548,"RAIR_like_high","TDS_high","TCGA-EM-A2CU","Alive",NA,400,17231,"female","Stage III","T2","N1a","MX","Papillary carcinoma, follicular variant","8340/3","no","No",400,0,"N1","T1_T2","Stage_III_IV",FALSE,FALSE,FALSE,FALSE,FALSE,FALSE,FALSE,FALSE,FALSE,FALSE,FALSE
"TCGA-EM-A2OV","TCGA-EM-A2OV-01A-11R-A206-07","TCGA-EM-A2OV-01A",0.383152881760062,-1.04761667006035,-2.33964514298551,-1.35235552671586,0.595548323504008,-1.31779379598601,-1.35753436799548,-7.44470689775541,"RAIR_like_low","TDS_high","TCGA-EM-A2OV","Alive",NA,674,23656,"female","Stage II","T2","N0","MX","Papillary carcinoma, follicular variant","8340/3","no","No",674,0,"N0","T1_T2","Stage_I_II",FALSE,FALSE,FALSE,FALSE,FALSE,FALSE,FALSE,FALSE,FALSE,FALSE,FALSE
"TCGA-EM-A2OW","TCGA-EM-A2OW-01A-11R-A206-07","TCGA-EM-A2OW-01A",0.446249086968381,-0.859052643970395,-1.29764207451203,-1.46355428253931,0.992523841755223,-0.853129235768365,-0.754446914533987,-5.97443147621515,"RAIR_like_low","TDS_high","TCGA-EM-A2OW","Alive",NA,1227,13761,"female","Stage I","T1b","NX","MX","Papillary carcinoma, follicular variant","8340/3","no","No",1227,0,NA,"T1_T2","Stage_I_II",FALSE,FALSE,FALSE,FALSE,FALSE,FALSE,FALSE,FALSE,FALSE,FALSE,FALSE
"TCGA-EM-A2OX","TCGA-EM-A2OX-01A-11R-A206-07","TCGA-EM-A2OX-01A",0.063413902601063,0.0419896987238158,0.515121767458589,0.687492404395512,-0.0886585525694953,-0.302384733560563,0.913595325288624,1.69428282930016,"RAIR_like_high","TDS_high","TCGA-EM-A2OX","Alive",NA,600,16911,"male","Stage IVA","T1b","N1b","MX","Papillary adenocarcinoma, NOS","8260/3","no","No",600,0,"N1","T1_T2","Stage_III_IV",TRUE,FALSE,FALSE,FALSE,FALSE,FALSE,FALSE,FALSE,FALSE,FALSE,TRUE
"TCGA-EM-A2OY","TCGA-EM-A2OY-01A-11R-A206-07","TCGA-EM-A2OY-01A",-0.108737028814303,-0.76805958309553,-2.7992295567946,-2.32400591347432,0.205933232060512,-0.915660961676127,-2.09915646939497,-8.33627191213154,"RAIR_like_low","TDS_low","TCGA-EM-A2OY","Alive",NA,983,17075,"female","Stage II","T2","N0","MX","Papillary carcinoma, follicular variant","8340/3","no","No",983,0,"N0","T1_T2","Stage_I_II",FALSE,FALSE,FALSE,FALSE,FALSE,FALSE,FALSE,FALSE,FALSE,FALSE,FALSE
"TCGA-EM-A2OZ","TCGA-EM-A2OZ-01A-11R-A206-07","TCGA-EM-A2OZ-01A",0.0456279795580074,1.61884064568274,0.504023214603465,0.379657061105411,-0.117218822631223,0.325978560089981,-0.942531580025001,3.79091393692107,"RAIR_like_high","TDS_high","TCGA-EM-A2OZ","Alive",NA,1033,24195,"male","Stage I","T1b","N0","MX","Papillary adenocarcinoma, NOS","8260/3","no","No",1033,0,"N0","T1_T2","Stage_I_II",TRUE,FALSE,FALSE,FALSE,FALSE,FALSE,FALSE,FALSE,FALSE,FALSE,TRUE
"TCGA-EM-A2P0","TCGA-EM-A2P0-01A-11R-A206-07","TCGA-EM-A2P0-01A",0.589052541000298,0.317921113133449,0.588213834067452,0.5069152753515,0.552112447341628,-0.298240109979486,0.118719697698537,1.20054758902261,"RAIR_like_high","TDS_high","TCGA-EM-A2P0","Alive",NA,535,12127,"male","Stage I","T2","N1b","MX","Papillary adenocarcinoma, NOS","8260/3","no","No",535,0,"N1","T1_T2","Stage_I_II",TRUE,FALSE,FALSE,FALSE,FALSE,FALSE,FALSE,FALSE,FALSE,FALSE,TRUE
"TCGA-EM-A2P1","TCGA-EM-A2P1-01A-11R-A206-07","TCGA-EM-A2P1-01A",-1.10833388413462,-0.592954629562172,-0.587906005428329,-0.0116608987371297,-0.994426941860881,1.50467916415375,0.237496412382898,-0.149379200748632,"RAIR_like_low","TDS_low","TCGA-EM-A2P1","Alive",NA,531,12320,"male","Stage I","T2","N1b","MX","Papillary adenocarcinoma, NOS","8260/3","no","No",531,0,"N1","T1_T2","Stage_I_II",TRUE,FALSE,FALSE,FALSE,FALSE,FALSE,FALSE,FALSE,FALSE,FALSE,TRUE
"TCGA-EM-A2P2","TCGA-EM-A2P2-01A-11R-A206-07","TCGA-EM-A2P2-01A",0.166081322804476,0.0615536670217531,0.217738109345712,0.550840355926868,0.0196246021295864,-1.2634293274225,0.427878338966162,0.966975428024032,"RAIR_like_high","TDS_high","TCGA-EM-A2P2","Alive",NA,526,16895,"male","Stage III","T3","N0","MX","Papillary carcinoma, follicular variant","8340/3","no","No",526,0,"N0","T3_T4","Stage_III_IV",TRUE,FALSE,FALSE,FALSE,FALSE,FALSE,FALSE,FALSE,FALSE,FALSE,TRUE
"TCGA-EM-A2P3","TCGA-EM-A2P3-01A-11R-A206-07","TCGA-EM-A2P3-01A",-0.0204424672929382,0.0363724374184638,0.159292659190047,0.597033577203298,-0.105258453580505,0.152425787425008,1.58195214723646,1.18852863602426,"RAIR_like_high","TDS_low","TCGA-EM-A2P3","Alive",NA,444,17495,"female","Stage I","T1b","NX","MX","Papillary adenocarcinoma, NOS","8260/3","no","No",444,0,NA,"T1_T2","Stage_I_II",TRUE,FALSE,FALSE,FALSE,FALSE,FALSE,FALSE,FALSE,FALSE,FALSE,TRUE
"TCGA-EM-A3AI","TCGA-EM-A3AI-01A-11R-A206-07","TCGA-EM-A3AI-01A",1.04672279376816,-0.210261204631444,-1.58673351112651,-1.2252662241391,0.903005231549824,-1.30946768862257,-0.101539503620514,-5.85293935173684,"RAIR_like_low","TDS_high","TCGA-EM-A3AI","Alive",NA,685,24820,"female","Stage II","T2","NX","MX","Papillary carcinoma, follicular variant","8340/3","no","No",685,0,NA,"T1_T2","Stage_I_II",FALSE,FALSE,FALSE,FALSE,FALSE,FALSE,FALSE,FALSE,FALSE,FALSE,FALSE
"TCGA-EM-A3AJ","TCGA-EM-A3AJ-01A-11R-A206-07","TCGA-EM-A3AJ-01A",0.374817610101503,-0.153544472442542,-0.227310537819616,-0.540878876296123,0.304412266102853,1.34586533455429,0.246369927201678,-1.90723131090614,"RAIR_like_low","TDS_high","TCGA-EM-A3AJ","Alive",NA,941,14399,"male","Stage I","T3","N1a","MX","Papillary carcinoma, follicular variant","8340/3","no","No",941,0,"N1","T3_T4","Stage_I_II",FALSE,FALSE,FALSE,FALSE,FALSE,FALSE,FALSE,FALSE,FALSE,FALSE,FALSE
"TCGA-EM-A3AK","TCGA-EM-A3AK-01A-11R-A206-07","TCGA-EM-A3AK-01A",0.271777086593243,0.0427536481996559,0.792516891764126,0.59954106527905,0.323373379589257,0.260986510392208,0.590978729137175,1.63871572412633,"RAIR_like_high","TDS_high","TCGA-EM-A3AK","Alive",NA,477,22911,"female","Stage I","T1b","N0","MX","Papillary adenocarcinoma, NOS","8260/3","no","No",477,0,"N0","T1_T2","Stage_I_II",TRUE,FALSE,FALSE,FALSE,FALSE,FALSE,FALSE,FALSE,FALSE,FALSE,TRUE
"TCGA-EM-A3AL","TCGA-EM-A3AL-01A-11R-A206-07","TCGA-EM-A3AL-01A",1.03895479606116,0.203343134776133,-0.384979603180022,0.222442814615827,1.17451899535484,-1.09195951958582,-0.690179075928463,-1.39402093711199,"RAIR_like_low","TDS_high","TCGA-EM-A3AL","Alive",NA,430,16439,"female","Stage I","T1b","N0","MX","Papillary carcinoma, follicular variant","8340/3","no","No",430,0,"N0","T1_T2","Stage_I_II",FALSE,FALSE,FALSE,FALSE,FALSE,FALSE,FALSE,FALSE,FALSE,FALSE,FALSE
"TCGA-EM-A3AN","TCGA-EM-A3AN-01A-11R-A206-07","TCGA-EM-A3AN-01A",0.531870354896366,-0.0926208814334182,0.682596027809192,0.502515252681345,0.378434213256958,-0.37735367537015,-0.286939345866144,0.745409478418375,"RAIR_like_high","TDS_high","TCGA-EM-A3AN","Alive",NA,1006,13188,"female","Stage I","T1b","N1b","MX","Papillary adenocarcinoma, NOS","8260/3","no","No",1006,0,"N1","T1_T2","Stage_I_II",FALSE,FALSE,FALSE,FALSE,FALSE,FALSE,FALSE,FALSE,FALSE,FALSE,FALSE
"TCGA-EM-A3AO","TCGA-EM-A3AO-01A-11R-A206-07","TCGA-EM-A3AO-01A",-0.127614046412106,-0.849810035066928,0.343930271080989,-0.245652876843819,-0.116731406908217,0.654048179454837,-0.393370452443332,-1.0751970660052,"RAIR_like_low","TDS_low","TCGA-EM-A3AO","Alive",NA,1354,22347,"male","Stage IVA","T2","N1b","MX","Papillary adenocarcinoma, NOS","8260/3","no","No",1354,0,"N1","T1_T2","Stage_III_IV",FALSE,FALSE,FALSE,FALSE,FALSE,FALSE,FALSE,FALSE,FALSE,FALSE,FALSE
"TCGA-EM-A3AP","TCGA-EM-A3AP-01A-12R-A20F-07","TCGA-EM-A3AP-01A",0.802194496651264,0.30101819497983,0.305337335538979,0.313625273177601,1.1866502230654,-0.914807838947513,-0.283602136598742,0.188493860813467,"RAIR_like_low","TDS_high","TCGA-EM-A3AP","Alive",NA,254,11592,"female","Stage I","T2","NX","MX","Papillary carcinoma, follicular variant","8340/3","no","No",254,0,NA,"T1_T2","Stage_I_II",FALSE,TRUE,FALSE,FALSE,FALSE,FALSE,FALSE,FALSE,FALSE,TRUE,TRUE
"TCGA-EM-A3AQ","TCGA-EM-A3AQ-01A-11R-A20F-07","TCGA-EM-A3AQ-01A",-0.054953703389715,-0.256023491856953,0.498026788169212,0.368441765142184,-0.0825909437115665,-0.637470186517441,-0.128328172716885,0.892942837469851,"RAIR_like_high","TDS_low","TCGA-EM-A3AQ","Alive",NA,904,31198,"female","Stage I","T1b","N0","MX","Papillary adenocarcinoma, NOS","8260/3","yes","No",904,0,"N0","T1_T2","Stage_I_II",FALSE,FALSE,FALSE,FALSE,FALSE,FALSE,FALSE,FALSE,FALSE,FALSE,FALSE
"TCGA-EM-A3AR","TCGA-EM-A3AR-01A-12R-A20F-07","TCGA-EM-A3AR-01A",1.06806825363022,-0.00914986818405567,-0.445218001226547,0.221590324915778,1.02480717225351,-0.176414858134122,0.93587953997659,-1.86265629923576,"RAIR_like_low","TDS_high","TCGA-EM-A3AR","Alive",NA,1133,15313,"male","Stage I","T1b","N1a","MX","Papillary adenocarcinoma, NOS","8260/3","no","No",1133,0,"N1","T1_T2","Stage_I_II",TRUE,FALSE,FALSE,FALSE,FALSE,FALSE,FALSE,FALSE,FALSE,FALSE,TRUE
"TCGA-EM-A3FJ","TCGA-EM-A3FJ-01A-11R-A21D-07","TCGA-EM-A3FJ-01A",0.426187805418592,-0.156019889720937,0.232010178331275,0.520655782256124,0.355032729879962,-0.463785108196519,0.361217589551447,0.20964050761029,"RAIR_like_low","TDS_high","TCGA-EM-A3FJ","Alive",NA,850,9042,"female","Stage I","T1a","N1b","MX","Papillary adenocarcinoma, NOS","8260/3","no","No",850,0,"N1","T1_T2","Stage_I_II",TRUE,FALSE,FALSE,FALSE,FALSE,FALSE,FALSE,FALSE,FALSE,FALSE,TRUE
"TCGA-EM-A3FK","TCGA-EM-A3FK-01A-11R-A21D-07","TCGA-EM-A3FK-01A",0.168124656323125,0.753435493168618,0.773129709717956,1.37269794645037,-0.166667188780393,-0.703141256648127,-0.263588542626659,4.05200275120286,"RAIR_like_high","TDS_high","TCGA-EM-A3FK","Alive",NA,723,10992,"female","Stage I","T1b","N1b","MX","Papillary adenocarcinoma, NOS","8260/3","no","No",723,0,"N1","T1_T2","Stage_I_II",TRUE,FALSE,FALSE,FALSE,FALSE,FALSE,FALSE,FALSE,FALSE,FALSE,TRUE
"TCGA-EM-A3FL","TCGA-EM-A3FL-01A-11R-A21D-07","TCGA-EM-A3FL-01A",0.668765687380732,-0.393864386334468,-1.58923992228364,-1.47332128469286,0.861772062434149,-0.539574232123416,-0.842252500738531,-5.96418392452783,"RAIR_like_low","TDS_high","TCGA-EM-A3FL","Alive",NA,1441,23183,"female","Stage I","T1b","NX","MX","Papillary carcinoma, follicular variant","8340/3","no","No",1441,0,NA,"T1_T2","Stage_I_II",FALSE,FALSE,FALSE,FALSE,FALSE,FALSE,FALSE,FALSE,FALSE,FALSE,FALSE
"TCGA-EM-A3FM","TCGA-EM-A3FM-01A-11R-A21D-07","TCGA-EM-A3FM-01A",-0.929803165973955,-0.739556575462858,-0.435829611833564,-0.0422663262004601,-1.1521286120169,-0.0434643840410822,0.207193509675743,-0.485045095225935,"RAIR_like_low","TDS_low","TCGA-EM-A3FM","Alive",NA,639,20938,"male","Stage IVA","T2","N1b","MX","Papillary adenocarcinoma, NOS","8260/3","no","No",639,0,"N1","T1_T2","Stage_III_IV",TRUE,FALSE,FALSE,FALSE,FALSE,FALSE,FALSE,FALSE,FALSE,FALSE,TRUE
"TCGA-EM-A3FN","TCGA-EM-A3FN-01A-11R-A21D-07","TCGA-EM-A3FN-01A",0.361975811001759,-1.18516332157014,-1.64943059949809,-1.56625150256842,0.498574128055767,-1.3276665037877,-1.4495431822742,-7.00852223531561,"RAIR_like_low","TDS_high","TCGA-EM-A3FN","Alive",NA,367,15655,"female","Stage I","T3","N0","MX","Papillary carcinoma, follicular variant","8340/3","no","No",367,0,"N0","T3_T4","Stage_I_II",FALSE,FALSE,FALSE,FALSE,FALSE,FALSE,TRUE,FALSE,FALSE,FALSE,TRUE
"TCGA-EM-A3FO","TCGA-EM-A3FO-01A-11R-A21D-07","TCGA-EM-A3FO-01A",-0.46783775750407,-0.331454953268097,0.587750443077259,0.736114267473553,-0.824772758582028,-0.867722486095988,-0.92099309111713,2.043183504496,"RAIR_like_high","TDS_low","TCGA-EM-A3FO","Alive",NA,532,14864,"male","Stage I","T3","N0","MX","Papillary adenocarcinoma, NOS","8260/3","no","No",532,0,"N0","T3_T4","Stage_I_II",TRUE,FALSE,FALSE,FALSE,FALSE,FALSE,FALSE,FALSE,FALSE,FALSE,TRUE
"TCGA-EM-A3FP","TCGA-EM-A3FP-01A-11R-A21D-07","TCGA-EM-A3FP-01A",0.708274958738542,-0.504489416021578,-0.268492693581809,-0.676396173925669,1.0336299621079,0.388836571310294,-0.262194574727608,-3.21850427606943,"RAIR_like_low","TDS_high","TCGA-EM-A3FP","Alive",NA,529,26158,"female","Stage II","T2","N0","MX","Papillary carcinoma, follicular variant","8340/3","no","No",529,0,"N0","T1_T2","Stage_I_II",FALSE,FALSE,FALSE,FALSE,FALSE,FALSE,FALSE,FALSE,FALSE,FALSE,FALSE
"TCGA-EM-A3FQ","TCGA-EM-A3FQ-01A-11R-A21D-07","TCGA-EM-A3FQ-01A",0.416107630749326,0.308274799433831,0.250379880806757,0.692711477008435,0.425821279664417,1.32510127605611,0.65260920566988,1.25187427374943,"RAIR_like_high","TDS_high","TCGA-EM-A3FQ","Alive",NA,492,7176,"female","Stage I","T3","N1b","MX","Papillary adenocarcinoma, NOS","8260/3","no","No",492,0,"N1","T3_T4","Stage_I_II",FALSE,FALSE,FALSE,FALSE,FALSE,FALSE,FALSE,FALSE,FALSE,FALSE,FALSE
"TCGA-EM-A3FR","TCGA-EM-A3FR-01A-11R-A220-07","TCGA-EM-A3FR-01A",0.725619583226945,-0.520005382790849,-0.089052308753599,-0.0231723621887883,0.686862533752416,-0.769784393728581,-0.165829259332867,-2.05846187039302,"RAIR_like_low","TDS_high","TCGA-EM-A3FR","Alive",NA,457,20349,"female","Stage III","T2","N1a","MX","Papillary adenocarcinoma, NOS","8260/3","no","No",457,0,"N1","T1_T2","Stage_III_IV",FALSE,FALSE,FALSE,FALSE,FALSE,FALSE,FALSE,FALSE,FALSE,FALSE,FALSE
"TCGA-EM-A3O3","TCGA-EM-A3O3-01A-11R-A220-07","TCGA-EM-A3O3-01A",-1.34489842605693,-0.590696618018681,0.172090029033566,-0.503553564139937,-1.54188450743888,0.733723400624457,-0.103643709783688,0.512587852447179,"RAIR_like_low","TDS_low","TCGA-EM-A3O3","Alive",NA,441,30500,"female","Stage III","T2","N1a","MX","Papillary adenocarcinoma, NOS","8260/3","no","No",441,0,"N1","T1_T2","Stage_III_IV",TRUE,FALSE,FALSE,FALSE,FALSE,FALSE,FALSE,FALSE,FALSE,FALSE,TRUE
"TCGA-EM-A3O6","TCGA-EM-A3O6-01A-11R-A220-07","TCGA-EM-A3O6-01A",0.609216525854656,-0.607660890760454,-1.37934551010059,-1.14777135039817,0.83040245827858,-1.12681330256035,-0.65251661588455,-5.45343985925006,"RAIR_like_low","TDS_high","TCGA-EM-A3O6","Alive",NA,458,19856,"female","Stage II","T2","NX","MX","Papillary carcinoma, follicular variant","8340/3","no","No",458,0,NA,"T1_T2","Stage_I_II",FALSE,FALSE,FALSE,FALSE,FALSE,FALSE,FALSE,FALSE,TRUE,FALSE,TRUE
"TCGA-EM-A3O7","TCGA-EM-A3O7-01A-11R-A220-07","TCGA-EM-A3O7-01A",0.0888445979220743,-0.12180620207638,0.355465668571955,0.0724649772388363,-0.237247974329562,-0.617920369666655,-0.849487102469195,0.266040299314688,"RAIR_like_low","TDS_high","TCGA-EM-A3O7","Alive",NA,223,16842,"female","Stage III","T3","NX","MX","Papillary adenocarcinoma, NOS","8260/3","no","No",223,0,NA,"T3_T4","Stage_III_IV",TRUE,FALSE,FALSE,FALSE,FALSE,FALSE,FALSE,FALSE,FALSE,FALSE,TRUE
"TCGA-EM-A3O8","TCGA-EM-A3O8-01A-11R-A220-07","TCGA-EM-A3O8-01A",1.15356294496657,-0.0324577199013944,0.00397334805772793,-0.416411071859068,1.21942194172657,-0.869202433725513,-0.492792712054192,-2.35494251341293,"RAIR_like_low","TDS_high","TCGA-EM-A3O8","Alive",NA,381,12405,"female","Stage I","T1b","N0","MX","Papillary carcinoma, follicular variant","8340/3","no","No",381,0,"N0","T1_T2","Stage_I_II",TRUE,FALSE,FALSE,FALSE,FALSE,FALSE,FALSE,FALSE,FALSE,FALSE,TRUE
"TCGA-EM-A3O9","TCGA-EM-A3O9-01A-11R-A220-07","TCGA-EM-A3O9-01A",-1.90884507293792,-1.07448590694887,-2.14008293007082,-2.55278267131619,-1.56300300630456,-0.633386937629781,-1.56963956511953,-5.62631218492464,"RAIR_like_low","TDS_low","TCGA-EM-A3O9","Alive",NA,281,14783,"male","Stage I","T3","N0","MX","Papillary carcinoma, follicular variant","8340/3","no","No",281,0,"N0","T3_T4","Stage_I_II",FALSE,FALSE,FALSE,FALSE,FALSE,FALSE,FALSE,FALSE,FALSE,FALSE,FALSE
"TCGA-EM-A3OA","TCGA-EM-A3OA-01A-11R-A220-07","TCGA-EM-A3OA-01A",0.500955396740654,1.1374613910546,-0.742359540104904,-1.27072723339571,0.658544678394339,-0.878449943060673,-1.38591055250192,-1.79441770633341,"RAIR_like_low","TDS_high","TCGA-EM-A3OA","Alive",NA,822,20284,"female","Stage II","T2","N0","MX","Papillary carcinoma, follicular variant","8340/3","no","No",822,0,"N0","T1_T2","Stage_I_II",FALSE,TRUE,FALSE,FALSE,FALSE,FALSE,FALSE,FALSE,FALSE,TRUE,TRUE
"TCGA-EM-A3OB","TCGA-EM-A3OB-01A-11R-A220-07","TCGA-EM-A3OB-01A",0.861361175854336,0.162620166962545,0.596901087376398,0.0262486471997305,0.590762111110977,-1.15704807326259,-0.941713052494056,-0.147738250400261,"RAIR_like_low","TDS_high","TCGA-EM-A3OB","Alive",NA,1176,12282,"female","Stage I","T2","N0","MX","Papillary carcinoma, follicular variant","8340/3","no","No",1176,0,"N0","T1_T2","Stage_I_II",FALSE,TRUE,FALSE,FALSE,FALSE,FALSE,FALSE,FALSE,FALSE,TRUE,TRUE
"TCGA-EM-A3ST","TCGA-EM-A3ST-01A-11R-A22U-07","TCGA-EM-A3ST-01A",-0.181289198075357,0.106232367980846,0.11512147196318,0.0867888986863897,-0.219400721603391,-0.986464277955247,-1.45342741736502,0.722694716105213,"RAIR_like_high","TDS_low","TCGA-EM-A3ST","Alive",NA,1182,22990,"female","Stage III","T3","N0","MX","Papillary carcinoma, follicular variant","8340/3","no","No",1182,0,"N0","T3_T4","Stage_III_IV",FALSE,FALSE,FALSE,FALSE,FALSE,FALSE,FALSE,FALSE,FALSE,FALSE,FALSE
"TCGA-EM-A3SU","TCGA-EM-A3SU-01A-11R-A22U-07","TCGA-EM-A3SU-01A",-0.949393359138895,-0.735523548535659,-0.827199646932823,-0.203051698994095,-0.910352108663827,0.654619712583298,-0.44760847253029,-1.22203347962989,"RAIR_like_low","TDS_low","TCGA-EM-A3SU","Alive",NA,911,15768,"female","Stage I","T2","N1b","MX","Papillary adenocarcinoma, NOS","8260/3","no","No",911,0,"N1","T1_T2","Stage_I_II",FALSE,FALSE,FALSE,FALSE,FALSE,FALSE,FALSE,FALSE,FALSE,FALSE,FALSE
"TCGA-EM-A3SX","TCGA-EM-A3SX-01A-11R-A22U-07","TCGA-EM-A3SX-01A",0.0666127872785206,0.118080302671786,0.790495554897075,0.515094271554918,0.141840541902147,-0.465225809139557,0.132655444115361,1.9335673157683,"RAIR_like_high","TDS_high","TCGA-EM-A3SX","Alive",NA,908,10447,"female","Stage I","T3","N1a","MX","Papillary adenocarcinoma, NOS","8260/3","no","No",908,0,"N1","T3_T4","Stage_I_II",FALSE,FALSE,FALSE,FALSE,FALSE,FALSE,FALSE,FALSE,FALSE,FALSE,FALSE
"TCGA-EM-A3SY","TCGA-EM-A3SY-01A-11R-A22U-07","TCGA-EM-A3SY-01A",-1.02851151911028,-0.863821817505739,-2.9574073406925,-2.08707495327812,-0.762587722282586,-0.380522149378455,-1.85717610079956,-7.00685770065106,"RAIR_like_low","TDS_low","TCGA-EM-A3SY","Alive",NA,411,13461,"male","Stage I","T1b","NX","MX","Papillary carcinoma, follicular variant","8340/3","no","No",411,0,NA,"T1_T2","Stage_I_II",FALSE,FALSE,FALSE,FALSE,FALSE,FALSE,FALSE,FALSE,FALSE,FALSE,FALSE
"TCGA-EM-A3SZ","TCGA-EM-A3SZ-01A-11R-A22U-07","TCGA-EM-A3SZ-01A",-0.710734655888157,-0.367745867712562,-0.0370566019099633,0.17693575111997,-0.831443008360749,0.658874258306875,-0.679796198529058,0.661246070075469,"RAIR_like_high","TDS_low","TCGA-EM-A3SZ","Alive",NA,389,15659,"female","Stage I","T2","N0","MX","Papillary adenocarcinoma, NOS","8260/3","no","No",389,0,"N0","T1_T2","Stage_I_II",FALSE,FALSE,FALSE,FALSE,FALSE,FALSE,FALSE,FALSE,FALSE,FALSE,FALSE
"TCGA-EM-A4FF","TCGA-EM-A4FF-01A-11R-A250-07","TCGA-EM-A4FF-01A",-0.491906824098591,-0.156533074592281,0.122370977693535,0.0424785899221911,-0.500386207307552,0.751427088526063,0.111990557807649,0.69952682984431,"RAIR_like_high","TDS_low","TCGA-EM-A4FF","Alive",NA,2573,14796,"female","Stage I","T1b","N1","MX","Papillary adenocarcinoma, NOS","8260/3","no","No",2573,0,"N1","T1_T2","Stage_I_II",FALSE,FALSE,FALSE,FALSE,FALSE,FALSE,FALSE,FALSE,FALSE,FALSE,FALSE
"TCGA-EM-A4FH","TCGA-EM-A4FH-01A-11R-A250-07","TCGA-EM-A4FH-01A",1.03455952350749,-0.353431228764905,-1.51880944475304,-1.11824119372701,0.886268249734812,-1.28520750698512,-0.742218928656974,-5.81481510059095,"RAIR_like_low","TDS_high","TCGA-EM-A4FH","Alive",NA,892,25500,"male","Stage III","T3","NX","MX","Papillary carcinoma, follicular variant","8340/3","no","No",892,0,NA,"T3_T4","Stage_III_IV",FALSE,FALSE,FALSE,FALSE,FALSE,FALSE,FALSE,FALSE,FALSE,FALSE,FALSE
"TCGA-EM-A4FK","TCGA-EM-A4FK-01A-11R-A250-07","TCGA-EM-A4FK-01A",1.22846699937743,2.13591065352054,0.230435538105417,-0.387561546249434,1.24218337870353,-1.03696132772999,-0.94411663074363,1.38082058991913,"RAIR_like_high","TDS_high","TCGA-EM-A4FK","Alive",NA,649,12383,"female","Stage I","T2","NX","MX","Papillary carcinoma, follicular variant","8340/3","no","No",649,0,NA,"T1_T2","Stage_I_II",FALSE,TRUE,FALSE,FALSE,FALSE,FALSE,FALSE,FALSE,FALSE,TRUE,TRUE
"TCGA-EM-A4FM","TCGA-EM-A4FM-01A-11R-A250-07","TCGA-EM-A4FM-01A",-1.10781330410558,-0.0925727444764653,-0.467477109461028,-0.0461695815830135,-1.33855754026752,0.145562825626212,1.25830490897083,0.769582695172679,"RAIR_like_high","TDS_low","TCGA-EM-A4FM","Alive",NA,162,21595,"female","Stage IVA","T3","N1b","MX","Papillary adenocarcinoma, NOS","8260/3","no","No",162,0,"N1","T3_T4","Stage_III_IV",TRUE,FALSE,FALSE,FALSE,FALSE,FALSE,FALSE,FALSE,FALSE,FALSE,TRUE
"TCGA-EM-A4FN","TCGA-EM-A4FN-01A-11R-A250-07","TCGA-EM-A4FN-01A",-0.986209198385935,-0.767097328299735,-0.371446072739,-0.48806464861005,-1.06543134625994,-0.295959792581846,-0.541807887385675,-1.01753302683892,"RAIR_like_low","TDS_low","TCGA-EM-A4FN","Alive",NA,802,18185,"female","Stage IVA","T1b","N1b","MX","Papillary adenocarcinoma, NOS","8260/3","no","No",802,0,"N1","T1_T2","Stage_III_IV",FALSE,FALSE,FALSE,FALSE,FALSE,FALSE,FALSE,FALSE,FALSE,FALSE,FALSE
"TCGA-EM-A4FO","TCGA-EM-A4FO-01A-11R-A250-07","TCGA-EM-A4FO-01A",-0.0716087738877597,-0.110180321243056,-0.396685040698548,-0.444471839683835,0.296068371370269,1.57044530291254,0.884979304195488,-1.27119085746641,"RAIR_like_low","TDS_low","TCGA-EM-A4FO","Alive",NA,802,26589,"male","Stage I","T1b","N0","MX","Papillary adenocarcinoma, NOS","8260/3","no","No",802,0,"N0","T1_T2","Stage_I_II",TRUE,FALSE,FALSE,FALSE,FALSE,FALSE,FALSE,FALSE,FALSE,FALSE,TRUE
"TCGA-EM-A4FQ","TCGA-EM-A4FQ-01A-11R-A250-07","TCGA-EM-A4FQ-01A",-0.784567148408488,-0.778659269480569,-0.299331771465429,-0.109821752473206,-0.836944942653171,-0.180705083174528,0.0945021610424999,-0.674540123833645,"RAIR_like_low","TDS_low","TCGA-EM-A4FQ","Alive",NA,683,15534,"female","Stage I","T2","N1","MX","Papillary carcinoma, follicular variant","8340/3","no","No",683,0,"N1","T1_T2","Stage_I_II",TRUE,FALSE,FALSE,FALSE,FALSE,FALSE,FALSE,FALSE,FALSE,FALSE,TRUE
"TCGA-EM-A4FR","TCGA-EM-A4FR-01A-11R-A250-07","TCGA-EM-A4FR-01A",0.0821539759944091,-1.16461552119868,-0.762782299074763,-0.819614840731515,0.464637561080043,-0.817629792713221,-1.0077030481816,-4.25022750296365,"RAIR_like_low","TDS_high","TCGA-EM-A4FR","Alive",NA,655,10316,"male","Stage I","T3","N1","MX","Papillary adenocarcinoma, NOS","8260/3","no","No",655,0,"N1","T3_T4","Stage_I_II",FALSE,FALSE,FALSE,FALSE,FALSE,FALSE,FALSE,FALSE,FALSE,FALSE,FALSE
"TCGA-EM-A4FU","TCGA-EM-A4FU-01A-11R-A250-07","TCGA-EM-A4FU-01A",0.233345746061509,-0.545945641091016,-0.216739930144288,-0.495097524233857,0.507269463644789,-0.754536360761769,-0.164886650903665,-2.24978446082468,"RAIR_like_low","TDS_high","TCGA-EM-A4FU","Alive",NA,1840,12912,"male","Stage I","T3","NX","MX","Papillary carcinoma, follicular variant","8340/3","no","No",1840,0,NA,"T3_T4","Stage_I_II",FALSE,FALSE,FALSE,FALSE,FALSE,FALSE,FALSE,FALSE,FALSE,FALSE,FALSE
"TCGA-EM-A4FV","TCGA-EM-A4FV-01A-11R-A250-07","TCGA-EM-A4FV-01A",0.422425701151493,0.723962984658834,0.512958459547195,0.157934666489123,0.686025181150318,1.11724154638815,0.0781366328037619,1.48071888986387,"RAIR_like_high","TDS_high","TCGA-EM-A4FV","Alive",NA,744,23627,"female","Stage I","T1b","N0","MX","Papillary adenocarcinoma, NOS","8260/3","no","No",744,0,"N0","T1_T2","Stage_I_II",TRUE,FALSE,FALSE,TRUE,FALSE,FALSE,TRUE,FALSE,FALSE,TRUE,TRUE
"TCGA-EM-A4G1","TCGA-EM-A4G1-01A-11R-A250-07","TCGA-EM-A4G1-01A",0.0906586682701039,-0.708195065712592,-0.668434441266673,-0.554199974932486,0.0839988366164458,-0.426999286283232,-1.0491172640826,-3.00619252313672,"RAIR_like_low","TDS_high","TCGA-EM-A4G1","Alive",NA,416,9844,"female","Stage I","T1b","N0","MX","Papillary carcinoma, follicular variant","8340/3","no","No",416,0,"N0","T1_T2","Stage_I_II",FALSE,TRUE,FALSE,FALSE,FALSE,FALSE,FALSE,FALSE,FALSE,TRUE,TRUE
"TCGA-ET-A25G","TCGA-ET-A25G-01A-11R-A16R-07","TCGA-ET-A25G-01A",-0.439397512059231,-0.406676898824355,0.208239364161106,0.269941600324253,-0.764092507186743,-0.378078818996881,0.346464929741215,0.672900189725698,"RAIR_like_high","TDS_low","TCGA-ET-A25G","Alive",NA,2492,20816,"female","Stage III","T3","N0","MX","Papillary carcinoma, columnar cell","8344/3","no","No",2492,0,"N0","T3_T4","Stage_III_IV",TRUE,FALSE,FALSE,FALSE,FALSE,FALSE,FALSE,FALSE,FALSE,FALSE,TRUE
"TCGA-ET-A25I","TCGA-ET-A25I-01A-11R-A16R-07","TCGA-ET-A25I-01A",0.0967007384257953,-1.05476691132175,-0.705730500045345,-1.43346399460898,0.602913656930755,-0.265809646917062,-1.3278540186,-4.92383653427881,"RAIR_like_low","TDS_high","TCGA-ET-A25I","Alive",NA,2485,13786,"female","Stage I","T2","N0","MX","Papillary carcinoma, follicular variant","8340/3","no","No",2485,0,"N0","T1_T2","Stage_I_II",FALSE,TRUE,FALSE,FALSE,FALSE,FALSE,FALSE,FALSE,FALSE,TRUE,TRUE
"TCGA-ET-A25J","TCGA-ET-A25J-01A-11R-A16R-07","TCGA-ET-A25J-01A",-0.0769056974258641,1.05928223874711,0.013410730210584,-0.0220282344141661,-0.0794576710588412,-0.0530984095455388,0.438634999898934,1.8053340234576,"RAIR_like_high","TDS_low","TCGA-ET-A25J","Alive",NA,2359,14843,"female","Stage I","T2","N1a","MX","Papillary adenocarcinoma, NOS","8260/3","no","No",2359,0,"N1","T1_T2","Stage_I_II",TRUE,FALSE,FALSE,FALSE,FALSE,FALSE,FALSE,FALSE,FALSE,FALSE,TRUE
"TCGA-ET-A25K","TCGA-ET-A25K-01A-11R-A16R-07","TCGA-ET-A25K-01A",0.0818374139281175,0.290010351669301,1.53885336169233,0.64493355619939,0.201081032214057,-0.547716952792651,0.512144872365423,3.40238697215668,"RAIR_like_high","TDS_high","TCGA-ET-A25K","Alive",NA,2142,13351,"female","Stage I","T2","N1a","MX","Papillary adenocarcinoma, NOS","8260/3","no","No",2142,0,"N1","T1_T2","Stage_I_II",TRUE,FALSE,FALSE,FALSE,FALSE,FALSE,FALSE,FALSE,FALSE,FALSE,TRUE
"TCGA-ET-A25L","TCGA-ET-A25L-01A-11R-A16R-07","TCGA-ET-A25L-01A",-0.691596416230363,-0.426733600538999,0.0555305985300418,0.23334944002471,-0.693258933638276,0.00470366988371853,1.17528312342056,0.74796850905289,"RAIR_like_high","TDS_low","TCGA-ET-A25L","Alive",NA,1721,19159,"female","Stage IVA","T3","N1b","MX","Papillary carcinoma, columnar cell","8344/3","no","No",1721,0,"N1","T3_T4","Stage_III_IV",FALSE,FALSE,FALSE,FALSE,FALSE,FALSE,FALSE,FALSE,FALSE,FALSE,FALSE
"TCGA-ET-A25M","TCGA-ET-A25M-01A-11R-A16R-07","TCGA-ET-A25M-01A",-0.000734896504592023,0.456637887907007,0.357309010055615,0.480304695629448,-0.119097855894679,-0.24291710147737,1.34826917849024,1.93472696044485,"RAIR_like_high","TDS_high","TCGA-ET-A25M","Alive",NA,1831,12085,"male","Stage I","T2","N1","MX","Papillary adenocarcinoma, NOS","8260/3","no","No",1831,0,"N1","T1_T2","Stage_I_II",FALSE,FALSE,FALSE,FALSE,FALSE,FALSE,FALSE,FALSE,FALSE,FALSE,FALSE
"TCGA-ET-A25N","TCGA-ET-A25N-01A-11R-A16R-07","TCGA-ET-A25N-01A",0.186652878695291,0.386818613053321,1.35059035846395,0.84337185217176,0.216778944650723,-0.434596061237744,-0.143512123251624,3.4406614393991,"RAIR_like_high","TDS_high","TCGA-ET-A25N","Alive",NA,1928,10229,"female","Stage I","T2","N1a","MX","Papillary adenocarcinoma, NOS","8260/3","no","No",1928,0,"N1","T1_T2","Stage_I_II",FALSE,FALSE,FALSE,FALSE,FALSE,FALSE,FALSE,FALSE,FALSE,FALSE,FALSE
"TCGA-ET-A25O","TCGA-ET-A25O-01A-11R-A16R-07","TCGA-ET-A25O-01A",0.0416807310446306,-0.00881939081848602,0.172077543792126,0.299445768399471,-0.115532199987454,-0.958118154818983,-1.65667350515099,0.602228925305737,"RAIR_like_high","TDS_high","TCGA-ET-A25O","Alive",NA,1986,12924,"female","Stage I","T2","N1a","MX","Papillary adenocarcinoma, NOS","8260/3","no","No",1986,0,"N1","T1_T2","Stage_I_II",TRUE,FALSE,FALSE,FALSE,FALSE,FALSE,FALSE,FALSE,FALSE,FALSE,TRUE
"TCGA-ET-A25P","TCGA-ET-A25P-01A-11R-A16R-07","TCGA-ET-A25P-01A",0.993428692799651,0.343380556863091,0.675583015805714,0.583205525034937,1.20894631944573,-0.871382761896973,0.0124323907790446,0.880301903342876,"RAIR_like_high","TDS_high","TCGA-ET-A25P","Alive",NA,559,8787,"female","Stage I","T1","N0","MX","Papillary adenocarcinoma, NOS","8260/3","no","No",559,0,"N0","T1_T2","Stage_I_II",FALSE,FALSE,FALSE,FALSE,FALSE,FALSE,FALSE,FALSE,FALSE,FALSE,FALSE
"TCGA-ET-A25R","TCGA-ET-A25R-01A-11R-A16R-07","TCGA-ET-A25R-01A",-0.423225801784518,-0.312557915881986,0.101399116362727,0.20998494785533,-0.646723408478381,0.265302848084932,0.165895911860937,0.566263826093528,"RAIR_like_high","TDS_low","TCGA-ET-A25R","Alive",NA,1930,18863,"female","Stage III","T3","NX","MX","Papillary carcinoma, columnar cell","8344/3","no","No",1930,0,NA,"T3_T4","Stage_III_IV",TRUE,FALSE,FALSE,FALSE,FALSE,FALSE,FALSE,FALSE,FALSE,FALSE,TRUE
"TCGA-ET-A2MX","TCGA-ET-A2MX-01A-11R-A23N-07","TCGA-ET-A2MX-01A",-0.976786330925419,-0.294045381096105,0.0371116036726828,-0.700456155269239,-1.15369846084967,-0.733090289382737,-0.991569532323375,-0.0249696124525549,"RAIR_like_low","TDS_low","TCGA-ET-A2MX","Alive",NA,2689,10044,"male","Stage I","T2","N1a","MX","Papillary adenocarcinoma, NOS","8260/3","no","No",2689,0,"N1","T1_T2","Stage_I_II",FALSE,FALSE,FALSE,FALSE,FALSE,FALSE,FALSE,FALSE,FALSE,FALSE,FALSE
"TCGA-ET-A2MY","TCGA-ET-A2MY-01A-11R-A18C-07","TCGA-ET-A2MY-01A",-0.287244182704884,-0.138895563286909,-0.0473050090023103,-0.0331890398670386,-0.446685352298466,-0.355303112300613,-0.364776783899915,0.0840291989453091,"RAIR_like_low","TDS_low","TCGA-ET-A2MY","Alive",NA,1787,26406,"female","Stage I","T1b","NX","MX","Papillary adenocarcinoma, NOS","8260/3","no","No",1787,0,NA,"T1_T2","Stage_I_II",TRUE,FALSE,FALSE,FALSE,FALSE,FALSE,FALSE,FALSE,FALSE,FALSE,TRUE
"TCGA-ET-A2MZ","TCGA-ET-A2MZ-01A-12R-A19O-07","TCGA-ET-A2MZ-01A",0.25909993410007,0.277563065164679,1.24797679021884,0.580514831869067,0.341879403172381,-0.684446855620424,0.39127027695508,2.62968582008343,"RAIR_like_high","TDS_high","TCGA-ET-A2MZ","Alive",NA,1133,14408,"male","Stage I","T1b","N0","MX","Papillary adenocarcinoma, NOS","8260/3","no","No",1133,0,"N0","T1_T2","Stage_I_II",TRUE,FALSE,FALSE,FALSE,FALSE,FALSE,FALSE,FALSE,FALSE,FALSE,TRUE
"TCGA-ET-A2N0","TCGA-ET-A2N0-01A-11R-A18C-07","TCGA-ET-A2N0-01A",-0.839050509584159,-0.795606703123633,-0.528765316416507,-0.945565095893736,-0.691360816456066,0.0382289631529304,-0.745431587368944,-2.17042236829771,"RAIR_like_low","TDS_low","TCGA-ET-A2N0","Alive",NA,1600,18692,"female","Stage III","T1b","N1a","MX","Papillary adenocarcinoma, NOS","8260/3","no","No",1600,0,"N1","T1_T2","Stage_III_IV",TRUE,FALSE,FALSE,FALSE,FALSE,FALSE,FALSE,FALSE,FALSE,FALSE,TRUE
"TCGA-ET-A2N3","TCGA-ET-A2N3-01B-21R-A23N-07","TCGA-ET-A2N3-01B",0.721021840846333,-0.259470452448492,-0.447037679211722,-0.36580302403735,0.634610266027267,-1.37043777266033,-1.02467806824938,-2.62731087368228,"RAIR_like_low","TDS_high","TCGA-ET-A2N3","Alive",NA,2535,12603,"female","Stage I","T2","NX","MX","Papillary carcinoma, follicular variant","8340/3","not reported","Not Reported",2535,0,NA,"T1_T2","Stage_I_II",FALSE,FALSE,FALSE,FALSE,FALSE,FALSE,FALSE,FALSE,FALSE,FALSE,FALSE
"TCGA-ET-A2N4","TCGA-ET-A2N4-01A-12R-A19O-07","TCGA-ET-A2N4-01A",0.0764208224593184,-0.190232095216758,0.625207811523942,0.513919413415633,0.233181294454799,-0.448247616401084,-0.487666581978737,1.1949005907962,"RAIR_like_high","TDS_high","TCGA-ET-A2N4","Alive",NA,81,19671,"female","Stage III","T3","N0","MX","Papillary carcinoma, follicular variant","8340/3","no","No",81,0,"N0","T3_T4","Stage_III_IV",TRUE,FALSE,FALSE,FALSE,FALSE,FALSE,FALSE,FALSE,FALSE,FALSE,TRUE
"TCGA-ET-A2N5","TCGA-ET-A2N5-01A-11R-A18C-07","TCGA-ET-A2N5-01A",0.692518654488047,-0.259297193139661,0.0189726312655614,-0.63635992470733,0.948266581747219,-0.70018240047563,-1.3627560971853,-2.3484820950678,"RAIR_like_low","TDS_high","TCGA-ET-A2N5","Alive",NA,2460,17137,"female","Stage III","T3","NX","MX","Papillary carcinoma, follicular variant","8340/3","no","No",2460,0,NA,"T3_T4","Stage_III_IV",FALSE,FALSE,TRUE,FALSE,FALSE,FALSE,FALSE,FALSE,FALSE,TRUE,TRUE
"TCGA-ET-A39I","TCGA-ET-A39I-01A-11R-A19O-07","TCGA-ET-A39I-01A",1.43076300027258,-0.0997643875912045,0.436052499729318,-0.00829307345097976,1.66089239372866,-0.878586904720822,-0.682283965355958,-1.67677076493122,"RAIR_like_low","TDS_high","TCGA-ET-A39I","Dead",1011,1011,30349,"female","Stage I","T1","NX","MX","Papillary carcinoma, follicular variant","8340/3","no","No",1011,1,NA,"T1_T2","Stage_I_II",FALSE,FALSE,TRUE,FALSE,FALSE,FALSE,FALSE,FALSE,FALSE,TRUE,TRUE
"TCGA-ET-A39J","TCGA-ET-A39J-01A-11R-A19O-07","TCGA-ET-A39J-01A",0.134771412232665,0.365794969895409,1.21518443073791,0.918725643112885,0.0605764059489366,-0.636831112343804,0.803465565107103,3.40931365325813,"RAIR_like_high","TDS_high","TCGA-ET-A39J","Alive",NA,3227,8491,"female","Stage I","T2","NX","MX","Papillary adenocarcinoma, NOS","8260/3","no","No",3227,0,NA,"T1_T2","Stage_I_II",TRUE,FALSE,FALSE,FALSE,FALSE,FALSE,FALSE,FALSE,FALSE,FALSE,TRUE
"TCGA-ET-A39K","TCGA-ET-A39K-01A-11R-A19O-07","TCGA-ET-A39K-01A",-0.462964618936644,-0.24875815797613,0.622176822854466,0.0120181309107928,-0.47230977236438,0.0730431391249424,-0.0395434914051669,1.14618535369771,"RAIR_like_high","TDS_low","TCGA-ET-A39K","Alive",NA,3267,17789,"female","Stage III","T3","N1a","MX","Papillary adenocarcinoma, NOS","8260/3","no","No",3267,0,"N1","T3_T4","Stage_III_IV",TRUE,FALSE,FALSE,FALSE,FALSE,FALSE,FALSE,FALSE,FALSE,FALSE,TRUE
"TCGA-ET-A39L","TCGA-ET-A39L-01A-12R-A19O-07","TCGA-ET-A39L-01A",0.703525881900628,1.7948413463324,0.87516110587826,0.26188929125655,0.856477076590412,-0.724969808865634,-1.08863331757478,3.44205519351035,"RAIR_like_high","TDS_high","TCGA-ET-A39L","Alive",NA,3299,7636,"female","Stage I","T3","N0","MX","Papillary adenocarcinoma, NOS","8260/3","no","No",3299,0,"N0","T3_T4","Stage_I_II",FALSE,FALSE,FALSE,FALSE,FALSE,FALSE,FALSE,FALSE,FALSE,FALSE,FALSE
"TCGA-ET-A39M","TCGA-ET-A39M-01A-11R-A19O-07","TCGA-ET-A39M-01A",-0.725736680259002,-0.593204750610027,-0.422095968717255,-0.349040518700816,-0.40954177826195,0.816031788975077,-0.194840424631882,-0.9832884402392,"RAIR_like_low","TDS_low","TCGA-ET-A39M","Alive",NA,2582,12441,"male","Stage I","T2","NX","MX","Papillary adenocarcinoma, NOS","8260/3","no","No",2582,0,NA,"T1_T2","Stage_I_II",TRUE,FALSE,FALSE,FALSE,FALSE,FALSE,FALSE,FALSE,FALSE,FALSE,TRUE
"TCGA-ET-A39N","TCGA-ET-A39N-01A-11R-A19O-07","TCGA-ET-A39N-01A",0.23963465922892,0.703506373055117,-0.461617170218607,-0.352708770822837,0.137652549092363,-0.943056697460046,-0.407761108839151,-0.369959296238742,"RAIR_like_low","TDS_high","TCGA-ET-A39N","Alive",NA,3751,12904,"female","Stage I","T3","NX","MX","Papillary adenocarcinoma, NOS","8260/3","no","No",3751,0,NA,"T3_T4","Stage_I_II",FALSE,FALSE,FALSE,FALSE,FALSE,FALSE,FALSE,FALSE,FALSE,FALSE,FALSE
"TCGA-ET-A39O","TCGA-ET-A39O-01A-11R-A19O-07","TCGA-ET-A39O-01A",-0.667321082250495,-0.290684413938175,-0.0759854810059059,0.439181778033073,-0.73526639197423,1.00531058436262,0.464890855384605,1.05609229995933,"RAIR_like_high","TDS_low","TCGA-ET-A39O","Alive",NA,3059,14295,"male","Stage I","T1","N0","MX","Papillary carcinoma, columnar cell","8344/3","no","No",3059,0,"N0","T1_T2","Stage_I_II",TRUE,FALSE,FALSE,FALSE,FALSE,FALSE,FALSE,FALSE,FALSE,FALSE,TRUE
"TCGA-ET-A39P","TCGA-ET-A39P-01A-21R-A19O-07","TCGA-ET-A39P-01A",-0.185071790845137,0.19115499072643,-0.0701187236123736,0.309596509521573,-0.0871131889613265,-0.230568884034281,0.323834964397202,0.941313505643234,"RAIR_like_high","TDS_low","TCGA-ET-A39P","Alive",NA,2900,26817,"female","Stage III","T3","N0","MX","Papillary adenocarcinoma, NOS","8260/3","no","No",2900,0,"N0","T3_T4","Stage_III_IV",TRUE,FALSE,FALSE,FALSE,FALSE,FALSE,FALSE,FALSE,FALSE,FALSE,TRUE
"TCGA-ET-A39R","TCGA-ET-A39R-01A-11R-A19O-07","TCGA-ET-A39R-01A",0.216841831915211,0.441349094528154,0.138843354378505,0.303598980970241,0.289298724343957,2.13557903216984,0.181580656176208,1.03126137504875,"RAIR_like_high","TDS_high","TCGA-ET-A39R","Alive",NA,2863,8828,"female","Stage I","T1","N0","MX","Papillary adenocarcinoma, NOS","8260/3","no","No",2863,0,"N0","T1_T2","Stage_I_II",FALSE,FALSE,FALSE,FALSE,FALSE,FALSE,FALSE,FALSE,FALSE,FALSE,FALSE
"TCGA-ET-A39S","TCGA-ET-A39S-01A-11R-A19O-07","TCGA-ET-A39S-01A",0.72871417862909,0.109127385153968,0.932094841094897,0.568523927990384,0.952366903605304,-0.504968313404663,0.750736015743458,1.21999801383364,"RAIR_like_high","TDS_high","TCGA-ET-A39S","Alive",NA,1676,10000,"female","Stage I","T1","N0","MX","Papillary adenocarcinoma, NOS","8260/3","no","No",1676,0,"N0","T1_T2","Stage_I_II",TRUE,FALSE,FALSE,FALSE,FALSE,FALSE,FALSE,FALSE,FALSE,FALSE,TRUE
"TCGA-ET-A39T","TCGA-ET-A39T-01A-11R-A19O-07","TCGA-ET-A39T-01A",0.137721552601818,1.42697317399978,0.170062202939932,0.0860060608442441,-0.0264812419591989,-0.0747392277325429,-1.23056034639625,2.45647436036426,"RAIR_like_high","TDS_high","TCGA-ET-A39T","Alive",NA,2987,20164,"female","Stage III","T3","N0","MX","Papillary carcinoma, follicular variant","8340/3","no","No",2987,0,"N0","T3_T4","Stage_III_IV",TRUE,FALSE,FALSE,FALSE,FALSE,FALSE,FALSE,FALSE,FALSE,FALSE,TRUE
"TCGA-ET-A3BN","TCGA-ET-A3BN-01A-11R-A19O-07","TCGA-ET-A3BN-01A",0.301875512835374,-0.0409500943523026,1.22625124699763,0.737815872551402,0.131344927062987,-0.781780892072367,-0.402766045534991,2.25652120076573,"RAIR_like_high","TDS_high","TCGA-ET-A3BN","Alive",NA,859,12122,"female","Stage I","T2","NX","MX","Papillary adenocarcinoma, NOS","8260/3","no","No",859,0,NA,"T1_T2","Stage_I_II",FALSE,FALSE,FALSE,FALSE,FALSE,FALSE,FALSE,FALSE,FALSE,FALSE,FALSE
"TCGA-ET-A3BO","TCGA-ET-A3BO-01A-11R-A19O-07","TCGA-ET-A3BO-01A",-0.310697965506923,0.177466404728583,0.32307310079043,0.424947545128297,-0.522222866977725,1.16650693074339,0.411117739979145,1.81117011681142,"RAIR_like_high","TDS_low","TCGA-ET-A3BO","Alive",NA,1533,16110,"female","Stage I","T3","N1a","MX","Papillary carcinoma, columnar cell","8344/3","yes","No",1533,0,"N1","T3_T4","Stage_I_II",TRUE,FALSE,FALSE,FALSE,FALSE,FALSE,FALSE,FALSE,FALSE,FALSE,TRUE
"TCGA-ET-A3BP","TCGA-ET-A3BP-01A-21R-A19O-07","TCGA-ET-A3BP-01A",-0.386187947734642,-0.221015186650323,0.322430280936451,0.135129546172697,-0.372632370355843,-0.259891752755969,-0.807470062557424,0.850714097879524,"RAIR_like_high","TDS_low","TCGA-ET-A3BP","Alive",NA,2406,12594,"female","Stage I","T2","N1a","MX","Papillary adenocarcinoma, NOS","8260/3","no","No",2406,0,"N1","T1_T2","Stage_I_II",TRUE,FALSE,FALSE,FALSE,FALSE,FALSE,FALSE,FALSE,FALSE,FALSE,TRUE
"TCGA-ET-A3BQ","TCGA-ET-A3BQ-01B-11R-A206-07","TCGA-ET-A3BQ-01B",0.258538873948603,0.451968717638094,1.12874187499364,0.716606083704588,0.413206035103797,-0.219926688172589,0.304422496295515,2.9497616267177,"RAIR_like_high","TDS_high","TCGA-ET-A3BQ","Alive",NA,2331,10034,"female","Stage I","T2","N0","MX","Papillary adenocarcinoma, NOS","8260/3","not reported","Not Reported",2331,0,"N0","T1_T2","Stage_I_II",TRUE,FALSE,FALSE,FALSE,FALSE,FALSE,FALSE,FALSE,FALSE,FALSE,TRUE
"TCGA-ET-A3BS","TCGA-ET-A3BS-01A-11R-A206-07","TCGA-ET-A3BS-01A",-0.785737521370235,-0.212901920524468,-0.249363960892284,0.270497269199886,-0.613895263510908,1.27176006860834,-0.223193040590304,0.869045247009971,"RAIR_like_high","TDS_low","TCGA-ET-A3BS","Alive",NA,176,15421,"male","Stage I","T3","N1a","MX","Papillary adenocarcinoma, NOS","8260/3","no","No",176,0,"N1","T3_T4","Stage_I_II",TRUE,FALSE,FALSE,FALSE,FALSE,FALSE,FALSE,FALSE,FALSE,FALSE,TRUE
"TCGA-ET-A3BT","TCGA-ET-A3BT-01A-11R-A19O-07","TCGA-ET-A3BT-01A",0.0788240027874171,0.818711450456257,0.302697090715324,0.373438801840498,0.0704115837429015,0.0691445853837721,0.06740870212288,2.16882849558783,"RAIR_like_high","TDS_high","TCGA-ET-A3BT","Alive",NA,2665,22108,"female","Stage IVA","T2","N1b","MX","Papillary carcinoma, columnar cell","8344/3","no","No",2665,0,"N1","T1_T2","Stage_III_IV",TRUE,FALSE,FALSE,FALSE,FALSE,FALSE,FALSE,FALSE,FALSE,FALSE,TRUE
"TCGA-ET-A3BU","TCGA-ET-A3BU-01A-11R-A19O-07","TCGA-ET-A3BU-01A",0.387954074334039,0.42042495164266,0.774201353093829,0.893012832144878,0.479535113510016,-0.251757341490199,0.406647743368828,2.48544276892383,"RAIR_like_high","TDS_high","TCGA-ET-A3BU","Alive",NA,2367,10510,"male","Stage I","T1","N1a","MX","Papillary adenocarcinoma, NOS","8260/3","no","No",2367,0,"N1","T1_T2","Stage_I_II",TRUE,FALSE,FALSE,FALSE,FALSE,FALSE,FALSE,FALSE,FALSE,FALSE,TRUE
"TCGA-ET-A3BV","TCGA-ET-A3BV-01A-11R-A19O-07","TCGA-ET-A3BV-01A",-0.510323068915339,0.980612405882708,0.778368618886911,1.21137559586648,-1.03091815963293,0.973623784339844,2.11788427262523,5.18229250841606,"RAIR_like_high","TDS_low","TCGA-ET-A3BV","Alive",NA,2294,17441,"female","Stage III","T2","N1a","MX","Papillary adenocarcinoma, NOS","8260/3","yes","No",2294,0,"N1","T1_T2","Stage_III_IV",TRUE,FALSE,FALSE,FALSE,FALSE,FALSE,FALSE,FALSE,FALSE,FALSE,TRUE
"TCGA-ET-A3BW","TCGA-ET-A3BW-01A-11R-A19O-07","TCGA-ET-A3BW-01A",0.336611120221122,0.327786190361353,0.407209774467776,0.450714160148483,0.416744423328117,-0.766970643264713,-0.849945853748538,1.25655107053023,"RAIR_like_high","TDS_high","TCGA-ET-A3BW","Alive",NA,1419,11032,"female","Stage I","T2","NX","MX","Papillary adenocarcinoma, NOS","8260/3","no","No",1419,0,NA,"T1_T2","Stage_I_II",TRUE,FALSE,FALSE,FALSE,FALSE,FALSE,FALSE,FALSE,FALSE,FALSE,TRUE
"TCGA-ET-A3BX","TCGA-ET-A3BX-01A-11R-A19O-07","TCGA-ET-A3BX-01A",-0.245061619232302,0.208715589764143,0.689888338854911,0.646524580070717,-0.76536867225399,-0.277366170544208,-0.798918093308477,2.59373970042118,"RAIR_like_high","TDS_low","TCGA-ET-A3BX","Alive",NA,1596,8791,"male","Stage I","T3","N1a","MX","Papillary adenocarcinoma, NOS","8260/3","no","No",1596,0,"N1","T3_T4","Stage_I_II",TRUE,FALSE,FALSE,FALSE,FALSE,FALSE,FALSE,FALSE,FALSE,FALSE,TRUE
"TCGA-ET-A3DO","TCGA-ET-A3DO-01A-11R-A19O-07","TCGA-ET-A3DO-01A",-1.07418692435402,-0.230137652593323,-0.221289333332238,-0.00614662374130153,-1.07677360179595,1.49423509462127,0.0917546583218896,0.894037707758797,"RAIR_like_high","TDS_low","TCGA-ET-A3DO","Alive",NA,3552,12158,"female","Stage I","T2","NX","MX","Papillary adenocarcinoma, NOS","8260/3","no","No",3552,0,NA,"T1_T2","Stage_I_II",TRUE,FALSE,FALSE,FALSE,FALSE,FALSE,FALSE,FALSE,FALSE,FALSE,TRUE
"TCGA-ET-A3DP","TCGA-ET-A3DP-01A-11R-A21D-07","TCGA-ET-A3DP-01A",0.204153109567309,0.500190899731022,0.972685358612954,0.956834771687167,0.127208527765214,0.208501279408264,0.175023933805457,3.24911175667133,"RAIR_like_high","TDS_high","TCGA-ET-A3DP","Alive",NA,2877,15876,"female","Stage I","T2","NX","MX","Papillary adenocarcinoma, NOS","8260/3","no","No",2877,0,NA,"T1_T2","Stage_I_II",TRUE,FALSE,FALSE,FALSE,FALSE,FALSE,FALSE,FALSE,FALSE,FALSE,TRUE
"TCGA-ET-A3DQ","TCGA-ET-A3DQ-01A-11R-A19O-07","TCGA-ET-A3DQ-01A",0.350837162911096,0.294935598483601,1.59603166774164,0.281599794387599,0.397634068907678,1.29647258673484,0.82694690177756,2.55675491482527,"RAIR_like_high","TDS_high","TCGA-ET-A3DQ","Alive",NA,2581,15871,"female","Stage I","T1","N0","MX","Papillary carcinoma, follicular variant","8340/3","no","No",2581,0,"N0","T1_T2","Stage_I_II",FALSE,FALSE,FALSE,FALSE,FALSE,FALSE,FALSE,FALSE,FALSE,FALSE,FALSE
"TCGA-ET-A3DR","TCGA-ET-A3DR-01A-11R-A19O-07","TCGA-ET-A3DR-01A",0.782328293259457,0.0835619342554701,0.531398994506244,0.309950219373568,0.858594428891698,-0.875147448097571,0.419703832265033,0.170647403894663,"RAIR_like_low","TDS_high","TCGA-ET-A3DR","Alive",NA,2451,15404,"female","Stage I","T1","N1a","MX","Papillary adenocarcinoma, NOS","8260/3","no","No",2451,0,"N1","T1_T2","Stage_I_II",FALSE,FALSE,FALSE,FALSE,FALSE,FALSE,FALSE,FALSE,FALSE,FALSE,FALSE
"TCGA-ET-A3DS","TCGA-ET-A3DS-01A-11R-A19O-07","TCGA-ET-A3DS-01A",1.70819057383269,0.0278623340188939,-1.42333467520039,-1.06306038580216,1.73146889824105,-0.432779181615725,-0.409586502534565,-5.97695303146063,"RAIR_like_low","TDS_high","TCGA-ET-A3DS","Alive",NA,2033,12252,"female","Stage I","T1","N0","MX","Papillary adenocarcinoma, NOS","8260/3","no","No",2033,0,"N0","T1_T2","Stage_I_II",FALSE,FALSE,FALSE,FALSE,FALSE,FALSE,FALSE,FALSE,FALSE,FALSE,FALSE
"TCGA-ET-A3DT","TCGA-ET-A3DT-01A-11R-A19O-07","TCGA-ET-A3DT-01A",-0.775802722679019,-0.12264265781041,-0.299831180338006,-0.0771484200566951,-0.574124746977376,1.6854485658657,0.113869788218016,0.417182233056851,"RAIR_like_low","TDS_low","TCGA-ET-A3DT","Alive",NA,1330,8761,"female","Stage I","T2","N1a","MX","Papillary adenocarcinoma, NOS","8260/3","no","No",1330,0,"N1","T1_T2","Stage_I_II",TRUE,FALSE,FALSE,FALSE,FALSE,FALSE,FALSE,FALSE,FALSE,FALSE,TRUE
"TCGA-ET-A3DU","TCGA-ET-A3DU-01A-11R-A19O-07","TCGA-ET-A3DU-01A",-1.40750185733961,-0.57347324164026,-0.817407026002502,-0.557303553642826,-1.2864246540616,1.40281551954369,-0.0163345129419537,-0.798893054635993,"RAIR_like_low","TDS_low","TCGA-ET-A3DU","Alive",NA,1911,7869,"female","Stage I","T1","N1a","MX","Papillary adenocarcinoma, NOS","8260/3","no","No",1911,0,"N1","T1_T2","Stage_I_II",TRUE,FALSE,FALSE,FALSE,FALSE,FALSE,FALSE,FALSE,FALSE,FALSE,TRUE
"TCGA-ET-A3DV","TCGA-ET-A3DV-01A-12R-A206-07","TCGA-ET-A3DV-01A",0.99302788171971,-0.0323427830792197,-1.00771514756991,0.0246756542018765,0.878262962270431,-1.24353770005649,-0.839272150810765,-2.84930126921708,"RAIR_like_low","TDS_high","TCGA-ET-A3DV","Alive",NA,5068,24905,"female","Stage II","T3","N0","MX","Papillary carcinoma, follicular variant","8340/3","no","No",5068,0,"N0","T3_T4","Stage_I_II",FALSE,FALSE,FALSE,FALSE,FALSE,FALSE,FALSE,FALSE,FALSE,FALSE,FALSE
"TCGA-ET-A3DW","TCGA-ET-A3DW-01A-11R-A19O-07","TCGA-ET-A3DW-01A",-0.569680344816394,-0.685760203925082,-0.157595882276592,0.16541497307409,-0.823186771879193,0.397492305993788,-1.295932153894,-0.239799353207977,"RAIR_like_low","TDS_low","TCGA-ET-A3DW","Alive",NA,752,23603,"male","Stage III","T2","N1","MX","Papillary carcinoma, columnar cell","8344/3","no","No",752,0,"N1","T1_T2","Stage_III_IV",TRUE,FALSE,FALSE,FALSE,FALSE,FALSE,FALSE,FALSE,FALSE,FALSE,TRUE
"TCGA-ET-A40P","TCGA-ET-A40P-01A-11R-A23N-07","TCGA-ET-A40P-01A",0.250390689373057,-0.279973665133324,0.630563964220823,-0.192025360657,0.511200555691331,0.129572639493913,0.0797873758162003,-0.24093944412598,"RAIR_like_low","TDS_high","TCGA-ET-A40P","Alive",NA,1338,11843,"female","Stage I","T2","N0","MX","Papillary carcinoma, follicular variant","8340/3","no","No",1338,0,"N0","T1_T2","Stage_I_II",FALSE,FALSE,FALSE,FALSE,FALSE,FALSE,FALSE,FALSE,FALSE,FALSE,FALSE
"TCGA-ET-A40Q","TCGA-ET-A40Q-01A-11R-A23N-07","TCGA-ET-A40Q-01A",-0.901728301718373,-0.395709461404774,-0.463851192659698,-0.179474655477699,-1.04067608934256,0.758435329305084,0.427382685520822,-0.213284772074543,"RAIR_like_low","TDS_low","TCGA-ET-A40Q","Alive",NA,1407,14136,"male","Stage I","T3","N1b","MX","Papillary carcinoma, columnar cell","8344/3","no","No",1407,0,"N1","T3_T4","Stage_I_II",FALSE,FALSE,FALSE,FALSE,FALSE,FALSE,FALSE,FALSE,FALSE,FALSE,FALSE
"TCGA-ET-A40R","TCGA-ET-A40R-01A-11R-A23N-07","TCGA-ET-A40R-01A",0.836685572977962,-0.088743514095414,0.558352842958386,-0.238199339474848,1.15127837702526,0.375108535340698,0.346504414115004,-0.960004697505153,"RAIR_like_low","TDS_high","TCGA-ET-A40R","Alive",NA,1350,8963,"female","Stage I","T2","N1a","MX","Papillary carcinoma, follicular variant","8340/3","no","No",1350,0,"N1","T1_T2","Stage_I_II",FALSE,FALSE,FALSE,FALSE,FALSE,FALSE,FALSE,FALSE,FALSE,FALSE,FALSE
"TCGA-ET-A40S","TCGA-ET-A40S-01A-11R-A23N-07","TCGA-ET-A40S-01A",-0.0460458038290692,0.107651860663618,0.626755377095456,0.181844313461452,-0.0695275735449717,0.963118518801096,-0.124537458828192,1.36590605039026,"RAIR_like_high","TDS_low","TCGA-ET-A40S","Alive",NA,1223,22733,"male","Stage II","T2","N0","MX","Papillary adenocarcinoma, NOS","8260/3","no","No",1223,0,"N0","T1_T2","Stage_I_II",FALSE,FALSE,FALSE,FALSE,FALSE,FALSE,FALSE,FALSE,FALSE,FALSE,FALSE
"TCGA-ET-A40T","TCGA-ET-A40T-01A-11R-A23N-07","TCGA-ET-A40T-01A",-0.00503243670020278,0.417779797213473,0.580695130325634,0.552621776628775,0.00664958884967254,0.862618179005247,0.989642560482591,2.29044569596281,"RAIR_like_high","TDS_low","TCGA-ET-A40T","Alive",NA,1140,9531,"female","Stage I","T2","N1a","MX","Papillary adenocarcinoma, NOS","8260/3","no","No",1140,0,"N1","T1_T2","Stage_I_II",FALSE,FALSE,FALSE,FALSE,FALSE,FALSE,FALSE,FALSE,FALSE,FALSE,FALSE
"TCGA-ET-A4KN","TCGA-ET-A4KN-01A-11R-A250-07","TCGA-ET-A4KN-01A",-2.57045362628145,-1.97076931946255,-1.82862366423574,-1.78077051601483,-2.30770666494461,0.570083466509508,-0.515820431968873,-4.53321799665565,"RAIR_like_low","TDS_low","TCGA-ET-A4KN","Alive",NA,1009,18889,"female","Stage III","T3","N0","MX","Papillary carcinoma, columnar cell","8344/3","no","No",1009,0,"N0","T3_T4","Stage_III_IV",FALSE,FALSE,FALSE,FALSE,FALSE,FALSE,FALSE,FALSE,FALSE,FALSE,FALSE
"TCGA-ET-A4KQ","TCGA-ET-A4KQ-01A-12R-A250-07","TCGA-ET-A4KQ-01A",1.3136091975134,0.0628932841206992,0.363723640240909,-0.0812054555044494,1.30089510152959,-1.08632633963442,0.35928513807316,-1.44934671212271,"RAIR_like_low","TDS_high","TCGA-ET-A4KQ","Alive",NA,955,16685,"female","Stage II","T2","NX","MX","Papillary carcinoma, follicular variant","8340/3","no","No",955,0,NA,"T1_T2","Stage_I_II",FALSE,FALSE,FALSE,FALSE,FALSE,FALSE,FALSE,FALSE,FALSE,FALSE,FALSE
"TCGA-FE-A22Z","TCGA-FE-A22Z-01A-11R-A16R-07","TCGA-FE-A22Z-01A",-0.657721130474774,0.0682623015548511,0.339710949666351,0.1003228409406,-1.02581797350447,-0.521558927656393,0.888859382213078,1.68739865562399,"RAIR_like_high","TDS_low","TCGA-FE-A22Z","Alive",NA,2243,22286,"female","Stage IVA","T4a","N1","MX","Papillary carcinoma, follicular variant","8340/3","no","No",2243,0,"N1","T3_T4","Stage_III_IV",TRUE,FALSE,FALSE,FALSE,FALSE,FALSE,FALSE,FALSE,FALSE,FALSE,TRUE
"TCGA-FE-A230","TCGA-FE-A230-01A-11R-A14Y-07","TCGA-FE-A230-01A",-0.436262685273683,-0.268483653748672,-0.36748722254126,0.043331659074571,-0.509361379254335,1.01259015857492,-0.791489924007342,-0.230385394047317,"RAIR_like_low","TDS_low","TCGA-FE-A230","Alive",NA,2173,10999,"female","Stage I","T3","N1a","MX","Papillary adenocarcinoma, NOS","8260/3","no","No",2173,0,"N1","T3_T4","Stage_I_II",TRUE,FALSE,FALSE,FALSE,FALSE,FALSE,FALSE,FALSE,FALSE,FALSE,TRUE
"TCGA-FE-A231","TCGA-FE-A231-01A-11R-A14Y-07","TCGA-FE-A231-01A",-0.391466806743154,-0.371605757853542,-0.350006817382519,0.0206337810325587,-0.547463659907263,-0.103579188067927,-1.77858141997961,-0.471933493669423,"RAIR_like_low","TDS_low","TCGA-FE-A231","Alive",NA,961,25703,"male","Stage IVA","T3","N1b","MX","Papillary adenocarcinoma, NOS","8260/3","no","No",961,0,"N1","T3_T4","Stage_III_IV",TRUE,FALSE,FALSE,FALSE,FALSE,FALSE,FALSE,FALSE,FALSE,FALSE,TRUE
"TCGA-FE-A232","TCGA-FE-A232-01A-11R-A14Y-07","TCGA-FE-A232-01A",0.299477662472903,-0.0207433068906539,-0.12801275066105,0.298828528364319,0.525317290024442,0.525616311330337,0.2481550751385,-0.206096800904754,"RAIR_like_low","TDS_high","TCGA-FE-A232","Alive",NA,2424,16280,"female","Stage I","T3","NX","MX","Papillary adenocarcinoma, NOS","8260/3","no","No",2424,0,NA,"T3_T4","Stage_I_II",TRUE,FALSE,FALSE,FALSE,FALSE,FALSE,FALSE,FALSE,FALSE,FALSE,TRUE
"TCGA-FE-A233","TCGA-FE-A233-01A-11R-A14Y-07","TCGA-FE-A233-01A",-0.0786705252402037,1.68195309616117,0.437282630345874,0.629978721276404,-0.319156435816535,-0.397323484157208,-0.498575693683195,4.35376345316778,"RAIR_like_high","TDS_low","TCGA-FE-A233","Alive",NA,751,6770,"female","Stage I","T2","NX","MX","Papillary adenocarcinoma, NOS","8260/3","no","No",751,0,NA,"T1_T2","Stage_I_II",TRUE,FALSE,FALSE,FALSE,FALSE,FALSE,FALSE,FALSE,FALSE,FALSE,TRUE
"TCGA-FE-A234","TCGA-FE-A234-01A-11R-A14Y-07","TCGA-FE-A234-01A",-0.369809149648499,-0.0171734443526935,0.403346680507179,0.751331229652194,-0.642113868398945,0.597183380855657,0.16891141621425,2.17630643415339,"RAIR_like_high","TDS_low","TCGA-FE-A234","Alive",NA,2075,9724,"female","Stage I","T2","N1","MX","Papillary adenocarcinoma, NOS","8260/3","no","No",2075,0,"N1","T1_T2","Stage_I_II",TRUE,FALSE,FALSE,FALSE,FALSE,FALSE,FALSE,FALSE,FALSE,FALSE,TRUE
"TCGA-FE-A235","TCGA-FE-A235-01A-11R-A16R-07","TCGA-FE-A235-01A",-0.344324214091605,0.209436436265048,0.730803001275478,0.523591512701476,0.0359720641352722,0.334748822887531,0.490361444642083,2.61476483598582,"RAIR_like_high","TDS_low","TCGA-FE-A235","Alive",NA,3571,9859,"female","Stage I","T2","N1","MX","Papillary adenocarcinoma, NOS","8260/3","no","No",3571,0,"N1","T1_T2","Stage_I_II",TRUE,FALSE,FALSE,FALSE,FALSE,FALSE,FALSE,FALSE,FALSE,FALSE,TRUE
"TCGA-FE-A236","TCGA-FE-A236-01A-11R-A16R-07","TCGA-FE-A236-01A",-0.158697308526661,1.58539492437366,0.123631315596564,0.228265004732325,-0.379009328802348,0.0479039133144432,-0.0368368984335876,3.29348792249251,"RAIR_like_high","TDS_low","TCGA-FE-A236","Alive",NA,2031,12348,"male","Stage I","T2","N1","MX","Papillary adenocarcinoma, NOS","8260/3","no","No",2031,0,"N1","T1_T2","Stage_I_II",TRUE,FALSE,FALSE,FALSE,FALSE,FALSE,FALSE,FALSE,FALSE,FALSE,TRUE
"TCGA-FE-A237","TCGA-FE-A237-01A-11R-A16R-07","TCGA-FE-A237-01A",-0.109922094068804,0.856580256631943,0.529396593895397,0.627135154432708,-0.084689162141077,0.177675704355966,1.06946369020724,3.19139983407804,"RAIR_like_high","TDS_low","TCGA-FE-A237","Alive",NA,3431,7207,"female","Stage I","T3","N1","MX","Papillary adenocarcinoma, NOS","8260/3","no","No",3431,0,"N1","T3_T4","Stage_I_II",TRUE,FALSE,FALSE,FALSE,FALSE,FALSE,FALSE,FALSE,FALSE,FALSE,TRUE
"TCGA-FE-A238","TCGA-FE-A238-01A-11R-A16R-07","TCGA-FE-A238-01A",-0.0842380985721432,1.66682367184441,0.380702450971271,0.484272115622272,-0.0535565289314741,0.26261356996724,-0.185280486322964,4.0449330464999,"RAIR_like_high","TDS_low","TCGA-FE-A238","Alive",NA,1215,13159,"female","Stage I","T3","N0","MX","Papillary adenocarcinoma, NOS","8260/3","no","No",1215,0,"N0","T3_T4","Stage_I_II",FALSE,FALSE,FALSE,FALSE,FALSE,FALSE,FALSE,FALSE,FALSE,FALSE,FALSE
"TCGA-FE-A239","TCGA-FE-A239-01A-11R-A16R-07","TCGA-FE-A239-01A",1.04294097688846,0.252965486112024,-1.53162265524814,-0.533313206652944,1.08036344901347,-1.31839935551385,-0.665062768495616,-4.00314200666941,"RAIR_like_low","TDS_high","TCGA-FE-A239","Dead",1023,1023,30259,"male","Stage III","T3","N0","MX","Papillary adenocarcinoma, NOS","8260/3","no","No",1023,1,"N0","T3_T4","Stage_III_IV",FALSE,FALSE,FALSE,FALSE,FALSE,FALSE,FALSE,FALSE,FALSE,FALSE,FALSE
"TCGA-FE-A23A","TCGA-FE-A23A-01A-11R-A16R-07","TCGA-FE-A23A-01A",-1.10496066688158,-0.771325027477032,-0.665646249121255,-0.678098000926014,-1.20484853556584,0.712613543774665,-0.496571921931127,-1.53281745076261,"RAIR_like_low","TDS_low","TCGA-FE-A23A","Alive",NA,2489,10177,"female","Stage I","T2","N0","MX","Papillary adenocarcinoma, NOS","8260/3","no","No",2489,0,"N0","T1_T2","Stage_I_II",TRUE,FALSE,FALSE,FALSE,FALSE,FALSE,FALSE,FALSE,FALSE,FALSE,TRUE
"TCGA-FE-A3PA","TCGA-FE-A3PA-01A-12R-A220-07","TCGA-FE-A3PA-01A",-0.0944902054188955,-0.837578033182986,0.155656704007167,-0.0577737901989481,-0.136081293631098,-0.304797128108708,-0.268884754226235,-1.08361556937047,"RAIR_like_low","TDS_low","TCGA-FE-A3PA","Alive",NA,3235,6068,"male","Stage II","T4","N0","M1","Papillary carcinoma, follicular variant","8340/3","no","No",3235,0,"N0","T3_T4","Stage_I_II",FALSE,FALSE,FALSE,FALSE,FALSE,FALSE,FALSE,FALSE,FALSE,FALSE,FALSE
"TCGA-FE-A3PB","TCGA-FE-A3PB-01A-11R-A220-07","TCGA-FE-A3PB-01A",-1.1082943593888,-0.65035372188785,-0.51694839119298,-0.0565780990639368,-1.2279345783715,0.82221015666184,1.28730695437346,-0.211372123509293,"RAIR_like_low","TDS_low","TCGA-FE-A3PB","Alive",NA,2590,12136,"female","Stage I","T3","N1a","MX","Papillary adenocarcinoma, NOS","8260/3","no","No",2590,0,"N1","T3_T4","Stage_I_II",TRUE,FALSE,FALSE,FALSE,FALSE,FALSE,FALSE,FALSE,FALSE,FALSE,TRUE
"TCGA-FE-A3PC","TCGA-FE-A3PC-01A-11R-A220-07","TCGA-FE-A3PC-01A",-0.770961314263089,-1.32402777142734,-0.601557246114539,-0.769734372846061,-0.671474347882558,-0.311168176606897,-0.288385039384505,-2.9613083275534,"RAIR_like_low","TDS_low","TCGA-FE-A3PC","Alive",NA,2606,13817,"female","Stage I","T3","N1","MX","Papillary adenocarcinoma, NOS","8260/3","no","No",2606,0,"N1","T3_T4","Stage_I_II",TRUE,FALSE,FALSE,FALSE,FALSE,FALSE,FALSE,TRUE,FALSE,FALSE,TRUE
"TCGA-FE-A3PD","TCGA-FE-A3PD-01A-11R-A220-07","TCGA-FE-A3PD-01A",0.424507153740741,-0.193658135790752,0.903913030184339,0.212057731571681,0.234130307029306,0.528815170038335,-0.0438745491680605,0.613219615993172,"RAIR_like_high","TDS_high","TCGA-FE-A3PD","Alive",NA,2396,6386,"female","Stage I","T2","N0","MX","Papillary carcinoma, follicular variant","8340/3","no","No",2396,0,"N0","T1_T2","Stage_I_II",FALSE,FALSE,FALSE,FALSE,FALSE,FALSE,FALSE,FALSE,FALSE,FALSE,FALSE
"TCGA-FK-A3S3","TCGA-FK-A3S3-01A-11R-A22L-07","TCGA-FK-A3S3-01A",0.333064202428416,0.0797897996461816,1.31967416252058,0.532848149312885,0.215965499456236,-0.605717102567572,0.276451125703238,2.22999515033183,"RAIR_like_high","TDS_high","TCGA-FK-A3S3","Alive",NA,2162,15853,"female","Stage I","T3","N1b","MX","Papillary carcinoma, follicular variant","8340/3","no","No",2162,0,"N1","T3_T4","Stage_I_II",FALSE,FALSE,FALSE,FALSE,FALSE,FALSE,FALSE,FALSE,FALSE,FALSE,FALSE
"TCGA-FK-A3SB","TCGA-FK-A3SB-01A-11R-A22L-07","TCGA-FK-A3SB-01A",0.236919427586161,0.354890269166134,0.801309344586602,0.870094204363621,0.412194630587976,-0.717025198613886,0.324176146477215,2.60463182685543,"RAIR_like_high","TDS_high","TCGA-FK-A3SB","Alive",NA,125,10293,"female","Stage I","T3","N1a","MX","Papillary adenocarcinoma, NOS","8260/3","no","No",125,0,"N1","T3_T4","Stage_I_II",TRUE,FALSE,FALSE,FALSE,FALSE,FALSE,FALSE,FALSE,FALSE,FALSE,TRUE
"TCGA-FK-A3SD","TCGA-FK-A3SD-01A-11R-A22L-07","TCGA-FK-A3SD-01A",1.02301414815434,-0.240426027612891,-1.13967357082151,-0.949603243513339,1.14904187605825,-1.01154471575617,-0.610500878529598,-4.84867420475458,"RAIR_like_low","TDS_high","TCGA-FK-A3SD","Alive",NA,32,22560,"female","Stage I","T1","N0","M0","Papillary adenocarcinoma, NOS","8260/3","yes","No",32,0,"N0","T1_T2","Stage_I_II",FALSE,FALSE,FALSE,FALSE,FALSE,FALSE,FALSE,FALSE,FALSE,FALSE,FALSE
"TCGA-FK-A3SE","TCGA-FK-A3SE-01A-11R-A22L-07","TCGA-FK-A3SE-01A",0.246440035730848,0.395171736525308,0.905756713345612,0.554041961568695,0.251289179713147,-0.638057639636447,0.420786268870657,2.3311568017099,"RAIR_like_high","TDS_high","TCGA-FK-A3SE","Alive",NA,670,11472,"female","Stage I","T2","N1a","MX","Papillary adenocarcinoma, NOS","8260/3","no","No",670,0,"N1","T1_T2","Stage_I_II",FALSE,FALSE,FALSE,FALSE,TRUE,FALSE,FALSE,FALSE,FALSE,FALSE,TRUE
"TCGA-FK-A3SG","TCGA-FK-A3SG-01A-11R-A22L-07","TCGA-FK-A3SG-01A",-0.0690913782932375,-0.0671549405972828,1.02500250927289,0.409175856497155,0.0194919338291708,-0.412596982351151,-0.504631878202795,1.9980443497987,"RAIR_like_high","TDS_low","TCGA-FK-A3SG","Alive",NA,28,7710,"female","Stage I","T2","N1b","MX","Papillary adenocarcinoma, NOS","8260/3","no","No",28,0,"N1","T1_T2","Stage_I_II",FALSE,FALSE,FALSE,FALSE,FALSE,FALSE,FALSE,FALSE,FALSE,FALSE,FALSE
"TCGA-FK-A3SH","TCGA-FK-A3SH-01A-11R-A22L-07","TCGA-FK-A3SH-01A",-0.484879244660701,-0.124752567589461,0.329422833286998,0.0592841702401058,-0.79992684778478,-0.967418603614857,0.154341128803963,1.04808994314323,"RAIR_like_high","TDS_low","TCGA-FK-A3SH","Alive",NA,1463,18609,"female","Stage III","T2","N1a","MX","Papillary adenocarcinoma, NOS","8260/3","no","No",1463,0,"N1","T1_T2","Stage_III_IV",TRUE,FALSE,FALSE,FALSE,FALSE,FALSE,FALSE,FALSE,FALSE,FALSE,TRUE
"TCGA-FK-A4UB","TCGA-FK-A4UB-01A-11R-A250-07","TCGA-FK-A4UB-01A",-0.225447944618348,-0.961783854831703,-0.326271188120246,-0.499536967722295,-0.17098866123278,-0.639467011159695,-0.794296233093708,-2.40275803203817,"RAIR_like_low","TDS_low","TCGA-FK-A4UB","Alive",NA,3531,18792,"male","Stage III","T3","N1a","MX","Papillary adenocarcinoma, NOS","8260/3","no","No",3531,0,"N1","T3_T4","Stage_III_IV",FALSE,FALSE,FALSE,FALSE,FALSE,FALSE,FALSE,FALSE,FALSE,FALSE,FALSE
"TCGA-FY-A2QD","TCGA-FY-A2QD-01A-11R-A19O-07","TCGA-FY-A2QD-01A",1.30120571665501,-0.025699280106969,-0.72511614752706,-0.404427067478968,1.36234282165887,-1.12927814963062,-1.2674692591479,-3.53892464810414,"RAIR_like_low","TDS_high","TCGA-FY-A2QD","Alive",NA,38,22491,"female",NA,"T1","N0",NA,"Papillary adenocarcinoma, NOS","8260/3","no","No",38,0,"N0","T1_T2",NA,FALSE,FALSE,FALSE,FALSE,FALSE,FALSE,FALSE,FALSE,FALSE,FALSE,FALSE
"TCGA-FY-A3BL","TCGA-FY-A3BL-01A-11R-A19O-07","TCGA-FY-A3BL-01A",-0.145343750897544,-0.762716490138395,-0.320203043487057,-0.368854005983676,-0.212897995275355,-0.52046088241244,-1.30691842421192,-1.99813911616035,"RAIR_like_low","TDS_low","TCGA-FY-A3BL","Alive",NA,621,10667,"male","Stage I","T1","NX","M0","Papillary adenocarcinoma, NOS","8260/3","no","No",621,0,NA,"T1_T2","Stage_I_II",TRUE,FALSE,FALSE,FALSE,FALSE,FALSE,FALSE,FALSE,FALSE,FALSE,TRUE
"TCGA-FY-A3I4","TCGA-FY-A3I4-01A-11R-A21D-07","TCGA-FY-A3I4-01A",0.570673384494973,0.118070913445098,0.63369832283416,0.401662782766723,0.572074516161274,0.243757555685288,1.44177731467843,0.812099315125218,"RAIR_like_high","TDS_high","TCGA-FY-A3I4","Alive",NA,542,12677,"female","Stage I","T2","N0","M0","Papillary adenocarcinoma, NOS","8260/3","no","No",542,0,"N0","T1_T2","Stage_I_II",TRUE,FALSE,FALSE,FALSE,FALSE,FALSE,FALSE,FALSE,FALSE,FALSE,TRUE
"TCGA-FY-A3I5","TCGA-FY-A3I5-01B-11R-A220-07","TCGA-FY-A3I5-01B",0.62242530616446,-0.502936945093534,-1.45079883244426,-1.95132738944843,0.504888493960569,0.478580113480394,-0.121513524470748,-6.58924203278482,"RAIR_like_low","TDS_high","TCGA-FY-A3I5","Alive",NA,238,23654,"female","Stage III","T3","N0","MX","Papillary carcinoma, follicular variant","8340/3","not reported","Not Reported",238,0,"N0","T3_T4","Stage_III_IV",FALSE,FALSE,FALSE,FALSE,FALSE,FALSE,FALSE,FALSE,FALSE,FALSE,FALSE
"TCGA-FY-A3NM","TCGA-FY-A3NM-01A-11R-A21D-07","TCGA-FY-A3NM-01A",1.40999223983014,-0.884250325124865,-1.40077036425466,-1.39304786485458,1.56046347702757,-1.09888786038125,-1.12375366178962,-7.46584875303738,"RAIR_like_low","TDS_high","TCGA-FY-A3NM","Alive",NA,885,17734,"female","Stage III","T3","N0","MX","Papillary adenocarcinoma, NOS","8260/3","no","No",885,0,"N0","T3_T4","Stage_III_IV",FALSE,FALSE,FALSE,FALSE,FALSE,FALSE,FALSE,FALSE,FALSE,FALSE,FALSE
"TCGA-FY-A3NN","TCGA-FY-A3NN-01A-11R-A21D-07","TCGA-FY-A3NN-01A",-0.285627870963428,0.118574467209375,-0.221603139003052,-0.348053106781906,-0.162622416752206,-0.296485895363943,-1.22028805159439,-0.206923382838828,"RAIR_like_low","TDS_low","TCGA-FY-A3NN","Alive",NA,0,17613,"female","Stage III","T1b","N1a","MX","Papillary adenocarcinoma, NOS","8260/3","no","No",0,0,"N1","T1_T2","Stage_III_IV",TRUE,FALSE,FALSE,FALSE,FALSE,FALSE,FALSE,FALSE,FALSE,FALSE,TRUE
"TCGA-FY-A3NP","TCGA-FY-A3NP-01A-11R-A21D-07","TCGA-FY-A3NP-01A",1.31740151958491,0.269817824937977,-0.41606752388624,-0.35639356329393,1.46632176435133,-1.00680597636011,-0.559175562005288,-2.59340172868746,"RAIR_like_low","TDS_high","TCGA-FY-A3NP","Alive",NA,491,25462,"male","Stage I","T1","N0","M0","Papillary carcinoma, follicular variant","8340/3","no","No",491,0,"N0","T1_T2","Stage_I_II",FALSE,TRUE,FALSE,FALSE,FALSE,FALSE,FALSE,FALSE,FALSE,TRUE,TRUE
"TCGA-FY-A3ON","TCGA-FY-A3ON-01A-11R-A220-07","TCGA-FY-A3ON-01A",0.205643305233629,0.488477586159023,0.583980145858523,0.779736271427605,0.121092847970339,0.399502901624037,0.24355553019941,2.43535213000613,"RAIR_like_high","TDS_high","TCGA-FY-A3ON","Alive",NA,595,7403,"male","Stage I","T2","N1","MX","Papillary adenocarcinoma, NOS","8260/3","no","No",595,0,"N1","T1_T2","Stage_I_II",TRUE,FALSE,FALSE,FALSE,FALSE,FALSE,FALSE,FALSE,FALSE,FALSE,TRUE
"TCGA-FY-A3R6","TCGA-FY-A3R6-01A-11R-A220-07","TCGA-FY-A3R6-01A",0.0379011690272838,0.331275239373524,0.285990563120048,0.203664006562386,0.18361378282063,1.71502328414503,0.520515820925709,1.16979073978731,"RAIR_like_high","TDS_high","TCGA-FY-A3R6","Alive",NA,423,21009,"female","Stage IVA","T2","N1b","MX","Papillary adenocarcinoma, NOS","8260/3","no","No",423,0,"N1","T1_T2","Stage_III_IV",FALSE,FALSE,FALSE,FALSE,FALSE,FALSE,FALSE,FALSE,FALSE,FALSE,FALSE
"TCGA-FY-A3R7","TCGA-FY-A3R7-01A-11R-A220-07","TCGA-FY-A3R7-01A",0.754340044919641,0.24576479993835,0.362973542608063,0.201824716416311,0.734235262687493,0.573880910048278,0.720889229442639,0.083193479751025,"RAIR_like_low","TDS_high","TCGA-FY-A3R7","Alive",NA,495,18403,"female","Stage III","T3","N1a","MX","Papillary adenocarcinoma, NOS","8260/3","no","No",495,0,"N1","T3_T4","Stage_III_IV",TRUE,FALSE,FALSE,FALSE,FALSE,FALSE,FALSE,FALSE,FALSE,FALSE,TRUE
"TCGA-FY-A3R8","TCGA-FY-A3R8-01A-11R-A220-07","TCGA-FY-A3R8-01A",-0.527129994801213,-0.331853502849895,0.478787937947981,0.493803348209783,-0.653852853068275,0.409901337364484,0.524990893349963,1.62259767890431,"RAIR_like_high","TDS_low","TCGA-FY-A3R8","Alive",NA,477,22824,"female","Stage III","T3","NX","MX","Papillary adenocarcinoma, NOS","8260/3","no","No",477,0,NA,"T3_T4","Stage_III_IV",TRUE,FALSE,FALSE,FALSE,FALSE,FALSE,FALSE,FALSE,FALSE,FALSE,TRUE
"TCGA-FY-A3R9","TCGA-FY-A3R9-01A-11R-A220-07","TCGA-FY-A3R9-01A",0.247095106614933,-1.42051110960366,-0.635154202143326,-1.91246077742528,0.672282964603026,-1.00919165578095,-0.813407736116786,-6.34529111307944,"RAIR_like_low","TDS_high","TCGA-FY-A3R9","Alive",NA,504,24215,"female","Stage I","T1a","N0","MX","Papillary carcinoma, follicular variant","8340/3","no","No",504,0,"N0","T1_T2","Stage_I_II",FALSE,TRUE,FALSE,FALSE,FALSE,FALSE,FALSE,FALSE,FALSE,TRUE,TRUE
"TCGA-FY-A3RA","TCGA-FY-A3RA-01A-11R-A220-07","TCGA-FY-A3RA-01A",-0.152670149612316,1.52441823721931,0.395693550835055,0.261360791990252,-0.425398780805017,-0.322943269875879,-0.972266805258388,3.60694715757955,"RAIR_like_high","TDS_low","TCGA-FY-A3RA","Alive",NA,550,7900,"female","Stage I","T2","NX","MX","Papillary adenocarcinoma, NOS","8260/3","no","No",550,0,NA,"T1_T2","Stage_I_II",TRUE,FALSE,FALSE,FALSE,FALSE,FALSE,FALSE,FALSE,FALSE,FALSE,TRUE
"TCGA-FY-A3TY","TCGA-FY-A3TY-01A-11R-A22U-07","TCGA-FY-A3TY-01A",0.15755450389927,0.185196772511099,-0.108175956169508,0.385319063822227,0.0477037844386557,0.839000513919362,2.03721156198058,0.488883866645785,"RAIR_like_low","TDS_high","TCGA-FY-A3TY","Alive",NA,709,22556,"female","Stage III","T3","N0","MX","Papillary adenocarcinoma, NOS","8260/3","no","No",709,0,"N0","T3_T4","Stage_III_IV",FALSE,FALSE,FALSE,FALSE,FALSE,FALSE,FALSE,FALSE,FALSE,FALSE,FALSE
"TCGA-FY-A3W9","TCGA-FY-A3W9-01A-11R-A22L-07","TCGA-FY-A3W9-01A",1.09878859503859,0.100800113336968,-0.0849924334256247,0.0903262596600723,1.33556752762662,-1.1039973306573,-0.670198617760304,-1.43250239800307,"RAIR_like_low","TDS_high","TCGA-FY-A3W9","Alive",NA,658,24136,"female","Stage II","T2","N0","MX","Papillary carcinoma, follicular variant","8340/3","no","No",658,0,"N0","T1_T2","Stage_I_II",FALSE,TRUE,FALSE,FALSE,FALSE,FALSE,FALSE,FALSE,FALSE,TRUE,TRUE
"TCGA-FY-A3WA","TCGA-FY-A3WA-01A-11R-A22L-07","TCGA-FY-A3WA-01A",1.43744384331702,0.0710362325450876,-0.161003787871931,-0.771007658993679,1.31360654950717,-0.497968557420275,-0.679860113380709,-3.35414868708918,"RAIR_like_low","TDS_high","TCGA-FY-A3WA","Alive",NA,519,18993,"female","Stage I","T1a","NX","MX","Papillary carcinoma, follicular variant","8340/3","no","No",519,0,NA,"T1_T2","Stage_I_II",FALSE,FALSE,FALSE,FALSE,FALSE,FALSE,FALSE,FALSE,FALSE,FALSE,FALSE
"TCGA-FY-A3YR","TCGA-FY-A3YR-01A-11R-A22U-07","TCGA-FY-A3YR-01A",-1.03048575159504,-0.999531955332473,-0.452012797029254,-0.345371295443022,-1.06798795557968,0.175347225441431,0.43145273480657,-1.22623729828419,"RAIR_like_low","TDS_low","TCGA-FY-A3YR","Alive",NA,528,23395,"female","Stage III","T3","N1a","MX","Papillary adenocarcinoma, NOS","8260/3","no","No",528,0,"N1","T3_T4","Stage_III_IV",FALSE,FALSE,FALSE,FALSE,FALSE,FALSE,FALSE,FALSE,FALSE,FALSE,FALSE
"TCGA-FY-A40K","TCGA-FY-A40K-01A-11R-A23N-07","TCGA-FY-A40K-01A",0.19355219726415,0.0896841033071821,0.309413015708245,0.279292084166371,0.318161775883041,0.424321954261814,0.457079235916294,0.695906936510834,"RAIR_like_high","TDS_high","TCGA-FY-A40K","Alive",NA,461,17092,"female","Stage I","T1a","N0","MX","Papillary adenocarcinoma, NOS","8260/3","no","No",461,0,"N0","T1_T2","Stage_I_II",TRUE,FALSE,FALSE,FALSE,FALSE,FALSE,FALSE,FALSE,FALSE,FALSE,TRUE
"TCGA-FY-A40L","TCGA-FY-A40L-01A-11R-A23N-07","TCGA-FY-A40L-01A",-0.605774556756521,-0.407929001066044,-0.108331976245997,0.00291338294888555,-0.441251208319322,0.462054571130953,0.365257495537847,0.087946170205771,"RAIR_like_low","TDS_low","TCGA-FY-A40L","Alive",NA,726,20243,"female","Stage IVA","T4a","N1b","MX","Papillary adenocarcinoma, NOS","8260/3","no","No",726,0,"N1","T3_T4","Stage_III_IV",FALSE,FALSE,FALSE,FALSE,FALSE,FALSE,FALSE,FALSE,FALSE,FALSE,FALSE
"TCGA-FY-A40M","TCGA-FY-A40M-01A-11R-A23N-07","TCGA-FY-A40M-01A",-0.229228600706243,0.216779538106858,-0.159590528069117,0.16966321837032,-0.844586790376577,-0.700345136176244,-1.23158647559058,0.718371975529811,"RAIR_like_high","TDS_low","TCGA-FY-A40M","Alive",NA,684,18722,"female","Stage I","T1b","N0","MX","Papillary adenocarcinoma, NOS","8260/3","no","No",684,0,"N0","T1_T2","Stage_I_II",FALSE,FALSE,FALSE,FALSE,FALSE,FALSE,FALSE,FALSE,FALSE,FALSE,FALSE
"TCGA-FY-A40N","TCGA-FY-A40N-01A-11R-A23N-07","TCGA-FY-A40N-01A",0.880180247287926,-0.0260688159142148,-0.0280462015190532,-0.338331528768597,0.996142319227954,0.719264754171366,-0.4881440566689,-1.87184976116841,"RAIR_like_low","TDS_high","TCGA-FY-A40N","Alive",NA,579,20320,"female","Stage I","T1a","N0","MX","Papillary carcinoma, follicular variant","8340/3","no","No",579,0,"N0","T1_T2","Stage_I_II",FALSE,FALSE,FALSE,FALSE,FALSE,FALSE,FALSE,FALSE,FALSE,FALSE,FALSE
"TCGA-FY-A4B0","TCGA-FY-A4B0-01A-21R-A23W-07","TCGA-FY-A4B0-01A",0.840189728816787,0.411882366322173,-0.21953032933879,-0.60398318122267,1.06483638078667,-0.121222419000457,0.233776220393156,-1.76170523019013,"RAIR_like_low","TDS_high","TCGA-FY-A4B0","Alive",NA,420,27946,"male","Stage I","T1a","NX","MX","Papillary carcinoma, follicular variant","8340/3","no","No",420,0,NA,"T1_T2","Stage_I_II",FALSE,FALSE,FALSE,FALSE,FALSE,FALSE,FALSE,FALSE,FALSE,FALSE,FALSE
"TCGA-FY-A4B3","TCGA-FY-A4B3-01A-11R-A23W-07","TCGA-FY-A4B3-01A",-0.065193076660741,0.507625026195,0.846091941204079,1.06570344931509,-0.154475090078081,0.0571540196464573,0.642325440195963,3.64427949652273,"RAIR_like_high","TDS_low","TCGA-FY-A4B3","Alive",NA,427,18969,"male","Stage III","T3","N1a","MX","Papillary adenocarcinoma, NOS","8260/3","no","No",427,0,"N1","T3_T4","Stage_III_IV",TRUE,FALSE,FALSE,FALSE,FALSE,FALSE,FALSE,FALSE,FALSE,FALSE,TRUE
"TCGA-FY-A4B4","TCGA-FY-A4B4-01A-11R-A23W-07","TCGA-FY-A4B4-01A",-0.23405086969786,0.190154805832658,0.419672999670054,0.398897834106925,-0.320787014650211,0.646075842215094,-0.0326421005139295,1.81260392274449,"RAIR_like_high","TDS_low","TCGA-FY-A4B4","Alive",NA,657,22830,"female","Stage III","T1b","N1a","MX","Papillary adenocarcinoma, NOS","8260/3","no","No",657,0,"N1","T1_T2","Stage_III_IV",FALSE,FALSE,FALSE,FALSE,FALSE,FALSE,FALSE,FALSE,FALSE,FALSE,FALSE
"TCGA-FY-A76V","TCGA-FY-A76V-01A-11R-A39I-07","TCGA-FY-A76V-01A",0.720139577503933,0.691738453203555,1.04598269409823,0.662198382930644,0.745072542086194,-0.145634084529139,0.349950905460922,2.46529605581622,"RAIR_like_high","TDS_high","TCGA-FY-A76V","Alive",NA,51,19872,"male","Stage II","T2","NX","MX","Papillary adenocarcinoma, NOS","8260/3","yes","No",51,0,NA,"T1_T2","Stage_I_II",FALSE,FALSE,FALSE,FALSE,FALSE,FALSE,FALSE,FALSE,FALSE,FALSE,FALSE
"TCGA-GE-A2C6","TCGA-GE-A2C6-01A-11R-A16R-07","TCGA-GE-A2C6-01A",-0.102672611077108,0.293203290565152,0.446532493383639,0.649956081055659,-0.00597033810321752,1.57108385207554,1.54688999658214,2.19357923459959,"RAIR_like_high","TDS_low","TCGA-GE-A2C6","Alive",NA,381,12068,"female","Stage I","T2","N1b","MX","Papillary adenocarcinoma, NOS","8260/3","no","No",381,0,"N1","T1_T2","Stage_I_II",TRUE,FALSE,FALSE,FALSE,FALSE,FALSE,FALSE,FALSE,FALSE,FALSE,TRUE
"TCGA-H2-A26U","TCGA-H2-A26U-01A-11R-A16R-07","TCGA-H2-A26U-01A",-0.592824877309039,-0.0622467923906231,-0.0140090974103144,0.388085169695046,-0.801980242751747,2.13665297884173,1.02119253200299,1.32398698040395,"RAIR_like_high","TDS_low","TCGA-H2-A26U","Alive",NA,517,19927,"female","Stage III","T3","N0","MX","Papillary adenocarcinoma, NOS","8260/3","no","No",517,0,"N0","T3_T4","Stage_III_IV",TRUE,FALSE,FALSE,FALSE,FALSE,FALSE,FALSE,FALSE,FALSE,FALSE,TRUE
"TCGA-H2-A2K9","TCGA-H2-A2K9-01A-11R-A180-07","TCGA-H2-A2K9-01A",1.05533369284784,0.884657777537402,0.938868363927309,0.330116879904476,0.925350447729405,-0.865903065482615,-0.258857220205436,1.6471934868748,"RAIR_like_high","TDS_high","TCGA-H2-A2K9","Alive",NA,659,9221,"male","Stage I","T2","N1b","MX","Papillary adenocarcinoma, NOS","8260/3","no","No",659,0,"N1","T1_T2","Stage_I_II",FALSE,TRUE,FALSE,FALSE,FALSE,FALSE,FALSE,FALSE,FALSE,TRUE,TRUE
"TCGA-H2-A3RH","TCGA-H2-A3RH-01A-11R-A220-07","TCGA-H2-A3RH-01A",0.535168221552255,0.463762367129025,0.620366864757776,0.456281980374991,0.439999391880053,-0.615074465895158,-0.45703875191092,1.48368689940661,"RAIR_like_high","TDS_high","TCGA-H2-A3RH","Alive",NA,379,15068,"female","Stage I","T1b","N0","M0","Papillary carcinoma, follicular variant","8340/3","no","No",379,0,"N0","T1_T2","Stage_I_II",FALSE,FALSE,FALSE,TRUE,FALSE,FALSE,FALSE,FALSE,FALSE,TRUE,TRUE
"TCGA-H2-A3RI","TCGA-H2-A3RI-01A-11R-A220-07","TCGA-H2-A3RI-01A",-0.0890088818976758,-0.234772138651345,-0.198750961186112,-0.00950799762913366,-0.201375787318296,0.105430194078482,-0.445839377309551,-0.53320579362999,"RAIR_like_low","TDS_low","TCGA-H2-A3RI","Alive",NA,335,10956,"female","Stage I","T3","N0","MX","Papillary adenocarcinoma, NOS","8260/3","no","No",335,0,"N0","T3_T4","Stage_I_II",TRUE,FALSE,FALSE,FALSE,FALSE,FALSE,FALSE,FALSE,FALSE,FALSE,TRUE
"TCGA-H2-A421","TCGA-H2-A421-01A-11R-A23N-07","TCGA-H2-A421-01A",-0.805402467256207,-0.643381126592691,-0.397533869796487,-0.44122452294504,-0.624521994121287,1.09348142413619,0.111831268393628,-1.04991925065883,"RAIR_like_low","TDS_low","TCGA-H2-A421","Alive",NA,610,12657,"female","Stage I","T1b","N1a","M0","Papillary adenocarcinoma, NOS","8260/3","no","No",610,0,"N1","T1_T2","Stage_I_II",TRUE,FALSE,FALSE,FALSE,FALSE,FALSE,FALSE,FALSE,FALSE,FALSE,TRUE
"TCGA-H2-A422","TCGA-H2-A422-01A-11R-A23N-07","TCGA-H2-A422-01A",0.0392458709650813,-0.44976616725573,-0.216816761141149,-0.21095229178766,-0.109117602656266,-0.573581837134636,-1.11998210843364,-1.3901848340415,"RAIR_like_low","TDS_high","TCGA-H2-A422","Alive",NA,566,14721,"female","Stage I","T2","N0","MX","Papillary adenocarcinoma, NOS","8260/3","no","No",566,0,"N0","T1_T2","Stage_I_II",FALSE,FALSE,FALSE,FALSE,FALSE,FALSE,FALSE,FALSE,FALSE,FALSE,FALSE
"TCGA-IM-A3EB","TCGA-IM-A3EB-01A-11R-A206-07","TCGA-IM-A3EB-01A",-0.38731102330339,-0.0685948065967076,0.103604386761307,0.247061319788139,-0.499090996903189,1.03624470093883,-0.372198707184891,0.964445652601394,"RAIR_like_high","TDS_low","TCGA-IM-A3EB","Alive",NA,1488,11822,"female","Stage I","T3","N1a","MX","Papillary adenocarcinoma, NOS","8260/3","no","No",1488,0,"N1","T3_T4","Stage_I_II",TRUE,FALSE,FALSE,FALSE,FALSE,FALSE,FALSE,FALSE,FALSE,FALSE,TRUE
"TCGA-IM-A3ED","TCGA-IM-A3ED-01A-11R-A206-07","TCGA-IM-A3ED-01A",0.179078904151009,0.391501348448755,0.209144910806493,0.739783658681169,0.241222001954252,0.921164459939446,0.39269902340602,1.74701154543743,"RAIR_like_high","TDS_high","TCGA-IM-A3ED","Alive",NA,1442,21278,"female","Stage I","T1","N0","MX","Papillary adenocarcinoma, NOS","8260/3","no","No",1442,0,"N0","T1_T2","Stage_I_II",TRUE,FALSE,FALSE,FALSE,FALSE,FALSE,FALSE,FALSE,FALSE,FALSE,TRUE
"TCGA-IM-A3U2","TCGA-IM-A3U2-01A-21R-A22L-07","TCGA-IM-A3U2-01A",-0.866117597959052,-0.456973155693521,-0.272473011851067,0.112462431433689,-1.00304220716338,-0.555781788828567,0.616140236130795,0.328620311474103,"RAIR_like_low","TDS_low","TCGA-IM-A3U2","Alive",NA,190,32682,"female","Stage IVA","T3","N1b","MX","Papillary carcinoma, columnar cell","8344/3","no","No",190,0,"N1","T3_T4","Stage_III_IV",TRUE,FALSE,FALSE,FALSE,FALSE,FALSE,FALSE,FALSE,FALSE,FALSE,TRUE
"TCGA-IM-A3U3","TCGA-IM-A3U3-01A-11R-A22L-07","TCGA-IM-A3U3-01A",-0.332198911294702,0.213820779709646,0.112746666304558,0.381653905609479,-0.422852813532291,0.580217219831218,0.226521558749055,1.5500049509765,"RAIR_like_high","TDS_low","TCGA-IM-A3U3","Alive",NA,514,20117,"female","Stage I","T1b","N0","MX","Papillary carcinoma, columnar cell","8344/3","no","No",514,0,"N0","T1_T2","Stage_I_II",TRUE,FALSE,FALSE,FALSE,FALSE,FALSE,FALSE,FALSE,FALSE,FALSE,TRUE
"TCGA-IM-A41Y","TCGA-IM-A41Y-01A-11R-A23W-07","TCGA-IM-A41Y-01A",-0.577747672134909,-0.595331696849098,-0.319868165764306,-0.202250253719643,-0.663526685702476,-0.880363172292337,-0.7425479712196,-0.847286674701991,"RAIR_like_low","TDS_low","TCGA-IM-A41Y","Alive",NA,664,15694,"female","Stage I","T3","N1a","MX","Nonencapsulated sclerosing carcinoma","8350/3","no","No",664,0,"N1","T3_T4","Stage_I_II",FALSE,FALSE,FALSE,FALSE,FALSE,FALSE,FALSE,FALSE,FALSE,FALSE,FALSE
"TCGA-IM-A41Z","TCGA-IM-A41Z-01A-11R-A23N-07","TCGA-IM-A41Z-01A",0.496835737012412,1.1017572966922,-0.240799473672717,-0.529857937514123,0.498987396892055,0.804469458410892,-0.872181077631665,-0.065862117419455,"RAIR_like_low","TDS_high","TCGA-IM-A41Z","Alive",NA,946,13704,"female","Stage I","T1b","N0","MX","Papillary carcinoma, follicular variant","8340/3","no","No",946,0,"N0","T1_T2","Stage_I_II",FALSE,FALSE,FALSE,FALSE,FALSE,FALSE,FALSE,FALSE,FALSE,FALSE,FALSE
"TCGA-IM-A420","TCGA-IM-A420-01A-11R-A23N-07","TCGA-IM-A420-01A",-0.726277998757756,0.000569735114947677,-0.323596420635976,-0.2581969641822,-0.874227074812059,0.865184087374496,-0.0637424194229304,0.243004401429104,"RAIR_like_low","TDS_low","TCGA-IM-A420","Alive",NA,250,14332,"female","Stage I","T2","N1a","MX","Papillary adenocarcinoma, NOS","8260/3","no","No",250,0,"N1","T1_T2","Stage_I_II",FALSE,FALSE,FALSE,FALSE,FALSE,FALSE,FALSE,FALSE,FALSE,FALSE,FALSE
"TCGA-IM-A4EB","TCGA-IM-A4EB-01A-11R-A250-07","TCGA-IM-A4EB-01A",-0.906209446211131,-0.810598297887086,-0.267923245644926,-0.212479018694698,-1.06412987115895,0.403601673810061,0.305764602330574,-0.656318582838003,"RAIR_like_low","TDS_low","TCGA-IM-A4EB","Alive",NA,780,13635,"male","Stage I","T3","N1b","MX","Nonencapsulated sclerosing carcinoma","8350/3","no","No",780,0,"N1","T3_T4","Stage_I_II",FALSE,FALSE,FALSE,FALSE,FALSE,FALSE,FALSE,FALSE,FALSE,FALSE,FALSE
"TCGA-J8-A3NZ","TCGA-J8-A3NZ-01A-11R-A21D-07","TCGA-J8-A3NZ-01A",-0.425393329739432,0.190910697495182,0.230446149697739,0.420481846602945,-0.768905157619267,0.203811210308637,-0.23608595381126,1.8680008515687,"RAIR_like_high","TDS_low","TCGA-J8-A3NZ","Alive",NA,524,19058,"female","Stage III","T3","N1a","M0","Papillary adenocarcinoma, NOS","8260/3","yes","No",524,0,"N1","T3_T4","Stage_III_IV",TRUE,FALSE,FALSE,FALSE,FALSE,FALSE,FALSE,FALSE,FALSE,FALSE,TRUE
"TCGA-J8-A3O0","TCGA-J8-A3O0-01A-11R-A21D-07","TCGA-J8-A3O0-01A",0.536022854187245,0.431474969724455,0.175254038646791,0.218338548742806,0.561658491892857,-0.471516326329827,-0.169362963589477,0.470737190703353,"RAIR_like_low","TDS_high","TCGA-J8-A3O0","Alive",NA,1313,14214,"male","Stage I","T2","N0","M0","Papillary carcinoma, follicular variant","8340/3","no","No",1313,0,"N0","T1_T2","Stage_I_II",FALSE,TRUE,FALSE,FALSE,FALSE,FALSE,FALSE,FALSE,FALSE,TRUE,TRUE
"TCGA-J8-A3O1","TCGA-J8-A3O1-01A-11R-A21D-07","TCGA-J8-A3O1-01A",-0.618019697027036,1.95894159210315,0.769266604605692,1.00890242587679,-1.10734817418446,-0.675886915674613,-0.843106419381246,6.60494975733659,"RAIR_like_high","TDS_low","TCGA-J8-A3O1","Alive",NA,827,12113,"female","Stage I","T3","N1b","M0","Papillary adenocarcinoma, NOS","8260/3","no","No",827,0,"N1","T3_T4","Stage_I_II",FALSE,FALSE,FALSE,FALSE,FALSE,FALSE,FALSE,FALSE,FALSE,FALSE,FALSE
"TCGA-J8-A3O2","TCGA-J8-A3O2-01A-11R-A23N-07","TCGA-J8-A3O2-01A",0.248797580941619,0.471844428161608,0.0707287061834982,0.283891042305341,0.164981557703852,0.624787324527223,0.733667933536625,0.91133499926041,"RAIR_like_high","TDS_high","TCGA-J8-A3O2","Alive",NA,342,14339,"male","Stage I","T3","N1b","M0","Papillary adenocarcinoma, NOS","8260/3","no","No",342,0,"N1","T3_T4","Stage_I_II",FALSE,FALSE,FALSE,FALSE,FALSE,FALSE,FALSE,FALSE,FALSE,FALSE,FALSE
"TCGA-J8-A3YD","TCGA-J8-A3YD-01A-11R-A22U-07","TCGA-J8-A3YD-01A",0.973477043368766,-0.0817058713121452,-0.321089818027225,-0.164711046600198,1.15365263822641,-0.762657703477952,0.0262006880057135,-2.24210241949713,"RAIR_like_low","TDS_high","TCGA-J8-A3YD","Alive",NA,968,17416,"female","Stage III","T1b","N1a","M0","Papillary adenocarcinoma, NOS","8260/3","no","No",968,0,"N1","T1_T2","Stage_III_IV",FALSE,FALSE,FALSE,FALSE,FALSE,FALSE,FALSE,FALSE,FALSE,FALSE,FALSE
"TCGA-J8-A3YE","TCGA-J8-A3YE-01A-12R-A23N-07","TCGA-J8-A3YE-01A",-0.370627635476432,1.51316934051954,-0.0717697145405866,-0.429149829745564,-0.686371867969191,-0.605491205307704,-0.933714934756434,2.24960408033527,"RAIR_like_high","TDS_low","TCGA-J8-A3YE","Alive",NA,847,11446,"female","Stage I","T3","N1","M0","Papillary adenocarcinoma, NOS","8260/3","no","No",847,0,"N1","T3_T4","Stage_I_II",TRUE,FALSE,FALSE,FALSE,FALSE,FALSE,FALSE,FALSE,FALSE,FALSE,TRUE
"TCGA-J8-A3YF","TCGA-J8-A3YF-01A-12R-A23N-07","TCGA-J8-A3YF-01A",-0.796141775344651,-0.0440810167905844,0.18606449275735,-0.165894390222624,-0.801112022933461,0.48536441228751,0.307077222784212,1.10618663386434,"RAIR_like_high","TDS_low","TCGA-J8-A3YF","Alive",NA,751,30661,"male","Stage III","T1","N1","M0","Papillary adenocarcinoma, NOS","8260/3","no","No",751,0,"N1","T1_T2","Stage_III_IV",FALSE,FALSE,FALSE,FALSE,FALSE,FALSE,FALSE,FALSE,FALSE,FALSE,FALSE
"TCGA-J8-A3YG","TCGA-J8-A3YG-01A-11R-A22U-07","TCGA-J8-A3YG-01A",-0.0638493260256795,0.125390084821464,0.213646146387741,-0.0152682803465522,-0.172292254737277,0.264356199072788,0.309252832850165,0.564995377187625,"RAIR_like_high","TDS_low","TCGA-J8-A3YG","Alive",NA,678,19785,"female","Stage III","T2","N1a","M0","Papillary adenocarcinoma, NOS","8260/3","no","No",678,0,"N1","T1_T2","Stage_III_IV",FALSE,FALSE,FALSE,FALSE,FALSE,FALSE,FALSE,FALSE,FALSE,FALSE,FALSE
"TCGA-J8-A3YH","TCGA-J8-A3YH-01A-11R-A22U-07","TCGA-J8-A3YH-01A",-0.110581845571672,0.547559108128305,0.451433313505675,0.592282263003057,-0.0716789810671636,-0.53992223714457,0.451685094522594,2.53646503137546,"RAIR_like_high","TDS_low","TCGA-J8-A3YH","Alive",NA,175,14470,"male","Stage I","T3","N1b","M0","Papillary adenocarcinoma, NOS","8260/3","no","No",175,0,"N1","T3_T4","Stage_I_II",TRUE,FALSE,FALSE,FALSE,FALSE,FALSE,FALSE,FALSE,FALSE,FALSE,TRUE
"TCGA-J8-A42S","TCGA-J8-A42S-01A-11R-A23N-07","TCGA-J8-A42S-01A",0.180266088411214,0.385603336184174,0.841141134180688,0.417294446060009,0.212223074627301,-0.475252573567476,0.709720338260633,2.12248075321442,"RAIR_like_high","TDS_high","TCGA-J8-A42S","Alive",NA,75,16609,"male","Stage III","T1b","N1a","MX","Papillary adenocarcinoma, NOS","8260/3","no","No",75,0,"N1","T1_T2","Stage_III_IV",FALSE,FALSE,FALSE,FALSE,FALSE,FALSE,FALSE,FALSE,FALSE,FALSE,FALSE
"TCGA-J8-A4HW","TCGA-J8-A4HW-01A-11R-A250-07","TCGA-J8-A4HW-01A",0.425476180720906,0.315741059845069,0.128384126290562,0.190375047271951,0.267880952140555,-0.883521271270328,0.404330642619334,0.341125340083457,"RAIR_like_low","TDS_high","TCGA-J8-A4HW","Alive",NA,79,21587,"female","Stage III","T2","N1","M0","Papillary adenocarcinoma, NOS","8260/3","yes","No",79,0,"N1","T1_T2","Stage_III_IV",FALSE,FALSE,FALSE,FALSE,FALSE,FALSE,FALSE,FALSE,FALSE,FALSE,FALSE
"TCGA-J8-A4HY","TCGA-J8-A4HY-01A-11R-A250-07","TCGA-J8-A4HY-01A",0.150086606949376,-0.500412697745759,-0.258975419979715,-0.507752805678225,0.235075030230927,-0.0392409100464856,-0.792579269469974,-2.13064822769865,"RAIR_like_low","TDS_high","TCGA-J8-A4HY","Alive",NA,6,25106,"female","Stage IVA","T4a","N1b","MX","Papillary adenocarcinoma, NOS","8260/3","no","No",6,0,"N1","T3_T4","Stage_III_IV",FALSE,FALSE,FALSE,FALSE,FALSE,FALSE,FALSE,FALSE,FALSE,FALSE,FALSE
"TCGA-KS-A41F","TCGA-KS-A41F-01A-11R-A23N-07","TCGA-KS-A41F-01A",-0.934162967644884,-1.15118330589032,-0.632896961569021,-0.851816709040458,-0.769276728359856,-0.886956233257448,-1.34640129962976,-2.60746376546687,"RAIR_like_low","TDS_low","TCGA-KS-A41F","Alive",NA,4367,13545,"female","Stage I","T2","N1","M0","Papillary adenocarcinoma, NOS","8260/3","no","No",4367,0,"N1","T1_T2","Stage_I_II",FALSE,FALSE,FALSE,FALSE,FALSE,FALSE,FALSE,FALSE,FALSE,FALSE,FALSE
"TCGA-KS-A41I","TCGA-KS-A41I-01A-11R-A23N-07","TCGA-KS-A41I-01A",-1.22598146615264,-2.04080055326492,-1.59690708576268,-2.06263567319121,-0.721253925266763,-0.713268729209221,-1.05177389856519,-6.71889014920991,"RAIR_like_low","TDS_low","TCGA-KS-A41I","Alive",NA,486,17196,"female","Stage I","T1","N0","M0","Papillary carcinoma, follicular variant","8340/3","no","No",486,0,"N0","T1_T2","Stage_I_II",FALSE,FALSE,FALSE,FALSE,FALSE,FALSE,FALSE,FALSE,FALSE,FALSE,FALSE
"TCGA-KS-A41J","TCGA-KS-A41J-01A-11R-A23N-07","TCGA-KS-A41J-01A",-0.49657816687847,-0.592188846725572,-0.251499834671538,-0.212920976769448,-0.483205555811195,0.502114467971951,-0.887272978344805,-0.883705038288692,"RAIR_like_low","TDS_low","TCGA-KS-A41J","Alive",NA,477,10411,"female","Stage I","T2","N1","M0","Papillary adenocarcinoma, NOS","8260/3","no","No",477,0,"N1","T1_T2","Stage_I_II",TRUE,FALSE,FALSE,FALSE,FALSE,FALSE,FALSE,FALSE,FALSE,FALSE,TRUE
"TCGA-KS-A41L","TCGA-KS-A41L-01A-11R-A23N-07","TCGA-KS-A41L-01A",0.51546911297651,-1.43994988499982,-1.85829952666515,-1.76034487799483,0.661134823779733,-1.46259713210724,-1.30603023516622,-8.21642311424439,"RAIR_like_low","TDS_high","TCGA-KS-A41L","Alive",NA,3463,14440,"female","Stage I","T2","N0","M0","Papillary carcinoma, follicular variant","8340/3","no","No",3463,0,"N0","T1_T2","Stage_I_II",FALSE,FALSE,FALSE,FALSE,FALSE,FALSE,FALSE,FALSE,FALSE,FALSE,FALSE
"TCGA-KS-A4I1","TCGA-KS-A4I1-01A-11R-A250-07","TCGA-KS-A4I1-01A",-0.615019807680992,0.1062066347113,0.251001525093345,-0.100676064406484,-0.980005027376598,-0.437855854308619,-0.852457462604288,1.26765071175041,"RAIR_like_high","TDS_low","TCGA-KS-A4I1","Alive",NA,812,13538,"female","Stage I","T2","N0","M0","Papillary adenocarcinoma, NOS","8260/3","no","No",812,0,"N0","T1_T2","Stage_I_II",FALSE,FALSE,FALSE,FALSE,FALSE,FALSE,FALSE,FALSE,FALSE,FALSE,FALSE
"TCGA-KS-A4I3","TCGA-KS-A4I3-01A-11R-A250-07","TCGA-KS-A4I3-01A",-0.192722234397656,1.07313598973897,0.00367819701982581,0.141683900510952,-0.357044722251069,-0.310861682487628,-0.120810393014455,2.22624773837389,"RAIR_like_high","TDS_low","TCGA-KS-A4I3","Alive",NA,1329,14992,"male","Stage I","T3","N1","M0","Papillary adenocarcinoma, NOS","8260/3","no","No",1329,0,"N1","T3_T4","Stage_I_II",FALSE,FALSE,FALSE,FALSE,FALSE,FALSE,FALSE,FALSE,FALSE,FALSE,FALSE
"TCGA-KS-A4I5","TCGA-KS-A4I5-01A-11R-A250-07","TCGA-KS-A4I5-01A",-0.297712228325197,-0.283821001426637,1.13758493030908,0.129160681722013,-0.394203464545286,-0.505892335356926,-0.193956091904508,1.724379917857,"RAIR_like_high","TDS_low","TCGA-KS-A4I5","Alive",NA,567,17963,"female","Stage IVA","T1b","N1b","M0","Papillary adenocarcinoma, NOS","8260/3","no","No",567,0,"N1","T1_T2","Stage_III_IV",TRUE,FALSE,FALSE,FALSE,FALSE,FALSE,FALSE,FALSE,FALSE,FALSE,TRUE
"TCGA-KS-A4I7","TCGA-KS-A4I7-01A-11R-A250-07","TCGA-KS-A4I7-01A",-0.0672917448515817,0.0883510180417479,0.748105633761359,0.603333106222098,-0.166039076462561,0.335794762907605,-0.192707389039824,2.15465167868966,"RAIR_like_high","TDS_low","TCGA-KS-A4I7","Alive",NA,987,22398,"female","Stage I","T1b","N0","M0","Papillary adenocarcinoma, NOS","8260/3","no","No",987,0,"N0","T1_T2","Stage_I_II",FALSE,FALSE,FALSE,FALSE,FALSE,FALSE,FALSE,FALSE,FALSE,FALSE,FALSE
"TCGA-KS-A4I9","TCGA-KS-A4I9-01A-11R-A250-07","TCGA-KS-A4I9-01A",-0.467829803369558,-0.546195666154017,-0.066140832316503,-0.232731063400896,-0.64339321238064,-0.029537322265377,-0.529755232935099,-0.627859769210983,"RAIR_like_low","TDS_low","TCGA-KS-A4I9","Alive",NA,2658,16961,"female","Stage I","T1b","N0","M0","Papillary adenocarcinoma, NOS","8260/3","no","No",2658,0,"N0","T1_T2","Stage_I_II",TRUE,FALSE,FALSE,FALSE,FALSE,FALSE,FALSE,FALSE,FALSE,FALSE,TRUE
"TCGA-KS-A4IB","TCGA-KS-A4IB-01A-11R-A250-07","TCGA-KS-A4IB-01A",-0.632255115015524,-0.28488644906193,-0.248037821675038,-0.0600538303224523,-0.380250395469068,-0.580404142357251,-1.59063640536161,0.0411535103467255,"RAIR_like_low","TDS_low","TCGA-KS-A4IB","Alive",NA,2577,15157,"female","Stage I","T2","N1","M0","Papillary adenocarcinoma, NOS","8260/3","no","No",2577,0,"N1","T1_T2","Stage_I_II",TRUE,FALSE,FALSE,FALSE,FALSE,FALSE,FALSE,FALSE,FALSE,FALSE,TRUE
"TCGA-KS-A4IC","TCGA-KS-A4IC-01A-11R-A250-07","TCGA-KS-A4IC-01A",-0.0587744317552653,0.520290120881543,0.0624327325848402,-0.056187818925721,-0.172891618711966,-0.138509420251928,-0.723591993378255,0.926782611157595,"RAIR_like_high","TDS_low","TCGA-KS-A4IC","Alive",NA,1073,16671,"female","Stage III","T1b","N1a","M0","Papillary adenocarcinoma, NOS","8260/3","no","No",1073,0,"N1","T1_T2","Stage_III_IV",FALSE,FALSE,FALSE,FALSE,FALSE,FALSE,FALSE,FALSE,FALSE,FALSE,FALSE
"TCGA-KS-A4ID","TCGA-KS-A4ID-01A-11R-A250-07","TCGA-KS-A4ID-01A",-0.349564997637955,-0.508487038488246,-0.963092434057986,-0.804223945874832,0.0845289388809681,1.03272455839499,-0.945028895398994,-2.81046706700032,"RAIR_like_low","TDS_low","TCGA-KS-A4ID","Alive",NA,1011,20413,"female","Stage I","T1","N0","M0","Papillary carcinoma, follicular variant","8340/3","no","No",1011,0,"N0","T1_T2","Stage_I_II",FALSE,FALSE,FALSE,FALSE,FALSE,FALSE,FALSE,FALSE,FALSE,FALSE,FALSE
"TCGA-L6-A4EP","TCGA-L6-A4EP-01A-11R-A250-07","TCGA-L6-A4EP-01A",-0.414232583838552,-0.376289537922177,0.136266767908853,0.298645397531437,-0.454062400801971,-0.472971596687701,-0.110054907898954,0.629040324755393,"RAIR_like_high","TDS_low","TCGA-L6-A4EP","Alive",NA,1016,15292,"female","Stage I","T2","N0","M0","Papillary adenocarcinoma, NOS","8260/3","no","No",1016,0,"N0","T1_T2","Stage_I_II",TRUE,FALSE,FALSE,FALSE,FALSE,FALSE,FALSE,FALSE,FALSE,FALSE,TRUE
"TCGA-L6-A4EQ","TCGA-L6-A4EQ-01A-11R-A250-07","TCGA-L6-A4EQ-01A",0.0729640555095719,-0.00359074926961533,0.0702795191285673,0.444497340580913,-0.0388161066906072,-0.628250219098095,-0.860489813822378,0.640059925128506,"RAIR_like_high","TDS_high","TCGA-L6-A4EQ","Alive",NA,1228,17351,"male","Stage III","T2","N1a","M0","Papillary adenocarcinoma, NOS","8260/3","no","No",1228,0,"N1","T1_T2","Stage_III_IV",FALSE,FALSE,FALSE,FALSE,FALSE,FALSE,FALSE,FALSE,FALSE,FALSE,FALSE
"TCGA-L6-A4ET","TCGA-L6-A4ET-01A-11R-A250-07","TCGA-L6-A4ET-01A",-0.065029905674225,-0.0397449685072964,0.426085494644466,0.226000848409694,-0.200694973331883,-0.948249421783389,-0.406450484576056,0.947417040003527,"RAIR_like_high","TDS_low","TCGA-L6-A4ET","Alive",NA,664,17978,"female","Stage IVC","T3","NX","M1","Papillary carcinoma, follicular variant","8340/3","yes","No",664,0,NA,"T3_T4","Stage_III_IV",TRUE,FALSE,FALSE,FALSE,FALSE,FALSE,FALSE,FALSE,FALSE,FALSE,TRUE
"TCGA-L6-A4EU","TCGA-L6-A4EU-01A-11R-A250-07","TCGA-L6-A4EU-01A",-0.786714608424842,-0.950864604808064,-0.377247855982856,0.182642196089998,-0.939620190774564,0.225729657472438,0.627384193341219,-0.623059102108307,"RAIR_like_low","TDS_low","TCGA-L6-A4EU","Alive",NA,289,21192,"female","Stage III","T3","N1a","M0","Papillary carcinoma, columnar cell","8344/3","no","No",289,0,"N1","T3_T4","Stage_III_IV",TRUE,FALSE,FALSE,FALSE,FALSE,FALSE,FALSE,FALSE,FALSE,FALSE,TRUE
"TCGA-MK-A4N6","TCGA-MK-A4N6-01A-11R-A250-07","TCGA-MK-A4N6-01A",-0.633765021914262,0.260389428448345,-0.064316091921417,0.642147262928947,-0.719651126843785,0.822447170628985,0.615769708511374,2.21064360216931,"RAIR_like_high","TDS_low","TCGA-MK-A4N6","Alive",NA,1098,12904,"male","Stage I","T3","N1b","M0","Papillary adenocarcinoma, NOS","8260/3","no","No",1098,0,"N1","T3_T4","Stage_I_II",TRUE,FALSE,FALSE,FALSE,FALSE,FALSE,FALSE,FALSE,FALSE,FALSE,TRUE
"TCGA-MK-A4N7","TCGA-MK-A4N7-01A-11R-A250-07","TCGA-MK-A4N7-01A",-0.36059003529091,0.291835187453808,0.695110859514572,0.702340321850865,-0.455577366516124,-0.812492355593278,0.277781789594421,2.98680467252871,"RAIR_like_high","TDS_low","TCGA-MK-A4N7","Alive",NA,987,7570,"female","Stage I","T2","N0","M0","Papillary adenocarcinoma, NOS","8260/3","no","No",987,0,"N0","T1_T2","Stage_I_II",TRUE,FALSE,FALSE,FALSE,FALSE,FALSE,FALSE,FALSE,FALSE,FALSE,TRUE
"TCGA-MK-A4N9","TCGA-MK-A4N9-01A-11R-A250-07","TCGA-MK-A4N9-01A",-0.18371982893006,0.0317283242066915,0.824295508630078,0.358662989971299,-0.403613243515666,-0.365424007586618,0.307991607839706,1.97674748142586,"RAIR_like_high","TDS_low","TCGA-MK-A4N9","Alive",NA,919,15255,"female","Stage I","T3","N1","M0","Papillary adenocarcinoma, NOS","8260/3","no","No",919,0,"N1","T3_T4","Stage_I_II",TRUE,FALSE,FALSE,FALSE,FALSE,FALSE,FALSE,FALSE,FALSE,FALSE,TRUE
"TCGA-MK-A84Z","TCGA-MK-A84Z-01A-11R-A39I-07","TCGA-MK-A84Z-01A",0.688479025506115,-0.434576686247832,0.244197515357924,-0.379046736049519,0.836093254687724,-0.645178409138155,0.130875577092673,-1.93703397195072,"RAIR_like_low","TDS_high","TCGA-MK-A84Z","Alive",NA,728,27185,"male","Stage III","T3","NX","MX","Papillary carcinoma, follicular variant","8340/3","yes","No",728,0,NA,"T3_T4","Stage_III_IV",FALSE,FALSE,FALSE,FALSE,FALSE,FALSE,FALSE,FALSE,FALSE,FALSE,FALSE
"TCGA-QD-A8IV","TCGA-QD-A8IV-01A-11R-A39I-07","TCGA-QD-A8IV-01A",1.14256759572787,0.386421152940267,0.0800632303051303,-0.288094638864482,1.42133266475783,-0.178708885452053,-1.145223855963,-1.37033481996475,"RAIR_like_low","TDS_high","TCGA-QD-A8IV","Alive",NA,392,18288,"female","Stage IVA","T3","N1b","MX","Papillary adenocarcinoma, NOS","8260/3","no","No",392,0,"N1","T3_T4","Stage_III_IV",FALSE,FALSE,FALSE,FALSE,FALSE,FALSE,FALSE,FALSE,FALSE,FALSE,FALSE
