pathway,pval,padj,log2err,ES,NES,size,leadingEdge
REACTOME_RHO_GTPASE_CYCLE,1.44839972715677e-30,1.96837522920604e-27,1.43902565267782,0.555480771480122,1.82440791696351,431,ARHGAP23;PDE5A;RND3;ACTN1;DOCK9;SRGAP2;CDC42EP1;EPHA2;AMIGO2;IQGAP1;STAM;GRB7;DST;ANKLE2;NGEF;WASF1;ARL13B;TMOD3;ARHGAP19;ARMCX3;ARAP1;BAIAP2;STK38;ABR;ARHGAP18;TIAM1;PAK2;PIK3CA;ROCK1;ARHGAP10;IQGAP3;TMPO;CAVIN1;PTK2B;TPM3;DOCK7;PKP4;CDC42EP5;ARHGAP44;ABL2;PEAK1;CDC42EP3;TPM4;BASP1;PLEKHG4;SRC;RASAL2;DLC1;PICALM;ANLN;SEMA4F;DOCK11;RTKN;DIAPH1;MYO6;ESYT1;DSP;RHOU;PIK3R1;SCRIB;PLEKHG1;ABI1;KIDINS220;DSG2;SLC4A7;PLEKHG5;FARP1;ARHGAP17;CAV1;FGD1;AKAP13;SPTAN1;ANKFY1;PARD6B;ARHGAP1;HNRNPC;ECT2;VAMP3;SRGAP3;HSP90AA1;HGS;NET1;ACTG1;DIAPH3;PLXNB1;ARHGEF18;TNFAIP1;RAC2;ARHGAP42;ARHGEF2;PHIP;CDC42BPA;CDC42;ARHGAP32;CDC42EP4;MYO9B;FMNL1;HSP90AB1;CYFIP1;STOM;NCF2;ARHGEF26;TRIO;TRIP10;MSI2;PLXND1;DBN1;WASF2;ITSN1;FERMT2;ABI2;WIPF1;NCK2;SH3PXD2A;PLXNA1;ARHGAP29;RHOA;VRK2;RAC1;NCKAP1;DOCK3;RBMX;TWF1;PLD2;RACGAP1;MTMR1;FMNL2;PLEKHG2;LBR;TUBA1B;ROCK2;LMNB1;FAM91A1;ARHGEF12;STBD1;SNAP23;SENP1;TMEM87A;ERBIN;EPSTI1;CEP97;SOWAHC;RALBP1;DOCK6;CCT6A;STMN2;GOLGA3;JAG1;FNBP1;CUL3;TJP2;RHOG;CCT2;ABCD3;GNA13;GIT1;CDC42BPB;ELMO2;ARHGAP12;RRAS2;CHN2;FAM135A;MAP3K11;CYBB;MPP7;DEPDC1B;LEMD3;ARHGAP45;WASL;KIF14;TOR1AIP1;DIAPH2;ITSN2;VANGL2;UACA;ARHGDIA;CPSF7;SPEN;SWAP70;WIPF2;WDR81;ARHGEF17;PTPN13;GRB2;DOCK4;GJA1;WWP2;ARAP2;SRRM1;CSK;PGRMC2;LMAN1;ARHGAP27;OBSCN;ALS2;CCT7;FNBP1L;OSBPL11;STIP1;USP9X;VAV2;JUP;WDR6;RAB7A;CLTC;ARHGAP30;ARHGDIB;FRS2;RAPGEF1;ARHGAP5;SH3BP1;ACTB;SHKBP1;STAM2;PKN3;SRGAP1;MYO9A;NISCH;NSFL1C;KCTD13;WHAMM;ALDH3A2;VCP;CPD;FGD4;NCKAP1L;BCR;FAM13B;WDR11;CCP110;NCF4;COPS2;LRRC1;CYFIP2;STK10;KTN1;DOCK2;RHOV;PKN2;SOS1;CDC42SE2;FAM169A;SLK;ARHGEF1;ARHGAP21;RNF20
REACTOME_SIGNALING_BY_RECEPTOR_TYROSINE_KINASES,1.39296212159811e-27,9.46517761625917e-25,1.36517960216169,0.533781586155518,1.75665862709008,480,GABRB2;LAMB3;MET;RASA1;STAM;GRB7;PTPRU;ITGA3;ITGA2;NRP2;PTPRK;ARF6;MST1R;LYN;TGFA;WASF1;FYN;PTPRF;EGFR;ELK1;DNMT1;ANOS1;BAIAP2;ATP6V1B2;ERBB3;TIAM1;STAT1;PAK2;FGF2;HIF1A;SPINT1;PIK3CA;MAPKAPK3;ROCK1;FLRT3;LAMA1;PTK2B;DOCK7;HNRNPF;KL;NAB2;GGA3;PTPN12;MYC;AREG;GAB2;TEC;LAMC1;MDK;SRC;PAG1;DIAPH1;HBEGF;STAT3;PDGFC;CTNNB1;JAK3;AKT3;PIK3R1;ABI1;KIDINS220;HNRNPA1;CBL;STAT6;MAPK7;MAPKAPK2;CTNNA1;CAV1;RANBP9;MAPK13;RPS6KA3;YAP1;POLR2D;AP2A1;IGF1R;SH3GL1;SPRED2;FGF9;MAPK1;ATP6V0A2;PRDM1;HSP90AA1;FGFBP1;HGS;MUC20;ACTG1;SPHK1;ITPR2;RIT1;BDNF;ITPR3;HDAC2;SHC3;SHC1;ERBB2;ALKAL2;CDC42;RALA;EREG;ITGAV;STAT5A;IRS2;CYFIP1;ATF1;NCF2;ESR1;NAB1;RAP1B;REST;LAMA5;WASF2;PSEN1;DNM3;ABI2;STMN1;NCK2;PTPN2;RPS6KA2;CHEK1;RHOA;YWHAB;PXN;AP2M1;RAC1;NCKAP1;DOCK3;FGF20;THBS1;DLG4;TCF12;TCIRG1;NRAS;NCSTN;ADAM10;CRKL;RALB;ROCK2;ALK;FER;S100B;FGF18;NEDD4;ERBIN;RBFOX2;ADAM17;EP300;RNF41;THBS2;FAM83A;CDK5R1;SPARC;PTPRO;GAB1;COL3A1;ESRP1;RICTOR;PTBP1;APOE;IDE;GTF2F2;ALKAL1;PIK3C3;ELMO2;FGFRL1;CRK;NCOR1;NCBP2;GIPC1;PTPN1;MTOR;AP2B1;CYBB;PPP2CB;GALNT3;PTK6;TAB2;KRAS;POLR2B;APH1A;DNM2;PTPN11;RAP1A;PTK2;AHCYL1;MEF2D;MAPK14;CLTA;F3;PGR;FLRT2;PTPRS;GRB2;MAP2K1;COL5A1;TRIB1;CSK;PDGFA;LAMB1;PCSK5;BAX;HPN;FAM83D;STAT5B;VAV2;ESRP2;JUP;CREB1;NELFB;PIK3CB;NCBP1;ATP6V1A;AKT1;SOCS6;CLTC;POLR2A;ITCH;DUSP3;EPS15;FRS2;RAPGEF1;JAK2;ACTB;CUL5;STAM2;JUNB;EGR3;LAMA3;COL6A3;CALM1;BCAR1;TIAL1;AP2A2;MEF2A;DUSP7;YES1;NCKAP1L;ADAM12;PPP2R1A;SIN3A;SPRED1;NRP1;ID2;UBC;SPP1;SH2B3;NCF4;GTF2F1;CYFIP2;COL5A2;FGFR3;MKNK1;SOS1;BTC;SHB;USP8;ITGB3;PTPN3;PLCG1;BRAF;CTNND1;COL11A1;HNRNPH1;COL4A4;HNRNPM;TIA1;ATP6V1C1;NCK1
REACTOME_NEUTROPHIL_DEGRANULATION,3.71215568941962e-27,1.68160652730709e-24,1.34992572002205,0.540890989584015,1.77674523119555,438,QSOX1;CD55;CTSH;ALDH3B1;TMC6;IQGAP1;CTSC;HPSE;LGALS3;CD58;SERPINA1;ANXA2;RAB27A;ANO6;PLAUR;SLC15A4;LRG1;RAP2B;CD47;IGF2R;MVP;RAB31;GSN;ROCK1;DEGS1;SLC2A3;ALOX5;PLAU;TIMP2;CAND1;CMTM6;PKM;CAP1;CEACAM6;DIAPH1;STING1;DSP;NBEAL2;S100A11;C3;CCT8;CLEC5A;CHI3L1;TNFRSF1B;ADGRE5;SLPI;VCL;EEF1A1;IDH1;CANT1;QPCT;SPTAN1;PRSS2;PYGB;GYG1;TMEM63A;PNP;MAPK1;SIRPA;PKP1;XRCC5;HSP90AA1;SNAP25;MAN2B1;RAP2C;HGSNAT;CTSS;LCN2;ATP11B;ATG7;TMEM30A;ITGAV;VAT1;ATP11A;HSP90AB1;CYFIP1;STOM;PTAFR;CAB39;ITGAM;RAB18;RAP1B;CTSA;LAMP2;SLC44A2;RAB14;IMPDH2;PSEN1;DERA;RAB3D;FPR1;MNDA;PAFAH1B2;APAF1;FCGR2A;B4GALT1;CAPN1;PSAP;CD59;SERPINB1;ACTR2;LYZ;DYNC1H1;RHOA;RAC1;NPC2;XRCC6;EEF2;SELL;UNC13D;TCIRG1;TNFAIP6;FUCA1;NFKB1;NRAS;NCSTN;PSMD2;OSCAR;ADAM10;HMGB1;PSMD1;SLC27A2;CAT;YPEL5;STBD1;SNAP23;PYGL;CRACR2A;HEXB;AGA;VPS35L;ITGB2;FGR;MCEMP1;CRISPLD2;GDI2;IMPDH1;RHOG;TUBB;C5AR1;KCNAB2;CCT2;LTA4H;OLR1;ATP8B4;S100A9;COPB1;ARSB;DYNC1LI1;CYBB;ACLY;KCMF1;ARHGAP45;ILF2;RAB6A;SNAP29;CDK13;HLA-C;CD33;SCAMP1;ATP8A1;DDX3X;RAP1A;KPNB1;PGM1;TMBIM1;HUWE1;CXCL1;MAPK14;GOLGA7;TCN1;SIGLEC9;ANPEP;GGH;ACP3;VAPA;CD177;HLA-B;PFKL;HK3;OSTF1;HSPA8;PGM2;FCER1G;MME;PGRMC1;PSMD14;JUP;ACTR1B;PSMD7;CD53;RAB7A;CNN2;ITGAX;ADAM8;SVIP;ADGRE3;PSMD11;GLB1;S100P;LILRB3;LAMP1;PRSS3;B2M;S100A8;ACTR10;PPBP;VCP;AP2A2;GCA;MGST1;PRDX6;RETN;NCKAP1L;ARL8A;TMEM179B;C3AR1;ARPC5;PTPRC;ALDOC;PSMD12;SURF4;UBR4;GPR84;TLR2;STK10;CYB5R3;CLEC12A;FGL2;DOCK2;PSMD6;PSMA5;TUBB4B;LAIR1;GLIPR1;FCN1;FPR2;CLEC4D;DNASE1L1;FAF2;HSPA1B;C6orf120;PGAM1;RAB5B;CD300A;SLC11A1;ARSA;PADI2;PRKCD;CHIT1;PSMC2;TYROBP;HRNR;CD93;MMP9;DYNLL1;PDXK;PLEKHO2;VAMP8;RNASE2;PTPN6;CD63;HSPA6;MANBA;IST1;PLAC8;DSN1;VNN1;CTSD;TOLLIP;AP1M1;PRDX4;CSTB;AZU1;AMPD3;ENPP4;LPCAT1
REACTOME_DISEASES_OF_SIGNAL_TRANSDUCTION_BY_GROWTH_FACTOR_RECEPTORS_AND_SECOND_MESSENGERS,2.69112177634367e-22,9.14308623512762e-20,1.22105375677186,0.524051287870201,1.72061808524988,423,TGFBR1;MET;MAMLD1;PAPSS1;MSN;IQGAP1;LYN;TGFA;FYN;ATIC;EGFR;DNMT1;ERBB3;STAT1;SPRED3;FGF2;PIK3CA;LMNA;BCL2L1;FZD6;TPM3;KL;NOX4;MAML2;TPM4;PTPN12;MYC;MCL1;AREG;GAB2;SRC;LMO7;HBEGF;STAT3;STRN;CTNNB1;AKT3;PIK3R1;MPRIP;CBL;VCL;MYH9;MIB1;GSK3B;POLR2D;MAML1;SPRED2;FGF9;MAPK1;AXIN1;HSP90AA1;KIF5B;CNTRL;AGO2;ACTG1;HIP1;RAC2;NPM1;CNKSR2;BDNF;NEURL1;HDAC2;SHC1;ERBB2;CSNK1A1;TNKS;HEY2;ATG7;EREG;STAT5A;IRS2;RNF213;ESR1;KDM7A;ETV6;RAP1B;FXR1;PIK3CD;PSEN1;DUSP8;TP53;PPFIBP1;FOXO3;SMAD3;YWHAB;TGFB1;TLN1;RAC1;FGF20;SNW1;NRAS;NCSTN;PSMD2;ADAM10;PPP1CB;PSMD1;ALK;FGF18;PORCN;DKK2;ERBIN;AGO4;ADAM17;EP300;FAM131B;TNKS2;AKAP9;TPR;CAMK2D;TENT4A;JAG1;GAB1;PRKAR1A;MOV10;ESRP1;RHOG;RICTOR;GTF2F2;NCOR2;RBPJ;BAG4;NCOR1;NCBP2;MTOR;MAP3K11;TBL1XR1;PPP2CB;CD86;PSMC6;CPSF6;GCC2;KRAS;POLR2B;APH1A;SHOC2;EML4;HEYL;PTPN11;RAP1A;PPP2R5E;CUL1;NF1;FGFR1OP2;TRIP11;DHH;DCTN1;GRB2;LRRFIP1;MAP2K1;CSK;PDGFA;PSMC1;TYK2;CREBBP;PSMD14;MECP2;CDKN1A;STAT5B;FIP1L1;CREB1;RANBP2;PSMD7;AGO1;PIK3CB;BIRC6;FOXM1;NCBP1;RAF1;AKT1;CLTC;POLR2A;CEBPB;PIK3R5;PSMD11;CHUK;ARRB2;TRAK1;ZC3HAV1;FRS2;HDAC7;JAK2;NEURL1B;DUSP16;ACTB;FOXO4;JUNB;CALM1;LRP5;KREMEN2;VCP;AGGF1;DUSP7;YES1;BCR;BCL2A1;BRAP;GOLGB1;PPP2R1A;PSMB2;CTBP2;SPRED1;PTEN;HDAC6;UBC;AMER1;PSMD12;QKI;PPM1B;GTF2F1;MAML3;CTBP1;ARAF;KANK1;FGFR3;SOS1;BTC;PSMD6;PSMA5;SQSTM1;ITGB3;PLCG1;BRAF;BCL2L11;WDR48;TBL1X;RB1;PSMD8;KREMEN1;CNKSR1;MRAS;KIAA1549;AGO3;SMAD4;MAPK9;PSMC2;TCF7L2;TFG;VAV1;MDM2;ZMYM2;CDK8;PTPN6;CD80;NTF3;JAG2;CCNB1;POLR2E;PPP2R5C;PPP2R1B;MYO18A;PIK3R6;SMAD2;PSMA4;PDPK1;AGTRAP;SKP1;NTRK2;CLCN6;PSMA3;PSMD3;AP3B1;FGF1;POLR2C;SND1;BIN2;CLIP1;PIM1
REACTOME_SIGNALING_BY_INTERLEUKINS,3.81279525622954e-22,1.03631775064319e-19,1.22105375677186,0.526599638502266,1.72712693499323,409,IL1RAP;ICAM1;ANXA1;NOD1;PELI1;MSN;TNFRSF1A;OSMR;LYN;FYN;ANXA2;RIPK2;ELK1;IL4R;PTPN14;STAT1;PAK2;FGF2;HIF1A;IL13RA1;PIK3CA;CSF2;MAPKAPK3;BCL2L1;MTAP;IRAK2;PTGS2;PTK2B;HNRNPF;ALOX5;LIF;CLCF1;TIMP1;PTPN12;MYC;MCL1;MYD88;GAB2;TEC;CRLF2;JAK1;YWHAZ;STAT3;CXCL2;RELA;JAK3;CXCL8;RHOU;SMARCA4;PIK3R1;STX3;IL1RN;TNFRSF1B;CRLF1;CBL;STAT6;MAPK7;MAPKAPK2;IL36RN;MUC1;CASP8;CASP3;CCR1;EBI3;IL1RL1;MAP3K7;RPS6KA3;MAPK1;CAPZA1;IL23A;HSP90AA1;MAP3K3;IL6ST;SNAP25;IL1R1;STAT4;SHC1;SOCS5;LCN2;NFKB2;CDC42;RALA;STAT5A;IRS2;ATF1;STAT2;PTAFR;ITGAM;RAP1B;USP14;PIK3CD;LAMA5;TP53;FPR1;CCL20;FOXO3;PTPN2;RPS6KA2;N4BP1;SMAD3;IL18R1;TGFB1;IL1R2;IKBIP;NFKB1;IL1RL2;PSMD2;INPP5D;TCP1;CTF1;HMGB1;IL2RA;MAP2K7;PSMD1;CRKL;S100B;LMNB1;MAP2K4;TBK1;IFNLR1;RPLP0;S1PR1;BCL6;FBXW11;ITGB2;IL17RA;IL27RA;LCP1;CSF1;GATA3;TAB3;HNRNPDL;CCL22;CSF2RB;CNTF;CRK;MAP2K3;PPP2CB;CD86;HCK;PSMC6;IL2RB;TAB2;IL6R;PITPNA;HMOX1;IL18;CSF2RA;PTPN11;CUL1;TXLNA;CXCL1;MAPK14;PTPN13;CSF1R;GRB2;MAP2K1;HSPA8;MMP2;OSM;PSMC1;TYK2;PSMD14;CDKN1A;STAT5B;CREB1;PSMD7;IL7;APP;PIK3CB;CNN2;IL7R;ITGAX;IL15RA;AKT1;ALPK1;PSMD11;CHUK;IRAK4;DUSP3;RAPGEF1;IL6;JAK2;CD4;NOD2;JUNB;VAMP7;SERPINB2;SOCS3;MEF2A;DUSP7;PTPN5;YES1;PTPN23;PPP2R1A;PSMB2;NLRC5;UBC;PSMD12;USP18;HNRNPA2B1;BTRC;F13A1;LGALS9;IL17RB;SOS1;PSMD6;TAB1;PSMA5;SQSTM1;SOD2;STX4;CCL2;IL11;IL10RB;PSMD8;AGER;NLRX1;UBE2N;IL22RA2;BIRC5;IL17RE;MAPK9;PSMC2;IL1A;POU2F1;VCAM1;PDCD4;CFL1
REACTOME_M_PHASE,3.46557473765524e-19,7.84952678078912e-17,1.13308993200902,0.520549935872428,1.70286832711135,369,RCC2;ANKLE2;TUBB6;NDEL1;DYNC1I2;LMNA;SEH1L;TMPO;TUBA1A;PLK4;ZWILCH;UBE2D1;RCC1;KIF23;CDK5RAP2;KIF18A;LPIN2;ERCC6L;NDE1;KNTC1;NUP188;CSNK1E;UBE2I;KIF2A;CKAP5;YWHAG;CENPH;CC2D1B;CNEP1R1;NCAPG2;MAPK1;KNL1;ANAPC1;HSP90AA1;CEP76;CNTRL;SMC4;PCM1;ZW10;CENPI;NUP205;HAUS6;SMC2;ALMS1;SET;NUP98;HAUS2;PDS5A;NDC1;SPAST;CHMP4C;PHF8;BUB1;DYNC1H1;VRK2;TUBB3;NEDD1;NUP107;NEK7;TUBA1C;CEP41;CENPK;SGO2;PDS5B;PSMD2;SMC3;GORASP2;RANGAP1;LBR;PSMD1;TUBA1B;LMNB1;NCAPH;CENPF;CENPL;ARPP19;NUP62;VRK1;RAN;HAUS4;CENPN;AKAP9;UBE2E1;MZT1;TPR;TUBB;MAD2L1;MAU2;PPP2R2A;CDCA5;NCAPD2;BUB1B;CHMP3;NUMA1;NUP54;CENPP;CEP135;BUB3;CDCA8;TAOK1;CLASP1;DYNC1LI1;POM121C;CEP192;LEMD3;PPP2CB;PSMC6;TUBA4A;STAG1;XPO1;NUP85;NUP133;STAG2;NUP43;CENPQ;CEP164;CSNK1D;NUP58;EML4;PPP2R5E;KPNB1;CSNK2A1;PCNT;NEK6;TUBGCP4;WAPL;TUBGCP3;DCTN1;NCAPG;ODF2;NUP155;NUP93;CSNK2A2;CEP63;MASTL;LPIN1;PSMC1;PSMD14;KIF20A;NUF2;CDC16;RANBP2;PSMD7;RAD21;MCPH1;NEK2;SMC1A;CENPE;NUP160;PSMD11;CEP57;NDC80;BLZF1;NIPBL;SGO1;NUP153;FBXO5;AHCTF1;CCNB2;HAUS5;UBE2C;HAUS1;RPS27;CEP78;SFI1;SPC24;H3-3A;PPP2R1A;PSMB2;AURKB;CHMP2B;KIF2C;UBC;ESPL1;PSMD12;NUP35;CCP110;PAFAH1B1;ACTR1A;GOLGA2;CENPU;DYNC1LI2;H3-3B;NCAPD3;POM121;CLASP2;PSMD6;PSMA5;TUBB4B;CENPA;CHMP6;NUP214;SKA1;NSL1;CHMP7;SPC25;RB1;PSMD8;NME7;TUBB2A;BIRC5;USO1;PSMC2;NUP37;CENPO;HAUS3;CENPC;PRKAR2B;DYNLL1;TUBGCP6;NUP50;CDK1;IST1;CDC27;DSN1;CCNB1;PLK1;PPP2R5C;PPP2R1B;SPDL1;PSMA4;CTDNEP1;PSMA3;PSMD3;SEC13;CLIP1;H2AX;OFD1;LEMD2;PPP2R5D;RAB2A;PSMA7;ANAPC4;DCTN2;TNPO1;NUP42;CDC23;NCAPH2;MAPRE1;ZWINT;ADRM1;YWHAE;BANF1;PRKACA;PSMD13;CEP250;RAB1B;PPP2CA;NUP88;PPP2R5A;CENPM;ANAPC5;PSMA6
REACTOME_CELL_CYCLE_CHECKPOINTS,2.81373534134324e-18,5.46266618412208e-16,1.10533657731401,0.544751941959831,1.76562124921129,276,RCC2;PLK3;CCNA1;MCM4;RBBP8;NDEL1;DYNC1I2;SEH1L;ZWILCH;SFN;UBE2D1;YWHAH;MCM6;KIF18A;YWHAZ;ERCC6L;NDE1;KNTC1;CDK2;MCM5;CSNK1E;KIF2A;MCM2;CKAP5;YWHAG;CENPH;GSK3B;RFC3;RMI2;KNL1;ANAPC1;MCM3;CDC7;CHEK2;CSNK1A1;MCM7;ZW10;CENPI;RHNO1;WRN;NUP98;WEE1;TP53;ORC1;NBN;TOPBP1;BARD1;CHEK1;BUB1;DYNC1H1;YWHAB;BLM;RAD1;NUP107;CENPK;SGO2;PSMD2;RANGAP1;PSMD1;RNF168;BRIP1;CENPF;CENPL;MRE11;CLSPN;YWHAQ;DBF4;FBXW11;CENPN;RFC4;PKMYT1;UBE2E1;ATM;MAD2L1;MCM10;ABRAXAS1;PHF20;CCNA2;ORC6;BUB1B;CENPP;BUB3;CDCA8;TAOK1;CLASP1;DYNC1LI1;CCNE2;PPP2CB;PSMC6;CDC45;XPO1;NUP85;NUP133;RFC2;ORC3;RPA1;NUP43;RAD50;CENPQ;UIMC1;TP53BP1;PPP2R5E;CUL1;GTSE1;MAPK14;EXO1;PSMC1;PSMD14;CDKN1A;NUF2;CDC16;BABAM2;RANBP2;PSMD7;COP1;CENPE;NUP160;PSMD11;NDC80;RMI1;SGO1;CDC6;AHCTF1;CCNB2;UBE2C;TOP3A;RPS27;SPC24;PPP2R1A;PSMB2;AURKB;KIF2C;HUS1;UBC;PSMD12;CDKN2A;PAFAH1B1;HERC2;CENPU;BTRC;DYNC1LI2;CLASP2;PSMD6;PSMA5;CENPA;BRCC3;RAD9B;SKA1;NSL1;PIAS4;SPC25;PSMD8;ATR;KAT5;UBE2N;ORC4;BIRC5;PSMC2;NUP37;CENPO;CENPC;MDM2;DYNLL1;CDK1;CDC27;DSN1;CCNB1;PLK1;PPP2R5C;PPP2R1B;RPA2;SPDL1;UBE2V2;PSMA4;DNA2;SKP1;PSMA3;PSMD3;SEC13;CLIP1;RAD17;H2AX;MDM4;PPP2R5D;PSMA7;MDC1;ANAPC4;CDC23;MAPRE1;ZWINT;ADRM1;CDC25C;YWHAE;PSMD13;CDKN1B;RNF8;PPP2CA;MCM8;PPP2R5A;CENPM;ANAPC5;PSMA6;PCBP4;CCNE1;PPP1CC;ORC2;ITGB3BP;PSMB5
REACTOME_TRANSCRIPTIONAL_REGULATION_BY_TP53,8.8719394014122e-18,1.5071207058149e-15,1.0864405425825,0.518361057016671,1.69353128284771,348,BID;TNFRSF10A;FAS;PLK3;GATAD2A;PERP;CCNA1;TNFRSF10B;RBBP8;FANCD2;PMAIP1;GLS;TP53BP2;SFN;YWHAH;MEAF6;YWHAZ;CDK7;GADD45A;AKT3;CDK2;PPP1R13L;DDB2;RABGGTA;FANCI;DYRK2;YWHAG;RFC3;POLR2D;RMI2;ELL;PRDM1;RABGGTB;PIP4K2A;HIPK2;AGO2;NPM1;HDAC2;MSH2;CHEK2;SUPT16H;RHNO1;WRN;TP63;MTA2;TP53;CARM1;APAF1;TNFRSF10D;NBN;CNOT6;TOPBP1;BARD1;CHEK1;TP53RK;YWHAB;TNKS1BP1;BLM;RAD1;CNOT8;CNOT6L;PLK2;E2F7;BRIP1;MRE11;CASP6;KAT6A;BBC3;AGO4;TAF15;EP300;YWHAQ;RNF34;GATAD2B;CCNH;BCL6;CDK5R1;RRAGC;RFC4;JMY;BRPF3;PCNA;MOV10;TP53I3;TP53INP1;ATM;CHM;SLC38A9;RICTOR;DDIT4;GTF2F2;PHF20;CCNA2;RHEB;ERCC3;GTF2H3;TAF1;CNOT10;CNOT11;CDK12;MTOR;NELFA;CCNE2;TNFRSF10C;PPP2CB;RBBP4;PML;NLRC4;RFC2;PIP4K2B;CCNG1;POLR2B;RPA1;RAD50;CASP2;CDK13;CCNK;SETD9;CCNT1;CSNK2A1;BRD7;MAPK14;RBBP7;TAF4;NOC2L;CCNT2;EXO1;BNIP3L;RBL2;CSNK2A2;SUPT5H;TPX2;BAX;CREBBP;PRELID3A;CDKN1A;BRD1;E2F8;TAF7;TAF12;CNOT7;AGO1;NELFB;MAPKAPK5;TAF9B;AKT1;EHMT2;POLR2A;TAF6;RMI1;SESN3;CDK9;RBL1;CNOT1;SSRP1;NDRG1;PIP4P1;TAF2;CNOT2;TAF13;TOP3A;PRKAA1;HIPK1;GLS2;PIP4K2C;RRM2B;PPP2R1A;AURKB;HUS1;PTEN;GSR;UBC;CDKN2A;RRAGB;TAF3;GTF2F1;CASP10;PRKAB1;TBP;SMYD2;TNRC6B;TAF9;TIGAR;RAD9B;RPTOR;TCEA1;ATR;KAT5;TP73;PRMT5;AGO3;BIRC5;USP7;ELOC;PRMT1;MDM2;E2F4;ARID3A;E2F1;CNOT9;COX7A2L;MNAT1;CDK1;RRAGA;TAF5;PLAGL1;SESN2;CCNB1;POLR2E;CNOT3;PPP2R5C;PPP2R1B;PRKAG1;RPA2;CTDP1;PDPK1;TFDP1;STK11;DNA2;BTG2;EHMT1;TFDP2;POLR2C;RAD17;ING2;RFFL;MDM4;BRPF1
REACTOME_INTERFERON_SIGNALING,1.94999268810882e-17,2.94448895904432e-15,1.07686819261983,0.54868275073691,1.77555431954236,259,ICAM1;FLNA;IFIT5;TUBB6;IRF5;STAT1;SEH1L;IFNGR1;TUBA1A;SFN;SP100;JAK1;TRIM14;KPNA2;STAT3;NUP188;FANCE;TRIM35;OAS3;IFIT2;UBE2I;TRIM38;TRIM22;GBP2;MAPK1;KPNA1;GBP3;ADAR;TRIM29;ACTG1;SPHK1;NPM1;IFIH1;EIF4G1;HLA-G;NUP205;TRIM21;STAT2;IFIT3;PTAFR;SAMHD1;ARIH1;NUP98;ABCE1;RSAD2;NDC1;TP53;PTPN2;TUBB3;NUP107;EIF4A2;TUBA1C;EIF4A3;HERC5;IFNAR1;EIF2S2;IFNGR2;TRIM46;UBE2L6;TUBA1B;BECN1;EIF2AK2;NEDD4;NUP62;FANCA;TRIM17;EIF4E3;IFNAR2;UBE2E1;TPR;CAMK2D;ILF3;ATF6;EIF2S3;PSMB8;DHX9;NUP54;HLA-H;PTPN1;POM121C;PPP2CB;FANCM;TUBA4A;PML;NUP85;NUP133;NUP43;PRKRA;ILF2;HLA-DRA;HLA-C;HLA-DQB2;NUP58;HLA-DQA1;PTPN11;KPNB1;TRIM8;HLA-B;NUP155;NUP93;HSPA8;KPNA4;MX2;IFNA1;TYK2;RANBP2;RAF1;EIF4G2;KPNA3;IFI44;MX1;NUP160;PDE12;TRIM62;OASL;CHUK;HLA-DRB1;FLNB;NUP153;B2M;OAS1;JAK2;ACTB;SOCS3;TRIM5;FANCL;PPP2R1A;HLA-DPA1;HLA-DRB5;FKBP5;CIITA;FAAP24;UBC;NUP35;USP18;HLA-DQB1;PPM1B;IRF2;IFIT1;IRF6;POM121;TUBB4B;EIF2S1;HLA-A;IFITM1;NUP214;PLCG1;EIF4A1;HSPA1B;IP6K2;OAS2;TUBB2A;NCK1;UBE2N;FNTA;TRIM26;YBX1;PRKCD;IRF7;NUP37;VCAM1;HLA-E;PIAS1;IRF3;IKBKB;IKBKG;FURIN;PTPN6;HLA-DQA2;NUP50;CDK1;IRF9;UBA7;PPP2R1B;RNASEL;IRF8;XAF1
REACTOME_SARS_COV_INFECTIONS,2.78749671777296e-17,3.78820803945345e-15,1.06720998682811,0.492106880645059,1.61668569458234,440,RUNX1;SDC4;SDC3;NOD1;MGAT4B;SEC23A;PARP4;TUSC3;RIPK2;GATAD2A;ANO6;PARP14;PARP9;STAT1;ZDHHC20;ROCK1;BCL2L1;SEH1L;IFNGR1;IRAK2;SFN;YWHAH;FUT8;JAK1;YWHAZ;STING1;KPNA2;ATP1B3;AGRN;RELA;JAK3;AKT3;NUP188;HNRNPA1;EEF1A1;UBE2I;CAV1;YWHAG;MAP3K7;GSK3B;AP2A1;SRPK1;ZDHHC2;TJP1;PATJ;HSP90AA1;VPS41;IL1R1;NPM1;IFIH1;HDAC2;HLA-G;CSNK1A1;NUP205;MGAT4C;HSP90AB1;MAP1LC3B;STAT2;NUP98;MTA2;G3BP1;REST;NDC1;IMPDH2;CHMP4C;ZDHHC5;SMAD3;YWHAB;AP2M1;SP1;NUP107;ARID4A;IFNAR1;NFKB1;IFNGR2;RCOR1;ROCK2;BECN1;NMI;NUP62;NLRP3;TBK1;EP300;RPS4X;YWHAQ;GATAD2B;S1PR1;IFNAR2;IL17RA;ARID4B;TPR;CUL3;IMPDH1;TAB3;TUBB;SERPINE1;SEC24B;IKBKE;CNBP;EDEM2;PIK3C3;PPIG;SEC24D;CHMP3;NUP54;MGAT4A;CRB3;SNRPD1;POM121C;AP2B1;RBBP4;PSMC6;TAB2;IL6R;BRD4;NUP85;NUP133;ANO8;NUP43;GEMIN5;SEC24A;HLA-C;NUP58;PTGES3;PTPN11;VPS33A;KPNB1;GOLGA7;RBBP7;ZDHHC8;GALNT1;GRB2;HLA-B;GJA1;ANO7;NUP155;NUP93;IFNA1;GPC5;TYK2;RPS2;CREBBP;KEAP1;SEC24C;VPS18;RANBP2;RPS12;NLRP12;AKT1;KDM1A;SAP30L;NUP160;G3BP2;CHUK;ITCH;GPC4;NUP153;RPS9;B2M;SUDS3;JAK2;NOD2;RPS5;SRPK2;ATG14;RPS27;VCP;AP2A2;HSPG2;ATP1B1;RPS8;TMPRSS2;CHMP2B;NRP1;DDX5;UBC;NUP35;TLR1;VPS11;TLR2;RPS3;ITGA4;PHF21A;ZDHHC9;ST6GALNAC4;POM121;SOS1;TAB1;CHMP6;HLA-A;MGAT5;NUP214;SMN1;RPSA;GANAB;CHMP7;GEMIN2;COMT;DDX20;RB1;NCK1;UBE2N;RIPK1;MTA1;SNRPE;ANO1;FNTA;CRBN;SMAD4;IRF7;PRMT1;NUP37;VHL;BTK;PARP6;VAV1;HLA-E;MOGS;PIK3R4;IRF3;IKBKB;IKBKG;FURIN;TLR8;PTPN6;NFE2L2;NUP50;RPS18;GPC6;RPS25;VPS39;GEMIN4;ATP1A1;RPN2
REACTOME_MITOTIC_PROMETAPHASE,7.79294840011336e-17,9.62783352341278e-15,1.05746357275086,0.576862929266888,1.84896935195596,193,RCC2;TUBB6;NDEL1;DYNC1I2;SEH1L;TUBA1A;PLK4;ZWILCH;CDK5RAP2;KIF18A;ERCC6L;NDE1;KNTC1;CSNK1E;KIF2A;CKAP5;YWHAG;CENPH;KNL1;HSP90AA1;CEP76;CNTRL;SMC4;PCM1;ZW10;CENPI;HAUS6;SMC2;ALMS1;NUP98;HAUS2;PDS5A;BUB1;DYNC1H1;TUBB3;NEDD1;NUP107;NEK7;TUBA1C;CEP41;CENPK;SGO2;PDS5B;SMC3;RANGAP1;TUBA1B;NCAPH;CENPF;CENPL;HAUS4;CENPN;AKAP9;MZT1;TUBB;MAD2L1;CDCA5;NCAPD2;BUB1B;NUMA1;CENPP;CEP135;BUB3;CDCA8;TAOK1;CLASP1;DYNC1LI1;CEP192;PPP2CB;TUBA4A;STAG1;XPO1;NUP85;NUP133;STAG2;NUP43;CENPQ;CEP164;CSNK1D;EML4;PPP2R5E;CSNK2A1;PCNT;NEK6;TUBGCP4;WAPL;TUBGCP3;DCTN1;NCAPG;ODF2;CSNK2A2;CEP63;NUF2;RANBP2;RAD21;NEK2;SMC1A;CENPE;NUP160;CEP57;NDC80;SGO1;AHCTF1;CCNB2;HAUS5;HAUS1;RPS27;CEP78;SFI1;SPC24;PPP2R1A;AURKB;KIF2C;CCP110;PAFAH1B1;ACTR1A;CENPU;DYNC1LI2;CLASP2;TUBB4B;CENPA;SKA1;NSL1;SPC25;NME7;TUBB2A;BIRC5;NUP37;CENPO;HAUS3;CENPC;PRKAR2B;DYNLL1;TUBGCP6;CDK1;DSN1;CCNB1;PLK1;PPP2R5C;PPP2R1B
REACTOME_MITOTIC_METAPHASE_AND_ANAPHASE,4.48034489428991e-16,5.07399059278332e-14,1.02766987054358,0.560617594414457,1.80299282743017,215,RCC2;ANKLE2;TUBB6;NDEL1;DYNC1I2;LMNA;SEH1L;TMPO;TUBA1A;ZWILCH;UBE2D1;RCC1;KIF18A;ERCC6L;NDE1;KNTC1;NUP188;UBE2I;KIF2A;CKAP5;CENPH;CC2D1B;KNL1;ANAPC1;ZW10;CENPI;NUP205;NUP98;PDS5A;NDC1;SPAST;CHMP4C;BUB1;DYNC1H1;VRK2;TUBB3;NUP107;TUBA1C;CENPK;SGO2;PDS5B;PSMD2;SMC3;RANGAP1;LBR;PSMD1;TUBA1B;LMNB1;CENPF;CENPL;NUP62;VRK1;RAN;CENPN;UBE2E1;MAD2L1;PPP2R2A;CDCA5;BUB1B;CHMP3;NUP54;CENPP;BUB3;CDCA8;TAOK1;CLASP1;DYNC1LI1;LEMD3;PPP2CB;PSMC6;TUBA4A;STAG1;XPO1;NUP85;NUP133;STAG2;NUP43;CENPQ;NUP58;PPP2R5E;KPNB1;WAPL;NUP155;NUP93;PSMC1;PSMD14;NUF2;CDC16;RANBP2;PSMD7;RAD21;SMC1A;CENPE;NUP160;PSMD11;NDC80;SGO1;FBXO5;AHCTF1;CCNB2;UBE2C;RPS27;SPC24;PPP2R1A;PSMB2;AURKB;CHMP2B;KIF2C;UBC;ESPL1;PSMD12;NUP35;PAFAH1B1;CENPU;DYNC1LI2;POM121;CLASP2;PSMD6;PSMA5;TUBB4B;CENPA;CHMP6;SKA1;NSL1;CHMP7;SPC25;PSMD8;TUBB2A;BIRC5;PSMC2;NUP37;CENPO;CENPC;DYNLL1;CDK1;IST1;CDC27;DSN1;CCNB1;PLK1;PPP2R5C;PPP2R1B;SPDL1;PSMA4;PSMA3;PSMD3;SEC13;CLIP1;LEMD2;PPP2R5D;PSMA7;ANAPC4;TNPO1;CDC23;MAPRE1;ZWINT;ADRM1;BANF1;PSMD13;PPP2CA;PPP2R5A;CENPM;ANAPC5;PSMA6;SUMO1;PPP1CC;ITGB3BP;PSMB5;CHMP4B
REACTOME_RHO_GTPASE_EFFECTORS,2.0861940685737e-15,2.18087518399358e-13,1.00731795687447,0.523136499362368,1.69772307554817,287,FLNA;SRGAP2;MYH10;RCC2;IQGAP1;WASF1;TUBB6;BAIAP2;PAK2;NDEL1;DYNC1I2;ROCK1;IQGAP3;SEH1L;TUBA1A;CTTN;DVL1;LIMK1;ZWILCH;SFN;YWHAH;ARPC2;SRC;RTKN;KIF18A;YWHAZ;DIAPH1;ERCC6L;CTNNB1;NDE1;KNTC1;ABI1;CTNNA1;KIF2A;MYH9;CKAP5;YWHAG;CENPH;ACTR3;MAPK1;KNL1;KIF5B;ACTG1;DIAPH3;RAC2;ZW10;CENPI;CDC42;MYH14;FMNL1;CYFIP1;NCF2;NUP98;WASF2;NCOA2;ABI2;WIPF1;BUB1;ACTR2;DYNC1H1;RHOA;MYL12B;YWHAB;TUBB3;RAC1;NCKAP1;NUP107;DLG4;KLC2;TUBA1C;CENPK;FMNL2;SGO2;PPP1CB;RANGAP1;TUBA1B;ROCK2;CENPF;DVL2;CENPL;YWHAQ;KLC3;CENPN;RHOG;MAD2L1;PIK3C3;BUB1B;S100A9;DVL3;CENPP;BUB3;CDCA8;TAOK1;CLASP1;DYNC1LI1;CYBB;PPP2CB;TUBA4A;NCKIPSD;XPO1;NUP85;NUP133;WASL;KIF14;DIAPH2;NUP43;CENPQ;PPP2R5E;PTK2;MAPK14;WIPF2;KDM4C;GRB2;SCAI;NUF2;ABL1;RANBP2;KDM1A;PPP1R12A;CENPE;NUP160;NDC80;SGO1;AHCTF1;S100A8;ACTB;PKN3;CALM1;RPS27;SPC24;NCKAP1L;H3-3A;PPP2R1A;AURKB;KIF2C;ARPC5;PAFAH1B1;NCF4;CENPU;CYFIP2;DYNC1LI2;KTN1;H3-3B;CLASP2;PKN2;TUBB4B;CENPA;SKA1;NSL1;CDH1;CFTR;SPC25;GOPC;PKN1;TUBB2A;NCK1;BIRC5;PRKCD;NUP37;CENPO;CFL1;BTK;CENPC;PIK3R4;DYNLL1;TAX1BP3
REACTOME_CLASS_I_MHC_MEDIATED_ANTIGEN_PROCESSING_PRESENTATION,3.52656683126105e-15,3.42328880263127e-13,1.00731795687447,0.502179641406498,1.64133189405338,353,MEX3C;SEC23A;UBE2E2;SIAH2;MRC2;KLHL2;SMURF1;SMURF2;DTX3L;UBE2D1;MYD88;ZNRF2;NPEPPS;LMO7;MRC1;HERC6;FBXL19;UBE2H;FBXO41;UBA3;MGRN1;HERC4;KLHL13;CUL7;LNPEP;VAMP3;ANAPC1;UBA6;RNF115;UBE2B;FBXO31;KLHL5;ERAP1;HLA-G;CTSS;TRAF7;ATG7;ITGAV;TRIM21;RNF213;NCF2;TRIP12;UBE3C;FBXO21;TAP1;BTBD1;HERC5;RNF19B;PSMD2;UBE2L6;HMGB1;PSMD1;NEDD4L;CD207;ITGB5;BECN1;HECTD2;NEDD4;HACE1;SNAP23;UBE2Q1;FBXO22;RNF41;RNF34;KLHL25;RNF138;SPSB1;FBXW11;FBXL20;RNF111;KLHL9;UBE2Z;UBE2E1;HECTD3;CUL3;RLIM;PSMB8;KLHL20;SEC24B;UBE2W;UBE2J1;PIK3C3;UBE2A;S100A9;SEC24D;CYBB;RNF19A;FBXO11;PSMC6;TRIM32;RNF217;SEC24A;UBE2R2;HLA-C;FZR1;CUL1;HUWE1;UBE4A;RNF114;RNF123;UBE2K;RNF130;RBCK1;HLA-B;UBE2E3;TRIM11;FBXL13;FBXO2;FBXW2;UBA1;FBXL14;PSMC1;PSMD14;KEAP1;RNF220;CDC16;SEC24C;PJA2;PSMD7;FBXL4;UBE3A;LTN1;PSMD11;RNF6;CHUK;MKRN1;LONRF1;WSB1;ITCH;KLHL42;UBR1;B2M;LRRC41;S100A8;CUL5;UBE2D3;UBE2C;SOCS3;ATG14;UFL1;RNF4;UBE2G1;PSMB2;FBXL16;AREL1;ASB1;UBC;PSMD12;FBXL12;HERC2;NCF4;TLR1;UBE2F;UBR4;TLR2;BTRC;UBR2;TRIM69;FBXO7;TAP2;FBXL7;TIRAP;PSMD6;PSMA5;HLA-A;STX4;UNKL;HECTD1;UBE2Q2;FBXO32;ASB3;CUL2;PSME1;LY96;ARIH2;PSMD8;DCAF1;UBE2N;GAN;SEC22B;KBTBD8;RNF144B;SEC61A1;ASB7;ELOC;PSMC2;PJA1;VHL;BTK;HLA-E;PSMB10;RBBP6;PIK3R4;IKBKB;IKBKG;SEC61A2;TLR6;VAMP8;PSMB9;UBE3B;CDC27;LNX1;UBA7;MYLIP;UBE2V2;PSMA4;SIAH1;SKP1;PSMA3;PSMD3;ASB4;SEC13;WWP1
REACTOME_DENGUE_VIRUS_INFECTION,4.30406301255714e-15,3.89948108937676e-13,0.996986217533181,0.499741733996112,1.63417695437309,364,SDC4;SDC3;PROS1;LYN;TUSC3;LY6E;CLDN1;PLRG1;HNRNPF;PABPC1;CLU;RBM17;MRC1;STING1;KPNA2;AGRN;CTNNB1;PIK3R1;CLEC5A;HNRNPA1;UBE2I;NRBP1;UBA3;POLR2D;AP2A1;CGAS;C4B;HNRNPC;TJP1;KPNA1;UBA6;HSP90AA1;IPO7;IFIH1;EIF4G1;SUN2;CDC5L;NCL;P4HA2;SF3B3;MERTK;ATG7;C4A;ELAVL1;HSP90AB1;MAP1LC3B;STAT2;PDCD6IP;SF3B1;CSTF2;HNRNPUL1;AP2M1;RBMX;EIF4A2;SNW1;EIF4A3;NUDT21;HNRNPU;ATL2;BECN1;RBM22;HNRNPR;DHX15;PPIL4;SF3B2;EXOC1;SF3A1;GBF1;EIF4E3;HNRNPA0;CAMK2D;CPSF1;HNRNPK;SNRNP200;DHX9;TYRO3;RICTOR;PTBP1;CRNKL1;XRN1;IKBKE;GTF2F2;SMNDC1;DDX42;PIK3C3;SRSF4;HNRNPH2;SF3A3;SNRPD1;NCBP2;TAOK1;CPSF3;MTOR;AP2B1;CTR9;PML;CPSF6;XPO1;NPLOC4;POLR2B;SNRNP40;CD33;PUF60;DDX3X;DHX16;KPNB1;CPSF7;SRRM1;P4HA1;DHX38;HSPA8;KPNA4;UBA1;EFTUD2;CDC40;PPIL3;PRPF8;CWC27;GPC5;TSG101;FIP1L1;AQR;WBP11;NCBP1;NEK2;CWC22;CTNNBL1;EIF4G2;POLR2A;KPNA3;SYMPK;DDX46;LEO1;CHERP;CSTF2T;U2SURP;GPC4;CDC73;SRSF7;U2AF2;HDLBP;SEC11A;HNRNPD;EMC4;WDR33;ATG14;SRSF3;VCP;AP2A2;CSTF3;HSPG2;DDX23;SRRM2;DDX5;UBC;CCAR1;SCAP;NMT1;HNRNPL;DNAJC8;CPSF2;UBR4;HNRNPA2B1;GTF2F1;BTF3;RNPS1;BCAS2;SF3B6;SNRPB2;RPSA;RPTOR;LY96;DPM1;FUS;EIF4A1;HSPA1B;SRSF11;HNRNPH1;CLP1;HNRNPM;PEX19;SF3B4;RIPK1;CD300A;SNRPE;DNAJC10;YBX1;PRPF6;SRRT;GPKOW;PRPF19;HNRNPA3;PIK3R4;MMP9;FURIN;PHF5A;COG1;BAG2;SRSF1;POLR2E;UBA7;GPC6;RPN2;C1S;H2AC11;CWC25;SRSF9;RBM5
REACTOME_PROCESSING_OF_CAPPED_INTRON_CONTAINING_PRE_MRNA,1.24512058754217e-14,1.05757429904363e-12,0.986546283587582,0.517129847129616,1.67822982261176,287,THOC5;SEH1L;PLRG1;HNRNPF;RBM17;RBM7;NUP188;HNRNPA1;SLBP;POLR2D;HNRNPC;SNIP1;CDC5L;SF3B3;NUP205;NXF1;NUP98;DHX8;NDC1;PRPF40A;SF3B1;CSTF2;NUP107;RBMX;SNW1;EIF4A3;THOC2;NUDT21;FYTTD1;PPP1CB;WTAP;HNRNPU;RBM22;HNRNPR;DHX15;XRN2;SDE2;PPIL4;NUP62;PRPF4;SF3B2;PPP1R8;PRPF18;SF3A1;TPR;CPSF1;HNRNPK;SNRNP200;USP39;DHX9;LSM6;PTBP1;CRNKL1;GTF2F2;SMNDC1;SYF2;DDX42;PPIG;SRSF4;NUP54;HNRNPH2;SF3A3;SNRPD1;NCBP2;WDR70;CPSF3;POM121C;SMU1;MFAP1;CPSF6;NUP85;NUP133;POLR2B;NUP43;SNRNP40;NUP58;PUF60;POLDIP3;DHX16;CPSF7;CWF19L2;PDCD7;SRRM1;NUP155;NUP93;DHX38;HSPA8;EFTUD2;PRPF38A;CDC40;PPIL3;PRPF8;SF1;CWC27;WBP4;MTREX;FIP1L1;RANBP2;SLU7;AQR;WBP11;NCBP1;PPWD1;CWC22;CTNNBL1;POLR2A;SYMPK;DDX46;NUP160;CHERP;CSTF2T;U2SURP;NUP153;TCERG1;SRSF7;TFIP11;THOC6;NSRP1;NKAP;U2AF2;ACIN1;HNRNPD;WDR33;SRSF3;IK;CSTF3;DDX23;METTL14;SRRM2;ZMAT2;ZNF830;DDX5;UBC;NUP35;CCAR1;GLE1;RBM39;HNRNPL;DNAJC8;CPSF2;HNRNPA2B1;GTF2F1;RBMX2;POM121;RNPS1;RBM8A;LSM8;BCAS2;NUP214;SF3B6;SNRPB2;BUD13;FUS;SRSF10;SRSF11;HNRNPH1;CLP1;HNRNPM;TRA2B;SF3B4;CASC3;SNRPE;SRSF8;PNN;YBX1;NUP37;PRPF6;SRRT;GPKOW;RBBP6;PRPF19;HNRNPA3;HTATSF1;PHF5A;NUP50;SRSF1;POLR2E;CWC25;SRSF9;PPP1CA;RBM5;METTL3;RBM25;SEC13;POLR2C;SRSF6;DDX39B;RNPC3;CACTIN;EIF4E;CSTF1;SRSF2;NUP42;PPP1R10
REACTOME_SARS_COV_2_INFECTION,1.76110459302929e-14,1.40784773054518e-12,0.97599468306432,0.523682085387375,1.69777572060598,279,SDC4;SDC3;NOD1;MGAT4B;SEC23A;PARP4;TUSC3;RIPK2;ANO6;PARP14;PARP9;STAT1;ZDHHC20;SEH1L;IRAK2;SFN;YWHAH;FUT8;JAK1;YWHAZ;STING1;KPNA2;AGRN;AKT3;NUP188;UBE2I;CAV1;YWHAG;MAP3K7;GSK3B;SRPK1;ZDHHC2;TJP1;PATJ;HSP90AA1;VPS41;IFIH1;HLA-G;CSNK1A1;NUP205;MGAT4C;HSP90AB1;MAP1LC3B;STAT2;NUP98;G3BP1;NDC1;CHMP4C;ZDHHC5;YWHAB;NUP107;IFNAR1;BECN1;NUP62;NLRP3;TBK1;RPS4X;YWHAQ;IFNAR2;IL17RA;TPR;TAB3;SEC24B;IKBKE;CNBP;EDEM2;PIK3C3;SEC24D;CHMP3;NUP54;MGAT4A;CRB3;SNRPD1;POM121C;TAB2;NUP85;NUP133;ANO8;NUP43;GEMIN5;SEC24A;HLA-C;NUP58;PTPN11;VPS33A;GOLGA7;ZDHHC8;GALNT1;HLA-B;GJA1;ANO7;NUP155;NUP93;IFNA1;GPC5;TYK2;RPS2;CREBBP;SEC24C;VPS18;RANBP2;RPS12;NLRP12;AKT1;NUP160;G3BP2;CHUK;GPC4;NUP153;RPS9;B2M;NOD2;RPS5;SRPK2;ATG14;RPS27;VCP;HSPG2;RPS8;TMPRSS2;CHMP2B;NRP1;DDX5;UBC;NUP35;TLR1;VPS11;TLR2;RPS3;ZDHHC9;ST6GALNAC4;POM121;TAB1;CHMP6;HLA-A;MGAT5;NUP214;SMN1;RPSA;GANAB;CHMP7;GEMIN2;DDX20;RB1;UBE2N;SNRPE;ANO1;IRF7;PRMT1;NUP37;VHL;PARP6;HLA-E;MOGS;PIK3R4;IRF3;IKBKB;IKBKG;FURIN;TLR8;PTPN6;NUP50;RPS18;GPC6;RPS25;VPS39;GEMIN4;RPN2;PDPK1;STT3B;UVRAG;SEC13;MAVS;RPS29;RPS6;ZDHHC3;LARP1;NUP42;RPS13;PARP16;SDC2;MAN2A1;PARP10;HLA-F;RPS24;YWHAE;GPC2;TRIM25;STT3A;NUP88;MAN1B1;SNRPB;RPS23;RPS3A;RPS17;PRKCSH
REACTOME_REGULATION_OF_TP53_ACTIVITY,2.98366590327696e-13,2.2526677569741e-11,0.932595211336209,0.570944960989631,1.81403169890452,156,PLK3;GATAD2A;CCNA1;RBBP8;TP53BP2;MEAF6;AKT3;CDK2;PPP1R13L;DYRK2;RFC3;RMI2;PRDM1;PIP4K2A;HIPK2;HDAC2;CHEK2;SUPT16H;RHNO1;WRN;TP63;MTA2;TP53;NBN;TOPBP1;BARD1;CHEK1;TP53RK;BLM;RAD1;BRIP1;MRE11;KAT6A;TAF15;EP300;RNF34;GATAD2B;CDK5R1;RFC4;JMY;BRPF3;TP53INP1;ATM;RICTOR;PHF20;CCNA2;TAF1;MTOR;PPP2CB;RBBP4;PML;RFC2;PIP4K2B;CCNG1;RPA1;RAD50;SETD9;CSNK2A1;BRD7;MAPK14;RBBP7;TAF4;NOC2L;EXO1;CSNK2A2;TPX2;BRD1;TAF7;TAF12;MAPKAPK5;TAF9B;AKT1;EHMT2;TAF6;RMI1;SSRP1;PIP4P1;TAF2;TAF13;TOP3A;PRKAA1;HIPK1;PIP4K2C;PPP2R1A;AURKB;HUS1;UBC;CDKN2A;TAF3;PRKAB1;TBP;SMYD2;TAF9;RAD9B;ATR;KAT5;TP73;PRMT5;USP7;MDM2;CDK1;TAF5;PPP2R5C;PPP2R1B;PRKAG1;RPA2;PDPK1;STK11;DNA2;EHMT1;RAD17;ING2;RFFL;MDM4;BRPF1
REACTOME_MAPK_FAMILY_SIGNALING_CASCADES,5.7760610776106e-13,4.13140368656464e-11,0.921426003494898,0.512232069422789,1.6591348396008,271,IL17RD;RASGRF1;MET;SPTBN2;RASA1;IQGAP1;TGFA;FYN;EGFR;PEA15;ERBB3;SPRED3;PAK2;FGF2;PIK3CA;CSF2;BCL2L1;CDC42EP5;KL;CDC42EP3;MYC;AREG;RASGEF1A;SRC;JAK1;RASAL2;DAB2IP;HBEGF;JAK3;PIK3R1;VCL;RANBP9;SPTAN1;SPRED2;FGF9;MAPK1;CCND3;ABHD17C;CDC14A;IL6ST;AGO2;ACTG1;CNKSR2;SHC3;RASA2;SHC1;ERBB2;CDC42;EREG;IRS2;RCE1;RGL1;RAP1B;DUSP8;MAPK6;FOXO3;DUSP2;YWHAB;SEPTIN7;TLN1;RAC1;FGF20;DLG4;NRAS;PSMD2;PPP1CB;IL2RA;PSMD1;FGF18;DNAJB1;AGO4;CAMK2D;PTPRA;CUL3;MOV10;CSF2RB;PPP5C;RASGRP4;MAP3K11;PPP2CB;PSMC6;IL2RB;IL6R;XPO1;RASAL1;KRAS;CSF2RA;SHOC2;PAQR3;PTPN11;RAP1A;RASGRP1;PPP2R5E;PTK2;GOLGA7;NF1;GRB2;NCOA3;MAP2K1;CSK;MMP2;PDGFA;PSMC1;TYK2;PSMD14;PSMD7;AGO1;PIK3CB;RAF1;MAPKAPK5;RET;PSMD11;ARRB2;FRS2;IL6;JAK2;RASA3;DUSP16;ACTB;CALM1;DUSP7;BRAP;PPP2R1A;PSMB2;SPRED1;UBC;PSMD12;ICMT;ARAF;ZDHHC9;RASA4;FGFR3;SOS1;BTC;PSMD6;PSMA5;TNRC6B;ITGB3;PTPN3;BRAF;RGL2;PSMD8;CNKSR1;MRAS;MMP10;FNTA;AGO3;PSMC2
REACTOME_CELL_CELL_COMMUNICATION,1.27922528509279e-12,8.69233581220552e-11,0.910119734774459,0.502358251298745,1.6302918960184,287,LAMB3;FLNA;ACTN1;AMOT;ITGB4;CDH3;ZNF217;IQGAP1;DST;NECTIN4;SDK1;FYN;CLDN16;CLDN10;CD47;PIK3CA;CLDN1;CDH6;NECTIN1;PTK2B;PLEC;VASP;CLDN4;CDH11;MYC;AFDN;SKAP2;ACTN4;PKM;SRC;CD151;PARD3;PARVA;CTNNB1;SMARCA4;PIK3R1;FOXQ1;VCL;KIRREL1;CTNNA1;CADM1;SPTAN1;PARD6B;MAPK1;SIRPA;PATJ;MTBP;KLF4;TCF3;AGO2;CD2AP;ACTG1;HDAC2;CTSS;ZBTB33;ARHGAP32;F11R;ZC3H12A;CLDN7;SIRT1;FERMT2;CDH24;NCK2;CDH4;PXN;SP1;TCF12;PSMD2;PSMD1;AGO4;ANGPTL4;FOXJ2;ILF3;MOV10;PRKCI;PCSK7;CRB3;CLDN12;RBBP4;PSMC6;WASL;DNM2;CASK;HEYL;PTPN11;MPHOSPH8;CLDN2;PTK2;CSNK2A1;CADM3;EZH2;RBBP7;CLDN9;GRB2;FBLIM1;DNTTIP1;CSNK2A2;RACK1;PSMC1;PSMD14;JUP;PSMD7;AGO1;PIK3CB;CDH15;KDM1A;CLDN6;PSMD11;EPS15;SUZ12;ACTB;SEC11A;LAMA3;EED;RSU1;H3-3A;PVR;NECTIN2;PSMB2;CTBP2;PIP5K1C;UBC;PSMD12;CTBP1;H3-3B;PSMD6;PSMA5;TNRC6B;TESK1;CDH1;CTNND1;GANAB;ANG;CLDN11;RB1;PSMD8;NCK1;AGO3;PSMC2;TYROBP;KRT14;ADAM19;MOGS;MDM2;ZMYM2;ARID1A;FURIN;PTPN6
REACTOME_COMPLEX_I_BIOGENESIS,2.35816372868174e-12,1.35489213690201e-10,0.898671232061694,-0.536040198356413,-2.96484219046443,67,MT-ND3;NDUFA3;NDUFA1;NDUFB1;NDUFA2;MT-ND6;NDUFB2;NDUFA9;MT-ND1;SFXN4;MT-ND4;NDUFB7;MT-ND2;NDUFB11;NDUFA8;MT-ND5;NDUFS7;NDUFS6;ECSIT;NDUFB10;NDUFS8;NDUFB8;NDUFAF8;NDUFB9;NDUFC2;NDUFA12;NDUFC1;NDUFV3;NDUFS3;NDUFA6;NDUFA11;NDUFA5;NDUFB3;NDUFAF3
REACTOME_SUMOYLATION,2.24412973731771e-12,1.35489213690201e-10,0.898671232061694,0.546929628596121,1.7477602157854,178,NRIP1;DNMT1;SEH1L;TFAP2C;PIAS3;SP100;UBA2;RELA;RARA;NUP188;UBE2I;TOP2B;HNRNPC;XRCC4;HIPK2;XPC;RNF2;TOP1;NPM1;SMC6;HDAC2;NFKB2;NUP205;TOP2A;WRN;ESR1;NUP98;NCOA1;NDC1;TP53;NCOA2;BMI1;BLM;NUP107;CASP8AP2;SMC5;SMC3;RANGAP1;RNF168;UHRF2;EIF2AK2;SENP1;NUP62;EP300;PCNA;TPR;HNRNPK;MITF;NOP58;IKBKE;NCOR2;SUMO2;NUP54;SENP5;CDCA8;POM121C;SATB1;TOPORS;PML;STAG1;NUP85;NUP133;STAG2;RPA1;NUP43;SUMO3;NUP58;TP53BP1;PGR;NUP155;NUP93;PHC3;NR1H2;CBX2;ZNF131;CREBBP;TDG;RANBP2;RAD21;SMC1A;SAFB;NUP160;NR4A2;DNMT3A;NUP153;HDAC7;VDR;SUZ12;PHC2;TRIM27;SCMH1;AURKB;SIN3A;DDX5;DDX17;NUP35;CDKN2A;HERC2;PPARA;CTBP1;MBD1;POM121;PHC1;NUP214;PIAS4;RAD52;NSMCE2;MTA1;SENP2;BIRC5;NUP37;SP3;VHL;PIAS1;MDM2;IKBKG;NUP50;PCGF2;TRIM28;NR1I2;SEC13;NR3C2;SAE1;ING2;CBX5;MDC1;SATB2;RORA;NUP42;ZNF350;NR3C1
REACTOME_EXTRACELLULAR_MATRIX_ORGANIZATION,2.36302233371857e-12,1.35489213690201e-10,0.898671232061694,0.500426973273988,1.62393539209285,286,ITGB8;SDC4;SDC3;LAMB3;ICAM1;ACTN1;TNC;COL8A2;ITGB4;ITGA3;DST;ITGA2;COL8A1;MMP16;KLK7;CD47;EMILIN2;ICAM5;FGF2;SGCE;BMP1;LRP4;DMD;LAMA1;TMPRSS6;PLEC;FBN3;TIMP1;LOX;TIMP2;LTBP3;DAG1;LAMC1;CD151;CAST;CEACAM6;AGRN;MFAP2;CAPN2;MMP14;ADAMTS14;CASP3;LTBP2;ITGB6;COMP;LTBP1;FBN2;TGFB2;PRSS2;ACTG1;ADAM15;LOXL1;CTSS;ITGA9;P4HA2;ADAMTS1;COLGALT1;ITGAV;F11R;UTRN;ITGB7;ADAMTS18;ITGAM;SERPINH1;NID1;LAMA5;ITGA7;PSEN1;DDR1;COL7A1;SH3PXD2A;CAPN1;TGFB1;COL16A1;VCAN;SSPN;THBS1;SGCB;NCSTN;ADAM10;CAPN12;CAPN5;ITGB5;MMP7;ADAM17;ADAMTS9;FBLN2;SPARC;ITGB2;CRTAP;COL3A1;SERPINE1;MMP19;MMP11;LOXL3;NID2;ITGA11;P3H3;MMP24;CTSK;COL12A1;MFAP3;CASK;BMP4;LTBP4;PRSS1;MMP12;ADAM9;PTPRS;P4HA1;COL5A1;COL10A1;MMP2;PDGFA;LAMB1;EMILIN1;APP;ITGAX;ADAM8;CAPN15;P3H1;TPSAB1;SPOCK3;ADAMTS8;ACTB;MATN3;LAMA3;COL6A3;TNXB;TGFB3;HSPG2;PLOD2;ADAM12;ASPN;SPP1;FBN1;COL5A2;MFAP4;ITGA4;IBSP;ITGB3;CDH1;P3H2;COL11A1;COL4A4;PXDN;ADAMTS4;MMP10;VCAM1;ADAM19;SNTB1;MMP9;FURIN;DMP1;LOXL2;EFEMP2;MMP1;COL6A2;EMILIN3
REACTOME_DNA_REPAIR,2.39274549563269e-12,1.35489213690201e-10,0.898671232061694,0.494328909490833,1.60834372219635,308,RAD18;RAD23B;CCNA1;ASCC3;RBBP8;FIGNL1;FANCD2;RAD51B;PIAS3;BRCA2;CDK7;KPNA2;CDK2;FANCE;DDB2;FANCI;POLD1;UBE2I;ERCC6;TDP1;DCLRE1B;ACTL6A;RFC3;POLR2D;RMI2;XRCC5;ELL;POLH;XRCC4;RAD51;UBE2B;XPC;MSH2;USP1;CHEK2;CUL4B;PRKDC;MSH6;RHNO1;WRN;POLD3;TP53;NBN;TOPBP1;BARD1;CHEK1;BLM;RAD1;BAZ1B;APEX1;XRCC6;PARG;UBE2L6;RNF168;BRIP1;POLE;MRE11;CLSPN;TINF2;PALB2;FANCA;LIG1;RAD51AP1;ASCC1;CCNH;DTL;SMARCA5;RNF111;RFC4;ACTR8;PCNA;INO80;ATM;MAD2L2;MBD4;ABRAXAS1;CCNA2;SUMO2;RIF1;ERCC3;GTF2H3;NHEJ1;PPP5C;KDM4A;PPP4R2;FANCM;RFC2;NPLOC4;POLR2B;RPA1;RAD50;SUMO3;UIMC1;TP53BP1;SPIDR;LIG4;POLE3;DDB1;REV3L;PARP2;MUS81;EXO1;MSH3;INO80D;TDP2;APBB1;ABL1;BABAM2;TDG;USP10;POLQ;AQR;POLR2A;PPP4C;USP45;TIMELESS;RMI1;TERF1;ACTB;CUL4A;UBE2T;ERCC5;TOP3A;INO80C;XRCC2;VCP;POLD4;RFC1;RNF4;ACD;FANCL;TERF2;HUS1;ZNF830;FAAP24;UBC;FEN1;HERC2;COPS2;OGG1;ADPRS;POLE2;ERCC4;BRCC3;RAD9B;PIAS4;WDR48;TCEA1;RAD52;RAD23A;ATR;EME1;KAT5;UBE2N;USP43;USP7;MPG;COPS7B;PIAS1;PRPF19;REV1;MNAT1;COPS8;LIG3;XRCC1;POLK;SPRTN;NFRKB;POLR2E;UBA7;RPA2;UBXN1;EYA3;UBE2V2;ERCC1;DNA2;NEIL3;POLR2C;RAD17;H2AX;PAXIP1;TIPIN;MDC1;NEIL2;DCLRE1C;POLB;RCHY1;FTO
REACTOME_RESOLUTION_OF_SISTER_CHROMATID_COHESION,2.86917729877408e-12,1.55968477961359e-10,0.898671232061694,0.597571609160408,1.87447974413089,118,RCC2;TUBB6;NDEL1;DYNC1I2;SEH1L;TUBA1A;ZWILCH;KIF18A;ERCC6L;NDE1;KNTC1;KIF2A;CKAP5;CENPH;KNL1;ZW10;CENPI;NUP98;PDS5A;BUB1;DYNC1H1;TUBB3;NUP107;TUBA1C;CENPK;SGO2;PDS5B;SMC3;RANGAP1;TUBA1B;CENPF;CENPL;CENPN;MAD2L1;CDCA5;BUB1B;CENPP;BUB3;CDCA8;TAOK1;CLASP1;DYNC1LI1;PPP2CB;TUBA4A;STAG1;XPO1;NUP85;NUP133;STAG2;NUP43;CENPQ;PPP2R5E;WAPL;NUF2;RANBP2;RAD21;SMC1A;CENPE;NUP160;NDC80;SGO1;AHCTF1;CCNB2;RPS27;SPC24;PPP2R1A;AURKB;KIF2C;PAFAH1B1;CENPU;DYNC1LI2;CLASP2;TUBB4B;CENPA;SKA1;NSL1;SPC25;TUBB2A;BIRC5;NUP37;CENPO;CENPC;DYNLL1;CDK1;DSN1;CCNB1;PLK1;PPP2R5C;PPP2R1B
REACTOME_RAC1_GTPASE_CYCLE,5.88444158045905e-12,3.07575234917071e-10,0.887074988399873,0.542400642287383,1.73309396827291,177,ARHGAP23;DOCK9;SRGAP2;CDC42EP1;EPHA2;AMIGO2;IQGAP1;NGEF;WASF1;ARAP1;BAIAP2;ABR;TIAM1;PAK2;PIK3CA;ARHGAP10;IQGAP3;TMPO;DOCK7;ARHGAP44;ABL2;PLEKHG4;DLC1;DOCK11;ESYT1;PIK3R1;PLEKHG1;ABI1;FARP1;ARHGAP17;CAV1;ARHGAP1;ECT2;VAMP3;SRGAP3;DIAPH3;ARHGEF18;ARHGAP42;CDC42BPA;CDC42;ARHGAP32;CDC42EP4;MYO9B;FMNL1;CYFIP1;NCF2;TRIO;WASF2;FERMT2;ABI2;WIPF1;ARHGAP29;VRK2;RAC1;NCKAP1;DOCK3;PLD2;RACGAP1;PLEKHG2;LBR;SNAP23;ERBIN;RALBP1;DOCK6;JAG1;GNA13;GIT1;ARHGAP12;CHN2;CYBB;MPP7;DEPDC1B;LEMD3;ARHGAP45;WASL;ARHGDIA;SWAP70;WIPF2;DOCK4;ARAP2;ARHGAP27;ALS2;VAV2;RAB7A;ARHGAP30;ARHGDIB;ARHGAP5;SH3BP1;SRGAP1;NISCH;NCKAP1L;BCR;FAM13B;NCF4;CYFIP2;KTN1;DOCK2;PKN2;SOS1
REACTOME_SARS_COV_2_HOST_INTERACTIONS,6.90414339832706e-12,3.35097531368803e-10,0.887074988399873,0.536756262471719,1.71715744809437,184,NOD1;SEC23A;RIPK2;STAT1;SEH1L;IRAK2;SFN;YWHAH;JAK1;YWHAZ;STING1;KPNA2;AKT3;NUP188;CAV1;YWHAG;MAP3K7;TJP1;PATJ;HSP90AA1;VPS41;IFIH1;HLA-G;NUP205;HSP90AB1;MAP1LC3B;STAT2;NUP98;G3BP1;NDC1;YWHAB;NUP107;IFNAR1;BECN1;NUP62;NLRP3;TBK1;RPS4X;YWHAQ;IFNAR2;IL17RA;TPR;TAB3;SEC24B;IKBKE;CNBP;PIK3C3;SEC24D;NUP54;CRB3;SNRPD1;POM121C;TAB2;NUP85;NUP133;NUP43;GEMIN5;SEC24A;HLA-C;NUP58;PTPN11;VPS33A;HLA-B;GJA1;NUP155;NUP93;IFNA1;TYK2;RPS2;CREBBP;SEC24C;VPS18;RANBP2;RPS12;NLRP12;AKT1;NUP160;G3BP2;CHUK;NUP153;RPS9;B2M;NOD2;RPS5;ATG14;RPS27;RPS8;UBC;NUP35;TLR1;VPS11;TLR2;RPS3;POM121;TAB1;HLA-A;NUP214;SMN1;RPSA;GEMIN2;DDX20;UBE2N;SNRPE;IRF7;NUP37;HLA-E;PIK3R4;IRF3;IKBKB;IKBKG;TLR8;PTPN6;NUP50;RPS18;RPS25;VPS39;GEMIN4;PDPK1;UVRAG;SEC13;MAVS;RPS29;RPS6;LARP1;NUP42;RPS13;HLA-F;RPS24;YWHAE;TRIM25;NUP88;SNRPB;RPS23;RPS3A;RPS17
REACTOME_HIV_INFECTION,6.90414339832706e-12,3.35097531368803e-10,0.887074988399873,0.525344573918299,1.68955185877346,215,FYN;PAK2;HMGA1;SEH1L;RCC1;CDK7;NUP188;POLR2D;AP2A1;XRCC5;ELL;KPNA1;XRCC4;VPS37C;NPM1;PSIP1;NUP205;PACS1;SUPT16H;UBAP1;VPS37A;NUP98;RNGTT;NDC1;CHMP4C;PDCD6IP;GTF2B;GTF2E2;AP2M1;RAC1;NUP107;RNMT;XRCC6;PSMD2;RANGAP1;PSMD1;NEDD4L;NUP62;LIG1;VPS4B;RAN;TAF15;CCNH;CHMP5;TPR;GTF2F2;VTA1;CHMP3;ERCC3;GTF2H3;NUP54;NCBP2;TAF1;POM121C;AP2B1;NELFA;HCK;PSMC6;XPO1;NUP85;NUP133;POLR2B;NUP43;CCNK;NUP58;RANBP1;KPNB1;LIG4;NMT2;CCNT1;TAF4;CCNT2;NUP155;NUP93;SUPT5H;PSMC1;PSMD14;TSG101;TAF7;TAF12;RANBP2;PSMD7;NELFB;NCBP1;TAF9B;AP1G1;POLR2A;NUP160;PSMD11;TAF6;NUP153;CDK9;B2M;CD4;SSRP1;CUL5;TAF2;TAF13;AP1S2;AP2A2;PSMB2;CHMP2B;MVB12B;UBC;FEN1;PSMD12;NUP35;GTF2A1;TAF3;NMT1;GTF2F1;BTRC;TBP;POM121;DOCK2;PSMD6;PSMA5;CHMP6;HLA-A;TAF9;NUP214;CHMP7;TCEA1;PSMD8;ELOC;PSMC2;NUP37;FURIN;MNAT1;NUP50;TAF5;AP1S1;POLR2E;AP1M1;CTDP1;PSMA4;SKP1;PSMA3;PSMD3;SEC13;APOBEC3G;POLR2C;CCR5;PSMA7;NUP42;AP1M2;ADRM1;BANF1;CD28;LCK;PSMD13
REACTOME_MAPK1_MAPK3_SIGNALING,7.86469714071555e-12,3.68555979801118e-10,0.875325132024659,0.512964095194171,1.65433702734872,234,IL17RD;RASGRF1;MET;SPTBN2;RASA1;IQGAP1;TGFA;FYN;EGFR;PEA15;ERBB3;SPRED3;FGF2;PIK3CA;CSF2;BCL2L1;KL;AREG;RASGEF1A;SRC;JAK1;RASAL2;DAB2IP;HBEGF;JAK3;PIK3R1;VCL;RANBP9;SPTAN1;SPRED2;FGF9;MAPK1;ABHD17C;IL6ST;ACTG1;CNKSR2;SHC3;RASA2;SHC1;ERBB2;EREG;IRS2;RCE1;RGL1;RAP1B;DUSP8;DUSP2;YWHAB;TLN1;FGF20;DLG4;NRAS;PSMD2;PPP1CB;IL2RA;PSMD1;FGF18;CAMK2D;PTPRA;CUL3;CSF2RB;PPP5C;RASGRP4;MAP3K11;PPP2CB;PSMC6;IL2RB;IL6R;RASAL1;KRAS;CSF2RA;SHOC2;PAQR3;PTPN11;RAP1A;RASGRP1;PPP2R5E;PTK2;GOLGA7;NF1;GRB2;MAP2K1;CSK;PDGFA;PSMC1;TYK2;PSMD14;PSMD7;PIK3CB;RAF1;RET;PSMD11;ARRB2;FRS2;IL6;JAK2;RASA3;DUSP16;ACTB;CALM1;DUSP7;BRAP;PPP2R1A;PSMB2;SPRED1;UBC;PSMD12;ICMT;ARAF;ZDHHC9;RASA4;FGFR3;SOS1;BTC;PSMD6;PSMA5;ITGB3;PTPN3;BRAF;RGL2;PSMD8;CNKSR1;MRAS;FNTA;PSMC2
REACTOME_HIV_LIFE_CYCLE,8.58597251915004e-12,3.76397956565319e-10,0.875325132024659,0.564247548909007,1.7875466968957,146,HMGA1;SEH1L;RCC1;CDK7;NUP188;POLR2D;XRCC5;ELL;KPNA1;XRCC4;VPS37C;PSIP1;NUP205;SUPT16H;UBAP1;VPS37A;NUP98;RNGTT;NDC1;CHMP4C;PDCD6IP;GTF2B;GTF2E2;NUP107;RNMT;XRCC6;RANGAP1;NEDD4L;NUP62;LIG1;VPS4B;RAN;TAF15;CCNH;CHMP5;TPR;GTF2F2;VTA1;CHMP3;ERCC3;GTF2H3;NUP54;NCBP2;TAF1;POM121C;NELFA;XPO1;NUP85;NUP133;POLR2B;NUP43;CCNK;NUP58;RANBP1;LIG4;NMT2;CCNT1;TAF4;CCNT2;NUP155;NUP93;SUPT5H;TSG101;TAF7;TAF12;RANBP2;NELFB;NCBP1;TAF9B;POLR2A;NUP160;TAF6;NUP153;CDK9;CD4;SSRP1;TAF2;TAF13;CHMP2B;MVB12B;UBC;FEN1;NUP35;GTF2A1;TAF3;NMT1;GTF2F1;TBP;POM121;CHMP6;TAF9;NUP214;CHMP7;TCEA1;ELOC;NUP37;FURIN;MNAT1;NUP50;TAF5;POLR2E
REACTOME_SEPARATION_OF_SISTER_CHROMATIDS,8.34497492913001e-12,3.76397956565319e-10,0.875325132024659,0.54799531778604,1.74757361832487,170,RCC2;TUBB6;NDEL1;DYNC1I2;SEH1L;TUBA1A;ZWILCH;UBE2D1;KIF18A;ERCC6L;NDE1;KNTC1;KIF2A;CKAP5;CENPH;KNL1;ANAPC1;ZW10;CENPI;NUP98;PDS5A;BUB1;DYNC1H1;TUBB3;NUP107;TUBA1C;CENPK;SGO2;PDS5B;PSMD2;SMC3;RANGAP1;PSMD1;TUBA1B;CENPF;CENPL;CENPN;UBE2E1;MAD2L1;CDCA5;BUB1B;CENPP;BUB3;CDCA8;TAOK1;CLASP1;DYNC1LI1;PPP2CB;PSMC6;TUBA4A;STAG1;XPO1;NUP85;NUP133;STAG2;NUP43;CENPQ;PPP2R5E;WAPL;PSMC1;PSMD14;NUF2;CDC16;RANBP2;PSMD7;RAD21;SMC1A;CENPE;NUP160;PSMD11;NDC80;SGO1;AHCTF1;UBE2C;RPS27;SPC24;PPP2R1A;PSMB2;AURKB;KIF2C;UBC;ESPL1;PSMD12;PAFAH1B1;CENPU;DYNC1LI2;CLASP2;PSMD6;PSMA5;TUBB4B;CENPA;SKA1;NSL1;SPC25;PSMD8;TUBB2A;BIRC5;PSMC2;NUP37;CENPO;CENPC;DYNLL1;CDC27;DSN1;PLK1;PPP2R5C;PPP2R1B;SPDL1;PSMA4;PSMA3;PSMD3;SEC13;CLIP1;PPP2R5D;PSMA7;ANAPC4;CDC23;MAPRE1;ZWINT;ADRM1;PSMD13;PPP2CA;PPP2R5A;CENPM;ANAPC5;PSMA6;PPP1CC;ITGB3BP;PSMB5
REACTOME_PLATELET_ACTIVATION_SIGNALING_AND_AGGREGATION,1.72550170306608e-11,7.32799004520875e-10,0.863415391606693,0.512572420520842,1.65089974046085,224,QSOX1;PROS1;ENDOD1;FLNA;CD109;ACTN1;TAGLN2;LYN;FYN;SERPINA1;TMSB4X;PIK3CA;DGKH;TIMP1;ACTN4;SRC;CAP1;CLU;YWHAZ;APLP2;PIK3R1;ANXA5;WDR1;VCL;GNB1;PLA2G4A;FAM3C;TGFB2;MAPK1;GNG12;GNAI2;GNA12;TOR4A;GNB5;RAC2;ITPR2;ITPR3;SHC1;DGKA;DGKD;CDC42;CALU;GTPBP2;RAP1B;LAMP2;TMX3;DAGLA;PSAP;RHOA;TGFB1;TLN1;DGKZ;RAC1;CD9;THBS1;GNA15;SCCPDH;GNB4;SERPING1;SPARC;BRPF3;GNAI3;RHOG;RAB27B;OLA1;SERPINE1;GNA13;CRK;PTPN1;SELP;TUBA4A;DGKQ;MPIG6B;PTPN11;RAP1A;RASGRP1;PTK2;GNAQ;MAPK14;GRB2;CSK;PDGFA;FCER1G;VAV2;F5;APP;PIK3CB;RAF1;AKT1;PIK3R5;ARRB2;LHFPL2;CALM1;BCAR1;PPBP;PLEK;TGFB3;DAGLB;F2R;SELENOP;P2RY12;F13A1;GNA11;GNB2;SOS1;SRGN;ITGB3;STX4;PDPN;NHLRC2;CDC37L1;F2RL2;PRKCD;CFL1;PHACTR2;RARRES2;VAV1;CYRIB;STXBP3;FERMT3;LCP2;PTPN6;CD63
REACTOME_RHO_GTPASES_ACTIVATE_FORMINS,2.28055024864221e-11,8.85505082258503e-10,0.863415391606693,0.577210605484548,1.82050319830383,131,SRGAP2;RCC2;TUBB6;NDEL1;DYNC1I2;SEH1L;TUBA1A;DVL1;ZWILCH;SRC;KIF18A;DIAPH1;ERCC6L;NDE1;KNTC1;KIF2A;CKAP5;CENPH;KNL1;ACTG1;DIAPH3;ZW10;CENPI;CDC42;FMNL1;NUP98;BUB1;DYNC1H1;RHOA;TUBB3;RAC1;NUP107;TUBA1C;CENPK;FMNL2;SGO2;RANGAP1;TUBA1B;CENPF;DVL2;CENPL;CENPN;MAD2L1;BUB1B;DVL3;CENPP;BUB3;CDCA8;TAOK1;CLASP1;DYNC1LI1;PPP2CB;TUBA4A;XPO1;NUP85;NUP133;DIAPH2;NUP43;CENPQ;PPP2R5E;SCAI;NUF2;RANBP2;CENPE;NUP160;NDC80;SGO1;AHCTF1;ACTB;RPS27;SPC24;PPP2R1A;AURKB;KIF2C;PAFAH1B1;CENPU;DYNC1LI2;CLASP2;TUBB4B;CENPA;SKA1;NSL1;SPC25;TUBB2A;BIRC5;NUP37;CENPO;CENPC;DYNLL1;DSN1;PLK1;PPP2R5C;PPP2R1B;SPDL1;DAAM1
REACTOME_CHROMATIN_ORGANIZATION,2.23228509015966e-11,8.85505082258503e-10,0.863415391606693,0.506521512328059,1.63715210204317,250,GATAD2A;KDM5B;DR1;MEAF6;ARID5B;RELA;SMARCA4;ELP2;JADE3;MSL3;SMARCC1;ACTL6A;SETD7;MORF4L1;HDAC2;NFKB2;ASH2L;KMT2A;KDM7A;MTA2;KDM5A;NCOA1;REST;BCL7A;NCOA2;CARM1;TRRAP;PHF8;KDM2A;HAT1;ARID4A;NFKB1;SUPT3H;TAF5L;KDM3A;RCOR1;SMARCC2;PHF10;KAT6A;ATXN7;AEBP2;EP300;GATAD2B;PBRM1;KDM5C;BRPF3;ATF7IP;ARID4B;ATXN7L3;JADE2;BRD9;OGT;PHF20;NCOR2;VPS72;NCOR1;SUPT20H;KDM6B;KDM4A;TBL1XR1;RBBP4;SMARCB1;KAT6B;EP400;HCFC1;KMT2B;SS18;DPF2;BRD7;EZH2;KMT2C;RBBP7;KDM4C;CDK4;USP22;SAP130;KDM3B;SETDB1;BICRAL;RPS2;CREBBP;BRD1;NSD3;TAF12;JADE1;PHF2;KDM1A;EHMT2;SAP30L;ASH1L;DNMT3A;MECOM;YEATS4;SUDS3;KANSL2;SUZ12;JAK2;ACTB;RBBP5;KDM6A;MBIP;EED;SS18L1;BRD8;TADA1;MSL1;TADA3;SUPT7L;WDR77;PHF21A;MORF4L2;ARID2;SUV39H2;SMYD2;DOT1L;KMT2D;BCL7C;TAF9;SMARCD1;ELP1;TBL1X;SETD2;MSL2;KAT5;PRMT5;MTA1;PADI2;ARID1B;PRMT1;ARID1A;ING3;NSD1;KANSL1;YEATS2;ING4;H2AC11;ZZZ3;KAT14;EHMT1;SETD1A;BRWD1;SETD1B;CLOCK;SMARCD2;EPC1;H2AX;BRPF1
REACTOME_DENGUE_VIRUS_HOST_INTERACTIONS,2.23228509015966e-11,8.85505082258503e-10,0.863415391606693,0.503632285354045,1.62933681811033,257,SDC4;SDC3;PLRG1;HNRNPF;CLU;RBM17;STING1;AGRN;CTNNB1;CLEC5A;HNRNPA1;UBE2I;NRBP1;POLR2D;CGAS;C4B;HNRNPC;TJP1;HSP90AA1;IFIH1;CDC5L;SF3B3;C4A;ELAVL1;HSP90AB1;STAT2;PDCD6IP;SF3B1;CSTF2;HNRNPUL1;RBMX;SNW1;EIF4A3;NUDT21;HNRNPU;BECN1;RBM22;HNRNPR;DHX15;PPIL4;SF3B2;EXOC1;SF3A1;GBF1;HNRNPA0;CAMK2D;CPSF1;HNRNPK;SNRNP200;DHX9;RICTOR;PTBP1;CRNKL1;IKBKE;GTF2F2;SMNDC1;DDX42;PIK3C3;SRSF4;HNRNPH2;SF3A3;SNRPD1;NCBP2;TAOK1;CPSF3;MTOR;CTR9;PML;CPSF6;POLR2B;SNRNP40;PUF60;DDX3X;DHX16;CPSF7;SRRM1;DHX38;HSPA8;EFTUD2;CDC40;PPIL3;PRPF8;CWC27;GPC5;FIP1L1;AQR;WBP11;NCBP1;NEK2;CWC22;CTNNBL1;POLR2A;SYMPK;DDX46;LEO1;CHERP;CSTF2T;U2SURP;GPC4;CDC73;SRSF7;U2AF2;HNRNPD;WDR33;ATG14;SRSF3;CSTF3;HSPG2;DDX23;SRRM2;DDX5;CCAR1;HNRNPL;DNAJC8;CPSF2;UBR4;HNRNPA2B1;GTF2F1;RNPS1;BCAS2;SF3B6;SNRPB2;RPTOR;LY96;FUS;SRSF11;HNRNPH1;CLP1;HNRNPM;PEX19;SF3B4;RIPK1;SNRPE;YBX1;PRPF6;SRRT;GPKOW;PRPF19;HNRNPA3;PIK3R4;MMP9;PHF5A;COG1;SRSF1;POLR2E;GPC6;C1S;H2AC11;CWC25;SRSF9;RBM5
REACTOME_SIGNALING_BY_NTRKS,2.8377864919193e-11,1.07126440069953e-09,0.863415391606693,0.585692755295141,1.83985804642722,121,FYN;ELK1;TIAM1;PIK3CA;MAPKAPK3;NAB2;SRC;STAT3;PIK3R1;KIDINS220;MAPK7;MAPKAPK2;MAPK13;RPS6KA3;AP2A1;MAPK1;RIT1;BDNF;SHC3;SHC1;RALA;IRS2;ATF1;NAB1;REST;DNM3;RPS6KA2;RHOA;YWHAB;AP2M1;RAC1;DOCK3;TCF12;NRAS;CRKL;RALB;EP300;CDK5R1;PTPRO;GAB1;CRK;AP2B1;PPP2CB;KRAS;DNM2;PTPN11;RAP1A;MEF2D;MAPK14;CLTA;F3;PTPRS;GRB2;MAP2K1;TRIB1;PCSK5;BAX;CREB1;NELFB;PIK3CB;CLTC;DUSP3;FRS2;RAPGEF1;JUNB;EGR3;AP2A2;MEF2A;DUSP7;PPP2R1A;ID2
REACTOME_ANTIMICROBIAL_MECHANISM_OF_IFN_STIMULATED_GENES,3.71056175119191e-11,1.36287930266752e-09,0.851339057116899,0.547262779791522,1.73936701210695,157,FLNA;TUBB6;STAT1;SEH1L;TUBA1A;SFN;JAK1;KPNA2;STAT3;NUP188;FANCE;OAS3;UBE2I;GBP2;KPNA1;GBP3;ADAR;ACTG1;SPHK1;NPM1;EIF4G1;NUP205;ARIH1;NUP98;ABCE1;NDC1;TP53;PTPN2;TUBB3;NUP107;EIF4A2;TUBA1C;EIF4A3;HERC5;EIF2S2;UBE2L6;TUBA1B;BECN1;EIF2AK2;NEDD4;NUP62;FANCA;EIF4E3;UBE2E1;TPR;ILF3;EIF2S3;DHX9;NUP54;POM121C;PPP2CB;FANCM;TUBA4A;NUP85;NUP133;NUP43;PRKRA;ILF2;NUP58;KPNB1;NUP155;NUP93;HSPA8;KPNA4;MX2;RANBP2;EIF4G2;KPNA3;MX1;NUP160;PDE12;OASL;CHUK;FLNB;NUP153;OAS1;ACTB;FANCL;PPP2R1A;FAAP24;UBC;NUP35;USP18;PPM1B;IFIT1;POM121;TUBB4B;EIF2S1;NUP214;PLCG1;EIF4A1;HSPA1B;OAS2;TUBB2A;NCK1;UBE2N;FNTA;NUP37;IRF3;IKBKB;IKBKG;FURIN;NUP50;CDK1;UBA7;PPP2R1B;RNASEL
REACTOME_APOPTOSIS,7.45777006016958e-11,2.66713408204486e-09,0.839088935621274,0.543005787369317,1.72659454678693,159,BID;TNFRSF10A;FAS;UNC5B;TNFRSF10B;PAK2;GSN;PMAIP1;LMNA;ROCK1;ARHGAP10;BCL2L1;PLEC;TP53BP2;SFN;BIRC2;YWHAH;CFLAR;YWHAZ;TICAM1;DSP;STAT3;CTNNB1;AKT3;DSG2;STK24;CASP8;CASP3;YWHAG;SPTAN1;MAPK1;PKP1;TJP1;KPNA1;DAPK2;TP63;ADD1;STK26;TP53;APAF1;YWHAB;XIAP;CASP7;PSMD2;HMGB1;PSMD1;LMNB1;CLSPN;CASP6;BBC3;YWHAQ;TJP2;DAPK1;AVEN;SATB1;PSMC6;OMA1;UACA;GSDME;KPNB1;PTK2;OCLN;BAX;PSMC1;PSMD14;PSMD7;AKT1;HMGB2;PSMD11;ACIN1;DAPK3;PSMB2;FADD;UBC;PSMD12;CDKN2A;NMT1;DFFA;PSMD6;PSMA5;CDH1;BCL2L11;LY96;PPP3R1;PSMD8;APPL1;TP73;RIPK1;FNTA;PRKCD;PSMC2;DNM1L;E2F1;DYNLL1;OPA1;BMX;PSMA4;DBNL;TFDP1;PSMA3;PSMD3;TFDP2
REACTOME_MITOTIC_G2_G2_M_PHASES,7.75022754545127e-11,2.70065621391494e-09,0.839088935621274,0.530877099572628,1.69882706385158,185,TUBB6;CCNA1;DYNC1I2;TUBA1A;PLK4;CDK5RAP2;CDK7;OPTN;NDE1;CDK2;AJUBA;LCMT1;CDC25B;CSNK1E;CKAP5;YWHAG;HSP90AA1;CEP76;CNTRL;PCM1;MIS18BP1;HAUS6;ALMS1;HSP90AB1;HAUS2;WEE1;TP53;DYNC1H1;TUBB3;NEDD1;TUBA1C;CEP41;PSMD2;PPP1CB;PSMD1;TUBA1B;CENPF;EP300;CCNH;HAUS4;FBXW11;PKMYT1;AKAP9;MZT1;TUBB;RAB8A;CCNA2;PPP2R2A;CEP135;OBI1;CLASP1;CEP192;PPP2CB;HMMR;RBBP4;PSMC6;TUBA4A;XPO1;CEP164;CSNK1D;FZR1;CUL1;GTSE1;PCNT;TUBGCP4;LIN52;TUBGCP3;DCTN1;ODF2;E2F3;CEP63;TPX2;PSMC1;PSMD14;CDKN1A;PSMD7;FOXM1;NEK2;CDK11B;PPP1R12A;PSMD11;CEP57;SGO1;CCNB2;HAUS5;HAUS1;CEP78;SFI1;PPP2R1A;PSMB2;UBC;PSMD12;CCP110;PAFAH1B1;ACTR1A;PPME1;BTRC;FBXL7;PSMD6;PSMA5;TUBB4B;PSMD8;NME7;TUBB2A;HJURP;TICRR;PSMC2;HAUS3;PRKAR2B;E2F1;DYNLL1;TUBGCP6;MNAT1;CDK1;CCNB1;PLK1;PPP2R1B;PSMA4;SKP1;PSMA3;PSMD3;MYBL2;OFD1;PSMA7;DCTN2;MAPRE1;ADRM1;CDC25C;YWHAE;PRKACA;PSMD13;CEP250;PPP2CA;PHLDA1;PSMA6;LIN9;PSMB5;TUBGCP2;SDCCAG8;HAUS8;CEP131;BORA;CEP290;RPS27A;CEP72
REACTOME_SIGNALING_BY_TGFB_FAMILY_MEMBERS,1.02878135039523e-10,3.49528463796778e-09,0.839088935621274,0.555562903709669,1.76036855316188,147,ITGB8;TGFBR1;KLF16;MMP16;FSTL3;TGIF1;INHBB;STAT1;CDKN2B;FGF2;SMURF1;SKIL;SMURF2;TIMP1;TIMP2;UBE2D1;MYC;LTBP3;INHBA;PARD3;MMP14;RARA;CBL;PMEPA1;LTBP2;ITGB6;LTBP1;TGFB2;MAPK1;TCF3;AGO2;HELLS;ARHGEF18;ITGAV;F11R;PSEN1;SMAD3;RHOA;TGFB1;SP1;BMPR2;TCF12;SNW1;NCSTN;FSTL1;PPP1CB;NEDD4L;ITGB5;SKI;AGO4;EP300;RNF111;MOV10;SERPINE1;NCOR2;CGN;NCOR1;GIPC1;ZFYVE16;ACVR2A;XPO1;USP15;APH1A;CCNK;PPP1R15A;LTBP4;CCNT1;TRIM33;CCNT2;USP9X;AGO1;ACVR2B;ARRB2;CDK9;RBL1;UBE2D3;PPM1A;JUNB
REACTOME_MRNA_SPLICING,1.28339193239762e-10,4.25397472226429e-09,0.826657301178302,0.514341044064874,1.65280835740498,210,PLRG1;HNRNPF;RBM17;RBM7;HNRNPA1;POLR2D;HNRNPC;SNIP1;CDC5L;SF3B3;DHX8;PRPF40A;SF3B1;RBMX;SNW1;EIF4A3;HNRNPU;RBM22;HNRNPR;DHX15;SDE2;PPIL4;PRPF4;SF3B2;PPP1R8;PRPF18;SF3A1;HNRNPK;SNRNP200;USP39;DHX9;LSM6;PTBP1;CRNKL1;GTF2F2;SMNDC1;SYF2;DDX42;PPIG;SRSF4;HNRNPH2;SF3A3;SNRPD1;NCBP2;WDR70;SMU1;MFAP1;POLR2B;SNRNP40;PUF60;DHX16;CWF19L2;PDCD7;SRRM1;DHX38;HSPA8;EFTUD2;PRPF38A;CDC40;PPIL3;PRPF8;SF1;CWC27;WBP4;MTREX;SLU7;AQR;WBP11;NCBP1;PPWD1;CWC22;CTNNBL1;POLR2A;DDX46;CHERP;U2SURP;TCERG1;SRSF7;TFIP11;NSRP1;NKAP;U2AF2;ACIN1;HNRNPD;SRSF3;IK;DDX23;SRRM2;ZMAT2;ZNF830;DDX5;CCAR1;RBM39;HNRNPL;DNAJC8;HNRNPA2B1;GTF2F1;RBMX2;RNPS1;RBM8A;LSM8;BCAS2;SF3B6;SNRPB2;BUD13;FUS;SRSF10;SRSF11;HNRNPH1;HNRNPM;TRA2B;SF3B4;CASC3;SNRPE;SRSF8;PNN;YBX1;PRPF6;SRRT;GPKOW;PRPF19;HNRNPA3;HTATSF1;PHF5A;SRSF1;POLR2E;CWC25;SRSF9;RBM5;RBM25;POLR2C;SRSF6;DDX39B;RNPC3;CACTIN
REACTOME_CELL_JUNCTION_ORGANIZATION,1.77322798143563e-10,5.73765911135956e-09,0.826657301178302,0.490563862447291,1.58724208040498,258,LAMB3;FLNA;ACTN1;AMOT;ITGB4;CDH3;ZNF217;DST;NECTIN4;SDK1;FYN;CLDN16;CLDN10;CLDN1;CDH6;NECTIN1;PLEC;VASP;CLDN4;CDH11;MYC;AFDN;PKM;SRC;CD151;PARD3;PARVA;CTNNB1;SMARCA4;FOXQ1;VCL;CTNNA1;CADM1;PARD6B;MAPK1;PATJ;MTBP;KLF4;TCF3;AGO2;ACTG1;HDAC2;CTSS;ZBTB33;ARHGAP32;F11R;ZC3H12A;CLDN7;SIRT1;FERMT2;CDH24;CDH4;PXN;SP1;TCF12;PSMD2;PSMD1;AGO4;ANGPTL4;FOXJ2;ILF3;MOV10;PRKCI;PCSK7;CRB3;CLDN12;RBBP4;PSMC6;DNM2;HEYL;MPHOSPH8;CLDN2;CSNK2A1;CADM3;EZH2;RBBP7;CLDN9;FBLIM1;DNTTIP1;CSNK2A2;RACK1;PSMC1;PSMD14;JUP;PSMD7;AGO1;CDH15;KDM1A;CLDN6;PSMD11;EPS15;SUZ12;ACTB;SEC11A;LAMA3;EED;RSU1;H3-3A;PVR;NECTIN2;PSMB2;CTBP2;PIP5K1C;UBC;PSMD12;CTBP1;H3-3B;PSMD6;PSMA5;TNRC6B;TESK1;CDH1;CTNND1;GANAB;ANG;CLDN11;RB1;PSMD8;AGO3;PSMC2;KRT14;ADAM19;MOGS;MDM2;ZMYM2;ARID1A;FURIN
REACTOME_SARS_COV_2_ACTIVATES_MODULATES_INNATE_AND_ADAPTIVE_IMMUNE_RESPONSES,2.81855920857182e-10,8.90795805685838e-09,0.814035837847908,0.587975247588805,1.83590752274358,108,NOD1;SEC23A;RIPK2;STAT1;SEH1L;IRAK2;JAK1;STING1;KPNA2;NUP188;MAP3K7;HSP90AA1;IFIH1;HLA-G;NUP205;HSP90AB1;STAT2;NUP98;G3BP1;NDC1;NUP107;IFNAR1;BECN1;NUP62;NLRP3;TBK1;IFNAR2;IL17RA;TPR;TAB3;SEC24B;IKBKE;CNBP;PIK3C3;SEC24D;NUP54;POM121C;TAB2;NUP85;NUP133;NUP43;SEC24A;HLA-C;NUP58;PTPN11;HLA-B;NUP155;NUP93;IFNA1;TYK2;CREBBP;SEC24C;RANBP2;NLRP12;NUP160;G3BP2;CHUK;NUP153;B2M;NOD2;ATG14;UBC;NUP35;TLR1;TLR2;POM121;TAB1;HLA-A;NUP214;UBE2N;IRF7;NUP37;HLA-E;PIK3R4;IRF3;IKBKB;IKBKG;TLR8;PTPN6;NUP50
REACTOME_DEATH_RECEPTOR_SIGNALING,2.9732623997994e-10,9.18332636665314e-09,0.814035837847908,0.548405827888413,1.73936201357235,151,TNFRSF10A;FAS;TNFRSF1A;NGEF;RIPK2;ABR;TNFRSF10B;TIAM1;CLIP3;USP4;NGFR;BIRC2;UBE2D1;MYD88;CFLAR;OPTN;RELA;RTN4;MAPKAPK2;PLEKHG5;CASP8;OTUD7B;ARHGEF38;CASP3;FGD1;AKAP13;MAP3K7;ECT2;RTN4R;NET1;ARHGEF18;HDAC2;ARHGEF2;ARHGEF26;TRIO;OTULIN;PSEN1;ITSN1;TNFRSF10D;RHOA;RAC1;XIAP;NFKB1;NCSTN;BIRC3;NSMAF;PLEKHG2;ARHGEF12;PRDM4;TBK1;ADAM17;TAB3;OTUD1;GNA13;IKBKE;BAG4;PRKCI;TAX1BP1;TAB2;APH1A;CASP2;ARHGDIA;ARHGEF17;RBCK1;OBSCN;RACK1;VAV2;CHUK;MAG;SPPL2A;UBE2D3;FGD4;ULK1;FADD;UBC;CASP10;SOS1;TAB1;SQSTM1;AATF;ARHGEF1;BCL2L11;TNFAIP3;RIPK1;CYLD;VAV1;IKBKB;IKBKG;MADD
REACTOME_CDC42_GTPASE_CYCLE,4.70949689611096e-10,1.42226806262551e-08,0.801215574617779,0.547253867348334,1.73482852119792,149,DOCK9;SRGAP2;CDC42EP1;IQGAP1;NGEF;ARAP1;BAIAP2;ABR;TIAM1;PAK2;ARHGAP10;IQGAP3;TMPO;DOCK7;CDC42EP5;ARHGAP44;CDC42EP3;PLEKHG4;DLC1;DOCK11;PIK3R1;SCRIB;PLEKHG1;FARP1;ARHGAP17;CAV1;FGD1;ARHGAP1;ECT2;VAMP3;SRGAP3;DIAPH3;ARHGAP42;CDC42BPA;CDC42;ARHGAP32;CDC42EP4;MYO9B;FMNL1;STOM;ARHGEF26;TRIO;ITSN1;WIPF1;SH3PXD2A;ARHGAP29;RACGAP1;FMNL2;PLEKHG2;LBR;ARHGEF12;SNAP23;RALBP1;DOCK6;FNBP1;GNA13;GIT1;CDC42BPB;MAP3K11;DEPDC1B;ARHGAP45;WASL;ARHGDIA;WIPF2;WDR81;ARAP2;ARHGAP27;FNBP1L;VAV2;JUP;RAB7A;ARHGAP30;ARHGDIB;ARHGAP5;SHKBP1;SRGAP1;FGD4;BCR;FAM13B
REACTOME_INTRACELLULAR_SIGNALING_BY_SECOND_MESSENGERS,5.81759021521757e-10,1.71871850053928e-08,0.801215574617779,0.479862855146625,1.55628656334074,282,IL1RAP;MET;TGFA;FYN;GATAD2A;EGFR;ERBB3;ADCY7;FGF2;PIK3CA;KL;MYD88;AREG;GAB2;SRC;KPNA2;HBEGF;STRN;AKT3;PIK3R1;ADCY8;PDE1C;IL1RL1;GSK3B;FGF9;MAPK1;IER3;PIP4K2A;AGO2;RNF2;RAC2;ITPR2;BDNF;ITPR3;HDAC2;ERBB2;TNKS;EREG;IRS2;ESR1;MTA2;GRK2;REST;PIK3CD;TP53;BMI1;FOXO3;OTUD3;RAC1;XIAP;FGF20;PSMD2;PSMD1;RCOR1;ADCY6;FGF18;NEDD4;AGO4;PIP5K1A;GATAD2B;TNKS2;RRAGC;CAMK2D;GAB1;PRKAR1A;MOV10;RHOG;SLC38A9;RICTOR;RHEB;ADCY3;MTOR;PPP2CB;CD86;RBBP4;PSMC6;PML;PIP4K2B;PTPN11;PPP2R5E;AHCYL1;CSNK2A1;EZH2;RBBP7;GRB2;WWP2;RNF146;PHC3;CSNK2A2;PDGFA;CBX2;PSMC1;PSMD14;CDKN1A;CREB1;PSMD7;AGO1;PIK3CB;AKT1;KDM1A;PIK3R5;PSMD11;CHUK;MKRN1;IRAK4;MECOM;FRS2;HDAC7;PDE1A;SUZ12;FOXO4;PHC2;CALM1;TRIM27;EED;PIP4K2C;SCMH1;PPP2R1A;PSMB2;PRKAR1B;PTEN;PIP5K1C;UBC;PSMD12;RRAGB;FGFR3;PHC1;BTC;PSMD6;PSMA5;TNRC6B;PLCG1;CBX6;RPTOR;PSMD8;MTA1;AGO3;USP7;PRKCD;PSMC2;VAV1;MDM2;PRKAR2B;CD80;NTF3;RRAGA;INSR;PPP2R5C;PPP2R1B;PIK3R6;PSMA4;PDPK1;USP13;NTRK2;PSMA3;PSMD3;FGF1;MAF1;PPP2R5D;PSMA7;HDAC5;ADRM1;CD28;PRKACA;LCK;PSMD13;ATN1;ATF2;CDKN1B;PIK3CG;PPP2CA;CAMKK2;PPP2R5A;PSMA6;ICOS
REACTOME_ANTIGEN_PROCESSING_UBIQUITINATION_PROTEASOME_DEGRADATION,7.16313649328177e-10,2.07121329667445e-08,0.801215574617779,0.484929767064064,1.5721408230176,279,MEX3C;UBE2E2;SIAH2;KLHL2;SMURF1;SMURF2;DTX3L;UBE2D1;ZNRF2;NPEPPS;LMO7;HERC6;FBXL19;UBE2H;FBXO41;UBA3;MGRN1;HERC4;KLHL13;CUL7;LNPEP;ANAPC1;UBA6;RNF115;UBE2B;FBXO31;KLHL5;TRAF7;ATG7;TRIM21;RNF213;TRIP12;UBE3C;FBXO21;BTBD1;HERC5;RNF19B;PSMD2;UBE2L6;PSMD1;NEDD4L;HECTD2;NEDD4;HACE1;UBE2Q1;FBXO22;RNF41;RNF34;KLHL25;RNF138;SPSB1;FBXW11;FBXL20;RNF111;KLHL9;UBE2Z;UBE2E1;HECTD3;CUL3;RLIM;KLHL20;UBE2W;UBE2J1;UBE2A;RNF19A;FBXO11;PSMC6;TRIM32;RNF217;UBE2R2;FZR1;CUL1;HUWE1;UBE4A;RNF114;RNF123;UBE2K;RNF130;RBCK1;UBE2E3;TRIM11;FBXL13;FBXO2;FBXW2;UBA1;FBXL14;PSMC1;PSMD14;KEAP1;RNF220;CDC16;PJA2;PSMD7;FBXL4;UBE3A;LTN1;PSMD11;RNF6;MKRN1;LONRF1;WSB1;ITCH;KLHL42;UBR1;LRRC41;CUL5;UBE2D3;UBE2C;SOCS3;UFL1;RNF4;UBE2G1;PSMB2;FBXL16;AREL1;ASB1;UBC;PSMD12;FBXL12;HERC2;UBE2F;UBR4;BTRC;UBR2;TRIM69;FBXO7;FBXL7;PSMD6;PSMA5;UNKL;HECTD1;UBE2Q2;FBXO32;ASB3;CUL2;ARIH2;PSMD8;DCAF1;UBE2N;GAN;KBTBD8;RNF144B;ASB7;ELOC;PSMC2;PJA1;VHL;RBBP6;UBE3B;CDC27;LNX1;UBA7;MYLIP;UBE2V2;PSMA4;SIAH1;SKP1;PSMA3;PSMD3;ASB4;WWP1
REACTOME_MITOTIC_SPINDLE_CHECKPOINT,7.64568080489864e-10,2.16468337788693e-08,0.801215574617779,0.571846016386456,1.78607608763861,109,RCC2;NDEL1;DYNC1I2;SEH1L;ZWILCH;UBE2D1;KIF18A;ERCC6L;NDE1;KNTC1;KIF2A;CKAP5;CENPH;KNL1;ANAPC1;ZW10;CENPI;NUP98;BUB1;DYNC1H1;NUP107;CENPK;SGO2;RANGAP1;CENPF;CENPL;CENPN;UBE2E1;MAD2L1;BUB1B;CENPP;BUB3;CDCA8;TAOK1;CLASP1;DYNC1LI1;PPP2CB;XPO1;NUP85;NUP133;NUP43;CENPQ;PPP2R5E;NUF2;CDC16;RANBP2;CENPE;NUP160;NDC80;SGO1;AHCTF1;UBE2C;RPS27;SPC24;PPP2R1A;AURKB;KIF2C;PAFAH1B1;CENPU;DYNC1LI2;CLASP2;CENPA;SKA1;NSL1;SPC25;BIRC5;NUP37;CENPO;CENPC;DYNLL1;CDC27;DSN1;PLK1;PPP2R5C;PPP2R1B;SPDL1;SEC13;CLIP1;PPP2R5D;ANAPC4;CDC23;MAPRE1;ZWINT;PPP2CA;PPP2R5A;CENPM;ANAPC5;PPP1CC;ITGB3BP
REACTOME_PROGRAMMED_CELL_DEATH,7.95463563573931e-10,2.20619384264688e-08,0.801215574617779,0.516459479659715,1.65502342507489,191,BID;TNFRSF10A;PELI1;FAS;UNC5B;TNFRSF10B;PAK2;GSN;PMAIP1;LMNA;ROCK1;ARHGAP10;BCL2L1;PLEC;TP53BP2;SFN;BIRC2;YWHAH;CFLAR;YWHAZ;TICAM1;DSP;STAT3;CTNNB1;AKT3;DSG2;STK24;CASP8;CASP3;YWHAG;SPTAN1;MAPK1;PKP1;TJP1;KPNA1;HSP90AA1;DAPK2;TP63;ADD1;STK26;TP53;CHMP4C;PDCD6IP;APAF1;YWHAB;XIAP;CASP7;BIRC3;PSMD2;HMGB1;PSMD1;LMNB1;CLSPN;CASP6;BBC3;YWHAQ;TJP2;OGT;DAPK1;AVEN;CHMP3;SATB1;PSMC6;OMA1;IL18;UACA;GSDME;KPNB1;PTK2;OCLN;BAX;PSMC1;PSMD14;PSMD7;AKT1;HMGB2;PSMD11;ITCH;ACIN1;DAPK3;PSMB2;CHMP2B;FADD;UBC;PSMD12;CDKN2A;NMT1;DFFA;IRF2;PSMD6;PSMA5;CHMP6;CDH1;BCL2L11;CHMP7;LY96;PPP3R1;PSMD8;APPL1;TP73;RIPK1;FNTA;PRKCD;PSMC2;IL1A;DNM1L;E2F1;DYNLL1;FLOT2;OPA1;BMX;PSMA4;DBNL;TFDP1;PSMA3;PSMD3;TFDP2;CASP4;IRF1;PSMA7;ELANE;CDC37;ADRM1;YWHAE;PSMD13;CASP1
REACTOME_CILIUM_ASSEMBLY,8.35194511828674e-10,2.27005868315034e-08,0.801215574617779,0.517778258911685,1.65567768595747,182,TUBB6;ARL13B;DYNC1I2;TUBA1A;PLK4;CDK5RAP2;NDE1;CCT8;BBS9;CSNK1E;CKAP5;ASAP1;YWHAG;KIF3A;HSP90AA1;CEP76;CNTRL;BBS7;PCM1;PKD2;HAUS6;ALMS1;HAUS2;SSTR3;DYNC1H1;TUBB3;NEDD1;RAB11A;KIFAP3;TUBA1C;CEP41;TCP1;TUBA1B;KIF3C;EXOC4;C2CD3;CEP97;EXOC1;EXOC7;GBF1;HAUS4;CCT4;AKAP9;BBS2;AHI1;SEPTIN2;IQCB1;TUBB;CCT2;RAB8A;RP2;CEP135;CLASP1;CEP192;NPHP4;TUBA4A;CEP164;CSNK1D;SCLT1;PCNT;RAB11FIP3;TRIP11;DCTN1;RPGRIP1L;CCT5;EXOC5;ODF2;WDR35;CEP63;CEP83;IFT57;MARK4;NEK2;IFT52;CEP57;EXOC8;HAUS5;TTC21B;HAUS1;CCT3;TMEM216;IFT80;CEP78;TRAF3IP1;SFI1;CEP89;PPP2R1A;EXOC2;HDAC6;CCP110;PAFAH1B1;ACTR1A;TUBB4B;PKD1;EXOC3;TUBB2A;DYNC2H1;BBS10;CEP162;HAUS3;ATAT1;TCTN3;PRKAR2B;CLUAP1;DYNLL1;CDK1;PLK1;IFT81;TTC8;TMEM67;IFT122;TTBK2;OFD1;RAB3IP;ARF4;KIF3B;DCTN2;TNPO1;LZTFL1;MAPRE1;YWHAE;PRKACA;CEP250
REACTOME_COMPLEX_IV_ASSEMBLY,1.10076665977975e-09,2.93321939341311e-08,0.788186810800237,-0.568303583813893,-2.85275981773997,45,COX6A1;COX8A;COX5B;MT-CO3;COX6C;MT-CO2;COX7B;HIGD2A;MT-CO1;COX4I1;COX6B1;COX17;COX14;COX7A1;COX4I2;PET100;COX5A;COX7A2;SURF1;PET117;COX7C
REACTOME_EPIGENETIC_REGULATION_OF_GENE_EXPRESSION,1.55105887405663e-09,4.05363271123647e-08,0.788186810800237,0.472803291103059,1.53545293811685,292,SCD;MED13;GATAD2A;DNMT1;PHF19;CBX3;TET3;PLIN2;DR1;TAF1D;EPOP;CDK7;RBM7;SMARCA4;AJUBA;UBE2I;ERCC6;SMARCC1;ACTL6A;GSK3B;UHRF1;HDAC2;SIN3B;TAF1B;PNPLA2;PSIP1;LPL;ZNF28;PPHLN1;ASH2L;KMT2A;DDX21;MORC2;MTA2;NCOA1;SIRT1;SPOCD1;BCL7A;MYO1C;NCOA2;ZNF649;WDR82;SF3B1;BAZ1B;EZH1;MED14;MYBBP1A;SMARCC2;BAZ2A;POLR1E;AEBP2;EP300;GATAD2B;CCNH;ANGPTL4;SMARCA5;ZNF669;ATF7IP;ARID4B;MED1;PIWIL4;POLR1G;OGT;TASOR;ZNF33A;PHF20;NCOR2;SUMO2;ZNF320;ERCC3;GTF2H3;NCOR1;TET2;ZNF454;TBL1XR1;POLR1A;RBBP4;SMARCB1;BOD1L1;HCFC1;KMT2B;MED17;SS18;MPHOSPH8;ELOVL5;POLR1F;DPF2;ZNF317;EZH2;KMT2C;RBBP7;NCOA3;JARID2;SAP130;SETDB1;LPIN1;CREBBP;MTREX;ABL1;DEK;TDG;MED27;ZNF264;EHMT2;MED12;SAP30L;TAF1A;MED30;DNMT3A;MED23;SUDS3;KANSL2;SUZ12;ACTB;ZNF778;RBBP5;ZNF136;ZCCHC8;KDM6A;MBIP;EED;SS18L1;H3-3A;SIN3A;TADA3;ZNF418;POLR1B;MED4;ZNF610;TBP;TASP1;H3-3B;MTF2;KMT2D;BCL7C;SMARCD1;MED24;ZNF816;TBL1X;ZNF331;POLR1D;RB1
REACTOME_RAC2_GTPASE_CYCLE,1.90721719112602e-09,4.89039275988729e-08,0.774939030136436,0.604578688493722,1.86392784112498,86,CDC42EP1;EPHA2;IQGAP1;ANKLE2;ARMCX3;ABR;TIAM1;PAK2;PIK3CA;TMPO;ESYT1;PIK3R1;ABI1;DSG2;ARHGAP17;CAV1;ARHGAP1;VAMP3;DIAPH3;RAC2;ARHGAP42;CDC42;ARHGAP32;CDC42EP4;CYFIP1;NCF2;TRIO;WASF2;ABI2;VRK2;NCKAP1;DOCK3;PLD2;RACGAP1;LBR;STBD1;ERBIN;GIT1;CYBB;MPP7;DEPDC1B;LEMD3;ARHGDIA;SWAP70;DOCK4;PGRMC2;LMAN1;VAV2;RAB7A
REACTOME_S_PHASE,2.15823550738432e-09,5.43155936025055e-08,0.774939030136436,0.540220101913049,1.71253105083435,149,CCNA1;MCM4;UBE2D1;MYC;MCM6;CDK7;AKT3;CDK2;MCM5;CDC25B;POLD1;MCM2;GSK3B;RFC3;PRIM2;POLA1;ANAPC1;CKS1B;MCM3;MCM7;POLD3;GINS4;PDS5A;GINS1;WEE1;ORC1;PDS5B;PSMD2;SMC3;PSMD1;POLE;ESCO2;LIG1;CCNH;RFC4;PRIM1;UBE2E1;PCNA;CCNA2;ORC6;CDCA5;CCNE2;RBBP4;PSMC6;CDC45;PTK6;STAG1;RFC2;STAG2;ORC3;RPA1;ESCO1;FZR1;CUL1;POLE3;WAPL;CDK4;LIN52;RBL2;PSMC1;PSMD14;CDT1;CDKN1A;CDC16;PSMD7;RAD21;AKT1;SMC1A;PSMD11;CDC6;UBE2C;POLD4;RFC1;PSMB2;UBC;MAX;FEN1;PSMD12;POLE2;PSMD6;PSMA5;RB1;PSMD8;E2F5;ORC4;PSMC2;GINS3;E2F4;E2F1;MNAT1;CDC27;RPA2;PSMA4;TFDP1;GINS2;DNA2;SKP1;PSMA3;PSMD3;TFDP2;PSMA7;ANAPC4;CDC23;ADRM1;PSMD13;CDKN1B;MCM8;ANAPC5;PSMA6;CCNE1;LIN9;ORC2;PSMB5
REACTOME_MITOTIC_G1_PHASE_AND_G1_S_TRANSITION,2.38204862196754e-09,5.88582559500708e-08,0.774939030136436,0.5471313311568,1.72816605786855,135,LYN;CCNA1;MCM4;CDKN2B;MYC;SRC;MCM6;CDK7;AKT3;CDK2;MCM5;MCM2;PRIM2;CCND3;POLA1;CKS1B;MCM3;CDC7;MCM7;TOP2A;WEE1;ORC1;E2F6;PSMD2;CDKN2D;PSMD1;POLE;CCNH;DBF4;PRIM1;PCNA;CCND2;RRM2;MCM10;CCNA2;PPP2R2A;ORC6;CCNE2;PPP2CB;RBBP4;PSMC6;CDC45;PTK6;ORC3;RPA1;CUL1;POLE3;CDK4;LIN52;RBL2;E2F3;PSMC1;PSMD14;CDT1;CDKN1A;ABL1;PSMD7;AKT1;PSMD11;CDC6;FBXO5;RBL1;JAK2;PPP2R1A;PSMB2;UBC;MAX;PSMD12;CDKN2A;POLE2;PSMD6;PSMA5;DYRK1A;RB1;PSMD8;E2F5;ORC4;TK1;PSMC2;E2F4;E2F1;MNAT1;CDK1;CCNB1;PPP2R1B;RPA2;PSMA4;TFDP1;SKP1;PSMA3;PSMD3;TFDP2;MYBL2;PSMA7;E2F2;ADRM1;PSMD13;CDKN1B;PPP2CA;MCM8;PSMA6;CCNE1;LIN9;ORC2;PSMB5
REACTOME_RAC3_GTPASE_CYCLE,2.96290203847971e-09,7.19032833981059e-08,0.774939030136436,0.591335610682669,1.82645651911261,88,SRGAP2;CDC42EP1;EPHA2;AMIGO2;WASF1;BAIAP2;ABR;TIAM1;PAK2;TMPO;ABL2;ESYT1;PIK3R1;ABI1;DSG2;ARHGAP17;CAV1;ARHGAP1;VAMP3;DIAPH3;ARHGAP42;CDC42;ARHGAP32;CYFIP1;NCF2;TRIO;WASF2;FERMT2;ABI2;VRK2;NCKAP1;RACGAP1;LBR;STBD1;SNAP23;ERBIN;JAG1;GIT1;CYBB;MPP7;DEPDC1B;LEMD3;SWAP70;ARAP2;PGRMC2;LMAN1;VAV2;RAB7A;ARHGDIB;RAPGEF1;ARHGAP5;NCKAP1L;BCR
REACTOME_REGULATION_OF_TP53_ACTIVITY_THROUGH_PHOSPHORYLATION,3.31655612996058e-09,7.90736803616917e-08,0.774939030136436,0.58648427687591,1.81386898608123,90,PLK3;CCNA1;RBBP8;CDK2;DYRK2;RFC3;RMI2;HIPK2;CHEK2;SUPT16H;RHNO1;WRN;TP53;NBN;TOPBP1;BARD1;CHEK1;TP53RK;BLM;RAD1;BRIP1;MRE11;TAF15;CDK5R1;RFC4;TP53INP1;ATM;CCNA2;TAF1;RFC2;RPA1;RAD50;CSNK2A1;MAPK14;TAF4;NOC2L;EXO1;CSNK2A2;TPX2;TAF7;TAF12;MAPKAPK5;TAF9B;TAF6;RMI1;SSRP1;TAF2;TAF13;TOP3A;PRKAA1;HIPK1;AURKB;HUS1;UBC;TAF3;PRKAB1;TBP;TAF9;RAD9B;ATR;KAT5;MDM2;TAF5;PRKAG1;RPA2;STK11;DNA2;RAD17;MDM4
REACTOME_DNA_DOUBLE_STRAND_BREAK_REPAIR,3.95221274523863e-09,9.26044331168845e-08,0.761460801445585,0.532279690696634,1.6896226978086,153,CCNA1;RBBP8;FIGNL1;RAD51B;BRCA2;KPNA2;CDK2;POLD1;UBE2I;TDP1;RFC3;RMI2;XRCC5;POLH;XRCC4;RAD51;CHEK2;PRKDC;RHNO1;WRN;POLD3;TP53;NBN;TOPBP1;BARD1;CHEK1;BLM;RAD1;BAZ1B;XRCC6;RNF168;BRIP1;POLE;MRE11;CLSPN;PALB2;RAD51AP1;SMARCA5;RFC4;PCNA;ATM;ABRAXAS1;CCNA2;SUMO2;RIF1;NHEJ1;PPP5C;KDM4A;PPP4R2;RFC2;RPA1;RAD50;UIMC1;TP53BP1;SPIDR;LIG4;POLE3;PARP2;MUS81;EXO1;TDP2;APBB1;ABL1;BABAM2;POLQ;PPP4C;TIMELESS;RMI1;TOP3A;XRCC2;POLD4;RFC1;RNF4;HUS1;UBC;FEN1;HERC2;POLE2;ERCC4;BRCC3;RAD9B;PIAS4;RAD52;ATR;EME1;KAT5;UBE2N;LIG3;XRCC1;POLK;RPA2;UBXN1;EYA3;UBE2V2;ERCC1;DNA2;RAD17;H2AX;PAXIP1;TIPIN;MDC1;DCLRE1C
REACTOME_TOLL_LIKE_RECEPTOR_CASCADES,5.9443484879068e-09,1.3692151856043e-07,0.761460801445585,0.521342737702228,1.6581602406508,160,NOD1;PELI1;RIPK2;ELK1;IRF5;SLC15A4;MAPKAPK3;IRAK2;BIRC2;UBE2D1;MYD88;MAP3K1;OPTN;TICAM1;RELA;MAPK7;MAPKAPK2;CASP8;MAP3K7;RPS6KA3;MAPK1;UNC93B1;CTSS;NFKB2;TANK;ATF1;ITGAM;USP14;RBSN;TP53;DNM3;RPS6KA2;N4BP1;TLR5;IKBIP;NFKB1;BIRC3;HMGB1;MAP2K7;S100B;MAP2K4;TBK1;FBXW11;ITGB2;TAB3;IKBKE;PIK3C3;S100A9;MAP2K3;PPP2CB;CTSK;TAB2;DNM2;GSDME;PTPN11;CUL1;MAPK14;MAP2K1;CREB1;APP;ALPK1;CHUK;IRAK4;EEA1;DUSP3;S100A8;NOD2;UBE2D3;MEF2A;DUSP7;PPP2R1A;LY86;FADD;NLRC5;UBC;USP18;TLR1;TLR2;BTRC;TIRAP;TAB1;LY96;AGER;NLRX1;UBE2N;RIPK1;IRF7;MAPK9;BTK;PIK3R4;IRF3;IKBKB;IKBKG;TLR6;TLR8
REACTOME_SIGNALING_BY_NUCLEAR_RECEPTORS,6.9101876920701e-09,1.56515751225388e-07,0.761460801445585,0.476000050861728,1.53897505046194,252,RUNX1;NRIP1;ZNF217;RARG;SCD;TGFA;EGFR;ELK1;CBFB;RDH5;PIK3CA;S1PR3;MYC;AREG;SRC;KPNA2;HBEGF;STRN;AKT3;PIK3R1;PDK3;DHRS3;RARA;CHD1;GNB1;CAV1;ABCA1;POLR2D;IGF1R;MAPK1;CAV2;AXIN1;GNG12;HSP90AA1;GNAI2;AGO2;SREBF1;SPHK1;GNB5;SDR16C5;SHC1;EREG;HSP90AB1;ESR1;NCOA1;NCOA2;CARM1;FOXO3;ARL4C;SP1;UHMK1;NRAS;SMC3;ABCG1;GNB4;KDM3A;MMP7;DHRS9;AGO4;EP300;MED1;GATA3;MOV10;ALDH1A3;GNAI3;RXRG;APOE;GTF2F2;NCOR2;NCOR1;PPP5C;ZDHHC21;KDM4A;TBL1XR1;STAG1;XPO1;APOC1;STAG2;KRAS;POLR2B;APOD;RDH10;PTGES3;PTK2;CCNT1;PGR;NCOA3;MMP2;NR1H2;PDK2;CXXC5;CREBBP;CREB1;AGO1;RAD21;AKT1;KDM1A;SMC1A;POLR2A;CDK9;CALM1;H3-3A;FKBP5;DDX5;GREB1;GTF2A1;GTF2F1;TBP;H3-3B;KANK1;GNB2;BTC;TNRC6B;CITED1;RDH14;TBL1X;CRABP2;PLTP;KAT5;AGO3;PRMT1;POU2F1
REACTOME_DEUBIQUITINATION,7.16850508096548e-09,1.59704891885772e-07,0.761460801445585,0.488140741205711,1.57593858303012,242,TGFBR1;NOD1;STAM;RAD23B;RIPK2;CCNA1;SIAH2;HIF1A;USP4;SMURF2;USP25;BIRC2;UBE2D1;MYC;JOSD1;DDB2;OTUD7B;MAP3K7;ACTL6A;AXIN1;HGS;IFIH1;FOXK1;TNKS;RCE1;ESR1;ATXN3;USP14;TP53;FOXK2;TRRAP;BARD1;SMAD3;RHOA;TGFB1;OTUD3;ASXL2;BIRC3;PSMD2;USP24;PSMD1;TNIP1;BECN1;CLSPN;NLRP3;USP34;ATXN7;EP300;MAT2B;ASXL1;TNKS2;ACTR8;USP3;GATA3;INO80;OGT;VCPIP1;IDE;ABRAXAS1;CCNA2;PSMC6;USP15;USP42;UIMC1;HCFC1;USP12;ZRANB1;RNF123;USP37;USP22;OTUD5;RNF146;INO80D;PSMC1;PSMD14;KEAP1;USP9X;BABAM2;PSMD7;USP10;VDAC1;TAF9B;USP47;PSMD11;ADRB2;ARRB2;SUDS3;ACTB;NOD2;FOXO4;STAM2;USP28;STAMBP;INO80C;VCP;TOMM20;PSMB2;PTEN;MBD5;TADA3;UBC;PSMD12;CCP110;USP18;MYSM1;PSMD6;TAB1;PSMA5;BRCC3;USP8;ABRAXAS2;WDR48;CFTR;PSMD8;RAD23A;TNFAIP3;RIPK1;SMAD4;USP7;MUL1;USP48;PSMC2;CYLD;MDM2;IKBKG;CDK1;USP33;NFRKB;PTRH2;USP5;H2AC11;SMAD2;PSMA4;TNIP2;USP13;PSMA3;PSMD3
REACTOME_SUMOYLATION_OF_DNA_DAMAGE_RESPONSE_AND_REPAIR_PROTEINS,1.54926551203055e-08,3.39589004975729e-07,0.73376198835648,0.600465624427361,1.83883270473787,77,SEH1L;SP100;NUP188;UBE2I;XRCC4;XPC;RNF2;SMC6;NUP205;WRN;NUP98;NDC1;BMI1;BLM;NUP107;SMC5;SMC3;RNF168;NUP62;TPR;SUMO2;NUP54;POM121C;PML;STAG1;NUP85;NUP133;STAG2;RPA1;NUP43;SUMO3;NUP58;NUP155;NUP93;PHC3;CBX2;TDG;RANBP2;RAD21;SMC1A;NUP160;NUP153;HDAC7;PHC2;SCMH1;NUP35;CDKN2A;HERC2;POM121;PHC1;NUP214;PIAS4;RAD52;NSMCE2;NUP37;PIAS1
REACTOME_L1CAM_INTERACTIONS,1.5982948654691e-08,3.44775035265477e-07,0.73376198835648,0.564875250323876,1.76105567339091,104,KCNQ3;SPTBN2;MSN;ITGA2;NRP2;TUBB6;EGFR;NRCAM;GAP43;TUBA1A;LAMA1;LAMC1;SRC;CNTNAP1;RANBP9;SCN1B;SPTAN1;RPS6KA3;KIF4A;AP2A1;MAPK1;RPS6KA4;ACTG1;ITGA9;ITGAV;EZR;DNM3;ALCAM;RPS6KA2;SCN2B;TUBB3;AP2M1;RAC1;DLG4;TUBA1C;TUBA1B;DPYSL2;AP2B1;TUBA4A;DNM2;CSNK2A1;CLTA;LYPLA2;MAP2K1;HSPA8;CSNK2A2;LAMB1;VAV2;CLTC;ACTB;SCN8A;AP2A2;SCN5A;NRP1;CNTN6;TUBB4B;ITGB3;SHTN1;TUBB2A;SCN7A
REACTOME_CLATHRIN_MEDIATED_ENDOCYTOSIS,1.8042122038225e-08,3.83113185155434e-07,0.73376198835648,0.531773367449359,1.68164375459328,139,LDLR;STAM;ARF6;TGFA;EGFR;IGF2R;FCHO1;CTTN;SCARB2;AGFG1;AREG;ARPC2;PICALM;HBEGF;SNX9;EPN2;UBQLN2;SYNJ2;CBL;SYT1;VAMP4;ACTR3;AP2A1;REPS1;SH3GL1;VAMP3;NECAP2;HGS;SYT11;ACTG1;HIP1;EREG;WNT5A;TRIP10;GRK2;ITSN1;DNM3;ACTR2;AP2M1;SNX18;UBQLN1;SYT8;DVL2;FCHO2;FNBP1;AP2B1;WASL;ITSN2;DNM2;M6PR;RAB5A;CLTA;GRB2;TGOLN2;HSPA8;FNBP1L;DNAJC6;STON1;HIP1R;IL7R;CLTC;ADRB2;ARRB2;EPS15;CD4;ACTB;STAM2;VAMP7;AP2A2;GRK3;ARPC5;PIP5K1C;UBC;NECAP1;COPS2;AMPH;BTC;CFTR;TOR1B;TOR1A;RAB5B;COPS7B;EPS15L1;PACSIN2;VAMP8;COPS8;GAK;DAB2;GAPVD1;ARPC3;TACR1;RAB5C;DNM1
REACTOME_SIGNALING_BY_TGF_BETA_RECEPTOR_COMPLEX,2.09416368422497e-08,4.37841299517191e-07,0.73376198835648,0.571984348139175,1.76964503757645,91,ITGB8;TGFBR1;TGIF1;STAT1;CDKN2B;SMURF1;SKIL;SMURF2;UBE2D1;MYC;LTBP3;PARD3;CBL;PMEPA1;LTBP2;ITGB6;LTBP1;TGFB2;MAPK1;ARHGEF18;ITGAV;F11R;SMAD3;RHOA;TGFB1;SP1;SNW1;PPP1CB;NEDD4L;ITGB5;SKI;EP300;RNF111;SERPINE1;NCOR2;CGN;NCOR1;XPO1;USP15;CCNK;PPP1R15A;LTBP4;CCNT1;TRIM33;CCNT2;USP9X;CDK9;RBL1;UBE2D3;PPM1A;JUNB;TGFB3;UBC;FBN1;ITGB3;E2F5;SMAD4;YBX1;E2F4;CDK8;FURIN
REACTOME_SIGNALING_BY_MET,3.48225244585782e-08,7.06325533421011e-07,0.719512826338911,0.607785484754792,1.85309769288023,72,LAMB3;MET;STAM;ITGA3;ITGA2;ARF6;SPINT1;PIK3CA;LAMA1;DOCK7;GGA3;LAMC1;SRC;STAT3;PIK3R1;CBL;RANBP9;SH3GL1;HGS;MUC20;SHC1;RAP1B;LAMA5;PTPN2;RAC1;NRAS;CRKL;GAB1;COL3A1;CRK;PTPN1;KRAS;PTPN11;RAP1A;PTK2;GRB2;COL5A1;LAMB1;HPN;EPS15;RAPGEF1;STAM2;LAMA3;UBC;COL5A2;SOS1;USP8
REACTOME_ONCOGENIC_MAPK_SIGNALING,3.43195514715001e-08,7.06325533421011e-07,0.719512826338911,0.596784272130821,1.82221885480501,74,PAPSS1;IQGAP1;SPRED3;LMNA;SRC;MPRIP;VCL;SPRED2;MAPK1;ACTG1;CNKSR2;ATG7;KDM7A;RAP1B;FXR1;DUSP8;YWHAB;TLN1;NRAS;PPP1CB;FAM131B;AKAP9;CAMK2D;TENT4A;ESRP1;MAP3K11;KRAS;SHOC2;RAP1A;NF1;MAP2K1;CSK;RAF1;ARRB2;TRAK1;ZC3HAV1;JAK2;DUSP16;ACTB;CALM1;AGGF1;DUSP7;BRAP;SPRED1;QKI;ARAF;ITGB3;BRAF;BCL2L11;CNKSR1;MRAS;KIAA1549
REACTOME_FORMATION_OF_ATP_BY_CHEMIOSMOTIC_COUPLING,3.80254371883891e-08,7.56527646453556e-07,0.719512826338911,-0.789079558999516,-3.10707082854186,18,ATP5MC1;ATP5PD;ATP5F1D;ATP5PO;MT-ATP6;ATP5ME;ATP5MF;ATP5PF;ATP5F1E;ATP5MC2;ATP5MC3;ATP5F1C;MT-ATP8
REACTOME_INTERLEUKIN_4_AND_INTERLEUKIN_13_SIGNALING,3.84108959568031e-08,7.56527646453556e-07,0.719512826338911,0.568067550971987,1.76414871962721,97,ICAM1;ANXA1;IL4R;STAT1;FGF2;HIF1A;IL13RA1;BCL2L1;PTGS2;ALOX5;LIF;TIMP1;MYC;MCL1;JAK1;STAT3;JAK3;CXCL8;RHOU;PIK3R1;TNFRSF1B;STAT6;MUC1;IL23A;HSP90AA1;SOCS5;LCN2;ITGAM;LAMA5;TP53;FOXO3;TGFB1;S1PR1;BCL6;ITGB2;GATA3;CCL22;IL6R;HMOX1;IL18;HSPA8;MMP2;OSM;TYK2;CDKN1A;ITGAX;AKT1;IL6;JAK2;JUNB;SOCS3
REACTOME_MRNA_3_END_PROCESSING,5.24368076617213e-08,1.0180231658897e-06,0.719512826338911,0.518707454230491,1.64433463050201,149,THOC5;HNRNPF;RBM17;HNRNPA1;POLR2D;HNRNPC;SF3B3;PRPF40A;SF3B1;CSTF2;RBMX;EIF4A3;THOC2;NUDT21;FYTTD1;PPP1CB;HNRNPU;HNRNPR;DHX15;XRN2;SF3B2;PPP1R8;SF3A1;CPSF1;HNRNPK;DHX9;PTBP1;GTF2F2;SMNDC1;DDX42;SRSF4;HNRNPH2;SF3A3;SNRPD1;NCBP2;CPSF3;CPSF6;POLR2B;PUF60;POLDIP3;CPSF7;SRRM1;DHX38;CDC40;FIP1L1;SLU7;NCBP1;POLR2A;SYMPK;DDX46;CHERP;CSTF2T;U2SURP;TCERG1;SRSF7;THOC6;U2AF2;HNRNPD;WDR33;SRSF3;CSTF3;SRRM2;DDX5;UBC;CCAR1;RBM39;HNRNPL;DNAJC8;CPSF2;HNRNPA2B1;GTF2F1;RNPS1;RBM8A;SF3B6;SNRPB2;FUS;SRSF10;SRSF11;HNRNPH1;CLP1;HNRNPM;TRA2B;SF3B4;CASC3;SNRPE;SRSF8;YBX1;SRRT;RBBP6;HNRNPA3;HTATSF1;PHF5A;SRSF1;POLR2E;SRSF9;PPP1CA;RBM5;RBM25;POLR2C;SRSF6;DDX39B;CSTF1;SRSF2;PPP1R10
REACTOME_MYD88_INDEPENDENT_TLR4_CASCADE,6.6657711192585e-08,1.27588492268624e-06,0.704975715167238,0.555167523487738,1.73230022308122,106,NOD1;RIPK2;ELK1;MAPKAPK3;IRAK2;BIRC2;UBE2D1;OPTN;TICAM1;RELA;MAPK7;MAPKAPK2;CASP8;MAP3K7;RPS6KA3;MAPK1;NFKB2;TANK;ATF1;USP14;TP53;RPS6KA2;N4BP1;IKBIP;NFKB1;BIRC3;HMGB1;MAP2K7;S100B;MAP2K4;TBK1;FBXW11;TAB3;IKBKE;MAP2K3;PPP2CB;TAB2;PTPN11;CUL1;MAPK14;MAP2K1;CREB1;APP;ALPK1;CHUK;DUSP3;NOD2;UBE2D3;MEF2A;DUSP7;PPP2R1A;FADD;NLRC5;UBC;USP18;BTRC;TAB1;LY96;AGER;NLRX1;UBE2N;RIPK1;IRF7;MAPK9;IRF3;IKBKB;IKBKG
REACTOME_TOLL_LIKE_RECEPTOR_9_TLR9_CASCADE,6.77141949227612e-08,1.27810542916712e-06,0.704975715167238,0.555709458831375,1.73248039221204,104,NOD1;PELI1;RIPK2;ELK1;IRF5;SLC15A4;MAPKAPK3;IRAK2;MYD88;MAP3K1;TICAM1;RELA;MAPK7;MAPKAPK2;CASP8;MAP3K7;RPS6KA3;MAPK1;NFKB2;ATF1;USP14;RBSN;TP53;RPS6KA2;N4BP1;IKBIP;NFKB1;HMGB1;MAP2K7;S100B;MAP2K4;FBXW11;TAB3;PIK3C3;MAP2K3;PPP2CB;TAB2;CUL1;MAPK14;MAP2K1;CREB1;APP;ALPK1;CHUK;IRAK4;EEA1;DUSP3;NOD2;MEF2A;DUSP7;PPP2R1A;NLRC5;UBC;USP18;BTRC;TAB1;LY96;AGER;NLRX1;UBE2N;IRF7;MAPK9;PIK3R4;IKBKB;IKBKG
REACTOME_MHC_CLASS_II_ANTIGEN_PRESENTATION,7.71161935449555e-08,1.43562886339171e-06,0.704975715167238,0.540982537120066,1.69385222962386,114,SPTBN2;SEC23A;CTSH;CTSC;TUBB6;DYNC1I2;TUBA1A;KIF23;KIF18A;KIF2A;KIF4A;AP2A1;CAPZA1;KIF3A;KIF5B;CTSS;CTSA;DNM3;DYNC1H1;TUBB3;AP2M1;RACGAP1;KLC2;KIFAP3;TUBA1C;TUBA1B;KIF3C;CAPZA2;KIF11;KLC3;SEC24B;SEC24D;DYNC1LI1;AP2B1;CTSK;TUBA4A;DNM2;SEC24A;HLA-DRA;HLA-DQB2;HLA-DQA1;CLTA;CTSE;DCTN1;KIF20A;SEC24C;ACTR1B;DCTN4;KIF15;RAB7A;CLTC;AP1G1;CENPE;HLA-DRB1;HLA-DOA;ACTR10;CTSO;AP1S2;AP2A2;HLA-DPA1;HLA-DRB5;KIF2C;HLA-DQB1;ACTR1A;DYNC1LI2;TUBB4B;CD74;TUBB2A;CTSF;DYNLL1;HLA-DQA2;AP1S1;CTSD;AP1M1;HLA-DPB1;DNM1;SEC13;SEC31A;KIF3B;DCTN2;AP1M2;HLA-DOB
REACTOME_RHOA_GTPASE_CYCLE,7.91828756062627e-08,1.45418281012042e-06,0.704975715167238,0.513272129456865,1.62552407240903,145,ARHGAP23;IQGAP1;NGEF;ARHGAP19;ARAP1;ABR;ARHGAP18;TIAM1;ROCK1;ARHGAP10;IQGAP3;TMPO;CAVIN1;ARHGAP44;PLEKHG4;DLC1;ANLN;RTKN;DIAPH1;PIK3R1;PLEKHG5;FARP1;CAV1;AKAP13;ARHGAP1;ECT2;VAMP3;NET1;DIAPH3;ARHGEF18;ARHGAP42;ARHGEF2;ARHGAP32;MYO9B;STOM;TRIO;ARHGAP29;RHOA;RACGAP1;LBR;ROCK2;ARHGEF12;STBD1;SNAP23;TMEM87A;ERBIN;SOWAHC;TJP2;ABCD3;DEPDC1B;ARHGAP45;ARHGDIA;ARHGEF17;ARAP2;PGRMC2;LMAN1;OBSCN;VAV2;JUP;ARHGAP30;ARHGDIB;ARHGAP5;PKN3;SRGAP1;MYO9A;BCR;STK10;KTN1;DOCK2;PKN2;SLK;ARHGEF1;ARHGAP21;FAF2
REACTOME_ORGANELLE_BIOGENESIS_AND_MAINTENANCE,9.17588860672052e-08,1.66267101553776e-06,0.704975715167238,0.457371213378075,1.48183068279511,273,TUBB6;ARL13B;PPRC1;DYNC1I2;TUBA1A;PLK4;CDK5RAP2;NDE1;CCT8;BBS9;CSNK1E;CKAP5;ASAP1;YWHAG;KIF3A;HSP90AA1;CEP76;CNTRL;BBS7;PCM1;PKD2;HAUS6;ALMS1;HAUS2;SSTR3;NCOA1;NCOA2;CARM1;DYNC1H1;HELZ2;GLUD1;TUBB3;NEDD1;RAB11A;KIFAP3;TUBA1C;CEP41;CRTC1;TCP1;TUBA1B;KIF3C;EXOC4;GABPB1;C2CD3;CEP97;EXOC1;TGS1;EXOC7;GBF1;HAUS4;CHD9;CCT4;AKAP9;MED1;BBS2;AHI1;SEPTIN2;IQCB1;TUBB;CCT2;RAB8A;RP2;GLUD2;CEP135;NCOR1;CLASP1;CEP192;NPHP4;TBL1XR1;TUBA4A;CEP164;CRTC3;CSNK1D;HCFC1;SCLT1;MEF2D;MAPK14;PCNT;RAB11FIP3;TRIP11;DCTN1;RPGRIP1L;CCT5;EXOC5;ODF2;WDR35;CEP63;CEP83;IFT57;TFAM;CRTC2;MARK4;CREBBP;NR1D1;CREB1;NEK2;IFT52;CEP57;EXOC8;HAUS5;CALM1;TTC21B;HAUS1;CCT3;TMEM216;IFT80;CEP78;NRF1;TRAF3IP1;SFI1;CEP89;PPP2R1A;TWNK;EXOC2;HDAC6;CCP110;PAFAH1B1;PPARA;ACTR1A;PRKAB1;DNAJC11;TUBB4B;SOD2;PKD1;EXOC3;TBL1X;TUBB2A;DYNC2H1;BBS10;CEP162;HAUS3;ATAT1;TCTN3;PRKAR2B;CLUAP1;DYNLL1;CDK1;TFB1M;PLK1;PRKAG1;SIRT3;IFT81;TTC8;TMEM67;GABPA;IFT122;APOOL;TTBK2;OFD1;RAB3IP;ARF4;KIF3B;POLRMT;DCTN2;TNPO1;LZTFL1;MAPRE1;YWHAE;PRKACA;CEP250;ATF2;CHCHD3;EXOC6;NCOA6
REACTOME_EPH_EPHRIN_SIGNALING,9.40914144779698e-08,1.68250305625738e-06,0.704975715167238,0.576058220517946,1.77599868431926,86,EPHA4;EPHB3;MYH10;EPHA2;RASA1;LYN;NGEF;FYN;TIAM1;PAK2;ROCK1;EPHA10;LIMK1;ARPC2;SRC;MYH9;ACTR3;MYL12A;AP2A1;ACTG1;CDC42;MYH14;PSEN1;ITSN1;NCK2;ACTR2;RHOA;MYL12B;AP2M1;RAC1;NCSTN;ADAM10;EFNB1;ROCK2;GIT1;AP2B1;EFNA1;WASL;APH1A;EFNA4;PTK2;CLTA;MMP2;VAV2;CLTC;ACTB;AP2A2;YES1;ARPC5
REACTOME_G2_M_CHECKPOINTS,1.06440159066738e-07,1.87859969054153e-06,0.704975715167238,0.517605916078125,1.63911909671674,144,CCNA1;MCM4;RBBP8;SFN;YWHAH;MCM6;YWHAZ;CDK2;MCM5;MCM2;YWHAG;RFC3;RMI2;MCM3;CDC7;CHEK2;MCM7;RHNO1;WRN;WEE1;TP53;ORC1;NBN;TOPBP1;BARD1;CHEK1;YWHAB;BLM;RAD1;PSMD2;PSMD1;RNF168;BRIP1;MRE11;CLSPN;YWHAQ;DBF4;RFC4;PKMYT1;ATM;MCM10;ABRAXAS1;CCNA2;ORC6;PSMC6;CDC45;RFC2;ORC3;RPA1;RAD50;UIMC1;TP53BP1;GTSE1;EXO1;PSMC1;PSMD14;BABAM2;PSMD7;PSMD11;RMI1;CDC6;CCNB2;TOP3A;PSMB2;HUS1;UBC;PSMD12;HERC2;PSMD6;PSMA5;BRCC3;RAD9B;PIAS4;PSMD8;ATR;KAT5;UBE2N;ORC4;PSMC2;CDK1;CCNB1;RPA2;UBE2V2;PSMA4;DNA2;PSMA3;PSMD3;RAD17;H2AX;PSMA7;MDC1;ADRM1;CDC25C;YWHAE;PSMD13;RNF8;MCM8
REACTOME_NUCLEAR_ENVELOPE_NE_REASSEMBLY,1.15378411656304e-07,1.98480077773313e-06,0.704975715167238,0.607149650425622,1.84737043220489,70,ANKLE2;TUBB6;LMNA;SEH1L;TMPO;TUBA1A;RCC1;NUP188;UBE2I;CC2D1B;NUP205;NUP98;NDC1;SPAST;CHMP4C;VRK2;TUBB3;NUP107;TUBA1C;RANGAP1;LBR;TUBA1B;LMNB1;NUP62;VRK1;RAN;PPP2R2A;CHMP3;NUP54;LEMD3;TUBA4A;NUP85;NUP133;NUP43;NUP58;KPNB1;NUP155;NUP93;NUP160;AHCTF1;CCNB2;PPP2R1A;CHMP2B;NUP35;POM121;TUBB4B;CHMP6;CHMP7;TUBB2A;NUP37;CDK1;IST1;CCNB1
REACTOME_SIGNALING_BY_VEGF,1.15008794159758e-07,1.98480077773313e-06,0.704975715167238,0.553100817743341,1.72347301120495,103,RASA1;NRP2;WASF1;FYN;BAIAP2;PAK2;PIK3CA;MAPKAPK3;ROCK1;PTK2B;SRC;CTNNB1;AKT3;PIK3R1;ABI1;MAPKAPK2;CTNNA1;CAV1;MAPK13;HSP90AA1;ACTG1;SPHK1;ITPR2;ITPR3;CDC42;ITGAV;CYFIP1;NCF2;WASF2;ABI2;NCK2;RHOA;PXN;RAC1;NCKAP1;NRAS;ROCK2;RICTOR;ELMO2;CRK;MTOR;CYBB;KRAS;PTK2;AHCYL1;MAPK14;VAV2;JUP;PIK3CB;AKT1;ACTB;CALM1;BCAR1;NCKAP1L;NRP1;NCF4;CYFIP2;SHB;ITGB3;PLCG1;CTNND1
REACTOME_ANCHORING_OF_THE_BASAL_BODY_TO_THE_PLASMA_MEMBRANE,1.21448804799483e-07,2.06311157153122e-06,0.690132458796796,0.560321596752572,1.7366343000119,94,DYNC1I2;TUBA1A;PLK4;CDK5RAP2;NDE1;CSNK1E;CKAP5;YWHAG;HSP90AA1;CEP76;CNTRL;PCM1;HAUS6;ALMS1;HAUS2;DYNC1H1;NEDD1;RAB11A;CEP41;C2CD3;CEP97;HAUS4;AKAP9;AHI1;SEPTIN2;IQCB1;TUBB;RAB8A;CEP135;CLASP1;CEP192;NPHP4;TUBA4A;CEP164;CSNK1D;SCLT1;PCNT;DCTN1;RPGRIP1L;ODF2;CEP63;CEP83;MARK4;NEK2;CEP57;HAUS5;HAUS1;TMEM216;CEP78;SFI1;CEP89;PPP2R1A;CCP110;PAFAH1B1;ACTR1A;TUBB4B;CEP162;HAUS3;TCTN3;PRKAR2B;DYNLL1;CDK1;PLK1;TMEM67;TTBK2;OFD1;RAB3IP;DCTN2;MAPRE1;YWHAE;PRKACA;CEP250
REACTOME_MRNA_POLYADENYLATION,1.46515122085738e-07,2.45819815943849e-06,0.690132458796796,0.529388626596532,1.66705353269019,127,HNRNPF;RBM17;HNRNPA1;POLR2D;HNRNPC;SF3B3;PRPF40A;SF3B1;CSTF2;RBMX;NUDT21;PPP1CB;HNRNPU;HNRNPR;DHX15;XRN2;SF3B2;PPP1R8;SF3A1;CPSF1;HNRNPK;DHX9;PTBP1;GTF2F2;SMNDC1;DDX42;SRSF4;HNRNPH2;SF3A3;SNRPD1;NCBP2;CPSF3;CPSF6;POLR2B;PUF60;CPSF7;CDC40;FIP1L1;NCBP1;POLR2A;SYMPK;DDX46;CHERP;CSTF2T;U2SURP;TCERG1;SRSF7;U2AF2;HNRNPD;WDR33;SRSF3;CSTF3;SRRM2;DDX5;UBC;CCAR1;RBM39;HNRNPL;DNAJC8;CPSF2;HNRNPA2B1;GTF2F1;SF3B6;SNRPB2;FUS;SRSF10;SRSF11;HNRNPH1;CLP1;HNRNPM;TRA2B;SF3B4;SNRPE;SRSF8;YBX1;SRRT;RBBP6;HNRNPA3;HTATSF1;PHF5A;SRSF1;POLR2E;SRSF9;PPP1CA;RBM5;RBM25;POLR2C;SRSF6
REACTOME_INTERLEUKIN_1_FAMILY_SIGNALING,1.52808844173572e-07,2.53252706380347e-06,0.690132458796796,0.522011971147174,1.64747563147547,133,IL1RAP;NOD1;PELI1;RIPK2;PTPN14;IRAK2;ALOX5;PTPN12;MYD88;STAT3;RELA;IL1RN;IL36RN;CASP8;IL1RL1;MAP3K7;MAP3K3;IL1R1;NFKB2;USP14;TP53;PTPN2;N4BP1;SMAD3;IL18R1;IL1R2;IKBIP;NFKB1;IL1RL2;PSMD2;HMGB1;PSMD1;S100B;MAP2K4;TBK1;FBXW11;TAB3;PSMC6;TAB2;IL18;PTPN11;CUL1;PTPN13;MAP2K1;PSMC1;PSMD14;PSMD7;APP;ALPK1;PSMD11;CHUK;IRAK4;NOD2;PTPN5;PTPN23;PSMB2;NLRC5;UBC;PSMD12;USP18;BTRC;PSMD6;TAB1;PSMA5;SQSTM1;PSMD8;AGER;NLRX1;UBE2N;PSMC2;IL1A;IKBKB;IKBKG;PTPN6;TOLLIP;PTPN9;PSMA4;IRAK3;TNIP2;SKP1;PSMA3;PSMD3;LRRC14;PSMA7;CTSG;ADRM1;PSMD13;CASP1;IL18RAP
REACTOME_TP53_REGULATES_TRANSCRIPTION_OF_CELL_DEATH_GENES,1.64061115830068e-07,2.68625369172364e-06,0.690132458796796,0.672821919535725,1.95453264045098,42,BID;TNFRSF10A;FAS;PERP;TNFRSF10B;PMAIP1;TP53BP2;RABGGTA;RABGGTB;TP63;TP53;APAF1;TNFRSF10D;CASP6;BBC3;BCL6;TP53I3;TP53INP1;ATM;CHM;TNFRSF10C;NLRC4;CASP2;BNIP3L;BAX;CREBBP;PRELID3A
REACTOME_SIGNALING_BY_WNT,1.80208649356769e-07,2.91551850566487e-06,0.690132458796796,0.454819017118667,1.47413539873039,276,PRICKLE1;SOX4;ROR1;RSPO4;CCDC88C;SMURF1;FZD6;SMURF2;DVL1;BCL9;WNT10A;MYC;YWHAZ;WLS;CTNNB1;SMARCA4;SCRIB;PPP3CA;BCL9L;CSNK1E;GNB1;CAV1;VPS35;MAP3K7;PPP3CB;ZNRF3;GSK3B;AP2A1;AXIN1;GNG12;FZD7;AGO2;GNB5;RAC2;ITPR2;CSNK1G2;TCF7;ITPR3;CSNK1A1;TNKS;ASH2L;WNT5A;RYK;VPS26A;TRRAP;RHOA;AP2M1;RAC1;XIAP;LGR4;PSMD2;GNB4;PSMD1;PORCN;DVL2;DKK2;USP34;AGO4;EP300;TNKS2;CUL3;MOV10;WNT9B;DVL3;AP2B1;PPP2CB;PSMC6;XPO1;KRAS;TLE4;VANGL2;WNT3;KMT2B;PPP2R5E;CUL1;CSNK2A1;ZRANB1;CLTA;RNF146;CSNK2A2;SFRP2;PSMC1;SOX9;PLCB3;CREBBP;PSMD14;PSMD7;AGO1;AKT1;CLTC;PSMD11;LEO1;ARRB2;CDC73;RBBP5;RSPO1;CALM1;LRP5;KREMEN2;AP2A2;KLHL12;H3-3A;PPP2R1A;PSMB2;CTBP2;VPS29;CHD8;UBC;WNT7A;AMER1;PSMD12;BTRC;CTBP1;H3-3B;GNB2;PSMD6;PSMA5;TNRC6B;USP8;PPP3R1;PSMD8;KREMEN1;KAT5;SOX13;AGO3;PSMC2;TCF7L2;LGR6;WNT5B;TMED5;PLCB2;TLE2;PPP2R5C;PPP2R1B;TLE5;PSMA4;DAAM1;SKP1;PSMA3;PSMD3;WNT2;H2AX;TLE3;PPP2R5D;RNF43;PSMA7;WNT7B;WNT9A;GNG5;ADRM1;PLCB1;PSMD13;PFN1;FRAT1;PPP2CA;APC;WDR5;PPP2R5A;PSMA6;FZD5;TNRC6A;PSMB5;SNX3;MEN1;PRKG2
REACTOME_SEMAPHORIN_INTERACTIONS,1.92014217169538e-07,3.06996848392237e-06,0.690132458796796,0.609083705183287,1.83559774866065,62,MET;MYH10;FYN;PLXNC1;PAK2;ROCK1;LIMK1;PLXNA3;SEMA5A;MYH9;GSK3B;HSP90AA1;PLXNB1;ERBB2;MYH14;HSP90AB1;SEMA7A;PLXND1;PLXNA1;RHOA;MYL12B;PLXNA2;TLN1;RAC1;ROCK2;ARHGEF12;CRMP1;CDK5R1;DPYSL2;DPYSL3
REACTOME_METABOLISM_OF_CARBOHYDRATES_AND_CARBOHYDRATE_DERIVATIVES,2.26639952704309e-07,3.58143832238554e-06,0.690132458796796,0.458496420896063,1.48394268316154,262,SDC4;SDC3;PAPSS1;B4GALT5;CSGALNACT2;CHST15;PFKFB3;HPSE;PGM2L1;B3GNT3;SLC2A1;CHST2;HS2ST1;GALE;SEH1L;IDS;SLC17A5;PRPS2;GLCE;PKM;PC;AGRN;NUP188;HYAL2;CHSY1;CHPF2;PYGB;GYG1;DSE;FUT2;SLC26A2;MAN2B1;HGSNAT;B3GNT7;NUP205;XYLT1;NUP98;HS3ST1;NDC1;DERA;HAS2;B4GALT1;RPIA;VCAN;NUP107;FUT3;EXT2;PHKA2;CHSY3;B3GAT1;PYGL;NUP62;HEXB;B3GNT2;SLC35B2;FAM20B;B4GALT6;TPR;HK2;HPSE2;B4GALT4;BPGM;ENO1;NUP54;ARSB;POM121C;PPP2CB;HMMR;FUT4;RPE;NUP85;NUP133;PHKA1;NUP43;NUP58;PGM1;ADPGK;CEMIP;SLC37A2;PFKL;HK3;NUP155;NUP93;SLC37A1;PGM2;GNPDA1;GPC5;SLC37A4;RANBP2;NUP160;GLB1;CHST11;GPC4;NUP153;B3GALT4;SLC26A11;CHST3;CALM1;HSPG2;NDST3;PPP2R1A;UBC;ALDOC;NUP35;NDST1;GLB1L;UXS1;GCKR;SLC26A1;POM121;B4GALT2;SGSH;NUP214;XYLB;B4GALT3;HYAL3;HS6ST1;PGAM1;NUP37;GBE1;NUP50;FUT7;MANBA;GPC6;PPP2R1B;HAS1;PRELP;SEC13;ABCC5;PCK2;GNPDA2;PFKFB4;GUSB;EXT1;PPP2R5D;EXTL3;MAN2C1;AKR1B1;NUP42;EXTL2;PFKP;CHP1;SDC2;HS6ST2;PRKACA;GPC2;PPP2CA;NUP88;OMD;CHST1;CSPG5;BGN;CHPF;MAN2B2;SLC35B3;XYLT2
REACTOME_SIGNALING_BY_ALK_IN_CANCER,2.56755077897058e-07,4.01069138921955e-06,0.674962860011025,0.557691358352128,1.72253961830421,88,MSN;ATIC;DNMT1;STAT1;PIK3CA;TPM3;TPM4;MCL1;LMO7;STAT3;STRN;PIK3R1;VCL;MYH9;MAPK1;KIF5B;AGO2;HIP1;NPM1;SHC1;STAT5A;RNF213;TP53;PPFIBP1;ALK;AGO4;TPR;PRKAR1A;MOV10;GCC2;EML4;CUL1;DCTN1;GRB2;TYK2;MECP2;CDKN1A;RANBP2;AGO1;PIK3CB;BIRC6;FOXM1;CLTC;CEBPB;FRS2;JUNB;BCL2A1;UBC;PPM1B;SQSTM1;PLCG1;RB1;AGO3;MAPK9;TFG;MDM2;PTPN6;CCNB1;SKP1;SEC31A;RPS6;IL10RA;TWIST1
REACTOME_FACTORS_INVOLVED_IN_MEGAKARYOCYTE_DEVELOPMENT_AND_PLATELET_PRODUCTION,2.73237580595273e-07,4.2196576366929e-06,0.674962860011025,0.517739792435739,1.63533010292721,135,DOCK9;TUBB6;EHD2;MAFF;TUBA1A;DOCK7;RAD51B;KIF23;DOCK11;KIF18A;CDK2;KIF2A;KIF4A;CAPZA1;KIF3A;KIF5B;HDAC2;KIF13B;CDC42;WEE1;RBSN;TP53;MAFK;TUBB3;RAC1;DOCK3;KIF1B;RACGAP1;KLC2;KIFAP3;TUBA1C;TUBA1B;KIF3C;RCOR1;CAPZA2;DOCK6;MFN1;KIF11;KLC3;PRKAR1A;GATA3;KIFC1;KIF20B;TUBA4A;GATA6;CARMIL1;ITPK1;RAB5A;DOCK4;KIF21A;IFNA1;JMJD1C;KIF20A;ABL1;KIF15;KDM1A;CENPE;MAFG;JAK2;ACTB;MICAL1;H3-3A;PRKAR1B;SIN3A;AK3;KIF2C;SH2B3;IRF2;PHF21A;H3-3B;KIF18B;DOCK2;TUBB4B
REACTOME_SIGNALING_BY_FGFR,2.91113688002713e-07,4.44520788759198e-06,0.674962860011025,0.580552179942168,1.77890144287817,78,ANOS1;FGF2;PIK3CA;FLRT3;HNRNPF;KL;SRC;PIK3R1;HNRNPA1;CBL;POLR2D;SPRED2;FGF9;MAPK1;FGFBP1;SHC1;FGF20;NRAS;FGF18;RBFOX2;GAB1;ESRP1;PTBP1;GTF2F2;FGFRL1;NCBP2;GIPC1;PPP2CB;GALNT3;KRAS;POLR2B;PTPN11;FLRT2;GRB2;ESRP2;NCBP1;POLR2A;FRS2;TIAL1;PPP2R1A;SPRED1;UBC;GTF2F1;FGFR3;MKNK1;SOS1;PLCG1;BRAF;HNRNPH1;HNRNPM;TIA1
REACTOME_ASPARAGINE_N_LINKED_GLYCOSYLATION,3.91850328045407e-07,5.91693995348564e-06,0.674962860011025,0.448114897158526,1.45527611250491,292,SPTBN2;B4GALT5;CD55;MGAT4B;MGAT3;SEC23A;CTSC;EDEM1;RAD23B;TGFA;SERPINA1;TUBB6;TUSC3;RNF139;ST8SIA4;DYNC1I2;TUBA1A;GNPNAT1;ST6GALNAC5;SLC17A5;AREG;FUT8;UAP1;DERL1;SPTAN1;ST3GAL5;CAPZA1;SLC35C1;UGGT2;NGLY1;COPG2;MGAT4C;CTSA;COL7A1;B4GALT1;CD59;DYNC1H1;ANKRD28;TUBB3;ALG10;ARCN1;FUT3;TUBA1C;FUCA1;RNF103;TUBA1B;CAPZA2;CNIH3;GBF1;B4GALT6;GFUS;NAPG;SEC16A;CNIH1;B4GALT4;SEC24B;EDEM2;KDELR3;COPB1;SEC24D;MGAT4A;COPB2;DYNC1LI1;TUBA4A;SEC24A;CSNK1D;FUOM;MAN1A2;PMM2;DCTN1;PGM3;LMAN1;PSMC1;SEC23IP;MAN1A1;SEC24C;F5;DCTN4;TRAPPC10;PMM1;GLB1;CMAS;COPA;MARCHF6;TRAPPC3;ACTR10;TRAPPC6B;VCP;COPG1;UGGT1;DOLK;GOLGB1;ALG10B;UBC;ACTR1A;GOLGA2;DYNC1LI2;EDEM3;COG6;ST6GALNAC4;B4GALT2;TUBB4B;MGAT5;COG4;CHST10;ARF5;GFPT1;B4GALT3;NAGK;GANAB;DPM1;SEC22C;TUBB2A;ALG6;SEC22B;TRIM13;USO1;TFG;ALG2;AMFR;MANEA;MOGS;ALG11;MAN2A2;DYNLL1;GOSR1;DOLPP1;ARFGAP2;COG1;GNE;ARF3;UBXN1;ST6GALNAC1;STX17;RPN2;RNF185;ALG9;STT3B;NEU3;SEC13;SEC31A;ARF4;KDELR2;PPP6R3;PPP6C;DCTN2;TMED2;KDELR1;SEC22A;MAN2A1;CTSZ;TRAPPC4;RNF5;RAB1B;STT3A;DCTN6;MAN1B1;PPP6R1;RFT1;CNIH2;PRKCSH;DCTN5;SLC35A1;TMED10;ARFGAP1;TBC1D20;BET1L;SCFD1;OS9;SEL1L
REACTOME_NEGATIVE_REGULATION_OF_THE_PI3K_AKT_NETWORK,4.13444629152251e-07,6.17440935184516e-06,0.674962860011025,0.533798736793569,1.66442019860787,105,IL1RAP;MET;TGFA;FYN;EGFR;ERBB3;FGF2;PIK3CA;KL;MYD88;AREG;GAB2;SRC;HBEGF;STRN;AKT3;PIK3R1;IL1RL1;FGF9;MAPK1;IER3;PIP4K2A;RAC2;BDNF;ERBB2;EREG;IRS2;ESR1;PIK3CD;RAC1;FGF20;FGF18;PIP5K1A;GAB1;RHOG;PPP2CB;CD86;PIP4K2B;PTPN11;PPP2R5E;GRB2;PDGFA;PIK3CB;AKT1;PIK3R5;IRAK4;FRS2;PIP4K2C;PPP2R1A;PTEN;PIP5K1C
REACTOME_HOMOLOGY_DIRECTED_REPAIR,4.38577757626076e-07,6.47855622406344e-06,0.674962860011025,0.525389163019507,1.65184627644861,124,CCNA1;RBBP8;FIGNL1;RAD51B;BRCA2;CDK2;POLD1;UBE2I;RFC3;RMI2;POLH;RAD51;RHNO1;WRN;POLD3;NBN;TOPBP1;BARD1;CHEK1;BLM;RAD1;RNF168;BRIP1;POLE;MRE11;CLSPN;PALB2;RAD51AP1;RFC4;PCNA;ATM;ABRAXAS1;CCNA2;SUMO2;PPP4R2;RFC2;RPA1;RAD50;UIMC1;TP53BP1;SPIDR;POLE3;PARP2;MUS81;EXO1;ABL1;BABAM2;POLQ;PPP4C;TIMELESS;RMI1;TOP3A;XRCC2;POLD4;RFC1;RNF4;HUS1;UBC;FEN1;HERC2;POLE2;ERCC4;BRCC3;RAD9B;PIAS4;RAD52;ATR;EME1;KAT5;UBE2N;LIG3;XRCC1;POLK;RPA2;UBE2V2;ERCC1;DNA2;RAD17;H2AX;TIPIN;MDC1
REACTOME_HOST_INTERACTIONS_OF_HIV_FACTORS,4.47138283898763e-07,6.53398847116579e-06,0.674962860011025,0.526455499179393,1.65140069285519,118,FYN;PAK2;HMGA1;SEH1L;RCC1;NUP188;AP2A1;KPNA1;NPM1;PSIP1;NUP205;PACS1;NUP98;NDC1;AP2M1;RAC1;NUP107;PSMD2;RANGAP1;PSMD1;NUP62;RAN;TPR;NUP54;POM121C;AP2B1;HCK;PSMC6;XPO1;NUP85;NUP133;NUP43;NUP58;RANBP1;KPNB1;CCNT1;NUP155;NUP93;PSMC1;PSMD14;RANBP2;PSMD7;AP1G1;NUP160;PSMD11;NUP153;CDK9;B2M;CD4;CUL5;AP1S2;AP2A2;PSMB2;UBC;PSMD12;NUP35;BTRC;POM121;DOCK2;PSMD6;PSMA5;HLA-A;NUP214;PSMD8;ELOC;PSMC2;NUP37;NUP50;AP1S1;AP1M1;PSMA4;SKP1;PSMA3;PSMD3;SEC13;APOBEC3G;PSMA7;NUP42;AP1M2;ADRM1;BANF1;CD28;LCK;PSMD13;AP1B1;NUP88
REACTOME_APOPTOTIC_CLEAVAGE_OF_CELLULAR_PROTEINS,5.01560854991566e-07,7.25128938227168e-06,0.659444398037935,0.677747652033474,1.9299755247572,35,GSN;LMNA;ROCK1;PLEC;BIRC2;DSP;CTNNB1;DSG2;STK24;CASP8;CASP3;SPTAN1;PKP1;TJP1;ADD1;STK26;CASP7;LMNB1;CLSPN;CASP6;TJP2;SATB1;PTK2;OCLN
REACTOME_CELLULAR_RESPONSE_TO_HEAT_STRESS,5.24417840719114e-07,7.50193521618185e-06,0.659444398037935,0.549202012083557,1.70660906267806,98,TNFRSF21;HSPH1;SEH1L;BAG3;NUP188;MAPKAPK2;EEF1A1;GSK3B;MAPK1;HSP90AA1;NUP205;BAG5;HSP90AB1;NUP98;HSPA13;SERPINH1;SIRT1;NDC1;NUP107;NUP62;DNAJB1;EP300;TPR;CAMK2D;ATM;DNAJC2;BAG4;NUP54;HSPA4;MTOR;POM121C;NUP85;NUP133;RPA1;NUP43;HIKESHI;NUP58;PTGES3;NUP155;NUP93;HSPA8;CREBBP;ST13;RANBP2;NUP160;NUP153;DNAJC7;HSF1;VCP;HDAC6;NUP35;CCAR2;MRPL18;POM121;NUP214;RPTOR;HSPA1B;ATR;NUP37;HSPA6;NUP50;BAG2;RPA2
REACTOME_ESR_MEDIATED_SIGNALING,5.32145436497736e-07,7.53318383542107e-06,0.659444398037935,0.486967222176223,1.55965835185749,189,RUNX1;NRIP1;ZNF217;TGFA;EGFR;ELK1;CBFB;PIK3CA;S1PR3;MYC;AREG;SRC;KPNA2;HBEGF;STRN;AKT3;PIK3R1;CHD1;GNB1;CAV1;POLR2D;IGF1R;MAPK1;CAV2;AXIN1;GNG12;HSP90AA1;GNAI2;AGO2;SPHK1;GNB5;SHC1;EREG;HSP90AB1;ESR1;NCOA1;NCOA2;CARM1;FOXO3;SP1;UHMK1;NRAS;SMC3;GNB4;MMP7;AGO4;EP300;MED1;GATA3;MOV10;GNAI3;GTF2F2;PPP5C;ZDHHC21;STAG1;XPO1;STAG2;KRAS;POLR2B;PTGES3;PTK2;CCNT1;PGR;NCOA3;MMP2;CXXC5;CREBBP;CREB1;AGO1;RAD21;AKT1;KDM1A;SMC1A;POLR2A;CDK9;CALM1;H3-3A;FKBP5;DDX5;GREB1;GTF2A1;GTF2F1;TBP;H3-3B;KANK1;GNB2;BTC;TNRC6B;CITED1
REACTOME_MITOCHONDRIAL_PROTEIN_DEGRADATION,5.52870918098714e-07,7.74589255356857e-06,0.659444398037935,-0.334691528000087,-2.03506998810649,96,LDHD;ALDH2;COX5B;NDUFA2;ECI1;MT-ND6;ATP5PD;MT-CO2;BDH1;MT-ND1;UQCRQ;MT-ND2;MT-CO1;COX4I1;ATP5PO;MT-ATP6;HMGCS2;MRPL12;HSD17B10;ACAT1;ATP5PF;MT-ND5;ALDH1B1
REACTOME_SIGNALING_BY_EGFR,5.73078291663654e-07,7.82525962295167e-06,0.659444398037935,0.63372323281912,1.86955181901006,49,STAM;PTPRK;TGFA;EGFR;PIK3CA;PTPN12;AREG;SRC;PAG1;HBEGF;PIK3R1;CBL;SH3GL1;HGS;SHC1;CDC42;EREG;PXN;NRAS;ADAM10;ADAM17;FAM83A;GAB1;KRAS;PTPN11;GRB2;CSK;FAM83D;EPS15;STAM2;ADAM12;UBC;SOS1;BTC;PTPN3;PLCG1
REACTOME_HDR_THROUGH_HOMOLOGOUS_RECOMBINATION_HRR,5.68761209313837e-07,7.82525962295167e-06,0.659444398037935,0.594301551376854,1.80100782308032,66,RBBP8;FIGNL1;RAD51B;BRCA2;POLD1;RFC3;RMI2;POLH;RAD51;RHNO1;WRN;POLD3;NBN;TOPBP1;BARD1;CHEK1;BLM;RAD1;BRIP1;POLE;MRE11;PALB2;RAD51AP1;RFC4;PCNA;ATM;RFC2;RPA1;RAD50;SPIDR;POLE3;MUS81;EXO1;RMI1;TOP3A;XRCC2;POLD4;RFC1;HUS1;UBC;POLE2;RAD9B;ATR;EME1;KAT5
REACTOME_INTERFERON_GAMMA_SIGNALING,5.75810126780844e-07,7.82525962295167e-06,0.659444398037935,0.553819841798369,1.71164986784584,89,ICAM1;IRF5;STAT1;IFNGR1;SP100;JAK1;TRIM14;TRIM35;OAS3;TRIM38;TRIM22;GBP2;MAPK1;GBP3;TRIM29;HLA-G;TRIM21;PTAFR;PTPN2;IFNGR2;TRIM46;TRIM17;CAMK2D;HLA-H;PTPN1;PML;HLA-DRA;HLA-C;HLA-DQB2;HLA-DQA1;PTPN11;TRIM8;HLA-B;RAF1;TRIM62;OASL;HLA-DRB1;B2M;OAS1;JAK2;SOCS3;TRIM5;HLA-DPA1;HLA-DRB5;CIITA;HLA-DQB1;IRF2;IRF6;HLA-A;OAS2;TRIM26;YBX1;PRKCD;IRF7;VCAM1;HLA-E;PIAS1;IRF3;PTPN6;HLA-DQA2;IRF9
REACTOME_EXTRA_NUCLEAR_ESTROGEN_SIGNALING,7.14371609502305e-07,9.61218829023399e-06,0.659444398037935,0.585463596509879,1.7754811793314,67,TGFA;EGFR;ELK1;PIK3CA;S1PR3;AREG;SRC;HBEGF;STRN;AKT3;PIK3R1;GNB1;CAV1;IGF1R;MAPK1;CAV2;GNG12;HSP90AA1;GNAI2;SPHK1;GNB5;SHC1;EREG;ESR1;FOXO3;UHMK1;NRAS;GNB4;MMP7;GNAI3;ZDHHC21;XPO1;KRAS;PTK2;MMP2;CREB1;AKT1
REACTOME_RHOF_GTPASE_CYCLE,7.24415754393932e-07,9.65177461001327e-06,0.659444398037935,0.665872062797719,1.926207601083,40,ACTN1;SRGAP2;TMPO;BASP1;DIAPH1;ESYT1;PIK3R1;SLC4A7;FARP1;CAV1;ARHGAP1;VAMP3;DIAPH3;ARHGAP32;MYO9B;MTMR1;LMNB1;SNAP23;SENP1;SOWAHC;ARHGAP12;DEPDC1B;TOR1AIP1;DIAPH2;RAB7A;ARHGAP5;ACTB
REACTOME_REGULATION_OF_PLK1_ACTIVITY_AT_G2_M_TRANSITION,8.23851643538013e-07,1.08700425589142e-05,0.659444398037935,0.562553548344476,1.73082242378433,84,DYNC1I2;TUBA1A;PLK4;CDK5RAP2;OPTN;NDE1;AJUBA;CSNK1E;CKAP5;YWHAG;HSP90AA1;CEP76;CNTRL;PCM1;HAUS6;ALMS1;HAUS2;DYNC1H1;NEDD1;CEP41;PPP1CB;HAUS4;FBXW11;AKAP9;TUBB;RAB8A;CEP135;CLASP1;CEP192;TUBA4A;CEP164;CSNK1D;CUL1;PCNT;DCTN1;ODF2;CEP63;NEK2;PPP1R12A;CEP57;CCNB2;HAUS5;HAUS1;CEP78;SFI1;PPP2R1A;UBC;CCP110;PAFAH1B1;ACTR1A;BTRC;TUBB4B;HAUS3;PRKAR2B;DYNLL1;CDK1;CCNB1;PLK1;SKP1;OFD1;DCTN2;MAPRE1;YWHAE;PRKACA;CEP250;SDCCAG8;HAUS8;CEP131;BORA;CEP290;RPS27A;CEP72;UBA52;TUBG1
REACTOME_RESPONSE_TO_ELEVATED_PLATELET_CYTOSOLIC_CA2,8.98872442460987e-07,1.17458427817739e-05,0.659444398037935,0.527480796598314,1.65012785471877,112,QSOX1;PROS1;ENDOD1;FLNA;CD109;ACTN1;TAGLN2;SERPINA1;TMSB4X;TIMP1;ACTN4;CAP1;CLU;APLP2;ANXA5;WDR1;VCL;FAM3C;TGFB2;TOR4A;CALU;GTPBP2;LAMP2;TMX3;PSAP;TGFB1;TLN1;CD9;THBS1;SCCPDH;SERPING1;SPARC;BRPF3;RAB27B;OLA1;SERPINE1;SELP;TUBA4A;PDGFA;F5;APP;LHFPL2;CALM1;PPBP;PLEK;TGFB3;SELENOP;F13A1;SRGN;ITGB3;STX4;NHLRC2;CDC37L1;CFL1;PHACTR2;RARRES2;CYRIB;STXBP3;FERMT3;CD63
REACTOME_INTERFERON_ALPHA_BETA_SIGNALING,1.00643057518088e-06,1.30260871587697e-05,0.643551836150722,0.588803704304781,1.78121722296837,65,IFIT5;IRF5;STAT1;JAK1;OAS3;IFIT2;GBP2;KPNA1;ADAR;HLA-G;STAT2;IFIT3;SAMHD1;ABCE1;RSAD2;IFNAR1;EIF2AK2;IFNAR2;PSMB8;HLA-H;PTPN1;HLA-C;PTPN11;KPNB1;HLA-B;MX2;IFNA1;TYK2;MX1;OASL;OAS1;SOCS3;UBC;USP18;IRF2;IFIT1;IRF6;HLA-A;IFITM1;IP6K2;OAS2;IRF7;HLA-E;IRF3;PTPN6;IRF9;RNASEL;IRF8;XAF1
REACTOME_RHOBTB_GTPASE_CYCLE,1.04431463844612e-06,1.33889018268705e-05,0.643551836150722,0.673560515447532,1.91176230830825,34,PDE5A;ACTN1;TMOD3;STK38;ROCK1;MYO6;HNRNPC;HSP90AA1;ACTG1;PHIP;HSP90AB1;MSI2;DBN1;RBMX;TWF1;ROCK2;CCT6A;CUL3;CCT2;CPSF7;SPEN;SRRM1;CCT7
REACTOME_RHOQ_GTPASE_CYCLE,1.0783883925295e-06,1.35697206059962e-05,0.643551836150722,0.609920942162571,1.8250590933862,57,SRGAP2;CDC42EP1;IQGAP1;ARL13B;PAK2;IQGAP3;CDC42EP3;DLC1;SCRIB;SLC4A7;ARHGAP17;CAV1;ARHGAP1;VAMP3;DIAPH3;CDC42BPA;CDC42;ARHGAP32;CDC42EP4;STOM;TRIP10;ITSN1;SNAP23;FNBP1;GIT1;CDC42BPB;MPP7;DEPDC1B;WASL;GJA1;WWP2;OBSCN;JUP;RAB7A
REACTOME_INTRA_GOLGI_AND_RETROGRADE_GOLGI_TO_ER_TRAFFIC,1.06954649190082e-06,1.35697206059962e-05,0.643551836150722,0.475759672626107,1.52483043938803,192,USP6NL;TUBB6;IGF2R;DYNC1I2;TUBA1A;BICD1;KIF23;KIF18A;VAMP4;KIF2A;PLA2G4A;BICD2;KIF4A;RAB33B;CAPZA1;VAMP3;NBAS;KIF3A;KIF5B;KIF13B;ZW10;COPG2;RAB18;PAFAH1B2;DYNC1H1;GOLIM4;TUBB3;ARCN1;KIF1B;RACGAP1;KLC2;KIFAP3;TUBA1C;PLIN3;TUBA1B;KIF3C;RHOBTB3;RAB3GAP2;GALNT2;CAPZA2;RAB3GAP1;KIF11;GBF1;KLC3;NAPG;KIFC1;RIC1;KIF20B;KDELR3;COPB1;COPB2;DYNC1LI1;TUBA4A;GCC2;M6PR;RAB6A;SNAP29;MAN1A2;TMF1;GCC1;GALNT1;TRIP11;DCTN1;TGOLN2;KIF21A;KIF20A;MAN1A1;PAFAH1B3;DCTN4;KIF15;CENPE;COPA;ACTR10;RINT1;COPG1;VTI1A;RAB9A;SCOC;KIF2C;STX6;SURF4;PAFAH1B1;ACTR1A;GOLGA5;DYNC1LI2;COG6;KIF18B;TUBB4B;RGP1;COG4;ARF5;NAA35;TUBB2A;KIF27;CYTH1;NAA30;SEC22B;CYTH2;VPS52;KIF1C;MAN2A2;DYNLL1;GOSR1;ARFGAP2;COG1;ARF3;STX16;ARL1;VPS51;KIFC2;ARF4;KIF3B;KDELR2;GOLGA4;DCTN2;TMED2;KDELR1;RAB43;KIF21B;MAN2A1;RAB30;RAB1B;DCTN6;DCTN5;VPS53;TMED10;ARFGAP1;BET1L
REACTOME_AURKA_ACTIVATION_BY_TPX2,1.16044597136351e-06,1.44683126154405e-05,0.643551836150722,0.57386705090583,1.74400164623105,69,DYNC1I2;TUBA1A;PLK4;CDK5RAP2;NDE1;CSNK1E;CKAP5;YWHAG;HSP90AA1;CEP76;CNTRL;PCM1;HAUS6;ALMS1;HAUS2;DYNC1H1;NEDD1;CEP41;HAUS4;AKAP9;TUBB;CEP135;CLASP1;CEP192;HMMR;TUBA4A;CEP164;CSNK1D;PCNT;DCTN1;ODF2;CEP63;TPX2;NEK2;CEP57;HAUS5;HAUS1;CEP78;SFI1;PPP2R1A;CCP110;PAFAH1B1;ACTR1A;TUBB4B;HAUS3;PRKAR2B;DYNLL1;CDK1;PLK1;OFD1;DCTN2;MAPRE1;YWHAE;PRKACA;CEP250
REACTOME_C_TYPE_LECTIN_RECEPTORS_CLRS,1.17257259740273e-06,1.44866014533664e-05,0.643551836150722,0.519322259854805,1.6275069552801,116,LYN;FYN;PAK2;UBE2D1;SRC;BCL10;RELB;MUC21;RELA;PPP3CA;MUC1;CASP8;UBA3;MAP3K7;PPP3CB;MALT1;CARD11;MUC20;ITPR2;ITPR3;MAP3K14;NFKB2;NFKB1;NRAS;PSMD2;PSMD1;EP300;FBXW11;CLEC7A;CCL17;TAB3;CCL22;PSMC6;TAB2;KRAS;CUL1;AHCYL1;CLEC10A;FCER1G;PSMC1;CREBBP;PSMD14;PSMD7;RAF1;PSMD11;CHUK;CALM1;PSMB2;UBC;MUC4;PSMD12;BTRC;PSMD6;TAB1;PSMA5;CLEC4D;PPP3R1;PSMD8;UBE2N;CLEC4A;PRKCD;PSMC2;IKBKB;IKBKG;CARD9;NFATC2;PSMA4;PDPK1;SKP1;PSMA3;PSMD3;PSMA7;ADRM1;PRKACA;PSMD13;MUC15;CD209;MUC16;PSMA6;NFATC3;CDC34;PAK1;PSMB5;IL1B;UBE2D2;PAK3;PYCARD;RPS27A;ICAM3;UBA52;UBE2V1
REACTOME_REGULATION_OF_T_CELL_ACTIVATION_BY_CD28_FAMILY,1.480244799099e-06,1.81229971349147e-05,0.643551836150722,0.454792290913173,1.46798461075581,240,LYN;FYN;TUSC3;B3GNT3;STAT1;PAK2;HIF1A;PIK3CA;TEAD1;MYC;TEAD3;SRC;JAK1;ERLIN1;STAT3;RELA;CTNNB1;AKT3;PIK3R1;DERL1;YWHAG;GSK3B;YAP1;AGO2;TCF7;MAP3K14;NFKB2;CDC42;ASH2L;KMT2A;PIK3CD;RAC1;NFKB1;PSMD2;PSMD1;AGO4;EP300;CUL3;MOV10;RICTOR;MTOR;PPP2CB;CD86;RBBP4;PSMC6;BRD4;HLA-DRA;HLA-DQB2;HLA-DQA1;PTPN11;PPP2R5E;CUL1;CSNK2A1;EZH2;KMT2C;RBBP7;CDK4;GRB2;TEAD2;ATF3;CSK;CSNK2A2;PSMC1;CREBBP;PSMD14;PSMD7;AGO1;PIK3CB;NEK2;AKT1;PIK3R5;PSMD11;HLA-DRB1;SUZ12;CD4;RBBP5;EED;VCP;PRKAA1;YES1;H3-3A;PPP2R1A;PSMB2;HLA-DPA1;HLA-DRB5;UBC;PSMD12;ICOSLG;HLA-DQB1;BTRC;PRKAB1;H3-3B;PSMD6;PSMA5;TNRC6B;PSMD8;AGO3;PSMC2;TCF7L2;VAV1;PTPN6;HLA-DQA2;CD80;NFE2L2;PPP2R5C;PPP2R1B;PRKAG1;RPN2;PIK3R6;RNF185;PSMA4;PDPK1;STT3B;HLA-DPB1;SKP1;PSMA3;PSMD3;IRF1;H2AX;PPP2R5D;PSMA7;ERLEC1;ADRM1;SPOP;WWTR1;CD28;LCK;PSMD13;RNF5;STT3A;PIK3CG;PPP2CA;COPS5;WDR5;PPP2R5A;PSMA6;ERLIN2;ICOS;TNRC6A;OS9;SEL1L;PAK1;PSMB5
REACTOME_SIGNALING_BY_ERBB2,1.60214343130348e-06,1.94402939566199e-05,0.643551836150722,0.622264640259367,1.83574773632228,49,GRB7;FYN;EGFR;ERBB3;PIK3CA;PTPN12;SRC;DIAPH1;HBEGF;AKT3;PIK3R1;HSP90AA1;SHC1;ERBB2;EREG;RHOA;NRAS;ERBIN;RNF41;GAB1;PTK6;KRAS;GRB2;AKT1;CUL5;YES1;UBC;SOS1;BTC;USP8;PLCG1
REACTOME_INTERLEUKIN_3_INTERLEUKIN_5_AND_GM_CSF_SIGNALING,1.64460677905522e-06,1.97571821635646e-05,0.643551836150722,0.645263556878476,1.87928270350255,43,LYN;FYN;PIK3CA;CSF2;GAB2;TEC;JAK1;YWHAZ;JAK3;PIK3R1;CBL;SHC1;STAT5A;PIK3CD;INPP5D;IL2RA;CRKL;CSF2RB;CRK;HCK;IL2RB;CSF2RA;PTPN11;GRB2;STAT5B;PIK3CB;RAPGEF1;JAK2;YES1;UBC;SOS1
REACTOME_ISG15_ANTIVIRAL_MECHANISM,1.65733536912904e-06,1.97571821635646e-05,0.643551836150722,0.576567862871399,1.75791723112132,72,STAT1;SEH1L;JAK1;KPNA2;NUP188;KPNA1;EIF4G1;NUP205;ARIH1;NUP98;NDC1;NUP107;EIF4A2;EIF4A3;HERC5;UBE2L6;BECN1;EIF2AK2;NEDD4;NUP62;EIF4E3;UBE2E1;TPR;NUP54;POM121C;NUP85;NUP133;NUP43;NUP58;KPNB1;NUP155;NUP93;KPNA4;MX2;RANBP2;EIF4G2;KPNA3;MX1;NUP160;FLNB;NUP153;UBC;NUP35;USP18;PPM1B;IFIT1;POM121;NUP214;PLCG1;EIF4A1;UBE2N;NUP37;IRF3;NUP50;UBA7
REACTOME_SIGNALING_BY_ERBB4,1.70210328200891e-06,2.0114420523914e-05,0.643551836150722,0.608082599812449,1.80435949909903,52,GABRB2;EGFR;ERBB3;PIK3CA;SRC;HBEGF;PIK3R1;YAP1;SHC1;EREG;STAT5A;ESR1;PSEN1;STMN1;DLG4;NRAS;NCSTN;S100B;NEDD4;ADAM17;SPARC;APOE;NCOR1;TAB2;KRAS;APH1A;PGR;GRB2
REACTOME_STING_MEDIATED_INDUCTION_OF_HOST_IMMUNE_RESPONSES,2.03888412913059e-06,2.38865821680041e-05,0.627256739718528,0.81724538955231,2.00190191396127,14,DTX4;IFI16;STING1;STAT6;CGAS;XRCC5;PRKDC;TRIM21;XRCC6;MRE11;TBK1
REACTOME_NEDDYLATION,2.42480657542776e-06,2.8165060991507e-05,0.627256739718528,0.458165597046594,1.47435200765551,219,DCUN1D3;HIF1A;KLHL2;UBE2D1;CAND1;LMO7;DDB2;FBXL19;FBXO41;UBA3;UBXN7;KLHL13;CUL7;FEM1C;FBXO31;DDA1;KLHL5;NAE1;CUL4B;SOCS5;NUB1;FBXO21;BTBD1;FEM1B;DCAF6;PSMD2;PSMD1;PALB2;FBXO22;KLHL25;SPSB1;DTL;FBXW11;FBXL20;KLHL9;DCAF13;CUL3;KLHL20;COMMD2;FBXO11;PSMC6;NPLOC4;WDTC1;DCAF7;CUL1;DDB1;CCDC22;RBBP7;FBXL13;FBXO2;FBXW2;FBXL14;PSMC1;PSMD14;KEAP1;CDKN1A;DPP3;PSMD7;FBXL4;COP1;SOCS6;PSMD11;WSB1;KLHL42;LRRC41;CUL5;CUL4A;UBE2D3;RBBP5;CUL9;SOCS3;VCP;PSMB2;FBXL16;ASB1;PUM2;UBC;AMER1;PSMD12;FBXL12;COPS2;UBE2F;BTRC;DCAF16;DCUN1D5;FBXO7;FBXL7;PSMD6;PSMA5;SQSTM1;FBXO32;ASB3;CUL2;PSMD8;GAN;KBTBD8;BIRC5;ASB7;MUL1;ELOC;DCAF10;PSMC2;DCAF5;COPS7B;VHL;COPS8;NFE2L2;DCAF11;PSMA4;SKP1;PSMA3;PSMD3;ASB4;PSMA7;FBXO4;ADRM1;DCUN1D2;FBXO6;PSMD13;COPS5;WDR5;PSMA6;COPS4;FBXW9;ASB6;PSMB5;UBE2D2;ASB13;COMMD10;TULP4;RPS27A;COPS7A;DCUN1D1;LRR1;COMMD5;FBXW7;KLHL21;UBA52
REACTOME_UB_SPECIFIC_PROCESSING_PROTEASES,2.49359427709029e-06,2.87185984963195e-05,0.627256739718528,0.481391513758452,1.53289979330913,165,TGFBR1;CCNA1;SIAH2;HIF1A;USP4;SMURF2;USP25;BIRC2;MYC;DDB2;MAP3K7;AXIN1;HGS;IFIH1;TNKS;RCE1;USP14;TP53;TRRAP;SMAD3;BIRC3;PSMD2;USP24;PSMD1;BECN1;CLSPN;USP34;ATXN7;MAT2B;TNKS2;USP3;GATA3;IDE;CCNA2;PSMC6;USP15;USP42;USP12;RNF123;USP37;USP22;RNF146;PSMC1;PSMD14;KEAP1;USP9X;PSMD7;USP10;VDAC1;TAF9B;USP47;PSMD11;ADRB2;ARRB2;SUDS3;FOXO4;STAM2;USP28;TOMM20;PSMB2;PTEN;TADA3;UBC;PSMD12;CCP110;USP18;PSMD6;TAB1;PSMA5;USP8;WDR48;CFTR;PSMD8;RIPK1;SMAD4;USP7;MUL1;USP48;PSMC2;CYLD;MDM2;IKBKG;USP33;PTRH2;USP5;H2AC11;SMAD2;PSMA4;USP13;PSMA3;PSMD3;MDM4;RNF128;PSMA7;POLB;SMAD1;ADRM1;PSMD13;TADA2B;PSMA6;USP11;WDR20;VDAC2;SMAD7;PSMB5;SNX3
REACTOME_RHOD_GTPASE_CYCLE,2.52056158936527e-06,2.87852369743479e-05,0.627256739718528,0.612727492528077,1.81439550240208,51,ACTN1;TMPO;DIAPH1;ESYT1;PIK3R1;SLC4A7;ARHGAP17;CAV1;ANKFY1;ARHGAP1;VAMP3;DIAPH3;PLXNB1;ARHGAP32;DBN1;PLXNA1;VRK2;RACGAP1;LBR;LMNB1;STBD1;ARHGAP12;DEPDC1B;LEMD3;TOR1AIP1;DIAPH2;PGRMC2;LMAN1;RAB7A;ARHGAP5;WHAMM
REACTOME_TOLL_LIKE_RECEPTOR_TLR1_TLR2_CASCADE,2.63380330831658e-06,2.98278224666853e-05,0.627256739718528,0.517352095256312,1.61676122689567,110,NOD1;PELI1;RIPK2;ELK1;MAPKAPK3;IRAK2;MYD88;MAP3K1;RELA;MAPK7;MAPKAPK2;CASP8;MAP3K7;RPS6KA3;MAPK1;NFKB2;ATF1;USP14;TP53;RPS6KA2;N4BP1;IKBIP;NFKB1;HMGB1;MAP2K7;S100B;MAP2K4;FBXW11;TAB3;S100A9;MAP2K3;PPP2CB;TAB2;CUL1;MAPK14;MAP2K1;CREB1;APP;ALPK1;CHUK;IRAK4;DUSP3;S100A8;NOD2;MEF2A;DUSP7;PPP2R1A;NLRC5;UBC;USP18;TLR1;TLR2;BTRC;TIRAP;TAB1;LY96;AGER;NLRX1;UBE2N;MAPK9;BTK;IKBKB;IKBKG;TLR6;PPP2R1B;IRAK3;TNIP2;SKP1
REACTOME_REGULATION_OF_INSULIN_LIKE_GROWTH_FACTOR_IGF_TRANSPORT_AND_UPTAKE_BY_INSULIN_LIKE_GROWTH_FACTOR_BINDING_PROTEINS_IGFBPS,2.7720715155348e-06,3.11342577653867e-05,0.627256739718528,0.529276882174697,1.64759395986623,101,QSOX1;EVA1A;TNC;PRSS23;FSTL3;SERPINA1;MFGE8;FAM20C;MXRA8;TIMP1;LAMC1;APLP2;IGFBP5;C3;FAM20A;LTBP1;PROC;IGFBP6;SHISA5;LGALS1;APOL1;PNPLA2;PAPPA;C4A;CALU;VCAN;FSTL1;ADAM10;KLK13;MELTF;CSF1;APOE;MGAT4A;ANO8;BMP4;MSLN;TGOLN2;MMP2;LAMB1;F5;APP;AMTN;IL6;MATN3;MBTPS1;SPP1;CP;FBN1;KTN1
REACTOME_TRANSPORT_OF_MATURE_TRANSCRIPT_TO_CYTOPLASM,3.25971278355178e-06,3.63110628921875e-05,0.627256739718528,0.554703787609855,1.70135560770825,79,THOC5;SEH1L;NUP188;SLBP;NUP205;NXF1;NUP98;NDC1;NUP107;EIF4A3;THOC2;FYTTD1;NUP62;TPR;CPSF1;SRSF4;NUP54;NCBP2;CPSF3;POM121C;NUP85;NUP133;NUP43;NUP58;POLDIP3;SRRM1;NUP155;NUP93;DHX38;CDC40;FIP1L1;RANBP2;SLU7;NCBP1;SYMPK;NUP160;NUP153;SRSF7;THOC6;U2AF2;WDR33;SRSF3;NUP35;GLE1;CPSF2;POM121;RNPS1;RBM8A;NUP214;SRSF11;CASC3;NUP37;NUP50;SRSF1;SRSF9;SEC13;SRSF6;DDX39B;EIF4E;SRSF2;NUP42;NUP88;SRSF5;ALYREF;NXT1;RAE1;CHTOP;U2AF1
REACTOME_SIGNALLING_TO_ERKS,3.34044351840288e-06,3.66101833992702e-05,0.627256739718528,0.679474589077346,1.91499324060828,32,MAPKAPK3;SRC;KIDINS220;MAPKAPK2;MAPK13;MAPK1;RIT1;SHC3;SHC1;RALA;YWHAB;NRAS;CRKL;RALB;CRK;KRAS;RAP1A;MAPK14;GRB2;MAP2K1;FRS2;RAPGEF1
REACTOME_RHOU_GTPASE_CYCLE,3.31658564203432e-06,3.66101833992702e-05,0.627256739718528,0.650126981972228,1.87404574147315,39,SRGAP2;EPHA2;IQGAP1;STAM;DST;PAK2;PTK2B;PEAK1;SRC;MYO6;RHOU;PIK3R1;SPTAN1;HGS;CDC42;NCK2;GIT1;DEPDC1B;ITSN2;GRB2;WWP2;USP9X;WDR6;CLTC;ARHGAP30;STAM2
REACTOME_INTERLEUKIN_2_FAMILY_SIGNALING,3.47077981385395e-06,3.76531273973274e-05,0.627256739718528,0.652273296753779,1.85743394965728,35,STAT1;PIK3CA;CSF2;PTK2B;GAB2;JAK1;STAT3;JAK3;PIK3R1;STAT4;SHC1;STAT5A;PIK3CD;INPP5D;IL2RA;CSF2RB;IL2RB;CSF2RA;GRB2;STAT5B;PIK3CB;IL15RA;JAK2;LGALS9;SOS1
REACTOME_MITF_M_REGULATED_MELANOCYTE_DEVELOPMENT,3.49101843418929e-06,3.76531273973274e-05,0.627256739718528,0.494423961428367,1.56472411071868,142,MET;ITGA2;RAB27A;ATP6V1B2;YWHAH;YWHAZ;DIAPH1;CTNNB1;AKT3;SMARCA4;CDK2;MCM5;CDC25B;UBE2I;SYTL2;MCM2;SMARCC1;YWHAG;ACTL6A;GSK3B;MAPK1;MYO5A;AGO2;EPRS1;TCF7;TNFSF11;SIRT1;BCL7A;TFE3;YWHAB;PXN;SMARCC2;GXYLT2;LIG1;AGO4;EP300;RARS1;CSF1;MOV10;MITF;SERPINE1;SMARCB1;XPO1;SS18;DPF2;MAPK14;IARS1;EDN1;BIRC7;SOX9;CREBBP;CDKN1A;CREB1;MARS1;AGO1;AIMP1;ATP6V1A;ACTB;KARS1;SS18L1;BCL2A1;SIN3A;CDKN2A;TNRC6B;BCL7C;SMARCD1;CDH1;PXDN;ATP6V1C1;AGO3;ARID1B;TCF7L2;ATP6V1E1;ARID1A;ATP6V1G1;LARS1;CCNB1;PLK1;TFEC
REACTOME_INTERLEUKIN_12_FAMILY_SIGNALING,3.52877252479554e-06,3.77606445763555e-05,0.627256739718528,0.609462597049114,1.80472756397092,51,MSN;ANXA2;STAT1;PAK2;MTAP;HNRNPF;JAK1;STAT3;CRLF1;EBI3;CAPZA1;IL23A;IL6ST;STAT4;CDC42;RALA;RAP1B;TCP1;LMNB1;RPLP0;IL27RA;LCP1;HNRNPDL;PITPNA;TYK2;CNN2;JAK2;VAMP7;SERPINB2
REACTOME_RHOC_GTPASE_CYCLE,3.78189581001597e-06,4.01530969204039e-05,0.627256739718528,0.559142259817263,1.70591259639349,73,IQGAP1;ABR;ARHGAP18;ROCK1;IQGAP3;TMPO;CAVIN1;DLC1;ANLN;RTKN;DIAPH1;PIK3R1;CAV1;AKAP13;ARHGAP1;VAMP3;DIAPH3;ARHGAP32;MYO9B;STOM;RHOA;RACGAP1;FMNL2;LBR;ROCK2;ARHGEF12;ERBIN;TJP2;ABCD3;DEPDC1B;ARHGDIA;ARHGEF17;LMAN1;VAV2;JUP;ARHGAP5;PKN3;BCR;STK10;PKN2;SLK;ARHGEF1;ARHGAP21
REACTOME_CRISTAE_FORMATION,3.84959828280931e-06,4.02431082025988e-05,0.610526878385931,-0.512108617153366,-2.36222424013676,31,ATP5MC1;ATP5PD;ATP5F1D;ATP5PO;MT-ATP6;ATP5ME;ATP5MF;APOO;ATP5PF;ATP5F1E;MICOS13;ATP5MC2;ATP5MC3;ATP5F1C;MT-ATP8
REACTOME_SIGNALING_BY_TGFBR3,3.83150579166047e-06,4.02431082025988e-05,0.610526878385931,0.634751811895783,1.84866801851217,43,TGFBR1;KLF16;MMP16;FGF2;TIMP1;TIMP2;INHBA;MMP14;RARA;TGFB2;TCF3;AGO2;HELLS;PSEN1;SMAD3;TGFB1;SP1;TCF12;NCSTN;AGO4;EP300;MOV10;GIPC1;ACVR2A;APH1A
REACTOME_NUCLEAR_SIGNALING_BY_ERBB4,4.04198121635584e-06,4.19316982673861e-05,0.610526878385931,0.690194152108339,1.92017488818752,29,SRC;HBEGF;YAP1;EREG;STAT5A;ESR1;PSEN1;STMN1;NCSTN;S100B;ADAM17;SPARC;APOE;NCOR1;TAB2;APH1A;PGR
REACTOME_SYNTHESIS_OF_DNA,4.18647454951513e-06,4.31016584302353e-05,0.610526878385931,0.519615834632818,1.62246050943665,108,CCNA1;MCM4;UBE2D1;MCM6;CDK2;MCM5;POLD1;MCM2;RFC3;PRIM2;POLA1;ANAPC1;MCM3;MCM7;POLD3;GINS4;GINS1;ORC1;PSMD2;PSMD1;POLE;LIG1;RFC4;PRIM1;UBE2E1;PCNA;CCNA2;ORC6;CCNE2;PSMC6;CDC45;RFC2;ORC3;RPA1;FZR1;CUL1;POLE3;PSMC1;PSMD14;CDT1;CDC16;PSMD7;PSMD11;CDC6;UBE2C;POLD4;RFC1;PSMB2;UBC;FEN1;PSMD12;POLE2;PSMD6;PSMA5;PSMD8;ORC4;PSMC2;GINS3;CDC27;RPA2;PSMA4;GINS2;DNA2;SKP1;PSMA3;PSMD3;PSMA7;ANAPC4;CDC23;ADRM1;PSMD13;MCM8;ANAPC5;PSMA6;CCNE1;ORC2;PSMB5;GMNN
REACTOME_CARGO_RECOGNITION_FOR_CLATHRIN_MEDIATED_ENDOCYTOSIS,4.25822815187762e-06,4.35107673564037e-05,0.610526878385931,0.524585924363642,1.63104690537472,99,LDLR;STAM;TGFA;EGFR;IGF2R;FCHO1;SCARB2;AGFG1;AREG;PICALM;HBEGF;EPN2;UBQLN2;CBL;SYT1;VAMP4;AP2A1;REPS1;SH3GL1;VAMP3;NECAP2;HGS;SYT11;EREG;WNT5A;GRK2;ITSN1;AP2M1;UBQLN1;SYT8;DVL2;FCHO2;AP2B1;ITSN2;M6PR;CLTA;GRB2;TGOLN2;STON1;IL7R;CLTC;ADRB2;ARRB2;EPS15;CD4;STAM2;VAMP7;AP2A2;GRK3;UBC;NECAP1;COPS2;BTC;CFTR;TOR1B;TOR1A;COPS7B;EPS15L1;VAMP8;COPS8;DAB2
REACTOME_DOWNSTREAM_SIGNAL_TRANSDUCTION,4.56447188318124e-06,4.62919200689799e-05,0.610526878385931,0.70728644365624,1.94740859532515,27,RASA1;GRB7;STAT1;PIK3CA;SRC;STAT3;PIK3R1;STAT6;STAT5A;NCK2;NRAS;CRKL;CRK;KRAS;PTPN11;GRB2;PDGFA;STAT5B;PIK3CB;RAPGEF1;BCAR1;SOS1;PLCG1;NCK1
REACTOME_INTERLEUKIN_1_SIGNALING,4.60257442684837e-06,4.63325825636069e-05,0.610526878385931,0.524630340931346,1.63312967180709,101,IL1RAP;NOD1;PELI1;RIPK2;IRAK2;MYD88;RELA;IL1RN;CASP8;MAP3K7;MAP3K3;IL1R1;NFKB2;USP14;TP53;N4BP1;IL1R2;IKBIP;NFKB1;PSMD2;HMGB1;PSMD1;S100B;MAP2K4;FBXW11;TAB3;PSMC6;TAB2;CUL1;MAP2K1;PSMC1;PSMD14;PSMD7;APP;ALPK1;PSMD11;CHUK;IRAK4;NOD2;PSMB2;NLRC5;UBC;PSMD12;USP18;BTRC;PSMD6;TAB1;PSMA5;SQSTM1;PSMD8;AGER;NLRX1;UBE2N;PSMC2;IL1A;IKBKB;IKBKG;TOLLIP;PSMA4;IRAK3;TNIP2;SKP1;PSMA3;PSMD3
REACTOME_RECRUITMENT_OF_NUMA_TO_MITOTIC_CENTROSOMES,4.81406102530124e-06,4.81052127454734e-05,0.610526878385931,0.545716830595814,1.68404226441532,87,TUBB6;DYNC1I2;TUBA1A;PLK4;CDK5RAP2;NDE1;CSNK1E;CKAP5;YWHAG;HSP90AA1;CEP76;CNTRL;PCM1;HAUS6;ALMS1;HAUS2;DYNC1H1;TUBB3;NEDD1;TUBA1C;CEP41;TUBA1B;HAUS4;AKAP9;MZT1;TUBB;NUMA1;CEP135;CLASP1;CEP192;TUBA4A;CEP164;CSNK1D;PCNT;TUBGCP4;TUBGCP3;DCTN1;ODF2;CEP63;NEK2;CEP57;HAUS5;HAUS1;CEP78;SFI1;PPP2R1A;CCP110;PAFAH1B1;ACTR1A;TUBB4B;NME7;TUBB2A;HAUS3;PRKAR2B;DYNLL1;TUBGCP6;CDK1;PLK1
REACTOME_BACTERIAL_INFECTION_PATHWAYS,4.95060878593599e-06,4.91085937232629e-05,0.610526878385931,0.525805467312802,1.63290270733772,97,LAMB3;MET;STAM;LAMA1;LAMC1;SRC;MRC1;HBEGF;CTNNB1;CALM2;CBL;SYT1;SH3GL1;GBP2;MAPK1;KPNA1;GBP3;HSP90AA1;HGS;SNAP25;HSP90AB1;RNF213;LAMA5;PDCD6IP;CD9;EEF2;MAP2K7;MAP2K4;ENO1;MAP2K3;SFPQ;RAB5A;KPNB1;GRB2;MAP2K1;COL5A1;LAMB1;RAB7A;EPS15;B2M;DUSP16;STAM2;LAMA3;CALM1;TRIM27;CORO1A;UBC;ANTXR2;TLR2;COL5A2;CDH1;CTNND1;COL4A4
REACTOME_SIGNALING_BY_BRAF_AND_RAF1_FUSIONS,5.25757472180109e-06,5.17038463679403e-05,0.610526878385931,0.580312187912594,1.74463340295755,60,PAPSS1;IQGAP1;LMNA;SRC;MPRIP;VCL;MAPK1;ACTG1;CNKSR2;ATG7;KDM7A;RAP1B;FXR1;YWHAB;TLN1;NRAS;FAM131B;AKAP9;CAMK2D;TENT4A;ESRP1;KRAS;RAP1A;MAP2K1;CSK;RAF1;ARRB2;TRAK1;ZC3HAV1;JAK2;ACTB;CALM1;AGGF1;QKI;ARAF;ITGB3;BRAF;BCL2L11;CNKSR1;KIAA1549
REACTOME_TRANSCRIPTIONAL_REGULATION_BY_RUNX1,5.28832571386585e-06,5.17038463679403e-05,0.610526878385931,0.462591594746561,1.4827052281654,193,RUNX1;RUNX2;LGALS3;CBFB;CSF2;SRC;CDK7;RYBP;SMARCA4;SMARCC1;ACTL6A;YAP1;AXIN1;CCND3;TJP1;HIPK2;TCF3;AGO2;RNF2;SIN3B;ASH2L;KMT2A;AUTS2;ESR1;BMI1;THBS1;TCF12;PSMD2;IL2RA;PSMD1;SMARCC2;AGO4;EP300;CCNH;PBRM1;CCND2;GATA3;MOV10;ELF1;PSMC6;CTSK;PML;SMARCB1;KMT2B;PTPN11;CSNK2A1;KMT2C;OCLN;PHC3;LDB1;YAF2;CSNK2A2;CBX2;PSMC1;CREBBP;PSMD14;ABL1;PSMD7;AGO1;SPI1;PSMD11;ITCH;TNFRSF18;FOXP3;RBBP5;PHC2;SOCS3;H3-3A;SCMH1;PSMB2;SIN3A;UBC;PSMD12;ELF2;H3-3B;ARID2;PHC1;PSMD6;PSMA5;KMT2D;TNRC6B;SMARCD1;CBX6;SOCS4;PSMD8;TP73;AGO3;ARID1B;PSMC2;PRMT1;ARID1A;MNAT1;MYB;NFATC2;PSMA4;PSMA3;PSMD3;SETD1A;SETD1B;SMARCD2;H2AX;PSMA7;NR4A3
REACTOME_SENSORY_PERCEPTION,5.35745317662148e-06,5.20055633359185e-05,0.610526878385931,0.464478155306617,1.48469186388987,180,SDC4;SDC3;LDLR;MSN;EPS8;STRA6;LRP12;RDH5;GSN;SYN1;LRP1;KCNJ2;RIPOR2;AGRN;DHRS3;ESPN;ABCA4;GNB1;MYH9;SCN1B;MYO3B;SPTAN1;CAPZA1;PLS1;ACTG1;GNB5;SNAP25;ITPR3;LPL;SCNN1A;LRP10;EZR;ATP2B1;MYO1C;SCN2B;EPB41L1;TWF1;CAPZA2;METAP2;DHRS9;METAP1;SLC24A1;OR4D10;GRM4;APOE;OR13A1;ADCY3;BSN;CLIC5;OR4D6;RDH10;CASK;NMT2;AWAT2;LDB1;GPC5;TRIOBP;RBP4;GPC4;ACTB;EPS8L2;TWF2;CALM1;HSPG2;CIB2;CTBP2;RBP1;PPEF1;NMT1;MYO3A
REACTOME_RHOBTB2_GTPASE_CYCLE,5.50023201665345e-06,5.27544966837341e-05,0.610526878385931,0.730007615884154,1.95756797170589,23,ACTN1;TMOD3;STK38;MYO6;HNRNPC;HSP90AA1;ACTG1;PHIP;HSP90AB1;MSI2;DBN1;RBMX;TWF1;CCT6A;CUL3;CCT2;SRRM1;CCT7
REACTOME_REGULATION_OF_HSF1_MEDIATED_HEAT_SHOCK_RESPONSE,5.51224321493027e-06,5.27544966837341e-05,0.610526878385931,0.549029897674958,1.68447675367835,80,TNFRSF21;HSPH1;SEH1L;BAG3;NUP188;MAPKAPK2;GSK3B;MAPK1;NUP205;BAG5;NUP98;HSPA13;SERPINH1;SIRT1;NDC1;NUP107;NUP62;DNAJB1;TPR;ATM;DNAJC2;BAG4;NUP54;HSPA4;POM121C;NUP85;NUP133;RPA1;NUP43;HIKESHI;NUP58;NUP155;NUP93;HSPA8;ST13;RANBP2;NUP160;NUP153;DNAJC7;HSF1;NUP35;CCAR2;MRPL18;POM121;NUP214;HSPA1B;ATR;NUP37;HSPA6;NUP50;BAG2;RPA2
REACTOME_APOPTOTIC_EXECUTION_PHASE,5.85001562556293e-06,5.55956030429372e-05,0.610526878385931,0.623121897524086,1.83046731039859,47,PAK2;GSN;LMNA;ROCK1;PLEC;BIRC2;DSP;CTNNB1;DSG2;STK24;CASP8;CASP3;SPTAN1;PKP1;TJP1;KPNA1;ADD1;STK26;CASP7;HMGB1;LMNB1;CLSPN;CASP6;TJP2;SATB1;KPNB1;PTK2;OCLN
REACTOME_TRANSPORT_TO_THE_GOLGI_AND_SUBSEQUENT_MODIFICATION,5.91047328772198e-06,5.57800916528762e-05,0.610526878385931,0.469604751908014,1.49820436096917,172,SPTBN2;B4GALT5;CD55;MGAT4B;MGAT3;SEC23A;CTSC;TGFA;SERPINA1;TUBB6;DYNC1I2;TUBA1A;AREG;FUT8;SPTAN1;CAPZA1;COPG2;MGAT4C;COL7A1;B4GALT1;CD59;DYNC1H1;ANKRD28;TUBB3;ARCN1;FUT3;TUBA1C;FUCA1;TUBA1B;CAPZA2;CNIH3;GBF1;B4GALT6;NAPG;SEC16A;CNIH1;B4GALT4;SEC24B;KDELR3;COPB1;SEC24D;MGAT4A;COPB2;DYNC1LI1;TUBA4A;SEC24A;CSNK1D;MAN1A2;DCTN1;LMAN1;SEC23IP;MAN1A1;SEC24C;F5;DCTN4;TRAPPC10;COPA;TRAPPC3;ACTR10;TRAPPC6B;COPG1;GOLGB1;ACTR1A;GOLGA2;DYNC1LI2;COG6;B4GALT2;TUBB4B;MGAT5;COG4;CHST10;ARF5;B4GALT3;SEC22C;TUBB2A;SEC22B;USO1;TFG;MANEA;MAN2A2;DYNLL1;GOSR1;ARFGAP2;COG1;ARF3;STX17;SEC13;SEC31A;ARF4;KDELR2;PPP6R3;PPP6C;DCTN2;TMED2;KDELR1;SEC22A;MAN2A1;CTSZ;TRAPPC4;RAB1B;DCTN6;PPP6R1;CNIH2;DCTN5;TMED10;ARFGAP1;TBC1D20;BET1L;SCFD1
REACTOME_RESPONSE_TO_METAL_IONS,6.04407331334e-06,5.62121509354831e-05,0.610526878385931,-0.833710664602031,-2.75082472491424,11,MT1G;MT1F;MT1H;MT1X;MT1E;MT1M;MT3;MT2A
REACTOME_SIGNALING_BY_FGFR2,6.08034303717146e-06,5.62121509354831e-05,0.610526878385931,0.577279708821385,1.74430448317369,64,FGF2;PIK3CA;HNRNPF;SRC;PIK3R1;HNRNPA1;CBL;POLR2D;FGF9;MAPK1;FGFBP1;SHC1;FGF20;NRAS;FGF18;RBFOX2;GAB1;ESRP1;PTBP1;GTF2F2;NCBP2;PPP2CB;KRAS;POLR2B;PTPN11;GRB2;ESRP2;NCBP1;POLR2A;FRS2;TIAL1;PPP2R1A;UBC;GTF2F1;MKNK1;SOS1;PLCG1;BRAF;HNRNPH1;HNRNPM;TIA1
REACTOME_O_LINKED_GLYCOSYLATION,6.05478259201469e-06,5.62121509354831e-05,0.610526878385931,0.518845349460209,1.61896342381134,106,B4GALT5;GCNT4;GALNT7;B3GNT3;FUT11;DAG1;MUC21;GALNT5;MUC1;ADAMTS14;SEMA5A;B3GNT5;THSD4;MUC20;B3GNT7;ADAMTS1;GALNT12;ADAMTS18;SPON1;ADAMTSL5;ADAMTS17;THBS1;GALNT2;POMK;ADAMTS9;THBS2;B3GNT2;B4GALT6;LARGE1;GALNT3;C1GALT1C1;B3GNT8;GALNTL6;ADAMTS10;GALNT1;B3GLCT;B3GNT6;FKRP;ADAMTS15;ADAMTS8;FKTN;ADAMTSL1;ADAMTS12;GALNT6;ADAMTSL3;MUC4;ST6GALNAC4;GALNT13;ADAMTSL4;CHST10;ADAMTS4;CRPPA;GCNT1;ADAMTS6;SEMA5B;FUT10
REACTOME_REGULATION_OF_LIPID_METABOLISM_BY_PPARALPHA,6.53916012266808e-06,6.00453959912562e-05,0.610526878385931,0.507015778545645,1.583588469914,109,AHR;TNFRSF21;MED13;CDK19;PLIN2;MED15;G0S2;ABCA1;SREBF1;SIN3B;NFYA;RGL1;NCOA1;NCOA2;CARM1;HELZ2;SP1;MED28;MED14;EP300;TGS1;ARNT2;ANGPTL4;THRAP3;CHD9;MED1;GRHL1;NCOR2;SREBF2;NCOR1;TBL1XR1;MED17;NCOA3;NR1H2;NFYB;CREBBP;NR1D1;ARNT;MED27;MED12;MED30;MED23;MTF1;MED26;NRF1;SIN3A;ACOX1;FAM120B;PPARA;MED4;MED21;GLIPR1;MED24;TBL1X
REACTOME_LEISHMANIA_INFECTION,7.15545155296578e-06,6.52634809428222e-05,0.610526878385931,0.458713156485374,1.47387239046023,209,CYSLTR2;LYN;WASF1;FYN;BAIAP2;ADCY7;DVL1;ARPC2;SRC;NT5E;RELA;C3;ABI1;ADCY8;GNB1;GNAZ;MYH9;ACTR3;MAPK1;GNG12;FZD7;GNAI2;MYO5A;ACTG1;GNB5;ITPR2;ITPR3;NFKB2;CDC42;MYO9B;HSP90AB1;CYFIP1;WNT5A;WASF2;MYO1C;ABI2;WIPF1;FCGR2A;ACTR2;RAC1;NCKAP1;NFKB1;PLK2;GNB4;ADCY6;DVL2;NLRP3;ADAM17;FGR;CD163;PRKAR1A;GNAI3;ENTPD1;ELMO2;DVL3;CRK;ADCY3;HCK;NCKIPSD;WASL;HMOX1;IL18;PTK2;AHCYL1;MAPK14;WIPF2;GRB2;ADORA2B;P2RX7;ABL1;VAV2;CREB1;APP;IL6;ACTB;CALM1;YES1;NCKAP1L;PRKAR1B;C3AR1;ARPC5;CYFIP2;GNB2;RHBDF2;SUGT1;PLCG1;NCK1;IL1A;BTK;VAV1;PRKAR2B;FURIN;TXNIP;GGT1;ARPC3;DOCK1;GGT5;FCGR3A;NOX1;MEFV;ARPC1B;BRK1
REACTOME_SUMOYLATION_OF_DNA_REPLICATION_PROTEINS,7.53656521940478e-06,6.82812808878073e-05,0.610526878385931,0.618445658830302,1.8132997477631,46,SEH1L;PIAS3;NUP188;UBE2I;TOP2B;TOP1;NUP205;TOP2A;NUP98;NDC1;NUP107;RANGAP1;NUP62;PCNA;TPR;SUMO2;NUP54;CDCA8;POM121C;NUP85;NUP133;NUP43;SUMO3;NUP58;NUP155;NUP93;RANBP2;NUP160;NUP153;AURKB;NUP35;POM121;NUP214;PIAS4;BIRC5;NUP37
REACTOME_PI_METABOLISM,7.87296404088158e-06,7.08566763679342e-05,0.593325476396405,0.545675683779762,1.67366512601083,79,PLEKHA6;INPP4A;PIK3CA;PLEKHA4;INPP5F;PIK3R1;SYNJ2;PLEKHA5;MTMR7;FIG4;PIP4K2A;MTMR8;MTM1;PNPLA6;RAB14;PIK3CD;MTMR12;PI4K2A;PLEKHA3;MTMR1;INPP5D;PIP5K1A;PLEKHA8;MTMR2;MTMR6;MTMR9;PIK3C3;GDE1;PITPNB;RUFY1;PIP4K2B;PIKFYVE;INPP5K;RAB5A;PTPN13;SBF2;PIK3CB;PI4KA;PIK3R5;PIP4P1;PIP4K2C;PTEN;PIP5K1C;MTMR3
REACTOME_RECRUITMENT_OF_MITOTIC_CENTROSOME_PROTEINS_AND_COMPLEXES,8.0147160977224e-06,7.16578893210839e-05,0.593325476396405,0.548548037419966,1.68083581281458,78,DYNC1I2;TUBA1A;PLK4;CDK5RAP2;NDE1;CSNK1E;CKAP5;YWHAG;HSP90AA1;CEP76;CNTRL;PCM1;HAUS6;ALMS1;HAUS2;DYNC1H1;NEDD1;CEP41;HAUS4;AKAP9;MZT1;TUBB;CEP135;CLASP1;CEP192;TUBA4A;CEP164;CSNK1D;PCNT;TUBGCP4;TUBGCP3;DCTN1;ODF2;CEP63;NEK2;CDK11B;CEP57;HAUS5;HAUS1;CEP78;SFI1;PPP2R1A;CCP110;PAFAH1B1;ACTR1A;TUBB4B;NME7;HAUS3;PRKAR2B;DYNLL1;TUBGCP6;CDK1;PLK1;OFD1;DCTN2;MAPRE1;YWHAE;PRKACA;CEP250;TUBGCP2;SDCCAG8;HAUS8;CEP131;CEP290;CEP72
REACTOME_HOMOLOGOUS_DNA_PAIRING_AND_STRAND_EXCHANGE,8.12474118143122e-06,7.21668187291832e-05,0.593325476396405,0.626065269311246,1.82336910141335,43,RBBP8;RAD51B;BRCA2;RFC3;RMI2;RAD51;RHNO1;WRN;NBN;TOPBP1;BARD1;CHEK1;BLM;RAD1;BRIP1;MRE11;PALB2;RAD51AP1;RFC4;ATM;RFC2;RPA1;RAD50;EXO1;RMI1;TOP3A;XRCC2;HUS1;RAD9B;ATR;KAT5
REACTOME_NON_INTEGRIN_MEMBRANE_ECM_INTERACTIONS,8.72388248545771e-06,7.69854305047859e-05,0.593325476396405,0.552588217916632,1.67933454310245,69,SDC4;SDC3;LAMB3;ACTN1;TNC;ITGB4;ITGA2;FGF2;SGCE;DMD;LAMA1;DAG1;LAMC1;AGRN;ACTG1;ITGAV;UTRN;LAMA5;DDR1;TGFB1;SSPN;THBS1;SGCB;ITGB5;COL3A1;CASK;COL5A1;COL10A1;PDGFA;LAMB1;ACTB;LAMA3;HSPG2;COL5A2;ITGB3;COL11A1;COL4A4
REACTOME_NUCLEOTIDE_EXCISION_REPAIR,9.24875339342378e-06,8.10906829784704e-05,0.593325476396405,0.512771184709156,1.60080187379061,107,RAD23B;PIAS3;CDK7;DDB2;POLD1;UBE2I;ERCC6;ACTL6A;RFC3;POLR2D;ELL;XPC;CUL4B;POLD3;POLE;LIG1;CCNH;RNF111;RFC4;ACTR8;PCNA;INO80;SUMO2;ERCC3;GTF2H3;RFC2;POLR2B;RPA1;SUMO3;POLE3;DDB1;PARP2;INO80D;AQR;POLR2A;USP45;ACTB;CUL4A;ERCC5;INO80C;POLD4;RFC1;ZNF830;UBC;COPS2;POLE2;ERCC4;TCEA1;RAD23A;UBE2N;USP7;COPS7B;PIAS1;PRPF19;MNAT1;COPS8;LIG3;XRCC1;POLK;NFRKB;POLR2E;RPA2;UBE2V2;ERCC1
REACTOME_RESPIRATORY_SYNCYTIAL_VIRUS_INFECTION_PATHWAY,9.38782979061886e-06,8.17824402913527e-05,0.593325476396405,0.515515200068063,1.60857229268273,106,SDC4;SDC3;MED13;EGFR;CDK19;MED15;JAK1;AGRN;IGF1R;HSP90AA1;IFIH1;NCL;HSP90AB1;STAT2;ARIH1;HERC5;IFNAR1;PPP1CB;UBE2L6;MED28;MED14;BECN1;EIF2AK2;EP300;IFNAR2;MED1;XPO1;MED17;RAB5A;KPNB1;CSNK2A1;HSPA8;CSNK2A2;IFNA1;GPC5;TYK2;CREBBP;MED27;MED12;MED30;GPC4;MED23;MAP1B;CUL5;MED26;SEC11A;HSPG2;UBC;MED4;TLR2;MED21;MED24;LY96;OAS2;RAB5B;ELOC;IRF3;CDK8;FURIN;MED6;TLR6
REACTOME_EPHA_MEDIATED_GROWTH_CONE_COLLAPSE,9.4975251239776e-06,8.22110614234749e-05,0.593325476396405,0.699776779975598,1.91568292206902,26,EPHA4;MYH10;EPHA2;LYN;NGEF;FYN;ROCK1;EPHA10;SRC;MYH9;MYH14;RHOA;MYL12B;ROCK2;EFNA1;EFNA4
REACTOME_TP53_REGULATES_TRANSCRIPTION_OF_CELL_CYCLE_GENES,9.91923313955096e-06,8.53179609914541e-05,0.593325476396405,0.606832488905107,1.78611174090838,48,PLK3;CCNA1;SFN;GADD45A;CDK2;NPM1;TP53;CARM1;CNOT6;TNKS1BP1;CNOT8;CNOT6L;PLK2;E2F7;EP300;PCNA;CCNA2;CNOT10;CNOT11;CCNE2;RBL2;BAX;CDKN1A;E2F8;CNOT7;RBL1;CNOT1;CNOT2;PRMT1;E2F4;ARID3A;E2F1;CNOT9;CDK1;PLAGL1;CCNB1;CNOT3;TFDP1;BTG2;TFDP2;CDC25C;CDKN1B;PCBP4;CCNE1
REACTOME_RHOJ_GTPASE_CYCLE,1.0593751187622e-05,8.94217879750204e-05,0.593325476396405,0.597341479757349,1.77527579673889,53,CDC42EP1;ARL13B;PAK2;IQGAP3;TMPO;PIK3R1;SCRIB;SLC4A7;CAV1;ARHGAP1;VAMP3;DIAPH3;CDC42BPA;CDC42;ARHGAP32;STOM;TRIO;SNAP23;FNBP1;GIT1;CDC42BPB;MPP7;DEPDC1B;WASL;WIPF2;GJA1;WWP2;FNBP1L;JUP;RAB7A;ARHGAP5
REACTOME_TNF_SIGNALING,1.05862682150374e-05,8.94217879750204e-05,0.593325476396405,0.58377019896576,1.74348695742917,56,TNFRSF1A;CLIP3;USP4;BIRC2;UBE2D1;CFLAR;OPTN;MAPKAPK2;CASP8;OTUD7B;MAP3K7;OTULIN;XIAP;BIRC3;NSMAF;TBK1;ADAM17;TAB3;OTUD1;IKBKE;BAG4;TAX1BP1;TAB2;RBCK1;RACK1;CHUK;SPPL2A;UBE2D3;ULK1;FADD;UBC;TAB1;TNFAIP3;RIPK1;CYLD;IKBKB;IKBKG;MADD
REACTOME_CONSTITUTIVE_SIGNALING_BY_ABERRANT_PI3K_IN_CANCER,1.05320668618633e-05,8.94217879750204e-05,0.593325476396405,0.558260703336752,1.70066062790821,71,MET;TGFA;FYN;EGFR;ERBB3;FGF2;PIK3CA;KL;AREG;GAB2;SRC;HBEGF;STRN;PIK3R1;FGF9;RAC2;BDNF;ERBB2;EREG;IRS2;ESR1;PIK3CD;RAC1;FGF20;FGF18;GAB1;RHOG;CD86;PTPN11;GRB2;PDGFA;PIK3CB;PIK3R5;FRS2
REACTOME_SYNTHESIS_OF_PIPS_AT_THE_PLASMA_MEMBRANE,1.29908737788692e-05,0.00010831041389867,0.593325476396405,0.594578260071416,1.7606523847144,51,PLEKHA6;INPP4A;PIK3CA;PLEKHA4;PIK3R1;SYNJ2;PLEKHA5;PIP4K2A;MTMR8;MTM1;RAB14;PIK3CD;PI4K2A;PLEKHA3;MTMR1;INPP5D;PIP5K1A;PLEKHA8;MTMR2;MTMR6;MTMR9;RUFY1;PIP4K2B;INPP5K;RAB5A;PTPN13;SBF2;PIK3CB;PIK3R5;PIP4K2C;PTEN;PIP5K1C;MTMR3
REACTOME_CELLULAR_SENESCENCE,1.29908232832224e-05,0.00010831041389867,0.593325476396405,0.473348334255711,1.50808323445015,167,MAP4K4;CCNA1;CDKN2B;MAP3K5;MAPKAPK3;HMGA1;UBE2D1;STAT3;RELA;CXCL8;CDK2;MAPK7;MAPKAPK2;RPS6KA3;MAPK1;ANAPC1;RNF2;TP53;UBN1;BMI1;NBN;RPS6KA2;SP1;TNIK;NFKB1;CDKN2D;MAP2K7;LMNB1;ETS2;MAP2K4;MRE11;TINF2;AGO4;ERF;ETS1;UBE2E1;MOV10;ATM;CCNA2;KDM6B;MAP2K3;CCNE2;RBBP4;RAD50;EP400;FZR1;MAPK14;EZH2;RBBP7;CDK4;PHC3;E2F3;CBX2;CDKN1A;CDC16;AGO1;MINK1;MAPKAPK5;EHMT2;CEBPB;TERF1;IL6;SUZ12;UBE2C;PHC2;EED;ACD;H3-3A;SCMH1;TERF2;UBC;CDKN2A;H3-3B;PHC1;TNRC6B;CBX6;RB1;KAT5;AGO3;MAPK9;IL1A;MDM2;E2F1
REACTOME_HDR_THROUGH_SINGLE_STRAND_ANNEALING_SSA,1.35796419413423e-05,0.000111876556204415,0.593325476396405,0.639247888351106,1.83010745596,37,RBBP8;RFC3;RMI2;RAD51;RHNO1;WRN;NBN;TOPBP1;BARD1;BLM;RAD1;BRIP1;MRE11;RFC4;ATM;RFC2;RPA1;RAD50;EXO1;ABL1;RMI1;TOP3A;HUS1;ERCC4;RAD9B;RAD52;ATR;KAT5;RPA2;ERCC1;DNA2;RAD17
REACTOME_GLOBAL_GENOME_NUCLEOTIDE_EXCISION_REPAIR_GG_NER,1.35832463382844e-05,0.000111876556204415,0.593325476396405,0.532757825464428,1.63805039907916,83,RAD23B;PIAS3;CDK7;DDB2;POLD1;UBE2I;ACTL6A;RFC3;XPC;CUL4B;POLD3;POLE;LIG1;CCNH;RNF111;RFC4;ACTR8;PCNA;INO80;SUMO2;ERCC3;GTF2H3;RFC2;RPA1;SUMO3;POLE3;DDB1;PARP2;INO80D;USP45;ACTB;CUL4A;ERCC5;INO80C;POLD4;RFC1;UBC;COPS2;POLE2;ERCC4;RAD23A;UBE2N;COPS7B;PIAS1;MNAT1;COPS8;LIG3;XRCC1;POLK;NFRKB;RPA2;UBE2V2;ERCC1
REACTOME_PI3K_AKT_SIGNALING_IN_CANCER,1.60811648080022e-05,0.000131652427554669,0.575610261071129,0.516865883470699,1.60612667381487,98,MET;TGFA;FYN;EGFR;ERBB3;FGF2;PIK3CA;KL;AREG;GAB2;SRC;HBEGF;STRN;AKT3;PIK3R1;GSK3B;FGF9;RAC2;BDNF;ERBB2;EREG;IRS2;ESR1;PIK3CD;FOXO3;RAC1;FGF20;FGF18;GAB1;RHOG;RICTOR;MTOR;CD86;PTPN11;GRB2;PDGFA;CDKN1A;CREB1;PIK3CB;AKT1;PIK3R5;CHUK;FRS2;FOXO4
REACTOME_GOLGI_TO_ER_RETROGRADE_TRANSPORT,1.66188610030532e-05,0.000134434714899698,0.575610261071129,0.493783698913991,1.55247732887063,124,TUBB6;DYNC1I2;TUBA1A;BICD1;KIF23;KIF18A;KIF2A;PLA2G4A;BICD2;KIF4A;CAPZA1;NBAS;KIF3A;KIF5B;KIF13B;ZW10;COPG2;RAB18;PAFAH1B2;DYNC1H1;TUBB3;ARCN1;KIF1B;RACGAP1;KLC2;KIFAP3;TUBA1C;TUBA1B;KIF3C;RAB3GAP2;GALNT2;CAPZA2;RAB3GAP1;KIF11;GBF1;KLC3;NAPG;KIFC1;KIF20B;KDELR3;COPB1;COPB2;DYNC1LI1;TUBA4A;RAB6A;GALNT1;DCTN1;KIF21A;KIF20A;PAFAH1B3;DCTN4;KIF15;CENPE;COPA;ACTR10;RINT1;COPG1;KIF2C;SURF4;PAFAH1B1;ACTR1A;DYNC1LI2;KIF18B;TUBB4B;ARF5;TUBB2A;KIF27;SEC22B;KIF1C;DYNLL1;ARFGAP2;ARF3;KIFC2;ARF4;KIF3B;KDELR2;DCTN2;TMED2;KDELR1;KIF21B
REACTOME_AUTOPHAGY,1.66155375631966e-05,0.000134434714899698,0.575610261071129,0.475776412775853,1.50824058054835,149,TUBB6;ARL13B;DYNC1I2;TUBA1A;PLIN2;SRC;OPTN;EEF1A1;HSP90AA1;VPS37C;ATG7;UBAP1;HSP90AB1;MAP1LC3B;VPS37A;LAMP2;ATG16L1;CHMP4C;DYNC1H1;ATG9A;TUBB3;AMBRA1;TUBA1C;PLIN3;TUBA1B;BECN1;TBK1;MFN1;RB1CC1;RRAGC;ATM;SLC38A9;RHEB;PIK3C3;CHMP3;DYNC1LI1;MTOR;TUBA4A;CSNK2A1;PCNT;HSPA8;CSNK2A2;TSG101;ATG12;VDAC1;ATG5;UBE2D3;HSF1;ATG14;VCP;PRKAA1;NBR1;ULK1;TOMM20;CHMP2B;MVB12B;HDAC6;UBC;RRAGB;MTMR3;DYNC1LI2;PRKAB1;SQSTM1;TUBB4B;CHMP6;MTERF3;ATG101;CHMP7;RPTOR;CFTR;TUBB2A;UBE2N;PEX5;PIK3R4;WDR45B;DYNLL1;RRAGA;ATG3;PRKAG1
REACTOME_SIGNALING_BY_CSF1_M_CSF_IN_MYELOID_CELLS,1.68085649063647e-05,0.000135164731998518,0.575610261071129,0.666783221573799,1.87215459344754,31,LYN;FYN;STAT1;THOC5;PIK3CA;GAB2;SRC;STAT3;PIK3R1;CBL;SHC1;PIK3CD;INPP5D;CSF1;HCK;KRAS;PTPN11;CSF1R;GRB2;PIK3CB;YES1;UBC;SOS1
REACTOME_RHOB_GTPASE_CYCLE,1.75374478474494e-05,0.000140196421321669,0.575610261071129,0.552041085630432,1.67412382870156,67,ABR;ROCK1;IQGAP3;CAVIN1;DLC1;ANLN;RTKN;DIAPH1;PIK3R1;CAV1;AKAP13;ARHGAP1;ECT2;VAMP3;NET1;DIAPH3;ARHGEF2;ARHGAP32;MYO9B;STOM;RACGAP1;ROCK2;ARHGEF12;SNAP23;ERBIN;SOWAHC;TJP2;DEPDC1B;ARHGEF17;VAV2;JUP;ARHGAP5;PKN3;MYO9A;BCR;STK10;PKN2;SLK;ARHGEF1;ARHGAP21
REACTOME_TIGHT_JUNCTION_INTERACTIONS,1.82947509093034e-05,0.000145395125647622,0.575610261071129,0.693479905566226,1.87395747506402,24,CLDN16;CLDN10;CLDN1;CLDN4;PARD3;PARD6B;PATJ;F11R;CLDN7;PRKCI;CRB3;CLDN12;CLDN2;CLDN9;CLDN6
REACTOME_NUCLEAR_ENVELOPE_BREAKDOWN,1.90360445378227e-05,0.000148678071993684,0.575610261071129,0.59091532699516,1.75617751903433,53,LMNA;SEH1L;TMPO;LPIN2;NUP188;CNEP1R1;NUP205;NUP98;NDC1;VRK2;NUP107;NEK7;LMNB1;NUP62;VRK1;TPR;NUP54;POM121C;LEMD3;NUP85;NUP133;NUP43;NUP58;NEK6;NUP155;NUP93;LPIN1;RANBP2;NUP160;NUP153;CCNB2;NUP35;POM121;NUP214;NUP37;NUP50;CDK1;CCNB1;PLK1;CTDNEP1;SEC13;LEMD2;NUP42;BANF1;NUP88
REACTOME_REGULATION_OF_CHOLESTEROL_BIOSYNTHESIS_BY_SREBP_SREBF,1.9020678948447e-05,0.000148678071993684,0.575610261071129,0.581511933577351,1.73453950096284,55,SEC23A;SCD;MBTPS2;SREBF1;NFYA;ELOVL6;NCOA1;NCOA2;CARM1;HELZ2;SP1;SC5D;RAN;TGS1;CHD9;MED1;SEC24B;SEC24D;SREBF2;TBL1XR1;SEC24A;FDPS;KPNB1;CYP51A1;INSIG2;NFYB;CREBBP;SEC24C;MTF1;MBTPS1;PPARA;SCAP;INSIG1;TBL1X;DHCR7
REACTOME_CELLULAR_RESPONSES_TO_MECHANICAL_STIMULI,1.88834968504516e-05,0.000148678071993684,0.575610261071129,0.519335999167354,1.60882674448308,93,FYN;ANXA2;STAT1;ADCY7;PIK3CA;RELA;CTNNB1;CAPN2;MMP14;ADCY8;VCL;GNB1;YAP1;GNG12;GNB5;ITGAV;PIK3CD;P2RY2;TLN1;NFKB1;GNB4;ADCY6;NLRP3;CACNB1;PRKAR1A;RICTOR;IKBKE;PPP2R2A;ADCY3;PTPN1;MTOR;PTK2;GNAQ;PANX1;GJA1;P2RX7;ABL1;PIK3CB;AKT1;CHUK;CALM1;HSPG2;PPP2R1A;PRKAR1B;SPP1;GNA11;GNB2;PKN2;ITGB3;PRKAR2B;IKBKB;ADM;IKBKG
REACTOME_TELOMERE_C_STRAND_LAGGING_STRAND_SYNTHESIS,1.96352968900801e-05,0.000152482105563536,0.575610261071129,0.646048660025178,1.82845752758511,33,POLD1;RFC3;PRIM2;POLA1;WRN;POLD3;BLM;TINF2;CTC1;LIG1;RFC4;PRIM1;PCNA;RFC2;RPA1;STN1;DSCC1;TERF1;POLD4;RFC1;ACD;TERF2;FEN1;CHTF18
REACTOME_RHOG_GTPASE_CYCLE,2.06074139725197e-05,0.000159122020390081,0.575610261071129,0.549333879094793,1.67346634675996,71,CDC42EP1;EPHA2;ANKLE2;PAK2;TMPO;ESYT1;PIK3R1;DSG2;CAV1;ARHGAP1;VAMP3;DIAPH3;CDC42;ARHGAP32;CYFIP1;ARHGEF26;TRIO;ITSN1;VRK2;DOCK3;LBR;STBD1;ERBIN;RHOG;ELMO2;MAP3K11;MPP7;DEPDC1B;LEMD3;ARHGDIA;DOCK4;PGRMC2;LMAN1;VAV2;RAB7A;ARHGDIB;ARHGAP5
REACTOME_RAB_GEFS_EXCHANGE_GTP_FOR_GDP_ON_RABS,2.14076863344794e-05,0.000164367489991851,0.575610261071129,0.513215901328465,1.58726575167912,90,RAB27A;RIN1;RAB31;AKT3;RAB32;RIN2;RAB35;DENND1C;RAB18;RAB14;RAB21;RAB3GAP2;RAB3GAP1;CHML;RINL;DENND2D;GDI2;RAB27B;CHM;RAB8A;RAB12;RIC1;DENND4C;RAB6A;RAB5A;GDI1;ALS2;DENND5A;CCZ1;SBF2;RAB7A;TRAPPC10;AKT1;DENND1B;TRAPPC8;DENND4A;RAB39B;DENND2B;TRAPPC3;TRAPPC6B;DENND4B;ULK1;RAB9A;RIN3;ALS2CL;RGP1;RAB7B;HPS4;RAB5B;MADD;DENND1A;GAPVD1;RAB5C;TRAPPC11;RAB10;HPS1;RAB3IP;YWHAE;DENND6B;DENND2C;TRAPPC4;RAB1B;CCZ1B;MON1B
REACTOME_TRANSCRIPTION_OF_THE_HIV_GENOME,2.17463542347734e-05,0.000166029749466613,0.575610261071129,0.548693752801417,1.66397268271349,67,CDK7;POLR2D;ELL;SUPT16H;RNGTT;GTF2B;GTF2E2;RNMT;TAF15;CCNH;GTF2F2;ERCC3;GTF2H3;NCBP2;TAF1;NELFA;POLR2B;CCNK;CCNT1;TAF4;CCNT2;SUPT5H;TAF7;TAF12;NELFB;NCBP1;TAF9B;POLR2A;TAF6;CDK9;SSRP1;TAF2;TAF13;GTF2A1;TAF3;GTF2F1;TBP;TAF9;TCEA1;ELOC;MNAT1;TAF5;POLR2E;CTDP1
REACTOME_TRANSCRIPTIONAL_REGULATION_BY_E2F6,2.21968478821351e-05,0.000166687561503727,0.575610261071129,0.634802227442273,1.8017549185583,34,RBBP8;CBX3;RYBP;RAD51;RNF2;CDC7;APAF1;BMI1;CHEK1;E2F6;RRM2;RBBP4;PCGF6;EZH2;RBBP7;PHC3;YAF2;EHMT2;SUZ12;EED;MGA;MAX;PHC1;E2F1;PCGF2;TFDP1;EHMT1;TFDP2;EPC1;CBX5
REACTOME_PHOSPHOLIPID_METABOLISM,2.22004772863684e-05,0.000166687561503727,0.575610261071129,0.452221946973241,1.45076273178794,198,PLEKHA6;MBOAT2;INPP4A;ETNK2;OSBPL10;PIK3CA;LIPH;PLEKHA4;LPIN2;OSBPL5;INPP5F;DGAT2L6;PIK3R1;SYNJ2;PLEKHA5;GPD2;PLA2G4A;MTMR7;FIG4;LPCAT4;OSBPL8;PIP4K2A;MTMR8;MBOAT1;MTM1;PNPLA6;CHPT1;PNPLA2;SLC44A2;MBOAT7;RAB14;PIK3CD;MTMR12;PI4K2A;PLEKHA3;PLD2;MTMR1;INPP5D;DDHD1;PIP5K1A;CEPT1;PLEKHA8;MTMR2;PITPNM1;MTMR6;MTMR9;PLAAT3;PISD;PITPNM3;PIK3C3;GPCPD1;PLA2G2E;GDE1;PITPNB;ABHD3;RUFY1;PIP4K2B;PIKFYVE;INPP5K;RAB5A;CSNK2A1;AWAT2;PLBD1;PTPN13;DDHD2;PLAAT4;CSNK2A2;LPIN1;SBF2;PIK3CB;GPAT4;PI4KA;PIK3R5;PLD4;PIP4P1;PCYT1A;PLD3;PIP4K2C;SLC44A1;PTEN;PIP5K1C;MTMR3;PTDSS1;PLAAT5;ABHD4;SELENOI;LPCAT3;INPP4B;ETNK1;PGS1;PNPLA8;PIK3R4;AGPAT5;ARF3;PLA2G10;BMX;GNPAT;PIK3R6;LPCAT1;AGPAT1;TNFAIP8L3;PCTP;PLA2G12A;TNFAIP8L2;PEMT;PI4K2B;PLA2G5;BCHE;CDS2;CPNE1;PLEKHA1;PIK3CG;CDS1;SYNJ1;OCRL;AGK;INPP5E;PLAAT2;PI4KB;MIGA1;CPNE3;PLA1A
REACTOME_ADHERENS_JUNCTIONS_INTERACTIONS,2.22004772863684e-05,0.000166687561503727,0.575610261071129,0.44806741818077,1.43931349752165,208,AMOT;CDH3;ZNF217;NECTIN4;FYN;CDH6;NECTIN1;CDH11;MYC;AFDN;PKM;SRC;CTNNB1;SMARCA4;FOXQ1;VCL;CTNNA1;CADM1;MAPK1;MTBP;KLF4;TCF3;AGO2;ACTG1;HDAC2;CTSS;ZBTB33;ARHGAP32;ZC3H12A;SIRT1;CDH24;CDH4;SP1;TCF12;PSMD2;PSMD1;AGO4;ANGPTL4;FOXJ2;ILF3;MOV10;PCSK7;RBBP4;PSMC6;DNM2;HEYL;MPHOSPH8;CSNK2A1;CADM3;EZH2;RBBP7;DNTTIP1;CSNK2A2;RACK1;PSMC1;PSMD14;JUP;PSMD7;AGO1;CDH15;KDM1A;PSMD11;EPS15;SUZ12;ACTB;SEC11A;EED;H3-3A;PVR;NECTIN2;PSMB2;CTBP2;PIP5K1C;UBC;PSMD12;CTBP1;H3-3B;PSMD6;PSMA5;TNRC6B;CDH1;CTNND1;GANAB;ANG;RB1;PSMD8;AGO3;PSMC2;ADAM19;MOGS;MDM2;ZMYM2;ARID1A;FURIN
REACTOME_RND1_GTPASE_CYCLE,2.29057288706932e-05,0.000171037832611385,0.575610261071129,0.622134153271287,1.79968435661571,40,EPHA2;GRB7;DST;PKP4;RASAL2;DSP;PIK3R1;KIDINS220;PLEKHG5;CAV1;PLXNA1;RBMX;EPSTI1;STMN2;RRAS2;FAM135A;DEPDC1B;LEMD3;KIF14;VANGL2;PTPN13;STIP1;WDR6;FRS2;ARHGAP5;ALDH3A2;CPD
REACTOME_COPI_INDEPENDENT_GOLGI_TO_ER_RETROGRADE_TRAFFIC,2.33581955837206e-05,0.000173463321302056,0.575610261071129,0.604520876848486,1.77247190251145,46,TUBB6;DYNC1I2;TUBA1A;BICD1;PLA2G4A;BICD2;CAPZA1;RAB18;PAFAH1B2;DYNC1H1;TUBB3;TUBA1C;TUBA1B;RAB3GAP2;GALNT2;CAPZA2;RAB3GAP1;DYNC1LI1;TUBA4A;RAB6A;GALNT1;DCTN1;PAFAH1B3;DCTN4;ACTR10;PAFAH1B1;ACTR1A;DYNC1LI2;TUBB4B
REACTOME_MET_PROMOTES_CELL_MOTILITY,2.47465960707433e-05,0.000182775130761632,0.575610261071129,0.628579355717911,1.78996233814072,35,LAMB3;MET;ITGA3;ITGA2;LAMA1;DOCK7;LAMC1;SRC;RAP1B;LAMA5;RAC1;CRKL;GAB1;COL3A1;CRK;RAP1A;PTK2;GRB2;COL5A1;LAMB1;RAPGEF1;LAMA3
REACTOME_P75_NTR_RECEPTOR_MEDIATED_SIGNALLING,2.64420746032705e-05,0.000193197738633573,0.575610261071129,0.513351724442468,1.59193441097687,95,NGEF;RIPK2;ABR;TIAM1;NGFR;MYD88;RELA;RTN4;PLEKHG5;ARHGEF38;CASP3;FGD1;AKAP13;ECT2;RTN4R;NET1;ARHGEF18;HDAC2;ARHGEF2;ARHGEF26;TRIO;PSEN1;ITSN1;RHOA;RAC1;NFKB1;NCSTN;PLEKHG2;ARHGEF12;PRDM4;ADAM17;GNA13;PRKCI;APH1A;CASP2;ARHGDIA;ARHGEF17;OBSCN;VAV2;MAG;FGD4;UBC;SOS1;SQSTM1;AATF;ARHGEF1;BCL2L11
REACTOME_CIRCADIAN_CLOCK,2.64156087093627e-05,0.000193197738633573,0.575610261071129,0.501120939443972,1.56471162060366,108,NRIP1;BHLHE40;NAMPT;UBE2D1;CSNK1E;BHLHE41;RAI1;SREBF1;KMT2A;NCOA1;SIRT1;NCOA2;CARM1;HELZ2;CRTC1;PSMD2;PPP1CB;PSMD1;EP300;TGS1;FBXW11;CHD9;MED1;SERPINE1;NCOR1;TBL1XR1;PSMC6;CRTC3;CSNK1D;CUL1;MEF2D;CSNK2A1;CSNK2A2;CRTC2;PSMC1;CREBBP;PSMD14;NR1D1;CREB1;PSMD7;PSMD11;PSMB2;UBC;PSMD12;PPARA;BTRC;PSMD6;PSMA5;TBL1X;PSMD8;PER2;PSMC2;PER1;F7;PPP1CA;PSMA4;NPAS2;SKP1;PSMA3;PSMD3;CLOCK;PSMA7;RORA;ADRM1;PSMD13;ATF2;NCOA6;PSMA6;PER3;ELOVL3;PPP1CC;RBM4;PSMB5;NOCT;HDAC3;SIK1
REACTOME_SIGNALING_BY_PTK6,2.66476521218945e-05,0.000193658605527565,0.575610261071129,0.576653013014218,1.71109869290323,52,RASA1;EGFR;ARAP1;ERBB3;HIF1A;KHDRBS3;HBEGF;STAT3;CDK2;CBL;ERBB2;EREG;KHDRBS1;RHOA;PXN;RAC1;NRAS;ELMO2;GPNMB;CRK;PTPN1;PTK6;KRAS;SFPQ;CDK4;LRRK2;DOK1;AKT1;BCAR1;SOCS3
REACTOME_INTERACTIONS_OF_REV_WITH_HOST_CELLULAR_PROTEINS,2.72934002689577e-05,0.000197296441305923,0.575610261071129,0.62946534111349,1.80210092990948,37,SEH1L;RCC1;NUP188;NPM1;NUP205;NUP98;NDC1;NUP107;RANGAP1;NUP62;RAN;TPR;NUP54;POM121C;XPO1;NUP85;NUP133;NUP43;NUP58;RANBP1;KPNB1;NUP155;NUP93;RANBP2;NUP160;NUP153;NUP35;POM121;NUP214
REACTOME_SPHINGOLIPID_METABOLISM,2.75613056244845e-05,0.000198178911871293,0.575610261071129,0.513116659914671,1.59120546181242,95,SGMS2;B4GALT5;ALDH3B1;UGCG;ARSJ;SGMS1;DEGS1;ST6GALNAC5;STS;PLPP2;PRKD3;B3GNT5;SGPL1;SAMD8;SPTLC2;ST3GAL5;FUT2;SGPP1;SPHK1;CERS5;PRKD2;CSNK1G2;CTSA;KDSR;ACER2;PSAP;ARSI;HEXB;B4GALT6;SPTLC1;ARSB;M6PR;VAPA;CERS6;GLB1;B3GALT4;OSBP;ALDH3A2;A4GALT;CERS2;ACER3;SPTSSB;ALDH3B2;ORMDL2;GLB1L;ARSD;CYB5B;ORMDL1;SUMF1;B3GALNT1;ARSA;ABCC1;SPTSSA
REACTOME_SIGNALING_BY_PDGF,2.80604012190055e-05,0.000200705711876992,0.575610261071129,0.585655519023206,1.74054557297912,53,RASA1;GRB7;STAT1;PIK3CA;PTPN12;SRC;STAT3;PDGFC;PIK3R1;STAT6;STAT5A;NCK2;THBS1;NRAS;CRKL;THBS2;COL3A1;CRK;KRAS;PTPN11;GRB2;COL5A1;PDGFA;STAT5B;PIK3CB;RAPGEF1;COL6A3;BCAR1;SPP1;COL5A2;SOS1;PLCG1;COL4A4;NCK1;FURIN;COL6A2
REACTOME_GLYCOSAMINOGLYCAN_METABOLISM,3.11595227702851e-05,0.000221705714370772,0.557332238758646,0.487584781366758,1.53019033381026,119,SDC4;SDC3;PAPSS1;B4GALT5;CSGALNACT2;CHST15;HPSE;B3GNT3;CHST2;HS2ST1;IDS;SLC17A5;GLCE;AGRN;HYAL2;CHSY1;CHPF2;DSE;SLC26A2;HGSNAT;B3GNT7;XYLT1;HS3ST1;HAS2;B4GALT1;VCAN;EXT2;CHSY3;B3GAT1;HEXB;B3GNT2;SLC35B2;FAM20B;B4GALT6;HPSE2;B4GALT4;ARSB;HMMR;CEMIP;GPC5;GLB1;CHST11;GPC4;SLC26A11;CHST3;HSPG2;NDST3;NDST1;GLB1L;UXS1;SLC26A1;B4GALT2;SGSH;B4GALT3;HYAL3;HS6ST1;GPC6;HAS1;PRELP;ABCC5;GUSB;EXT1;EXTL3;EXTL2;CHP1;SDC2;HS6ST2;GPC2;OMD;CHST1;CSPG5;BGN;CHPF;SLC35B3;XYLT2
REACTOME_RAB_REGULATION_OF_TRAFFICKING,3.17145963719314e-05,0.000224479877445077,0.557332238758646,0.487966669527875,1.53286752346244,121,TBC1D2;ARF6;RAB27A;RIN1;RAB31;GGA3;OPTN;AKT3;RAB32;RIN2;RAB33B;RAB35;TBC1D25;MAP1LC3B;DENND1C;TBC1D10A;RAB18;RAB14;RAB21;RAB11A;SYTL1;RAB3GAP2;RAB3GAP1;CHML;RINL;DENND2D;GDI2;RAB27B;CHM;RAB8A;RAB12;RIC1;DENND4C;RAB6A;RAB5A;TBC1D14;TBC1D15;GDI1;RABEP1;ALS2;DENND5A;CCZ1;SBF2;RAB7A;TRAPPC10;AKT1;DENND1B;TRAPPC8;DENND4A;RAB39B;DENND2B;TRAPPC3;TRAPPC6B;DENND4B;ULK1;RAB9A;RIN3;ALS2CL;TBC1D10B;RGP1;RAB7B;GGA1;HPS4;RAB5B;RABGAP1;MADD;DENND1A;GAPVD1;RAB5C;TRAPPC11;RAB10;HPS1;RAB3IP;YWHAE;DENND6B;DENND2C;TRAPPC4;RAB1B;CCZ1B;MON1B;RAB11B;TBC1D20;TRAPPC13;TSC1;TRAPPC2
REACTOME_G2_M_DNA_DAMAGE_CHECKPOINT,3.23600382368991e-05,0.000227861616393502,0.557332238758646,0.528993860736795,1.6275685024154,84,CCNA1;RBBP8;SFN;YWHAH;YWHAZ;YWHAG;RFC3;RMI2;CHEK2;RHNO1;WRN;WEE1;TP53;NBN;TOPBP1;BARD1;CHEK1;YWHAB;BLM;RAD1;RNF168;BRIP1;MRE11;YWHAQ;RFC4;ATM;ABRAXAS1;CCNA2;RFC2;RPA1;RAD50;UIMC1;TP53BP1;EXO1;BABAM2;RMI1;TOP3A;HUS1;HERC2;BRCC3;RAD9B;PIAS4;ATR;KAT5;UBE2N;CDK1;CCNB1;RPA2;UBE2V2;DNA2;RAD17;H2AX;MDC1;CDC25C;YWHAE;RNF8
REACTOME_DISEASES_OF_GLYCOSYLATION,3.28404921983086e-05,0.000230052726275781,0.557332238758646,0.485693027442928,1.52845247057318,126,SDC4;SDC3;NOTCH2;GALE;DAG1;AGRN;MUC21;MUC1;ADAMTS14;SEMA5A;CHSY1;SLC26A2;THSD4;MUC20;ADAMTS1;GALNT12;ADAMTS18;SPON1;CTSA;ADAMTSL5;B4GALT1;ADAMTS17;VCAN;THBS1;EXT2;HEXB;ADAMTS9;THBS2;LARGE1;GALNT3;C1GALT1C1;PGM1;PMM2;ADAMTS10;B3GLCT;NOTCH3;LFNG;GPC5;GLB1;ADAMTS15;GPC4;ADAMTS8;ADAMTSL1;ADAMTS12;CHST3;HSPG2;DOLK;ADAMTSL3;MUC4;ADAMTSL4;GFPT1;DPM1;ADAMTS4;ALG6;ALG2;MOGS;ALG11;ADAMTS6;SEMA5B;GNE;GPC6;PRELP;ALG9;EXT1;SDC2;SPON2;GPC2;MUC15;C1GALT1;MAN1B1;RFT1;MUC16;OMD;CSPG5;BGN;ADAMTS2
REACTOME_RESOLUTION_OF_D_LOOP_STRUCTURES_THROUGH_SYNTHESIS_DEPENDENT_STRAND_ANNEALING_SDSA,3.309464298438e-05,0.000230644204183448,0.557332238758646,0.68027556881665,1.86229713070543,26,RBBP8;RAD51B;BRCA2;RMI2;RAD51;WRN;NBN;BARD1;BLM;BRIP1;MRE11;PALB2;RAD51AP1;ATM;RAD50;EXO1;RMI1;TOP3A;XRCC2
REACTOME_RESOLUTION_OF_D_LOOP_STRUCTURES,3.37033851473764e-05,0.000233688267424921,0.557332238758646,0.639309718187242,1.80938486372253,33,RBBP8;FIGNL1;RAD51B;BRCA2;RMI2;RAD51;WRN;NBN;BARD1;BLM;BRIP1;MRE11;PALB2;RAD51AP1;ATM;RAD50;SPIDR;MUS81;EXO1;RMI1;TOP3A;XRCC2
REACTOME_INTEGRIN_CELL_SURFACE_INTERACTIONS,3.52056542096114e-05,0.000242865401374934,0.557332238758646,0.544371862392427,1.65975375781688,72,ITGB8;ICAM1;TNC;COL8A2;ITGA3;ITGA2;COL8A1;CD47;ICAM5;AGRN;ITGB6;COMP;ITGA9;ITGAV;F11R;ITGB7;ITGAM;ITGA7;COL7A1;COL16A1;THBS1;ITGB5;ITGB2;COL3A1;ITGA11;COL5A1;COL10A1;ITGAX;COL6A3;HSPG2;SPP1;FBN1;COL5A2;ITGA4;IBSP;ITGB3;CDH1;COL4A4
REACTOME_INTERLEUKIN_17_SIGNALING,3.63650549870153e-05,0.000249596513774514,0.557332238758646,0.552895198150825,1.67552747406805,66,NOD1;RIPK2;ELK1;MAPKAPK3;IRAK2;MAPK7;MAPKAPK2;MAP3K7;RPS6KA3;MAPK1;ATF1;RPS6KA2;NFKB1;MAP2K7;MAP2K4;FBXW11;IL17RA;TAB3;MAP2K3;PPP2CB;TAB2;CUL1;MAPK14;MAP2K1;CREB1;CHUK;DUSP3;NOD2;MEF2A;DUSP7;PPP2R1A;UBC;BTRC;IL17RB;TAB1;UBE2N;IL17RE;MAPK9;IKBKB;IKBKG;PPP2R1B;TNIP2;SKP1;PPP2R5D;IL17C;ATF2;PPP2CA
REACTOME_PTEN_REGULATION,3.73313969077496e-05,0.000254941549736843,0.557332238758646,0.484063810168831,1.52268172138406,125,GATAD2A;AKT3;MAPK1;AGO2;RNF2;HDAC2;TNKS;MTA2;REST;TP53;BMI1;OTUD3;XIAP;PSMD2;PSMD1;RCOR1;NEDD4;AGO4;GATAD2B;TNKS2;RRAGC;MOV10;SLC38A9;RHEB;MTOR;RBBP4;PSMC6;PML;CSNK2A1;EZH2;RBBP7;WWP2;RNF146;PHC3;CSNK2A2;CBX2;PSMC1;PSMD14;PSMD7;AGO1;AKT1;KDM1A;PSMD11;MKRN1;MECOM;HDAC7;SUZ12;PHC2;TRIM27;EED;SCMH1;PSMB2;PTEN;UBC;PSMD12;RRAGB;PHC1;PSMD6;PSMA5;TNRC6B;CBX6;RPTOR;PSMD8;MTA1;AGO3;USP7;PSMC2;RRAGA;PSMA4;USP13;PSMA3;PSMD3;MAF1;PSMA7;HDAC5;ADRM1;PSMD13;ATN1;ATF2;PSMA6;TNRC6A;PSMB5;SNAI2;HDAC3
REACTOME_GAB1_SIGNALOSOME,3.75597079101546e-05,0.000255218215249501,0.557332238758646,0.767320963568014,1.93439044561774,16,TGFA;EGFR;PIK3CA;AREG;SRC;PAG1;HBEGF;PIK3R1;EREG;PXN;GAB1;PTPN11;GRB2;CSK
REACTOME_SIGNALING_BY_ROBO_RECEPTORS,3.84464347842464e-05,0.000259943805332293,0.557332238758646,0.451067479960507,1.4460809406753,194,SRGAP2;SLIT2;PAK2;FLRT3;NELL2;VASP;ABL2;PABPC1;DAG1;SRC;CAP1;ENAH;PPP3CB;SRGAP3;ROBO1;EIF4G1;CDC42;MYO9B;NCK2;RHOA;RAC1;EIF4A3;PSMD2;PSMD1;RPS4X;RPLP0;RPL39L;RPL10A;NCBP2;CLASP1;PSMC6;LDB1;PSMC1;RPS2;PSMD14;ABL1;PSMD7;ETF1;RPS12;NCBP1;PSMD11;RPL15;RPS9;RPS5;SRGAP1;RPL7;RPS27;RPL3;RPS8;PSMB2;RPL23A;NRP1;RPL4;UBC;PSMD12;RPL22L1;ZSWIM8;RPL14;RPS3;RPL7A;RPL12;CLASP2;RNPS1;SOS1;PSMD6;PSMA5;GSPT1;RBM8A;RPSA;CUL2;RPLP1;UPF2;PSMD8;GSPT2;NCK1;CASC3;SLIT3;ELOC;PSMC2;RPL10;RPL21;RPL13A;RPL5;USP33;RPS18;RPS25;PSMA4;RPL30;RPL22;PSMA3;PSMD3;RPL8;RPS29;RPS6;PSMA7;SLIT1;RPS13;RPL23;RPL31;ADRM1;RPL32;RPS24;PRKACA;PSMD13;PFN1;SOS2;RPS23;RPS3A;CXCR4;RPS17;RPL36;PSMA6;RPL37A;RPL28;RPS20;PAK1;PSMB5;CAP2;PAK4;RPL36A;RPL35A;RPL11;PAK3;RPL9
REACTOME_COMPLEX_III_ASSEMBLY,3.91735304673524e-05,0.000263548652995702,0.557332238758646,-0.555195322293652,-2.39389923055366,24,UQCC2;MT-CYB;UQCR10;UQCRQ;CYC1;UQCR11;UQCRHL;UQCC3;UQCRB;NFS1;FXN;UQCRH;LYRM7
REACTOME_DNA_STRAND_ELONGATION,4.00900087135322e-05,0.000268385821880247,0.557332238758646,0.645454201391832,1.81911207962315,32,MCM4;MCM6;MCM5;POLD1;MCM2;RFC3;PRIM2;POLA1;MCM3;MCM7;POLD3;GINS4;GINS1;LIG1;RFC4;PRIM1;PCNA;CDC45;RFC2;RPA1
REACTOME_SEMA4D_IN_SEMAPHORIN_SIGNALING,4.14766750549122e-05,0.000276307849998165,0.557332238758646,0.677263084072717,1.83013553643881,24,MET;MYH10;ROCK1;LIMK1;MYH9;PLXNB1;ERBB2;MYH14;RHOA;MYL12B;RAC1;ROCK2;ARHGEF12
REACTOME_RUNX1_INTERACTS_WITH_CO_FACTORS_WHOSE_PRECISE_EFFECT_ON_RUNX1_TARGETS_IS_NOT_KNOWN,4.28245055955967e-05,0.000283895137094712,0.557332238758646,0.628690127175482,1.79469090218744,36,RUNX1;CBFB;RYBP;SMARCA4;SMARCC1;ACTL6A;HIPK2;RNF2;AUTS2;BMI1;SMARCC2;EP300;PBRM1;SMARCB1;CSNK2A1;PHC3;YAF2;CSNK2A2;CBX2;PHC2;SCMH1;ARID2;PHC1;SMARCD1;CBX6;ARID1B;ARID1A
REACTOME_POLYMERASE_SWITCHING_ON_THE_C_STRAND_OF_THE_TELOMERE,4.31240943047209e-05,0.000284493418252989,0.557332238758646,0.680277870972366,1.85055111933396,25,POLD1;RFC3;PRIM2;POLA1;POLD3;TINF2;CTC1;RFC4;PRIM1;PCNA;RFC2;STN1;DSCC1;TERF1;POLD4;RFC1;ACD;TERF2;CHTF18
REACTOME_SUMOYLATION_OF_RNA_BINDING_PROTEINS,4.35151473800046e-05,0.000285686402364378,0.557332238758646,0.599194924822132,1.76018003347613,47,SEH1L;NUP188;UBE2I;HNRNPC;RNF2;NUP205;NUP98;NDC1;BMI1;NUP107;NUP62;TPR;HNRNPK;NOP58;SUMO2;NUP54;POM121C;NUP85;NUP133;NUP43;NUP58;NUP155;NUP93;PHC3;CBX2;RANBP2;NUP160;NUP153;PHC2;SCMH1;NUP35;POM121;PHC1;NUP214
REACTOME_ACTIVATION_OF_THE_PRE_REPLICATIVE_COMPLEX,4.470461047545e-05,0.000292084450173734,0.557332238758646,0.644204581248079,1.81559021998766,32,MCM4;MCM6;CDK2;MCM5;MCM2;PRIM2;POLA1;MCM3;CDC7;MCM7;ORC1;POLE;DBF4;PRIM1;MCM10;ORC6;CDC45;ORC3;RPA1;POLE3;CDT1;CDC6
REACTOME_TRANSPORT_OF_MATURE_MRNAS_DERIVED_FROM_INTRONLESS_TRANSCRIPTS,4.76610865894195e-05,0.000309911084569479,0.557332238758646,0.600917423318179,1.75012784750814,43,SEH1L;NUP188;SLBP;NUP205;NXF1;NUP98;NDC1;NUP107;NUP62;TPR;CPSF1;NUP54;NCBP2;CPSF3;POM121C;NUP85;NUP133;NUP43;NUP58;NUP155;NUP93;FIP1L1;RANBP2;NCBP1;SYMPK;NUP160;NUP153;WDR33;NUP35;CPSF2;POM121;NUP214
REACTOME_DISEASES_OF_DNA_REPAIR,5.07759971270369e-05,0.000328593238550681,0.557332238758646,0.57846511511215,1.71293848563176,51,RBBP8;RAD51B;BRCA2;RFC3;RMI2;RAD51;MSH2;MSH6;RHNO1;WRN;NBN;TOPBP1;BARD1;BLM;RAD1;BRIP1;MRE11;PALB2;RAD51AP1;RFC4;ATM;RFC2;RPA1;RAD50;EXO1;MSH3;RMI1;TOP3A;XRCC2;HUS1;OGG1;RAD9B;ATR;KAT5
REACTOME_SIGNALING_BY_FGFR1,5.44661988641897e-05,0.000350793679827984,0.557332238758646,0.599696503801748,1.75051729723123,44,ANOS1;FGF2;PIK3CA;FLRT3;KL;SRC;PIK3R1;CBL;SPRED2;FGF9;MAPK1;SHC1;FGF20;NRAS;FGF18;GAB1;FGFRL1;GIPC1;PPP2CB;KRAS;PTPN11;FLRT2;GRB2;FRS2;PPP2R1A;SPRED1;UBC;MKNK1;SOS1;PLCG1;BRAF
REACTOME_SARS_COV_1_INFECTION,5.47227815478533e-05,0.000350793679827984,0.557332238758646,0.474276496488477,1.49962906099279,138,RUNX1;PARP4;PARP14;PARP9;BCL2L1;IRAK2;SFN;YWHAH;YWHAZ;STING1;KPNA2;RELA;HNRNPA1;EEF1A1;UBE2I;CAV1;YWHAG;GSK3B;NPM1;IFIH1;MAP1LC3B;CHMP4C;SMAD3;YWHAB;SP1;NFKB1;BECN1;NMI;NLRP3;TBK1;EP300;RPS4X;YWHAQ;SERPINE1;IKBKE;PIK3C3;PPIG;CHMP3;PSMC6;KPNB1;GALNT1;RPS2;RPS12;ITCH;RPS9;RPS5;RPS27;VCP;RPS8;TMPRSS2;CHMP2B;DDX5;UBC;RPS3;ST6GALNAC4;CHMP6;RPSA;GANAB;CHMP7;RB1;RIPK1;SMAD4;VHL;PARP6;MOGS;PIK3R4;IRF3;RPS18;RPS25;PDPK1;UVRAG;MAVS;RPS29;RPS6;RPS13;PARP16;PARP10;RPS24;YWHAE;CASP1;TRIM25;RPS23;RPS3A;RPS17;PRKCSH;SUMO1;RPS20;CHMP4B;PYCARD;RPS27A;TLR7;UBA52;TOMM70;CTSL;RPS11;RPS14;TRAF3;NFKBIA;ST6GALNAC2;RCAN3;RPS7
REACTOME_DNA_REPLICATION,5.58452904027748e-05,0.000356308683837422,0.557332238758646,0.459460905070271,1.46134155100881,160,CCNA1;MCM4;UBE2D1;MCM6;CDK2;MCM5;POLD1;MCM2;RFC3;PRIM2;POLA1;KPNA1;ANAPC1;MCM3;CDC7;MCM7;POLD3;GINS4;GINS1;ORC1;POLG;PSMD2;PSMD1;POLE;LIG1;DBF4;RNASEH1;RFC4;PRIM1;UBE2E1;PCNA;MCM10;CCNA2;KPNA6;ORC6;CCNE2;PSMC6;CDC45;RFC2;ORC3;RPA1;FZR1;CUL1;KPNB1;POLE3;PSMC1;PSMD14;CDT1;CDC16;PSMD7;PSMD11;CDC6;UBE2C;TOP3A;POLD4;RFC1;H3-3A;TWNK;PSMB2;UBC;FEN1;PSMD12;POLE2;H3-3B;PSMD6;PSMA5;PSMD8;ORC4;PSMC2;GINS3;EXOG;LIG3;CDC27;RPA2;PSMA4;GINS2;DNA2;SKP1;PSMA3;PSMD3;H2AX;PSMA7;ANAPC4;POLRMT;CDC23;ADRM1;PSMD13;MCM8;ANAPC5;PSMA6;SSBP1;CCNE1;ORC2;MGME1;PSMB5
REACTOME_SIGNALING_BY_SCF_KIT,5.73936163970666e-05,0.000362781045040063,0.557332238758646,0.605947911787436,1.76026514240039,42,GRB7;PTPRU;LYN;FYN;STAT1;PIK3CA;GAB2;TEC;SRC;STAT3;PIK3R1;CBL;STAT5A;CHEK1;RAC1;NRAS;FER;KRAS;PTPN11;GRB2;STAT5B;SOCS6;JAK2;YES1;SH2B3;SOS1;VAV1;MMP9;PTPN6
REACTOME_TRANSLOCATION_OF_SLC2A4_GLUT4_TO_THE_PLASMA_MEMBRANE,5.72713070241457e-05,0.000362781045040063,0.557332238758646,0.542221420979736,1.64029901077449,65,TUBB6;TUBA1A;SFN;YWHAH;YWHAZ;MYH9;YWHAG;LNPEP;KIF3A;MYO5A;ACTG1;RALA;RALGAPB;RAB14;MYO1C;YWHAB;TUBB3;RAC1;RAB11A;KIFAP3;TUBA1C;TUBA1B;EXOC4;SNAP23;EXOC1;YWHAQ;EXOC7;RAB8A;TUBA4A;EXOC5;AKT1;EXOC8;ACTB;CALM1;EXOC2;PRKAB1;TUBB4B;STX4;EXOC3;TUBB2A
REACTOME_INTERLEUKIN_10_SIGNALING,6.01073675657383e-05,0.000378175520934437,0.557332238758646,0.592543529229076,1.73292617417858,45,ICAM1;TNFRSF1A;CSF2;PTGS2;LIF;TIMP1;JAK1;STAT3;CXCL2;CXCL8;IL1RN;TNFRSF1B;CCR1;IL1R1;PTAFR;FPR1;CCL20;IL1R2;CSF1;CCL22;CD86;IL18;CXCL1;TYK2
REACTOME_SIGNALING_BY_MODERATE_KINASE_ACTIVITY_BRAF_MUTANTS,6.04324048559112e-05,0.00037846837879808,0.557332238758646,0.612520202678512,1.76564103510008,39,IQGAP1;SRC;VCL;MAPK1;ACTG1;CNKSR2;RAP1B;YWHAB;TLN1;NRAS;CAMK2D;MAP3K11;KRAS;RAP1A;MAP2K1;CSK;RAF1;ARRB2;JAK2;ACTB;CALM1;BRAP;ARAF;ITGB3;BRAF;CNKSR1
REACTOME_DEADENYLATION_DEPENDENT_MRNA_DECAY,6.20883634985897e-05,0.000387055440342126,0.538434096309916,0.574394055793746,1.70707693940081,53,PABPC1;PATL1;EIF4G1;CNOT6;TNKS1BP1;EIF4A2;TUT7;CNOT8;CNOT6L;EIF4A3;PAIP1;DIS3;EXOSC9;EIF4B;LSM6;XRN1;DCP2;CNOT10;CNOT11;EDC3;TUT4;DCP1A;EDC4;CNOT7;DDX6;HBS1L;CNOT1;CNOT2;EXOSC8;PAN3;EXOSC2;PARN;EIF4A1;EXOSC6;LSM1;EXOSC3;CNOT9;CNOT3
REACTOME_SIGNALING_BY_ERBB2_IN_CANCER,6.42689519939933e-05,0.000398819661003821,0.538434096309916,0.674405070669556,1.83457541640766,25,EGFR;ERBB3;PIK3CA;PTPN12;HBEGF;PIK3R1;HSP90AA1;SHC1;ERBB2;EREG;NRAS;ERBIN;GAB1;KRAS;GRB2;SOS1;BTC;PLCG1
REACTOME_RECYCLING_PATHWAY_OF_L1,6.48513735593776e-05,0.000400604621214519,0.538434096309916,0.604493628658444,1.75604048241007,42,MSN;TUBB6;TUBA1A;SRC;RPS6KA3;KIF4A;AP2A1;MAPK1;RPS6KA4;ACTG1;EZR;DNM3;RPS6KA2;TUBB3;AP2M1;TUBA1C;TUBA1B;DPYSL2;AP2B1;TUBA4A;DNM2;CLTA;CLTC;ACTB;AP2A2;TUBB4B;SHTN1;TUBB2A
REACTOME_EXTENSION_OF_TELOMERES,6.56850650234732e-05,0.000403918567271041,0.538434096309916,0.580218107773897,1.7077766822479,48,CCNA1;CDK2;POLD1;RFC3;PRIM2;POLA1;WRN;POLD3;BLM;ANKRD28;TINF2;CTC1;LIG1;RFC4;PRIM1;PCNA;CCNA2;RFC2;RPA1;DKC1;STN1;DSCC1;TERF1;POLD4;RFC1;ACD;TERF2;FEN1;CHTF18;SHQ1;GAR1;NHP2;RPA2;DNA2;PPP6R3;PPP6C;POT1
REACTOME_TRANSCRIPTIONAL_REGULATION_OF_WHITE_ADIPOCYTE_DIFFERENTIATION,6.61840411726732e-05,0.000405153657448932,0.538434096309916,0.519900640139411,1.59460939209311,79,MED13;CDK19;KLF5;MED15;RELA;CCND3;KLF4;SREBF1;LPL;NCOA1;NCOA2;CARM1;HELZ2;TGFB1;NFKB1;MED28;MED14;EP300;TGS1;ANGPTL4;THRAP3;CHD9;MED1;NCOR2;SREBF2;NCOR1;TBL1XR1;MED17;CDK4;NCOA3;CREBBP;MED27;MED12;CEBPB;MED30;MED23;MED26;ZNF638;FAM120B;PPARA;MED4;MED21;MED24;TBL1X
REACTOME_SARS_COV_1_TARGETS_HOST_INTRACELLULAR_SIGNALLING_AND_REGULATORY_PATHWAYS,6.93530791769256e-05,0.000421746687858689,0.538434096309916,0.753227843762898,1.89886216267706,16,SFN;YWHAH;YWHAZ;UBE2I;CAV1;YWHAG;SMAD3;YWHAB;SP1;EP300;YWHAQ;SERPINE1;PSMC6
REACTOME_CLEC7A_DECTIN_1_SIGNALING,6.95152745256412e-05,0.000421746687858689,0.538434096309916,0.51531682637122,1.59023007266612,87,UBE2D1;SRC;BCL10;RELB;RELA;PPP3CA;CASP8;UBA3;MAP3K7;PPP3CB;MALT1;CARD11;ITPR2;ITPR3;MAP3K14;NFKB2;NFKB1;PSMD2;PSMD1;FBXW11;CLEC7A;CCL17;TAB3;CCL22;PSMC6;TAB2;CUL1;AHCYL1;PSMC1;PSMD14;PSMD7;PSMD11;CHUK;CALM1;PSMB2;UBC;PSMD12;BTRC;PSMD6;TAB1;PSMA5;PPP3R1;PSMD8;UBE2N;PRKCD;PSMC2;IKBKB;IKBKG;CARD9;NFATC2;PSMA4;PDPK1;SKP1;PSMA3;PSMD3;PSMA7;ADRM1;PSMD13;PSMA6;NFATC3;CDC34;PSMB5;IL1B;UBE2D2;PYCARD;RPS27A;UBA52;UBE2V1
REACTOME_POSTMITOTIC_NUCLEAR_PORE_COMPLEX_NPC_REFORMATION,7.09659373293254e-05,0.000428634261469125,0.538434096309916,0.667214786396153,1.83707721476904,27,SEH1L;RCC1;NUP188;UBE2I;NUP205;NUP98;NDC1;NUP107;RANGAP1;NUP62;RAN;NUP54;NUP85;NUP133;NUP43;NUP58;KPNB1;NUP155;NUP93;NUP160;AHCTF1;NUP35;POM121
REACTOME_REGULATION_OF_TP53_ACTIVITY_THROUGH_ACETYLATION,7.16176667052461e-05,0.000429749785851133,0.538434096309916,0.636760642018305,1.77912422771411,30,GATAD2A;MEAF6;AKT3;PIP4K2A;HDAC2;MTA2;TP53;KAT6A;EP300;GATAD2B;BRPF3;RBBP4;PML;PIP4K2B;BRD7;RBBP7;BRD1;AKT1;PIP4P1;PIP4K2C
REACTOME_ANTIGEN_PROCESSING_CROSS_PRESENTATION,7.17830768125144e-05,0.000429749785851133,0.538434096309916,0.506664294583362,1.57033139123021,94,MRC2;MYD88;MRC1;LNPEP;VAMP3;HLA-G;CTSS;ITGAV;NCF2;TAP1;PSMD2;HMGB1;PSMD1;CD207;ITGB5;SNAP23;PSMB8;S100A9;CYBB;PSMC6;HLA-C;HLA-B;PSMC1;PSMD14;PSMD7;PSMD11;CHUK;B2M;S100A8;PSMB2;UBC;PSMD12;NCF4;TLR1;TLR2;TAP2;TIRAP;PSMD6;PSMA5;HLA-A;STX4;PSME1;LY96;PSMD8;SEC22B;SEC61A1;PSMC2;BTK;HLA-E;PSMB10;IKBKB;IKBKG;SEC61A2;TLR6;VAMP8;PSMB9;PSMA4;PSMA3;PSMD3;PSMA7;HLA-F;ADRM1;PSMD13
REACTOME_SNRNP_ASSEMBLY,7.23339162549368e-05,0.000431148211361663,0.538434096309916,0.565931745839664,1.68525684522248,54,SEH1L;NUP188;NUP205;NUP98;NDC1;NUP107;NUP62;TGS1;TPR;PHAX;NUP54;SNRPD1;NCBP2;POM121C;NUP85;NUP133;NUP43;GEMIN5;NUP58;NUP155;NUP93;RANBP2;NCBP1;NUP160;NUP153;NUP35;WDR77;POM121;NUP214;SMN1;GEMIN2;DDX20;PRMT5;SNRPE;NUP37;SNUPN;NUP50;GEMIN4;CLNS1A;SEC13
REACTOME_NUCLEAR_IMPORT_OF_REV_PROTEIN,7.46258525238831e-05,0.000440941450347639,0.538434096309916,0.617776848312514,1.75343189878731,34,SEH1L;RCC1;NUP188;NPM1;NUP205;NUP98;NDC1;NUP107;NUP62;RAN;TPR;NUP54;POM121C;NUP85;NUP133;NUP43;NUP58;KPNB1;NUP155;NUP93;RANBP2;NUP160;NUP153;NUP35;POM121;NUP214
REACTOME_SIGNALING_BY_FGFR3,7.46258525238831e-05,0.000440941450347639,0.538434096309916,0.617436269607597,1.75246523652588,34,FGF2;PIK3CA;SRC;PIK3R1;CBL;FGF9;MAPK1;SHC1;FGF20;NRAS;FGF18;GAB1;PPP2CB;GALNT3;KRAS;PTPN11;GRB2;FRS2;PPP2R1A;UBC;FGFR3;MKNK1;SOS1;PLCG1;BRAF
REACTOME_G_ALPHA_12_13_SIGNALLING_EVENTS,7.64656544305674e-05,0.000449856382559052,0.538434096309916,0.525156877860127,1.60351203819507,74,NGEF;ABR;TIAM1;ROCK1;PLEKHG5;ARHGEF38;GNB1;FGD1;AKAP13;ECT2;GNG12;GNA12;NET1;GNB5;PLXNB1;ARHGEF18;ARHGEF2;ARHGEF26;TRIO;ITSN1;RHOA;PLEKHG2;GNB4;ROCK2;ARHGEF12;ADRA1B;GNA13
REACTOME_RHOV_GTPASE_CYCLE,7.79289247312751e-05,0.000455463328421862,0.538434096309916,0.609814472912926,1.74584231558272,37,EPHA2;IQGAP1;DST;PAK2;TPM3;PEAK1;TPM4;PIK3R1;SPTAN1;PARD6B;CDC42;NCK2;CEP97;GIT1;ARHGAP12;MAP3K11;DEPDC1B;WASL;USP9X;WDR6;CLTC;MYO9A;CCP110;RHOV
REACTOME_MITOTIC_PROPHASE,7.84241492646914e-05,0.000455463328421862,0.538434096309916,0.481370982453918,1.50997828911253,118,LMNA;SEH1L;TMPO;LPIN2;NUP188;CNEP1R1;NCAPG2;MAPK1;SMC4;NUP205;SMC2;SET;NUP98;NDC1;PHF8;VRK2;NUP107;NEK7;GORASP2;LMNB1;ARPP19;NUP62;VRK1;TPR;NUMA1;NUP54;POM121C;LEMD3;PPP2CB;NUP85;NUP133;NUP43;NUP58;NEK6;NUP155;NUP93;MASTL;LPIN1;RANBP2;MCPH1;NUP160;BLZF1;NUP153;CCNB2;H3-3A;PPP2R1A;NUP35;GOLGA2;H3-3B;NCAPD3;POM121;NUP214;RB1;USO1;NUP37;NUP50;CDK1;CCNB1;PLK1;PPP2R1B;CTDNEP1;SEC13;H2AX;LEMD2;RAB2A;NUP42;NCAPH2;BANF1;RAB1B;PPP2CA;NUP88
REACTOME_CELL_SURFACE_INTERACTIONS_AT_THE_VASCULAR_WALL,7.84006243724012e-05,0.000455463328421862,0.538434096309916,0.454426965172246,1.44870817413468,169,SDC4;SDC3;PROS1;TNFRSF10A;GRB7;ITGA3;LYN;CD58;FYN;CD47;TNFRSF10B;PIK3CA;SRC;CEACAM6;ATP1B3;PIK3R1;CAV1;PROC;SIRPA;SLC3A2;SHC1;MERTK;ITGAV;F11R;ITGAM;TNFRSF10D;TGFB1;SELL;NRAS;INPP5D;TREM1;SLC16A1;ITGB2;SPN;OLR1;GLG1;SELP;KRAS;SLC16A3;PTPN11;CD177;GRB2;DOK2;FCER1G;PIK3CB;SELPLG;ITGAX;SLC7A8;JAML;CXADR;MAG;PSG1;YES1;ATP1B1;CD84;PROCR;ITGA4;SOS1;ITGB3;PLCG1;CD74
REACTOME_NEPHRIN_FAMILY_INTERACTIONS,7.91727437667701e-05,0.000455914232114579,0.538434096309916,0.750923915564042,1.89305403686419,16,ACTN1;IQGAP1;FYN;PIK3CA;ACTN4;PIK3R1;KIRREL1;SPTAN1;CD2AP;NCK2;WASL;CASK;PIK3CB
REACTOME_SIGNALING_BY_FGFR_IN_DISEASE,7.91125662746831e-05,0.000455914232114579,0.538434096309916,0.560968203377296,1.67326146095787,55,STAT1;FGF2;PIK3CA;GAB2;STAT3;PIK3R1;POLR2D;FGF9;CNTRL;STAT5A;FGF20;NRAS;FGF18;GAB1;GTF2F2;BAG4;NCBP2;CPSF6;KRAS;POLR2B;FGFR1OP2;GRB2;LRRFIP1;STAT5B;NCBP1;POLR2A;FRS2;BCR;GTF2F1;FGFR3;SOS1;PLCG1;ZMYM2;POLR2E;MYO18A;FGF1;POLR2C
REACTOME_TRANSCRIPTIONAL_ACTIVITY_OF_SMAD2_SMAD3_SMAD4_HETEROTRIMER,8.16362561918797e-05,0.00046811676018888,0.538434096309916,0.576290844764562,1.70012008604385,49,TGIF1;STAT1;CDKN2B;SKIL;SMURF2;UBE2D1;MYC;MAPK1;SMAD3;SP1;SNW1;NEDD4L;SKI;EP300;RNF111;SERPINE1;NCOR2;NCOR1;CCNK;CCNT1;TRIM33;CCNT2;USP9X;CDK9;RBL1;UBE2D3;PPM1A;JUNB;UBC;E2F5;SMAD4;YBX1;E2F4;CDK8;FURIN;SMAD2;TFDP1;TFDP2
REACTOME_MITF_M_DEPENDENT_GENE_EXPRESSION,8.41755304056152e-05,0.000480649352190046,0.538434096309916,0.495606332410439,1.54094331780395,99,MET;ITGA2;RAB27A;ATP6V1B2;DIAPH1;CTNNB1;SMARCA4;CDK2;MCM5;CDC25B;SYTL2;MCM2;SMARCC1;ACTL6A;MYO5A;AGO2;TCF7;SIRT1;BCL7A;PXN;SMARCC2;GXYLT2;LIG1;AGO4;MOV10;MITF;SERPINE1;SMARCB1;SS18;DPF2;MAPK14;BIRC7;CDKN1A;CREB1;AGO1;ATP6V1A;ACTB;SS18L1;BCL2A1;SIN3A;CDKN2A;TNRC6B;BCL7C;SMARCD1;CDH1;PXDN;ATP6V1C1;AGO3;ARID1B;TCF7L2;ATP6V1E1;ARID1A;ATP6V1G1;CCNB1;PLK1
REACTOME_COOPERATION_OF_PREFOLDIN_AND_TRIC_CCT_IN_ACTIN_AND_TUBULIN_FOLDING,8.62144999802278e-05,0.000490232240473345,0.538434096309916,0.663707280456364,1.82741981602124,27,TUBB6;TUBA1A;CCT8;TUBB3;TUBA1C;TCP1;TUBA1B;CCT6A;CCT4;CCT2;VBP1;PFDN1;TUBA4A;PFDN4;CCT5;CCT7;ACTB;CCT3;TUBB4B;TUBB2A
REACTOME_INTERLEUKIN_RECEPTOR_SHC_SIGNALING,9.23270871447591e-05,0.000522671062013001,0.538434096309916,0.698301903988813,1.85994408325215,22,PIK3CA;CSF2;GAB2;JAK1;JAK3;PIK3R1;SHC1;PIK3CD;INPP5D;IL2RA;CSF2RB;IL2RB;CSF2RA;GRB2;PIK3CB;JAK2
REACTOME_RND3_GTPASE_CYCLE,9.28232192992118e-05,0.000522671062013001,0.538434096309916,0.610509366175567,1.75407046028138,38,RND3;EPHA2;DST;TMOD3;ROCK1;PKP4;RASAL2;PICALM;SEMA4F;DSP;PIK3R1;SCRIB;PLEKHG5;CAV1;TNFAIP1;RBMX;DEPDC1B;LEMD3;VANGL2;PTPN13;WDR6;ARHGAP5;NISCH;KCTD13;CPD;KTN1;ARHGAP21;ANKRD26;ARHGAP35;FLOT2;DLG5;VANGL1;CKAP4
REACTOME_CYCLIN_A_CDK2_ASSOCIATED_EVENTS_AT_S_PHASE_ENTRY,9.34577395652385e-05,0.000522671062013001,0.538434096309916,0.523622776010494,1.59882781737,74,CCNA1;MYC;CDK7;AKT3;CDK2;CDC25B;CKS1B;WEE1;PSMD2;PSMD1;CCNH;CCNA2;CCNE2;RBBP4;PSMC6;PTK6;FZR1;CUL1;CDK4;LIN52;RBL2;PSMC1;PSMD14;CDKN1A;PSMD7;AKT1;PSMD11;PSMB2;UBC;MAX;PSMD12;PSMD6;PSMA5;RB1;PSMD8;E2F5;PSMC2;E2F4;E2F1;MNAT1;PSMA4;TFDP1;SKP1;PSMA3;PSMD3;TFDP2;PSMA7;ADRM1;PSMD13;CDKN1B;PSMA6;CCNE1;LIN9;PSMB5
REACTOME_TRANSCRIPTIONAL_REGULATION_BY_RUNX3,9.33078324140562e-05,0.000522671062013001,0.538434096309916,0.514363091833732,1.58440009225082,85,RUNX1;MAMLD1;CBFB;SMURF1;SMURF2;TEAD1;MAML2;MYC;TEAD3;SRC;CTNNB1;YAP1;MAML1;TCF7;TP53;FOXO3;SMAD3;TGFB1;SNW1;PSMD2;PSMD1;EP300;JAG1;RBPJ;PSMC6;KRAS;TEAD2;ZFHX3;PSMC1;CREBBP;PSMD14;CDKN1A;PSMD7;PSMD11;PSMB2;UBC;SPP1;PSMD12;CDKN2A;MAML3;ITGA4;PSMD6;PSMA5;BCL2L11;PSMD8;SMAD4;PSMC2;TCF7L2;MDM2;CCN2;PSMA4;PSMA3;PSMD3;PSMA7;ADRM1;WWTR1;PSMD13
REACTOME_SUMOYLATION_OF_UBIQUITINYLATION_PROTEINS,9.72664917597319e-05,0.000541742468448671,0.538434096309916,0.60591400608125,1.74659811741825,39,SEH1L;NUP188;UBE2I;NUP205;NUP98;NDC1;NUP107;NUP62;TPR;NUP54;POM121C;PML;NUP85;NUP133;NUP43;NUP58;NUP155;NUP93;RANBP2;NUP160;NUP153;TRIM27;NUP35;POM121;NUP214;PIAS4;NUP37;VHL;PIAS1;MDM2;NUP50
REACTOME_PROTEIN_UBIQUITINATION,9.798896971378e-05,0.000543538815677661,0.538434096309916,0.523003749544027,1.59693768428255,74,RAD18;RNF144A;UBE2D1;BCL10;DERL1;UBE2H;UBA6;UBE2B;PRKDC;OTULIN;UBE2Z;UBE2E1;PCNA;UBE2W;UBE2A;CTR9;UBE2R2;UBE2K;UBE2E3;UBA1;USP9X;LEO1;PEX13;CDC73;UBE2D3;UBE2C;UBE2T;VCP;UBE2G1;UBC;PEX10;HLA-A;UBE2Q2;RNF20;UBE2N;WAC;PEX5;USP7;PEX14;RNF40;RRAGA;USP5;UBE2V2;SHPRH;RTF1;RNF152;HLTF;PEX2;PAF1;CDC34;UBE2D2;UBE2J2;RPS27A;UBE2L3;SELENOS;UBA52
REACTOME_SIGNALING_BY_ERYTHROPOIETIN,9.99170826681828e-05,0.000547529497363147,0.538434096309916,0.659658942651428,1.78256470973754,24,LYN;PIK3CA;PIK3R1;SHC1;STAT5A;IRS2;PIK3CD;NRAS;CRKL;GAB1;KRAS;GRB2;STAT5B;PIK3CB;PIK3R5;RAPGEF1;JAK2;SOS1;PLCG1;VAV1
REACTOME_RND2_GTPASE_CYCLE,9.95686306886578e-05,0.000547529497363147,0.538434096309916,0.605345528421604,1.74495943272015,39,EPHA2;DST;PKP4;PIK3R1;SCRIB;KIDINS220;CAV1;ARHGAP1;TNFAIP1;PLXND1;RBMX;GOLGA3;FNBP1;DEPDC1B;LEMD3;KIF14;VANGL2;PTPN13;WDR6;FRS2;ARHGAP5;NISCH;KCTD13;ALDH3A2;LRRC1;KTN1
REACTOME_ELASTIC_FIBRE_FORMATION,9.94063511642594e-05,0.000547529497363147,0.538434096309916,0.585702323441817,1.69650736457566,41,ITGB8;EMILIN2;FBN3;LOX;LTBP3;MFAP2;LTBP2;ITGB6;LTBP1;FBN2;TGFB2;LOXL1;ITGAV;TGFB1;ITGB5;FBLN2;LOXL3;MFAP3;BMP4;LTBP4;EMILIN1;TGFB3;FBN1;MFAP4;ITGB3;FURIN;LOXL2;EFEMP2;EMILIN3;ITGA5;ELN;FBLN1;MFAP5;FBLN5
REACTOME_CYTOSOLIC_SENSORS_OF_PATHOGEN_ASSOCIATED_DNA,0.000100496770894284,0.000548494424278441,0.538434096309916,0.545351441957301,1.64352759820495,62,DTX4;POLR3C;MYD88;IFI16;TICAM1;STING1;POLR3D;RELA;CTNNB1;STAT6;CGAS;XRCC5;NFKB2;PRKDC;TRIM21;XRCC6;NFKB1;MRE11;TBK1;EP300;DHX36;DHX9;TRIM32;TRIM56;LRRFIP1;POLR3A;CREBBP;CHUK;UBC;POLR1D;RIPK1;IRF7;IRF3;IKBKB;IKBKG
REACTOME_REGULATION_OF_MRNA_STABILITY_BY_PROTEINS_THAT_BIND_AU_RICH_ELEMENTS,0.000101387393876928,0.000551141873114979,0.538434096309916,0.522528128872865,1.59548542591182,74,ZFP36L1;PABPC1;YWHAZ;MAPKAPK2;EIF4G1;ELAVL1;SET;KHSRP;YWHAB;PSMD2;PSMD1;DIS3;EXOSC9;XRN1;DCP2;PSMC6;XPO1;MAPK14;HSPA8;DCP1A;PSMC1;PSMD14;PSMD7;TNFSF13;AKT1;PSMD11;HNRNPD;PSMB2;EXOSC8;UBC;PSMD12;PSMD6;PSMA5;NUP214;EXOSC2;PARN;ZFP36;PSMD8;EXOSC6;PRKCD;PSMC2;EXOSC3;ANP32A;PSMA4;PSMA3;PSMD3;PSMA7;TNPO1;ADRM1;PSMD13
REACTOME_SIGNALING_BY_HEDGEHOG,0.000103238357143983,0.000558967838082364,0.538434096309916,0.4786706231533,1.50734170179082,127,GPR161;TUBB6;ADCY7;SUFU;SMURF1;TUBA1A;SMURF2;DZIP1;ADCY8;GSK3B;EVC2;KIF3A;SPOPL;TULP3;CSNK1A1;GRK2;TUBB3;TUBA1C;PSMD2;PSMD1;TUBA1B;ADCY6;EVC;ADAM17;PRKAR1A;CUL3;GLI2;ADCY3;PSMC6;TUBA4A;CUL1;DHH;RPGRIP1L;WDR35;IFT57;PSMC1;GPC5;PSMD14;PSMD7;IFT52;PSMD11;ARRB2;ITCH;CDC73;TTC21B;VCP;PSMB2;PRKAR1B;UBC;PSMD12;BTRC;PSMD6;PSMA5;TUBB4B;PSMD8;TUBB2A;DYNC2H1;PSMC2;PRKAR2B;EFCAB7;IFT122;PSMA4;SKP1;PSMA3;PSMD3;PTCH1;INTU;OFD1;PSMA7;ERLEC1;ADRM1;SPOP;PRKACA;PSMD13;PSMA6;OS9;SEL1L;PSMB5;HHAT;BOC;GLI1;RPS27A;UBA52;NUMB;IFT172;ARRB1;PRKAR2A;WDR19;KIF7;PSMB4;RBX1
REACTOME_HCMV_INFECTION,0.000105484361545582,0.000568862092620819,0.538434096309916,0.472538020086236,1.48879159674399,128,TUBB6;EGFR;ELK1;DYNC1I2;SEH1L;TUBA1A;NUP188;VPS37C;NUP205;UBAP1;VPS37A;NUP98;NDC1;CHMP4C;DYNC1H1;TUBB3;NUP107;TUBA1C;NFKB1;TUBA1B;NUP62;TPR;HNRNPK;NCOR2;CHMP3;NUP54;NCOR1;DYNC1LI1;POM121C;TBL1XR1;RBBP4;TUBA4A;PML;NUP85;NUP133;NUP43;NUP58;EZH2;RBBP7;NUP155;NUP93;TSG101;CREB1;RANBP2;NUP160;NUP153;SUZ12;EED;CHMP2B;MVB12B;NUP35;DYNC1LI2;POM121;TUBB4B;CHMP6;NUP214;CHMP7;TBL1X;TUBB2A;NUP37;DYNLL1;NUP50;H2AC11;VPS36;TRIM28;SEC13;CHMP1A;CEBPD;NUP42
REACTOME_TP53_REGULATES_TRANSCRIPTION_OF_DEATH_RECEPTORS_AND_LIGANDS,0.000112335218140719,0.000603413286376432,0.538434096309916,0.770208336725001,1.83163787071294,12,TNFRSF10A;FAS;TNFRSF10B;TP53BP2;TP63;TP53;TNFRSF10D;TNFRSF10C
REACTOME_CARGO_TRAFFICKING_TO_THE_PERICILIARY_MEMBRANE,0.000114192279001065,0.000610973650245857,0.538434096309916,0.544747627403102,1.63950703697859,61,TUBB6;ARL13B;TUBA1A;CCT8;BBS9;ASAP1;BBS7;PKD2;SSTR3;TUBB3;RAB11A;TUBA1C;TCP1;TUBA1B;EXOC4;EXOC1;EXOC7;GBF1;CCT4;BBS2;CCT2;RAB8A;RP2;TUBA4A;RAB11FIP3;CCT5;EXOC5;EXOC8;CCT3;EXOC2;HDAC6;TUBB4B;PKD1;EXOC3;TUBB2A;BBS10;ATAT1
REACTOME_ESTABLISHMENT_OF_SISTER_CHROMATID_COHESION,0.000126042190182843,0.000671730731209741,0.518848077743792,0.808686777046949,1.87960160155369,11,PDS5A;PDS5B;SMC3;ESCO2;CDCA5;STAG1;STAG2;ESCO1;WAPL;RAD21;SMC1A
REACTOME_ADIPOGENESIS,0.000128255449264852,0.000678206830937483,0.518848077743792,0.492783502029876,1.53399316843422,101,MED13;GATAD2A;CDK19;KLF5;MED15;RELA;CCND3;KLF4;SREBF1;HDAC2;LPL;MTA2;NCOA1;NCOA2;CARM1;HELZ2;TGFB1;NFKB1;HNRNPU;MED28;MED14;EP300;TGS1;GATAD2B;ANGPTL4;THRAP3;CHD9;MED1;NCOR2;SREBF2;NCOR1;TBL1XR1;RBBP4;MED17;RBBP7;CDK4;NCOA3;CREBBP;MED27;MED12;CEBPB;MED30;MED23;MED26;ZNF638;FAM120B;PPARA;MED4;MED21;MED24;TBL1X;MTA1;SMAD4;CDK8;MED6
REACTOME_FCGAMMA_RECEPTOR_FCGR_DEPENDENT_PHAGOCYTOSIS,0.000128101558114849,0.000678206830937483,0.518848077743792,0.465662593592744,1.4735391095575,141,LYN;WASF1;FYN;BAIAP2;PIK3CA;LIMK1;ARPC2;SRC;PIK3R1;ABI1;MYH9;ACTR3;MAPK1;HSP90AA1;MYO5A;ACTG1;ITPR2;ITPR3;CDC42;MYO9B;HSP90AB1;CYFIP1;WASF2;MYO1C;ABI2;WIPF1;FCGR2A;ACTR2;RAC1;NCKAP1;PLD2;FGR;ELMO2;CRK;HCK;NCKIPSD;WASL;PTK2;AHCYL1;WIPF2;GRB2;ABL1;VAV2;PIK3CB;PLD4;ACTB;PLD3;YES1;NCKAP1L;ARPC5;PLPP5;CYFIP2;PLCG1;NCK1;PRKCD;CFL1;BTK;VAV1
REACTOME_ACTIVATION_OF_ATR_IN_RESPONSE_TO_REPLICATION_STRESS,0.000128783173401104,0.000678357878496513,0.518848077743792,0.600896174732028,1.72031005447908,37,MCM4;MCM6;CDK2;MCM5;MCM2;RFC3;MCM3;CDC7;MCM7;ORC1;CHEK1;RAD1;CLSPN;DBF4;RFC4;MCM10;ORC6;CDC45;RFC2;ORC3;RPA1
REACTOME_EPH_EPHRIN_MEDIATED_REPULSION_OF_CELLS,0.000129828099179834,0.000681221570599978,0.518848077743792,0.582202449419091,1.71026336248189,47,EPHA4;EPHB3;EPHA2;LYN;FYN;TIAM1;EPHA10;SRC;AP2A1;ACTG1;PSEN1;AP2M1;RAC1;NCSTN;ADAM10;EFNB1;AP2B1;EFNA1;APH1A;EFNA4;CLTA;MMP2;VAV2;CLTC;ACTB;AP2A2;YES1
REACTOME_INFLUENZA_INFECTION,0.000130368783663072,0.000681427603838904,0.518848077743792,0.453255069155212,1.43965111876573,155,SEH1L;KPNA2;NUP188;POLR2D;KPNA1;HSP90AA1;NUP205;NUP98;NDC1;IPO5;TGFB1;NUP107;EIF2AK2;NUP62;RAN;RPS4X;RPLP0;RPL39L;TPR;GRSF1;GTF2F2;NUP54;RPL10A;POM121C;XPO1;NUP85;NUP133;POLR2B;NUP43;NUP58;KPNB1;CLTA;NUP155;NUP93;KPNA4;RPS2;RANBP2;RPS12;CLTC;POLR2A;KPNA3;NUP160;RPL15;NUP153;RPS9;RPS5;RPL7;RPS27;RPL3;RPS8;RPL23A;RPL4;NUP35;RPL22L1;GTF2F1;RPL14;RPS3;RPL7A;RPL12;POM121;NUP214;RPSA;RPLP1;NUP37;RPL10;RPL21;RPL13A;NUP50;RPL5;RPS18;POLR2E;RPS25;RPL30;RPL22;SEC13;POLR2C;RPL8;RPS29;RPS6;NUP42;RPS13;RPL23;RPL31;RPL32;RPS24;NUP88;RPS23;RPS3A;PARP1;RPS17;RPL36;ISG15;RPL37A;RPL28;RPS20;RPL36A;SLC25A6;RPL35A;RPL11;RAE1;RPL9
REACTOME_RHO_GTPASES_ACTIVATE_PAKS,0.000140354749556847,0.000730812661485653,0.518848077743792,0.676013018439615,1.78943988265838,21,FLNA;MYH10;PAK2;CTTN;LIMK1;MYH9;CDC42;MYH14;MYL12B;RAC1;PPP1CB
REACTOME_DDX58_IFIH1_MEDIATED_INDUCTION_OF_INTERFERON_ALPHA_BETA,0.000142316826522077,0.000738200638333979,0.518848077743792,0.534131233509628,1.6217358790252,68,UBE2D1;MAP3K1;RNF125;RELA;CASP8;HSP90AA1;IFIH1;NFKB2;TANK;HSP90AB1;HERC5;NFKB1;UBE2L6;HMGB1;S100B;TBK1;EP300;IKBKE;TAX1BP1;UBE2K;RNF216;OTUD5;IFNA1;CREBBP;ATG12;APP;ATG5;CHUK;ITCH;UBE2D3;FADD;NLRC5;UBC;CASP10;TNFAIP3;AGER;NLRX1;RIPK1;IRF7;CYLD;IRF3;IKBKB;IKBKG;UBA7;MAVS;DHX58;TRIM25;ISG15;SAA1;UBE2D2;RPS27A;TRIM4;UBA52;TOMM70;TRAF3;NKIRAS2;NFKBIA;S100A12
REACTOME_RSV_HOST_INTERACTIONS,0.000144361894321212,0.000745961271416455,0.518848077743792,0.503122022890762,1.54693031428171,83,SDC4;SDC3;MED13;CDK19;MED15;JAK1;AGRN;IFIH1;STAT2;ARIH1;HERC5;IFNAR1;UBE2L6;MED28;MED14;BECN1;EIF2AK2;EP300;IFNAR2;MED1;MED17;IFNA1;GPC5;TYK2;CREBBP;MED27;MED12;MED30;GPC4;MED23;MAP1B;CUL5;MED26;HSPG2;UBC;MED4;TLR2;MED21;MED24;LY96;OAS2;ELOC;IRF3;CDK8;MED6;TLR6;GPC6;MAVS;SDC2;GPC2;CD209;TRIM25;MED16;ISG15;TLR4;MED31;RPS27A;TLR7;UBA52;MED22;MED10;MED7
REACTOME_NUCLEAR_RNA_DECAY,0.000145174242830039,0.000747317409113724,0.518848077743792,0.604920904736407,1.7225917892189,35,RBM7;EXOSC10;WDR82;DIS3;XRN2;EXOSC9;TENT4A;NCBP2;YTHDC2;ZFC3H1;ZC3H4;MTREX;NCBP1;C1D;ZCCHC8;YTHDC1;TENT4B;EXOSC8;RBM26;ZCCHC7;MPHOSPH6;EXOSC2;EXOSC6;EXOSC3;SRRT;ZC3H18;RBM27
REACTOME_GENE_AND_PROTEIN_EXPRESSION_BY_JAK_STAT_SIGNALING_AFTER_INTERLEUKIN_12_STIMULATION,0.000147663371342403,0.00075726234586538,0.518848077743792,0.605910514373974,1.71975176249484,34,MSN;ANXA2;PAK2;MTAP;HNRNPF;CAPZA1;STAT4;CDC42;RALA;RAP1B;TCP1;LMNB1;RPLP0;LCP1;HNRNPDL;PITPNA;CNN2;SERPINB2;HNRNPA2B1;SOD2;PDCD4;CFL1
REACTOME_SIGNALLING_TO_RAS,0.000154161192072781,0.000787613007619958,0.518848077743792,0.713004436665869,1.85147814504689,19,MAPKAPK3;SRC;MAPKAPK2;MAPK13;SHC3;SHC1;RALA;NRAS;RALB;KRAS;MAPK14;GRB2
REACTOME_SEMA4D_INDUCED_CELL_MIGRATION_AND_GROWTH_CONE_COLLAPSE,0.000160277349411812,0.000806729325372789,0.518848077743792,0.696753295977524,1.82707104143408,20,MYH10;ROCK1;LIMK1;MYH9;PLXNB1;ERBB2;MYH14;RHOA;MYL12B;ROCK2;ARHGEF12
REACTOME_INTERLEUKIN_12_SIGNALING,0.000160251487747297,0.000806729325372789,0.518848077743792,0.580035501108153,1.68931078321424,43,MSN;ANXA2;PAK2;MTAP;HNRNPF;JAK1;CAPZA1;STAT4;CDC42;RALA;RAP1B;TCP1;LMNB1;RPLP0;LCP1;HNRNPDL;PITPNA;TYK2;CNN2;JAK2;VAMP7;SERPINB2;HNRNPA2B1;SOD2;PDCD4;CFL1
REACTOME_PROTEIN_FOLDING,0.000160275491395951,0.000806729325372789,0.518848077743792,0.503162811432204,1.54685148901263,82,TUBB6;TUBA1A;STAT3;CCT8;GNB1;GNG12;SPHK1;GNB5;TP53;TUBB3;GNA15;TUBA1C;TCP1;GNB4;TUBA1B;XRN2;CCT6A;CCT4;CCT2;VBP1;PDCL;PFDN1;CCNE2;TUBA4A;PFDN4;DCAF7;RGS11;CSNK2A1;GNAQ;LONP2;CCT5;FBXW2;CSNK2A2;CCT7;AP3M1;ACTB;FKBP9;ARFGEF2;CCT3;GNA11;GNB2;TBCB;TUBB4B
REACTOME_SIGNALING_BY_NOTCH,0.000159842790839238,0.000806729325372789,0.518848077743792,0.439034790032086,1.40895529715904,201,RUNX1;MAMLD1;ELF3;EGFR;NOTCH2;DTX4;STAT1;HIF1A;MAML2;MYC;MDK;YWHAZ;MIB1;MAML1;AGO2;NEURL1;HDAC2;DLGAP5;HEY2;PLXND1;PSEN1;TP53;B4GALT1;SMAD3;SNW1;NCSTN;PSMD2;ADAM10;PSMD1;AGO4;ADAM17;EP300;JAG1;MOV10;PBX1;NCOR2;RBPJ;PRKCI;NCOR1;TBL1XR1;PSMC6;TLE4;APH1A;RAB6A;HEYL;CUL1;WWP2;E2F3;NOTCH3;LFNG;PSMC1;POGLUT1;CREBBP;PSMD14;CREB1;PSMD7;AGO1;AKT1;PSMD11;ARRB2;ITCH;HDAC7;NEURL1B;H3-3A;PSMB2;HDAC6;UBC;PSMD12;MAML3;H3-3B;PSMD6;PSMA5;TNRC6B;TBL1X;PSMD8;AGO3;YBX1;PSMC2;E2F1;CDK8;FURIN;DTX2;JAG2;TLE2;PSMA4;TFDP1;SKP1;PSMA3;PSMD3;TFDP2;H2AX;TLE3;PSMA7;ELANE;TMED2;HDAC5;ADRM1;POFUT1;APH1B;PSMD13;DLL1;DTX1;PSMA6;IKZF1;ATP2A2;TNRC6A;SEL1L;PSMB5;HDAC3;SIRT6
REACTOME_FORMATION_OF_THE_CORNIFIED_ENVELOPE,0.000161424593676989,0.000809505619214125,0.518848077743792,0.561980814653649,1.67018526637644,53,PKP2;TGM1;DSC2;KRT80;PPL;KRT15;PERP;PKP4;DSC3;CDSN;DSP;DSG2;ST14;IVL;KRT13;PKP1;KRT17;EVPL;CAPN1;KLK13;FLG;KLK12;KAZN;KLK5;CSTA;JUP;KRT6A;SPRR1B;PKP3;KRT16
REACTOME_TRANSCRIPTIONAL_REGULATION_BY_RUNX2,0.000164558259108171,0.000822186301941191,0.518848077743792,0.489506007608576,1.52460411669884,102,RUNX1;RUNX2;LGALS3;CBFB;STAT1;SMURF1;SRC;AKT3;GSK3B;YAP1;MAPK1;HEY2;ESR1;PSMD2;PSMD1;GLI2;MAF;PPM1D;PSMC6;CUL1;CDK4;ITGBL1;BAX;PSMC1;SOX9;PSMD14;CDKN1A;ABL1;PSMD7;AKT1;PSMD11;YES1;PSMB2;RBM14;HDAC6;UBC;PSMD12;PSMD6;PSMA5;RB1;PSMD8;SMAD4;PSMC2;CDK1;CCNB1;MMP13;PSMA4;DLX5;SKP1;ITGA5;PSMA3;PSMD3;WWP1;TWIST2;PSMA7;SATB2;TWIST1;SMAD1;NR3C1;ADRM1;WWTR1;NKX3-2;PSMD13
REACTOME_GAP_JUNCTION_TRAFFICKING_AND_REGULATION,0.000168022997597161,0.000836422174851803,0.518848077743792,0.60126139491196,1.72749987167167,38,GJB3;TUBB6;TUBA1A;SRC;MYO6;GJB4;TJP1;ACTG1;TUBB3;AP2M1;TUBA1C;TUBA1B;TUBA4A;DNM2;CLTA;GJA1;CLTC;GJC2;GJB5;ACTB;GJA4;TUBB4B;TUBB2A;DAB2;GJB2;GJA5;DNM1
REACTOME_ER_TO_GOLGI_ANTEROGRADE_TRANSPORT,0.000175713452177056,0.000871513071199342,0.518848077743792,0.460468202470862,1.45817928399972,144,SPTBN2;CD55;SEC23A;CTSC;TGFA;SERPINA1;TUBB6;DYNC1I2;TUBA1A;AREG;SPTAN1;CAPZA1;COPG2;COL7A1;CD59;DYNC1H1;ANKRD28;TUBB3;ARCN1;TUBA1C;TUBA1B;CAPZA2;CNIH3;GBF1;NAPG;SEC16A;CNIH1;SEC24B;KDELR3;COPB1;SEC24D;COPB2;DYNC1LI1;TUBA4A;SEC24A;CSNK1D;DCTN1;LMAN1;SEC23IP;SEC24C;F5;DCTN4;TRAPPC10;COPA;TRAPPC3;ACTR10;TRAPPC6B;COPG1;GOLGB1;ACTR1A;GOLGA2;DYNC1LI2;COG6;TUBB4B;COG4;ARF5;SEC22C;TUBB2A;SEC22B;USO1;TFG;DYNLL1;GOSR1;ARFGAP2;COG1;ARF3;STX17;SEC13;SEC31A;ARF4;KDELR2;PPP6R3;PPP6C;DCTN2;TMED2;KDELR1;SEC22A;CTSZ;TRAPPC4;RAB1B;DCTN6;PPP6R1;CNIH2;DCTN5;TMED10;ARFGAP1;TBC1D20;BET1L;SCFD1;SPTB;TRAPPC2;STX5;MCFD2;COG3;CAPZB;TMED7;ARFGAP3
REACTOME_P38MAPK_EVENTS,0.000178752963343757,0.000880164047768717,0.518848077743792,0.759873284103682,1.8337107818682,13,MAPKAPK3;SRC;MAPKAPK2;MAPK13;RALA;NRAS;RALB;KRAS;MAPK14
REACTOME_GLUCOSE_METABOLISM,0.000178731287621168,0.000880164047768717,0.518848077743792,0.51371918229488,1.56858822151992,74,PFKFB3;PGM2L1;SEH1L;PKM;PC;NUP188;NUP205;NUP98;NDC1;NUP107;NUP62;TPR;HK2;BPGM;ENO1;NUP54;POM121C;PPP2CB;NUP85;NUP133;NUP43;NUP58;ADPGK;SLC37A2;PFKL;HK3;NUP155;NUP93;SLC37A1;GNPDA1;SLC37A4;RANBP2;NUP160;NUP153;PPP2R1A;ALDOC;NUP35;GCKR;POM121;NUP214;PGAM1;NUP37;NUP50;PPP2R1B;SEC13;PCK2;GNPDA2;PFKFB4;PPP2R5D;NUP42;PFKP;PRKACA;PPP2CA;NUP88
REACTOME_INTRINSIC_PATHWAY_FOR_APOPTOSIS,0.000184172557903877,0.000903575834625883,0.518848077743792,0.549892958649779,1.64022611232017,55,BID;PMAIP1;BCL2L1;TP53BP2;SFN;YWHAH;YWHAZ;STAT3;AKT3;CASP8;CASP3;YWHAG;MAPK1;TP63;TP53;APAF1;YWHAB;XIAP;CASP7;BBC3;YWHAQ;AVEN;UACA;GSDME;BAX;AKT1;CDKN2A;NMT1;BCL2L11;PPP3R1;TP73;E2F1;DYNLL1
REACTOME_SIGNALING_BY_ALK,0.000185068090395011,0.000904703362758345,0.518848077743792,0.650532123903779,1.79114397142478,27,DNMT1;HIF1A;PIK3CA;MYC;MDK;SRC;STAT3;JAK3;PIK3R1;PRDM1;HDAC2;SHC1;ALKAL2;ALK;EP300;ALKAL1
REACTOME_RRNA_PROCESSING,0.000189316892329623,0.000922156475541068,0.518848077743792,0.438928075803662,1.4098479143647,207,ERI1;DDX52;UTP25;CSNK1E;RIOK3;EXOSC10;PDCD11;UTP14A;UTP3;RCL1;HEATR1;NCL;DDX21;RRP9;NOL6;WDR75;UTP18;GNL3;WDR43;TSR1;RPUSD4;UTP20;DIS3;NAT10;UTP11;BMS1;XRN2;EXOSC9;RPS4X;RPLP0;RPL39L;NOP14;DIMT1;DCAF13;DHX37;NOP58;RPL10A;WDR46;PNO1;TEX10;NIP7;DKC1;CSNK1D;UTP4;WDR12;NOL11;RRP1;RIOK1;RPS2;WDR3;WDR36;MTREX;RPS12;PES1;C1D;MPHOSPH10;RPL15;RPS9;NOB1;RPS5;UTP6;RPL7;RPP30;RPS27;RPL3;FTSJ3;RPS8;RPL23A;EXOSC8;RPL4;RPL22L1;KRR1;RPL14;RPS3;RPL7A;FASTKD2;MPHOSPH6;RPL12;MTERF3;FCF1;RPSA;EXOSC2;ISG20L2;RPLP1;EBNA1BP2;UTP15;EXOSC6;DDX47;LTV1;RPL10;EXOSC3;BYSL;LAS1L;NOL9;GAR1;RPL21;RPL13A;TFB1M;NHP2;RPL5;RPS18;RPS25;RPL30;RPL22;RPP40;TRMT10C;NOP56;RPL8;RPS29;RPS6;RPS13;RPL23;RPL31;RPL32;RPS24;RPS23;RPS3A;RRP36;RIOK2;RPS17;RPL36;RPL37A;RPL28;RPS20;TBL3;RPL36A;RPL35A;RPL11;RBM28;RPL9;NOP2;PELP1;RPS27A;FBL;UBA52;RCC1L;RPL17;RPL27;SENP3;NSUN4;RPS11;RPS14;NGRN;RPL41;PRORP;RPS7;RPS27L;NOC4L;RRP7A;RPUSD3;PWP2
REACTOME_SYNDECAN_INTERACTIONS,0.000192749125806265,0.000932192391354855,0.518848077743792,0.687321593647171,1.83069775994191,22,SDC4;SDC3;ACTN1;TNC;ITGB4;ITGA2;FGF2;ITGAV;TGFB1;THBS1;ITGB5;COL3A1;CASK;COL5A1
REACTOME_SENSORY_PROCESSING_OF_SOUND_BY_OUTER_HAIR_CELLS_OF_THE_COCHLEA,0.00019253185277492,0.000932192391354855,0.518848077743792,0.577697297678364,1.68250093750696,43,MSN;EPS8;GSN;RIPOR2;ESPN;MYH9;MYO3B;SPTAN1;PLS1;ACTG1;EZR;MYO1C;EPB41L1;TWF1;CLIC5;CASK;TRIOBP;ACTB;EPS8L2;TWF2;CIB2;MYO3A
REACTOME_INTERLEUKIN_6_FAMILY_SIGNALING,0.000197537863130643,0.000951964382959377,0.518848077743792,0.68677973784699,1.82925451385628,22,OSMR;STAT1;LIF;CLCF1;JAK1;STAT3;CRLF1;CBL;IL6ST;CTF1;CNTF;IL6R;PTPN11;OSM;TYK2;IL6;JAK2;SOCS3
REACTOME_PROCESSING_OF_DNA_DOUBLE_STRAND_BREAK_ENDS,0.000198902955077521,0.000955155886750357,0.518848077743792,0.506216064174436,1.55930468478498,85,CCNA1;RBBP8;CDK2;UBE2I;RFC3;RMI2;RHNO1;WRN;NBN;TOPBP1;BARD1;CHEK1;BLM;RAD1;RNF168;BRIP1;MRE11;CLSPN;RFC4;ATM;ABRAXAS1;CCNA2;SUMO2;PPP4R2;RFC2;RPA1;RAD50;UIMC1;TP53BP1;EXO1;BABAM2;PPP4C;TIMELESS;RMI1;TOP3A;RNF4;HUS1;UBC;HERC2;BRCC3;RAD9B;PIAS4;ATR;KAT5;UBE2N;RPA2;UBE2V2;DNA2;RAD17;H2AX;TIPIN;MDC1
REACTOME_TFAP2_AP_2_FAMILY_REGULATES_TRANSCRIPTION_OF_GROWTH_FACTORS_AND_THEIR_RECEPTORS,0.000204053673388614,0.000975608833926134,0.518848077743792,0.806312163183251,1.83364914688138,10,TGFA;EGFR;TFAP2C;ATAD2;ERBB2;ESR1
REACTOME_KERATINIZATION,0.000204597879079432,0.000975608833926134,0.518848077743792,0.551230803882869,1.64944129908702,57,PKP2;TGM1;DSC2;KRT80;PPL;KRT15;PERP;PKP4;DSC3;CDSN;DSP;DSG2;ST14;IVL;KRT13;PKP1;KRT17;EVPL;CAPN1;KLK13;KRTAP2-3;FLG;KLK12;KAZN;KLK5;CSTA;JUP;KRT6A;SPRR1B;PKP3;KRT16
REACTOME_SUMOYLATION_OF_SUMOYLATION_PROTEINS,0.00020556562880358,0.00097679611728694,0.518848077743792,0.599941349335196,1.70841185068325,35,SEH1L;NUP188;UBE2I;NUP205;NUP98;NDC1;NUP107;NUP62;TPR;SUMO2;NUP54;POM121C;TOPORS;NUP85;NUP133;NUP43;NUP58;NUP155;NUP93;RANBP2;NUP160;NUP153;NUP35;POM121;NUP214;PIAS4;NUP37;NUP50
REACTOME_LDL_CLEARANCE,0.000209771435024293,0.000993307944940815,0.518848077743792,0.70743026774108,1.80195062209024,17,LDLR;LSR;NPC1;AP2A1;NCEH1;LIPA;AP2M1;NPC2;SOAT1;AP2B1;CLTA;CLTC;AP2A2;SOAT2
REACTOME_POLYMERASE_SWITCHING,0.000212279295344076,0.000994784697836548,0.518848077743792,0.734759429017432,1.79984656512637,14,POLD1;RFC3;PRIM2;POLA1;POLD3;RFC4;PRIM1;PCNA;RFC2;POLD4;RFC1
REACTOME_EPHB_MEDIATED_FORWARD_SIGNALING,0.000211386220970584,0.000994784697836548,0.518848077743792,0.584917607977893,1.69202584917062,40,EPHB3;RASA1;LYN;FYN;TIAM1;ROCK1;LIMK1;ARPC2;SRC;ACTR3;ACTG1;CDC42;ITSN1;ACTR2;RHOA;RAC1;EFNB1;ROCK2
REACTOME_TCR_SIGNALING,0.000212201497841429,0.000994784697836548,0.518848077743792,0.482301429293585,1.50567944293316,107,RIPK2;PAK2;PIK3CA;VASP;UBE2D1;PAG1;BCL10;RELA;PIK3R1;ENAH;MAP3K7;MALT1;CARD11;NFKB1;PSMD2;INPP5D;PSMD1;FBXW11;PSMC6;TAB2;HLA-DRA;HLA-DQB2;HLA-DQA1;CUL1;CSK;PSMC1;PSMD14;PSMD7;PIK3CB;PSMD11;CHUK;HLA-DRB1;CD4;PTPN22;PSMB2;HLA-DPA1;HLA-DRB5;PTEN;PTPRC;UBC;PSMD12;HLA-DQB1;BTRC;PSMD6;PSMA5;PLCG1;CD101;PSMD8;NCK1;UBE2N;PSMC2;IKBKB;IKBKG;LCP2;HLA-DQA2;PSMA4;PDPK1;HLA-DPB1;SKP1;PSMA3;PSMD3;PSMA7;ADRM1;FYB1;LCK;PSMD13;WAS;PSMA6;CDC34;PAK1;PSMB5;UBE2D2;ITK;PAK3;CD3E
REACTOME_CYCLIN_A_B1_B2_ASSOCIATED_EVENTS_DURING_G2_M_TRANSITION,0.000215541101704476,0.00100659916569204,0.518848077743792,0.616159923965829,1.73655072389169,32,CCNA1;CDK7;CDK2;LCMT1;CDC25B;MIS18BP1;WEE1;CCNH;PKMYT1;CCNA2;PPP2R2A;OBI1;PPP2CB;XPO1;FZR1;FOXM1;SGO1;CCNB2;PPP2R1A;PPME1;HJURP;TICRR;MNAT1;CDK1;CCNB1;PLK1;PPP2R1B
REACTOME_CASPASE_MEDIATED_CLEAVAGE_OF_CYTOSKELETAL_PROTEINS,0.000216954078169882,0.00100972805559202,0.518848077743792,0.794574972616575,1.84680204187126,11,GSN;PLEC;CASP8;CASP3;SPTAN1;ADD1;CASP7;CASP6
REACTOME_DISEASES_ASSOCIATED_WITH_O_GLYCOSYLATION_OF_PROTEINS,0.000220599787403856,0.00102319150539877,0.518848077743792,0.549387784860704,1.64392645545211,57,NOTCH2;DAG1;MUC21;MUC1;ADAMTS14;SEMA5A;THSD4;MUC20;ADAMTS1;GALNT12;ADAMTS18;SPON1;ADAMTSL5;ADAMTS17;THBS1;ADAMTS9;THBS2;LARGE1;GALNT3;C1GALT1C1;ADAMTS10;B3GLCT;NOTCH3;LFNG;ADAMTS15;ADAMTS8;ADAMTSL1;ADAMTS12;ADAMTSL3;MUC4;ADAMTSL4
REACTOME_FORMATION_OF_TUBULIN_FOLDING_INTERMEDIATES_BY_CCT_TRIC,0.00022294116291308,0.00103053415101658,0.518848077743792,0.689860477922957,1.80899625322126,20,TUBB6;TUBA1A;CCT8;TUBB3;TUBA1C;TCP1;TUBA1B;CCT6A;CCT4;CCT2;TUBA4A;CCT5;CCT7;CCT3;TUBB4B;TUBB2A
REACTOME_TAK1_DEPENDENT_IKK_AND_NF_KAPPA_B_ACTIVATION,0.000226933419979522,0.00104543226356668,0.518848077743792,0.576792541478083,1.68366050889157,44,NOD1;RIPK2;IRAK2;RELA;CASP8;MAP3K7;NFKB2;USP14;TP53;N4BP1;IKBIP;NFKB1;HMGB1;S100B;TAB3;TAB2;APP;ALPK1;CHUK;NOD2;NLRC5;UBC;USP18;TAB1;AGER;NLRX1;UBE2N;IKBKB;IKBKG
REACTOME_MITOTIC_TELOPHASE_CYTOKINESIS,0.000234533205936068,0.00107316709382867,0.518848077743792,0.752743113909168,1.81650439991511,13,KIF23;PDS5A;PDS5B;SMC3;MAU2;STAG1;STAG2;WAPL;KIF20A;RAD21;SMC1A;NIPBL
REACTOME_SIGNALING_BY_NTRK2_TRKB,0.000234092728166697,0.00107316709382867,0.518848077743792,0.645889872897913,1.74535721319413,24,FYN;TIAM1;PIK3CA;SRC;PIK3R1;BDNF;SHC1;RAC1;DOCK3;NRAS;CDK5R1;GAB1;KRAS;PTPN11;GRB2;FRS2;SOS1;PLCG1
REACTOME_COHESIN_LOADING_ONTO_CHROMATIN,0.000235648671921608,0.00107465283604519,0.518848077743792,0.803175203175203,1.82651532910558,10,PDS5A;PDS5B;SMC3;MAU2;STAG1;STAG2;WAPL;RAD21;SMC1A;NIPBL
REACTOME_IRF3_MEDIATED_INDUCTION_OF_TYPE_I_IFN,0.000240338084185431,0.00108647009358005,0.518848077743792,0.792043125408846,1.84091736043265,11,DTX4;IFI16;STING1;XRCC5;PRKDC;XRCC6;MRE11;TBK1
REACTOME_SIGNALING_BY_FGFR4,0.000240898667374136,0.00108647009358005,0.518848077743792,0.604691381527269,1.71140747877456,33,FGF2;PIK3CA;SRC;PIK3R1;CBL;FGF9;MAPK1;SHC1;FGF20;NRAS;FGF18;GAB1;PPP2CB;KRAS;PTPN11;GRB2;FRS2;PPP2R1A;UBC;MKNK1;SOS1;PLCG1;BRAF
REACTOME_NR1H2_AND_NR1H3_MEDIATED_SIGNALING,0.000239131504455039,0.00108647009358005,0.518848077743792,0.583191365763509,1.68703224595398,40,NRIP1;SCD;ABCA1;AGO2;SREBF1;NCOA1;ARL4C;ABCG1;KDM3A;AGO4;EP300;MOV10;APOE;NCOR2;NCOR1;KDM4A;TBL1XR1;APOC1;APOD;NR1H2;AGO1;KDM1A;TNRC6B;TBL1X;PLTP;AGO3
REACTOME_NUCLEOTIDE_BINDING_DOMAIN_LEUCINE_RICH_REPEAT_CONTAINING_RECEPTOR_NLR_SIGNALING_PATHWAYS,0.000241437798573343,0.00108647009358005,0.518848077743792,0.544786467484095,1.62705821969878,56,NOD1;RIPK2;BCL2L1;IRAK2;BIRC2;RELA;CASP8;MAPK13;MAP3K7;NFKB2;HSP90AB1;NFKB1;BIRC3;NLRP3;TAB3;NLRC4;TAB2;HMOX1;CASP2;MAPK14;PANX1;P2RX7;APP;CHUK;ITCH;NOD2;UBC;TAB1;SUGT1;NLRP1;TNFAIP3;UBE2N;CYLD;IKBKB;IKBKG;CARD9;TXNIP
REACTOME_CHK1_CHK2_CDS1_MEDIATED_INACTIVATION_OF_CYCLIN_B_CDK1_COMPLEX,0.000252440811275151,0.00113223452977865,0.49849310876659,0.725981344759218,1.80367580084291,15,CCNA1;SFN;YWHAH;YWHAZ;YWHAG;CHEK2;WEE1;CHEK1;YWHAB;YWHAQ;CCNA2
REACTOME_CHROMOSOME_MAINTENANCE,0.000262103749584964,0.0011717072226512,0.49849310876659,0.470099981921912,1.47462309172787,118,CCNA1;CDK2;POLD1;CENPH;RFC3;POLR2D;KNL1;PRIM2;POLA1;NPM1;MIS18BP1;CENPI;WRN;POLD3;BLM;ANKRD28;RSF1;CENPK;CENPL;TINF2;CTC1;LIG1;SMARCA5;CENPN;RFC4;PRIM1;PCNA;ATRX;CCNA2;CENPP;RBBP4;RFC2;POLR2B;RPA1;DKC1;CENPQ;STN1;CENPW;RBBP7;MIS18A;DSCC1;POLR2A;TERF1;POLD4;RFC1;ACD;H3-3A;TERF2;FEN1;CHTF18;CENPU;H3-3B;CENPA;SHQ1;HJURP;CENPO;CENPC;GAR1;NHP2;POLR2E;RPA2;DNA2;POLR2C;H2AX;PPP6R3;PPP6C
REACTOME_NR1H3_NR1H2_REGULATE_GENE_EXPRESSION_LINKED_TO_CHOLESTEROL_TRANSPORT_AND_EFFLUX,0.000268963695817558,0.0011984316807084,0.49849310876659,0.603063075485945,1.70679902027493,33,ABCA1;AGO2;NCOA1;ARL4C;ABCG1;KDM3A;AGO4;EP300;MOV10;APOE;NCOR2;NCOR1;KDM4A;TBL1XR1;APOC1;APOD;NR1H2;AGO1;KDM1A;TNRC6B;TBL1X;PLTP;AGO3
REACTOME_RHO_GTPASES_ACTIVATE_WASPS_AND_WAVES,0.000273024710060991,0.00121255091821205,0.49849310876659,0.60083029239541,1.715160796886,36,WASF1;BAIAP2;ARPC2;ABI1;ACTR3;MAPK1;ACTG1;CDC42;CYFIP1;WASF2;ABI2;WIPF1;ACTR2;RAC1;NCKAP1;NCKIPSD;WASL;PTK2;WIPF2;GRB2;ABL1;ACTB;NCKAP1L;ARPC5;CYFIP2;NCK1;BTK;ARPC3;ARPC1B;BRK1
REACTOME_RHOBTB1_GTPASE_CYCLE,0.000276717348294664,0.00122494747991026,0.49849310876659,0.677896527367936,1.80559386696928,22,PDE5A;STK38;ROCK1;MYO6;HNRNPC;DBN1;RBMX;ROCK2;CUL3;CCT2;CPSF7;SPEN;SRRM1;CCT7;COPS2;RNF20;TRA2B;RBBP6
REACTOME_SIGNALING_BY_FGFR1_IN_DISEASE,0.000287673757574843,0.00126931375501367,0.49849310876659,0.602164679306197,1.70425636465275,33,STAT1;FGF2;PIK3CA;GAB2;STAT3;PIK3R1;FGF9;CNTRL;STAT5A;FGF20;NRAS;GAB1;BAG4;CPSF6;KRAS;FGFR1OP2;GRB2;LRRFIP1;STAT5B;FRS2;BCR;SOS1;PLCG1
REACTOME_INTERLEUKIN_6_SIGNALING,0.000289832398140482,0.00127058783571908,0.49849310876659,0.788425190897407,1.83250832532162,11,STAT1;JAK1;STAT3;CBL;IL6ST;IL6R;PTPN11;TYK2;IL6;JAK2;SOCS3
REACTOME_SUMOYLATION_OF_TRANSCRIPTION_COFACTORS,0.000289410536062242,0.00127058783571908,0.49849310876659,0.572860098021114,1.67218168543976,44,NRIP1;PIAS3;UBE2I;HIPK2;RNF2;NPM1;NCOA1;NCOA2;BMI1;CASP8AP2;UHRF2;EP300;NCOR2;SUMO2;TOPORS;SUMO3;PHC3;CBX2;ZNF131;CREBBP;SAFB;PHC2;SCMH1;SIN3A;DDX5;DDX17;CTBP1;MBD1;PHC1;PIAS4
REACTOME_MOLECULES_ASSOCIATED_WITH_ELASTIC_FIBRES,0.000292111424051337,0.00127646117455231,0.49849310876659,0.5917453642966,1.67954691172288,34,ITGB8;EMILIN2;FBN3;LTBP3;MFAP2;LTBP2;ITGB6;LTBP1;FBN2;TGFB2;ITGAV;TGFB1;ITGB5;FBLN2;MFAP3;BMP4;LTBP4;EMILIN1;TGFB3;FBN1;MFAP4;ITGB3
REACTOME_EXPORT_OF_VIRAL_RIBONUCLEOPROTEINS_FROM_NUCLEUS,0.000297028798866218,0.00129378890275382,0.49849310876659,0.601183686224208,1.70147994192137,33,SEH1L;NUP188;NUP205;NUP98;NDC1;NUP107;NUP62;RAN;TPR;NUP54;POM121C;XPO1;NUP85;NUP133;NUP43;NUP58;NUP155;NUP93;RANBP2;NUP160;NUP153;NUP35;POM121;NUP214;NUP37;NUP50
REACTOME_SENSORY_PROCESSING_OF_SOUND,0.000300462789534997,0.00130456527469029,0.49849310876659,0.529878984926297,1.59689819891111,62,MSN;EPS8;GSN;SYN1;RIPOR2;ESPN;MYH9;MYO3B;SPTAN1;CAPZA1;PLS1;ACTG1;SNAP25;EZR;ATP2B1;MYO1C;EPB41L1;TWF1;CAPZA2;BSN;CLIC5;CASK;TRIOBP;ACTB;EPS8L2;TWF2;CIB2;CTBP2;MYO3A
REACTOME_ERBB2_REGULATES_CELL_MOTILITY,0.000310525750061123,0.00134396335774862,0.49849310876659,0.727319414483916,1.78162170937931,14,EGFR;ERBB3;DIAPH1;HBEGF;ERBB2;EREG;RHOA
REACTOME_DEADENYLATION_OF_MRNA,0.000316783834844799,0.00136608355753049,0.49849310876659,0.643729676037884,1.75112953599043,25,PABPC1;EIF4G1;CNOT6;TNKS1BP1;EIF4A2;TUT7;CNOT8;CNOT6L;EIF4A3;PAIP1;EIF4B;CNOT10;CNOT11;TUT4;CNOT7;CNOT1;CNOT2;PAN3;PARN;EIF4A1;CNOT9;CNOT3
REACTOME_SIGNALING_BY_EGFR_IN_CANCER,0.000317647096526589,0.00136608355753049,0.49849310876659,0.6416787525434,1.73397770471322,24,TGFA;EGFR;PIK3CA;AREG;HBEGF;PIK3R1;CBL;HSP90AA1;SHC1;EREG;NRAS;GAB1;KRAS;GRB2;UBC;SOS1;BTC;PLCG1
REACTOME_DENGUE_VIRUS_ATTACHMENT_AND_ENTRY,0.000322249509106424,0.00137716063797368,0.49849310876659,0.581338180694905,1.68877442353935,42,SDC4;SDC3;PROS1;LY6E;CLDN1;MRC1;AGRN;PIK3R1;UBA3;AP2A1;UBA6;MERTK;ATG7;AP2M1;TYRO3;AP2B1;CD33;UBA1;GPC5;GPC4;EMC4;AP2A2;HSPG2;RPSA;CD300A;FURIN;UBA7;GPC6
REACTOME_BETA_CATENIN_INDEPENDENT_WNT_SIGNALING,0.000321328493582297,0.00137716063797368,0.49849310876659,0.463247695376463,1.45720209485813,125,PRICKLE1;ROR1;SMURF1;FZD6;SMURF2;DVL1;MYC;CTNNB1;SCRIB;PPP3CA;GNB1;MAP3K7;PPP3CB;AP2A1;GNG12;FZD7;AGO2;GNB5;RAC2;ITPR2;TCF7;ITPR3;WNT5A;RYK;RHOA;AP2M1;RAC1;PSMD2;GNB4;PSMD1;DVL2;AGO4;MOV10;DVL3;AP2B1;PSMC6;KRAS;VANGL2;CLTA;PSMC1;PLCB3;PSMD14;PSMD7;AGO1;CLTC;PSMD11;ARRB2;CALM1;AP2A2;PSMB2;UBC;PSMD12;GNB2;PSMD6;PSMA5;TNRC6B;PPP3R1;PSMD8;AGO3;PSMC2;TCF7L2;WNT5B;PLCB2;PSMA4;DAAM1;PSMA3;PSMD3;PSMA7;GNG5;ADRM1;PLCB1;PSMD13;PFN1;PSMA6;FZD5;TNRC6A;PSMB5;PRKG2
REACTOME_MAP2K_AND_MAPK_ACTIVATION,0.000347696512098333,0.00147202355122004,0.49849310876659,0.596276897832838,1.70216244453039,36,IL17RD;IQGAP1;SRC;VCL;MAPK1;ACTG1;CNKSR2;RAP1B;YWHAB;TLN1;NRAS;KRAS;RAP1A;MAP2K1;CSK;RAF1;ARRB2;ACTB;ARAF;ITGB3;BRAF;CNKSR1
REACTOME_RET_SIGNALING,0.000347696512098333,0.00147202355122004,0.49849310876659,0.596203930006304,1.70195414685118,36,GRB7;PIK3CA;GAB2;SRC;PDLIM7;PIK3R1;MAPK7;DOK4;SHC3;SHC1;IRS2;PIK3CD;GAB1;PTPN11;GRB2;DOK2;PIK3CB;DOK1;RET;FRS2
REACTOME_TRANS_GOLGI_NETWORK_VESICLE_BUDDING,0.000345638339819877,0.00147202355122004,0.49849310876659,0.513670082791732,1.5610609959125,69,IGF2R;PICALM;SNX9;TPD52L1;AP4E1;HGS;AP3S1;BLOC1S4;ACBD3;SNAP23;GBF1;AP4M1;DNM2;M6PR;CLTA;SNX5;TGOLN2;HSPA8;DNAJC6;SNAPIN;HIP1R;APP;CLTC;AP1G1;SH3D19;VAMP7;AP1S2;CPD;SNX2;GOLGB1;NECAP1;BLOC1S6;DTNBP1;TBC1D8B;PUM1;STX4;VAMP8;GAK;AP1S1;AP1M1;TPD52;RAB5C;AP3B1;AP1M2;CTSZ;AP1B1;OCRL;CLINT1;TFRC;GNS;PIK3C2A;AP1G2;YIPF6;FTH1
REACTOME_DEVELOPMENTAL_CELL_LINEAGES,0.000348954350315099,0.00147276075179571,0.49849310876659,0.470230493360548,1.46621015975411,105,LAMB3;ANXA1;GJB3;ITGB4;TGFA;ANXA2;KRT15;KLK7;EGFR;MFGE8;CLDN10;FGF2;LAMA1;TFAP2C;AREG;LAMC1;ANXA3;SLPI;MUC1;IVL;YAP1;KRT17;ERBB2;TP63;ESR1;LAMA5;GATA3;ALDH1A3;COL3A1;GATA6;FLG;PRSS1;AQP3;PGR;KLK5;COL5A1;LAMB1;MME;SOX9
REACTOME_PI3K_EVENTS_IN_ERBB2_SIGNALING,0.000352414566998946,0.00147355786662921,0.49849310876659,0.71487874715013,1.77609177712305,15,EGFR;ERBB3;PIK3CA;HBEGF;PIK3R1;ERBB2;EREG;GAB1;GRB2
REACTOME_NUCLEAR_PORE_COMPLEX_NPC_DISASSEMBLY,0.000352363509770289,0.00147355786662921,0.49849310876659,0.596145347122133,1.70178691316212,36,SEH1L;NUP188;NUP205;NUP98;NDC1;NUP107;NEK7;NUP62;TPR;NUP54;POM121C;NUP85;NUP133;NUP43;NUP58;NEK6;NUP155;NUP93;RANBP2;NUP160;NUP153;CCNB2;NUP35;POM121;NUP214;NUP37;NUP50;CDK1;CCNB1
REACTOME_INTERACTIONS_OF_VPR_WITH_HOST_CELLULAR_PROTEINS,0.000352111100379336,0.00147355786662921,0.49849310876659,0.586886010155549,1.68020025182212,37,HMGA1;SEH1L;NUP188;KPNA1;PSIP1;NUP205;NUP98;NDC1;NUP107;NUP62;TPR;NUP54;POM121C;NUP85;NUP133;NUP43;NUP58;NUP155;NUP93;RANBP2;NUP160;NUP153;NUP35;POM121;NUP214;NUP37;NUP50;SEC13;NUP42;BANF1;NUP88;SLC25A6;RAE1
REACTOME_KEAP1_NFE2L2_PATHWAY,0.000353480400677793,0.00147355786662921,0.49849310876659,0.473267722833698,1.4796980778162,111,BCL2L1;BACH1;MYC;AREG;RELA;AKT3;IDH1;UBXN7;GSK3B;ABCC3;TRIM21;MAP1LC3B;MAFK;SP1;NFKB1;PSMD2;PSMD1;PALB2;EP300;CUL3;PRKCI;PSMC6;NPLOC4;HMOX1;CUL1;CSNK2A1;GCLM;CSNK2A2;PDGFA;PSMC1;CREBBP;PSMD14;KEAP1;CDKN1A;DPP3;PSMD7;AKT1;PSMD11;MAFG;VCP;PSMB2;GSR;CHD6;UBC;AMER1;PSMD12;CDKN2A;BTRC;PSMD6;PSMA5;SQSTM1;CCL2;PSMD8;PRKCD;MUL1;PSMC2;ABCC1;NFE2L2;SESN2;PSMA4;SKP1;PSMA3;PSMD3
REACTOME_DEGRADATION_OF_THE_EXTRACELLULAR_MATRIX,0.000366869596003291,0.00152469657788524,0.49849310876659,0.467619131946825,1.46981884100615,123,LAMB3;COL8A2;COL8A1;MMP16;KLK7;BMP1;TMPRSS6;FBN3;TIMP1;TIMP2;LAMC1;CAST;CAPN2;MMP14;CASP3;FBN2;PRSS2;ADAM15;CTSS;ADAMTS1;ADAMTS18;NID1;LAMA5;PSEN1;COL7A1;CAPN1;COL16A1;NCSTN;ADAM10;CAPN12;CAPN5;MMP7;ADAM17;ADAMTS9;COL3A1;MMP19;MMP11;MMP24;CTSK;COL12A1;PRSS1;MMP12;ADAM9;COL5A1;COL10A1;MMP2;LAMB1;ADAM8;CAPN15;TPSAB1;SPOCK3;ADAMTS8;LAMA3;COL6A3;HSPG2;SPP1;FBN1;COL5A2;CDH1;COL11A1;COL4A4;ADAMTS4;MMP10;MMP9;FURIN;MMP1;COL6A2;CTSD;MMP13;CAPN8;COL15A1;MMP3
REACTOME_DNA_DAMAGE_BYPASS,0.00037609044557068,0.00155825279125169,0.49849310876659,0.556546197246577,1.63810230242215,48,RAD18;POLD1;RFC3;POLH;UBE2B;USP1;CUL4B;POLD3;UBE2L6;POLE;DTL;RFC4;PCNA;MAD2L2;RFC2;NPLOC4;RPA1;POLE3;DDB1;REV3L;USP10;CUL4A;VCP;POLD4;RFC1;UBC;POLE2;WDR48;USP43;REV1;POLK;SPRTN;UBA7;RPA2
REACTOME_KINESINS,0.000379628688196157,0.00156813187616589,0.49849310876659,0.539008399649302,1.59939607925198,52,TUBB6;TUBA1A;KIF23;KIF18A;KIF2A;KIF4A;KIF3A;KIF5B;KIF13B;TUBB3;KIF1B;RACGAP1;KLC2;KIFAP3;TUBA1C;TUBA1B;KIF3C;KIF11;KLC3;KIFC1;KIF20B;TUBA4A;KIF21A;KIF20A;KIF15;CENPE;KIF2C;KIF18B;TUBB4B;TUBB2A;KIF27;KIF1C
REACTOME_SWITCHING_OF_ORIGINS_TO_A_POST_REPLICATIVE_STATE,0.00038618021688956,0.0015903603477361,0.49849310876659,0.499167302421279,1.53101728909838,79,CCNA1;MCM4;UBE2D1;MCM6;CDK2;MCM5;MCM2;ANAPC1;MCM3;MCM7;ORC1;PSMD2;PSMD1;UBE2E1;CCNA2;ORC6;CCNE2;PSMC6;ORC3;FZR1;CUL1;PSMC1;PSMD14;CDT1;CDC16;PSMD7;PSMD11;CDC6;UBE2C;PSMB2;UBC;PSMD12;PSMD6;PSMA5;PSMD8;ORC4;PSMC2;CDC27;PSMA4;SKP1;PSMA3;PSMD3;PSMA7;ANAPC4;CDC23;ADRM1;PSMD13;MCM8;ANAPC5;PSMA6;CCNE1;ORC2;PSMB5;GMNN
REACTOME_SMOOTH_MUSCLE_CONTRACTION,0.000394084028123484,0.00161800662906289,0.49849310876659,0.585117317103195,1.67513664754371,37,PDE5A;ANXA1;ANXA2;PAK2;TPM3;TPM4;VCL;GUCY1B1;MYL12A;CALD1;MYL12B;PXN;TLN1;ITGB5
REACTOME_G1_S_DNA_DAMAGE_CHECKPOINTS,0.000396075127392697,0.0016212834280924,0.49849310876659,0.513690857734015,1.55782264745125,67,PLK3;CCNA1;CDK2;CSNK1E;GSK3B;CHEK2;CSNK1A1;TP53;CHEK1;PSMD2;PSMD1;FBXW11;ATM;PHF20;CCNA2;CCNE2;PSMC6;CUL1;MAPK14;PSMC1;PSMD14;CDKN1A;PSMD7;COP1;PSMD11;PSMB2;UBC;PSMD12;CDKN2A;BTRC;PSMD6;PSMA5;PSMD8;PSMC2;MDM2;PSMA4;SKP1;PSMA3;PSMD3;MDM4;PSMA7;ADRM1;PSMD13;CDKN1B;PSMA6;PCBP4;CCNE1;PSMB5
REACTOME_TRANSPORT_OF_THE_SLBP_DEPENDANT_MATURE_MRNA,0.000399033530961901,0.0016284881939256,0.49849310876659,0.593936137792012,1.69548039153181,36,SEH1L;NUP188;SLBP;NUP205;NXF1;NUP98;NDC1;NUP107;NUP62;TPR;NUP54;NCBP2;POM121C;NUP85;NUP133;NUP43;NUP58;NUP155;NUP93;RANBP2;NCBP1;NUP160;NUP153;NUP35;POM121;NUP214;NUP37;NUP50;SEC13;EIF4E;NUP42;NUP88;ALYREF;RAE1
REACTOME_FC_EPSILON_RECEPTOR_FCERI_SIGNALING,0.000403287909862777,0.00164092296258537,0.49849310876659,0.434637541252727,1.38647053777991,171,LYN;FYN;PAK2;PIK3CA;UBE2D1;GAB2;TEC;MAP3K1;BCL10;RELA;PIK3R1;PPP3CA;MAP3K7;PPP3CB;MALT1;MAPK1;CARD11;FCER1A;ITPR2;ITPR3;SHC1;RAC1;NFKB1;NRAS;PSMD2;MAP2K7;PSMD1;MAP2K4;FBXW11;TAB3;RASGRP4;PSMC6;TAB2;KRAS;TXK;RASGRP1;CUL1;AHCYL1;GRB2;FCER1G;PSMC1;PSMD14;VAV2;PSMD7;PIK3CB;LAT2;PSMD11;CHUK;CALM1;PSMB2;MS4A2;UBC;PSMD12;BTRC;SOS1;PSMD6;TAB1;PSMA5;PLCG1;PPP3R1;PSMD8;UBE2N;MAPK9;PSMC2;BTK;VAV1;IKBKB;IKBKG;LCP2;NFATC2;PSMA4;PDPK1;SKP1;PSMA3;PSMD3
REACTOME_HCMV_EARLY_EVENTS,0.000408293865530559,0.00165633242762994,0.49849310876659,0.478714343812847,1.49244034080419,104,TUBB6;EGFR;ELK1;DYNC1I2;SEH1L;TUBA1A;NUP188;NUP205;NUP98;NDC1;DYNC1H1;TUBB3;NUP107;TUBA1C;NFKB1;TUBA1B;NUP62;TPR;NCOR2;NUP54;NCOR1;DYNC1LI1;POM121C;TBL1XR1;RBBP4;TUBA4A;PML;NUP85;NUP133;NUP43;NUP58;EZH2;RBBP7;NUP155;NUP93;CREB1;RANBP2;NUP160;NUP153;SUZ12;EED;NUP35;DYNC1LI2;POM121;TUBB4B;NUP214;TBL1X;TUBB2A;NUP37;DYNLL1;NUP50;H2AC11;TRIM28;SEC13
REACTOME_TNFR2_NON_CANONICAL_NF_KB_PATHWAY,0.000413435149564995,0.00167219752457985,0.49849310876659,0.49427423992791,1.5238570834309,86,TNFRSF1A;TNFRSF12A;TNFSF15;BIRC2;RELB;TNFRSF1B;UBA3;TNFSF18;EDA2R;TNFSF9;MAP3K14;NFKB2;TNFSF11;TNFRSF11A;BIRC3;PSMD2;PSMD1;CD40;TNFSF4;FBXW11;TNFRSF8;PSMC6;CD70;CUL1;PSMC1;PSMD14;PSMD7;TNFSF13;PSMD11;CHUK;TNFRSF18;PSMB2;TNFSF14;UBC;PSMD12;BTRC;PSMD6;PSMA5;PSMD8;TNFRSF25;PSMC2;LTBR;PSMA4;SKP1;PSMA3;PSMD3;TNFSF8;PSMA7;LTB;ADRM1;PSMD13;TNFSF13B;PSMA6
REACTOME_NOTCH3_INTRACELLULAR_DOMAIN_REGULATES_TRANSCRIPTION,0.000427508197950979,0.00172398706532754,0.49849310876659,0.637799611139159,1.72349528702099,24,MAMLD1;STAT1;MAML2;MAML1;DLGAP5;HEY2;PLXND1;SNW1;EP300;PBX1;RBPJ;HEYL;NOTCH3;CREBBP
REACTOME_VIRAL_MESSENGER_RNA_SYNTHESIS,0.000432955607435055,0.00174078896598887,0.49849310876659,0.567040336082592,1.65519376926121,44,SEH1L;NUP188;POLR2D;NUP205;NUP98;NDC1;NUP107;NUP62;TPR;GTF2F2;NUP54;POM121C;NUP85;NUP133;POLR2B;NUP43;NUP58;NUP155;NUP93;RANBP2;POLR2A;NUP160;NUP153;NUP35;GTF2F1;POM121;NUP214;NUP37;NUP50;POLR2E;SEC13;POLR2C
REACTOME_HEDGEHOG_OFF_STATE,0.000436101783842549,0.00174312448306478,0.49849310876659,0.485663126539667,1.50524136261741,94,GPR161;TUBB6;ADCY7;SUFU;TUBA1A;ADCY8;GSK3B;KIF3A;TULP3;CSNK1A1;TUBB3;TUBA1C;PSMD2;PSMD1;TUBA1B;ADCY6;PRKAR1A;GLI2;ADCY3;PSMC6;TUBA4A;CUL1;RPGRIP1L;WDR35;IFT57;PSMC1;PSMD14;PSMD7;IFT52;PSMD11;ITCH;TTC21B;PSMB2;PRKAR1B;UBC;PSMD12;BTRC;PSMD6;PSMA5;TUBB4B;PSMD8;TUBB2A;DYNC2H1;PSMC2;PRKAR2B;IFT122;PSMA4;SKP1;PSMA3;PSMD3;PTCH1;INTU;OFD1;PSMA7;ADRM1;PRKACA;PSMD13
REACTOME_INFLUENZA_VIRAL_RNA_TRANSCRIPTION_AND_REPLICATION,0.000435186061668697,0.00174312448306478,0.49849310876659,0.457286517096358,1.44369512227645,134,SEH1L;NUP188;POLR2D;HSP90AA1;NUP205;NUP98;NDC1;IPO5;NUP107;NUP62;RPS4X;RPLP0;RPL39L;TPR;GRSF1;GTF2F2;NUP54;RPL10A;POM121C;NUP85;NUP133;POLR2B;NUP43;NUP58;NUP155;NUP93;RPS2;RANBP2;RPS12;POLR2A;NUP160;RPL15;NUP153;RPS9;RPS5;RPL7;RPS27;RPL3;RPS8;RPL23A;RPL4;NUP35;RPL22L1;GTF2F1;RPL14;RPS3;RPL7A;RPL12;POM121;NUP214;RPSA;RPLP1;NUP37;RPL10;RPL21;RPL13A;NUP50;RPL5;RPS18;POLR2E;RPS25;RPL30;RPL22;SEC13;POLR2C;RPL8;RPS29;RPS6;NUP42;RPS13;RPL23;RPL31;RPL32;RPS24;NUP88;RPS23;RPS3A;PARP1;RPS17;RPL36;RPL37A;RPL28;RPS20;RPL36A;RPL35A;RPL11;RAE1;RPL9;RPS27A;UBA52;RPL17;RPL27;RPS11;RPS14;RPL41;RPS7;POLR2K
REACTOME_INTERLEUKIN_35_SIGNALLING,0.00043840711406874,0.00174720019947043,0.49849310876659,0.739853134446206,1.75944995035959,12,STAT1;JAK1;STAT3;EBI3;IL6ST;STAT4;IL27RA;TYK2;JAK2
REACTOME_HEME_SIGNALING,0.000455552659497612,0.00181022241010893,0.49849310876659,0.55941406491326,1.63603723181837,45,NRIP1;BACH1;RAI1;NCOA1;SIRT1;NCOA2;CARM1;HELZ2;MAFK;CRTC1;EP300;TGS1;CHD9;MED1;NCOR1;TBL1XR1;XPO1;HMOX1;CRTC3;MEF2D;PGRMC2;CRTC2;CREBBP;NR1D1;CREB1
REACTOME_EXPRESSION_OF_BMAL_ARNTL_CLOCK_AND_NPAS2,0.000474385811345062,0.00187409976051727,0.49849310876659,0.583295694595957,1.65556427069676,34,NRIP1;RAI1;NCOA1;SIRT1;NCOA2;CARM1;HELZ2;CRTC1;EP300;TGS1;CHD9;MED1;NCOR1;TBL1XR1;CRTC3;MEF2D;CRTC2;CREBBP;NR1D1;CREB1
REACTOME_RNA_POLYMERASE_II_TRANSCRIBES_SNRNA_GENES,0.000473722817468201,0.00187409976051727,0.49849310876659,0.508348046266859,1.55348494606422,75,SNAPC2;CDK7;RPRD1A;POLR2D;ELL;NABP1;ZNF143;GTF2B;GTF2E2;INTS4;SP1;INTS6;INTS7;GTF2F2;SNAPC3;PHAX;NCBP2;INTS12;POLR2B;CCNK;INTS14;CCNT1;CCNT2;INTS5;SUPT5H;NCBP1;POLR2A;TAF6;CDK9;TAF13;GTF2A1;INTS1;GTF2F1;TBP;ICE1;RPRD1B;TAF9;INTS11;RPRD2;ICE2;POU2F1;SRRT;INTS2;TAF5;POLR2E;POLR2C;INTS9;SNAPC4;INTS13;SNAPC1
REACTOME_REGULATION_OF_LOCALIZATION_OF_FOXO_TRANSCRIPTION_FACTORS,0.000479427215163795,0.00188852633451477,0.49849310876659,0.738507755160278,1.75625049440322,12,SFN;YWHAZ;AKT3;YWHAG;FOXO3;YWHAB;YWHAQ;AKT1;FOXO4
REACTOME_CYCLIN_D_ASSOCIATED_EVENTS_IN_G1,0.000487523078077408,0.00191486665637918,0.49849310876659,0.562844844710397,1.65027662555422,46,LYN;CDKN2B;SRC;CDK7;CDK2;CCND3;CKS1B;CDKN2D;CCNH;CCND2;PPP2R2A;CCNE2;PPP2CB;PTK6;CUL1;CDK4;RBL2;E2F3;CDKN1A;ABL1;RBL1;JAK2;PPP2R1A;UBC;CDKN2A;RB1;E2F5;E2F4;E2F1;MNAT1;PPP2R1B;TFDP1;SKP1;TFDP2;E2F2;CDKN1B;PPP2CA;CCNE1;CDKN1C;RPS27A;UBA52
REACTOME_SELECTIVE_AUTOPHAGY,0.000491477637219363,0.00192483604893693,0.477270815362862,0.500395588195282,1.535261994889,80,TUBB6;ARL13B;DYNC1I2;TUBA1A;PLIN2;SRC;OPTN;HSP90AA1;MAP1LC3B;DYNC1H1;ATG9A;TUBB3;TUBA1C;PLIN3;TUBA1B;TBK1;MFN1;ATM;DYNC1LI1;TUBA4A;CSNK2A1;PCNT;HSPA8;CSNK2A2;ATG12;VDAC1;ATG5;UBE2D3;HSF1;VCP;NBR1;ULK1;TOMM20;HDAC6;UBC;DYNC1LI2;PRKAB1;SQSTM1;TUBB4B;MTERF3;CFTR;TUBB2A;UBE2N;PEX5
REACTOME_TP53_REGULATES_TRANSCRIPTION_OF_GENES_INVOLVED_IN_CYTOCHROME_C_RELEASE,0.000534488163717494,0.00208042235952094,0.477270815362862,0.684617760382595,1.77776568542354,19,BID;PMAIP1;TP53BP2;TP63;TP53;BBC3;TP53INP1;ATM;BNIP3L;BAX;CREBBP;PRELID3A
REACTOME_RECOGNITION_OF_DNA_DAMAGE_BY_PCNA_CONTAINING_REPLICATION_COMPLEX,0.000534198126021436,0.00208042235952094,0.477270815362862,0.604008718508728,1.68761458221304,30,RAD18;POLD1;RFC3;UBE2B;USP1;CUL4B;POLD3;POLE;DTL;RFC4;PCNA;RFC2;RPA1;POLE3;DDB1;CUL4A;POLD4;RFC1;UBC;POLE2;WDR48
REACTOME_REGULATION_OF_HOMOTYPIC_CELL_CELL_ADHESION,0.000535796781333576,0.00208042235952094,0.477270815362862,0.426875418811889,1.36762459419468,190,AMOT;ZNF217;FYN;CDH11;MYC;PKM;SRC;CTNNB1;SMARCA4;FOXQ1;VCL;CTNNA1;MAPK1;MTBP;KLF4;TCF3;AGO2;ACTG1;HDAC2;CTSS;ZBTB33;ARHGAP32;ZC3H12A;SIRT1;CDH24;SP1;TCF12;PSMD2;PSMD1;AGO4;ANGPTL4;FOXJ2;ILF3;MOV10;PCSK7;RBBP4;PSMC6;DNM2;HEYL;MPHOSPH8;CSNK2A1;EZH2;RBBP7;DNTTIP1;CSNK2A2;RACK1;PSMC1;PSMD14;JUP;PSMD7;AGO1;KDM1A;PSMD11;EPS15;SUZ12;ACTB;SEC11A;EED;H3-3A;PSMB2;CTBP2;PIP5K1C;UBC;PSMD12;CTBP1;H3-3B;PSMD6;PSMA5;TNRC6B;CDH1;CTNND1;GANAB;RB1;PSMD8;AGO3;PSMC2;ADAM19;MOGS;MDM2;ZMYM2;ARID1A;FURIN
REACTOME_INTERLEUKIN_27_SIGNALING,0.000558398472149971,0.00216200434088835,0.477270815362862,0.779787039581816,1.77332788114395,10,STAT1;JAK1;STAT3;CRLF1;EBI3;IL6ST;IL27RA;TYK2;JAK2
REACTOME_TGF_BETA_RECEPTOR_SIGNALING_ACTIVATES_SMADS,0.000571096121198947,0.00220488530883343,0.477270815362862,0.5607706145859,1.64419492555706,46,ITGB8;TGFBR1;SMURF1;SMURF2;LTBP3;CBL;PMEPA1;LTBP2;ITGB6;LTBP1;TGFB2;ITGAV;SMAD3;TGFB1;PPP1CB;NEDD4L;ITGB5;XPO1;USP15;PPP1R15A;LTBP4
REACTOME_NS1_MEDIATED_EFFECTS_ON_HOST_PATHWAYS,0.000601086678692119,0.00231017689896341,0.477270815362862,0.572405802420616,1.6628260642677,42,SEH1L;KPNA2;NUP188;KPNA1;NUP205;NUP98;NDC1;NUP107;EIF2AK2;NUP62;TPR;NUP54;POM121C;NUP85;NUP133;NUP43;NUP58;KPNB1;NUP155;NUP93;KPNA4;RANBP2;KPNA3;NUP160;NUP153;NUP35;POM121;NUP214
REACTOME_ECM_PROTEOGLYCANS,0.000603467843364245,0.00231017689896341,0.477270815362862,0.521541904919941,1.57363382948622,63,TNC;ITGA2;LRP4;LAMA1;DAG1;LAMC1;AGRN;ITGB6;COMP;TGFB2;ITGA9;ITGAV;LAMA5;ITGA7;TGFB1;VCAN;ITGB5;SPARC;COL3A1;SERPINE1;PTPRS;COL5A1;LAMB1;APP;ITGAX;MATN3;LAMA3;COL6A3;TNXB;TGFB3;HSPG2;ASPN;COL5A2;IBSP;ITGB3;COL4A4
REACTOME_PKR_MEDIATED_SIGNALING,0.000602558732422148,0.00231017689896341,0.477270815362862,0.511137969006863,1.55523629151165,70,TUBB6;STAT1;TUBA1A;STAT3;FANCE;UBE2I;ADAR;SPHK1;NPM1;ARIH1;TP53;PTPN2;TUBB3;TUBA1C;HERC5;EIF2S2;UBE2L6;TUBA1B;EIF2AK2;FANCA;ILF3;EIF2S3;DHX9;PPP2CB;FANCM;TUBA4A;PRKRA;ILF2;HSPA8;CHUK;FANCL;PPP2R1A;FAAP24;TUBB4B;EIF2S1;HSPA1B;TUBB2A;NCK1;IKBKB;IKBKG;CDK1;PPP2R1B
REACTOME_MET_ACTIVATES_RAP1_AND_RAC1,0.000614014393275707,0.00234394820354406,0.477270815362862,0.771983561712402,1.79429363772509,11,MET;DOCK7;RAP1B;RAC1;CRKL;GAB1;CRK;RAP1A;GRB2;RAPGEF1
REACTOME_CO_INHIBITION_BY_PD_1,0.000627383907463009,0.00238827655530036,0.477270815362862,0.429061204153067,1.37495073985677,191,TUSC3;B3GNT3;STAT1;HIF1A;TEAD1;MYC;TEAD3;JAK1;ERLIN1;STAT3;RELA;CTNNB1;DERL1;YWHAG;GSK3B;YAP1;AGO2;TCF7;NFKB2;ASH2L;KMT2A;NFKB1;PSMD2;PSMD1;AGO4;EP300;CUL3;MOV10;RBBP4;PSMC6;BRD4;HLA-DRA;HLA-DQB2;HLA-DQA1;PTPN11;CUL1;CSNK2A1;EZH2;KMT2C;RBBP7;CDK4;TEAD2;ATF3;CSK;CSNK2A2;PSMC1;CREBBP;PSMD14;PSMD7;AGO1;NEK2;PSMD11;HLA-DRB1;SUZ12;CD4;RBBP5;EED;VCP;PRKAA1;H3-3A;PSMB2;HLA-DPA1;HLA-DRB5;UBC;PSMD12;HLA-DQB1;BTRC;PRKAB1;H3-3B;PSMD6;PSMA5;TNRC6B;PSMD8;AGO3;PSMC2;TCF7L2;PTPN6;HLA-DQA2;NFE2L2;PRKAG1;RPN2;RNF185;PSMA4;STT3B;HLA-DPB1;SKP1;PSMA3;PSMD3;IRF1;H2AX;PSMA7;ERLEC1;ADRM1;SPOP;WWTR1;LCK;PSMD13;RNF5;STT3A;COPS5;WDR5;PSMA6;ERLIN2;TNRC6A;OS9;SEL1L;PSMB5
REACTOME_NETRIN_1_SIGNALING,0.000630840735306147,0.00238849103831628,0.477270815362862,0.576045296516062,1.66049904828851,39,SLIT2;FYN;UNC5B;SIAH2;TRPC5;SRC;TRPC1;ROBO1;CDC42;EZR;TRIO;RAC1;UNC5C;WASL;PITPNA;PTPN11;PTK2;NEO1;ABLIM1;RGMA;PLCG1;NCK1;SLIT3;ABLIM3;DOCK1;SIAH1;NTN4;SLIT1
REACTOME_DAP12_INTERACTIONS,0.000632712857832127,0.00238849103831628,0.477270815362862,0.577495813931038,1.65331699035725,37,FYN;PIK3CA;SIGLEC15;PIK3R1;CLEC5A;SHC1;RAC1;NRAS;TREM1;KRAS;CD300LB;HLA-C;GRB2;HLA-B;VAV2;PIK3CB;B2M;SOS1;PLCG1;CD300E;TYROBP;BTK;HLA-E;TREM2;LCP2
REACTOME_RRNA_MODIFICATION_IN_THE_NUCLEUS_AND_CYTOSOL,0.000632060688882598,0.00238849103831628,0.477270815362862,0.530743393735724,1.59326256680679,59,DDX52;UTP25;PDCD11;UTP14A;UTP3;RCL1;HEATR1;RRP9;NOL6;WDR75;UTP18;WDR43;UTP20;NAT10;UTP11;BMS1;NOP14;DIMT1;DCAF13;DHX37;NOP58;WDR46;PNO1;DKC1;UTP4;NOL11;RPS2;WDR3;WDR36;MPHOSPH10;RPS9;UTP6;KRR1;FCF1;UTP15;DDX47;GAR1;NHP2
REACTOME_HSP90_CHAPERONE_CYCLE_FOR_STEROID_HORMONE_RECEPTORS_SHR_IN_THE_PRESENCE_OF_LIGAND,0.000643686844700512,0.00242318676439888,0.477270815362862,0.543217764040616,1.60526615788492,50,TUBB6;DYNC1I2;TUBA1A;DNAJA1;CAPZA1;HSP90AA1;HSP90AB1;DYNC1H1;TUBB3;TUBA1C;TUBA1B;CAPZA2;DNAJB1;DYNC1LI1;TUBA4A;PTGES3;PGR;DCTN1;HSPA8;STIP1;DCTN4;ACTR10;FKBP5;ACTR1A;DYNC1LI2;TUBB4B;HSPA1B;TUBB2A;DNAJA4;DYNLL1;NR3C2;DCTN2;NR3C1;DCTN6;DNAJA2;DCTN5
REACTOME_FORMATION_OF_RNA_POL_II_ELONGATION_COMPLEX,0.00065156486251404,0.00244606808883033,0.477270815362862,0.532019083075032,1.58691174088678,55,CDK7;IWS1;POLR2D;ELL;SUPT16H;CCNH;GTF2F2;AFF4;ERCC3;GTF2H3;NCBP2;NELFA;CTR9;POLR2B;CCNK;EAF1;SUPT6H;CCNT1;CCNT2;SUPT5H;NELFB;NCBP1;POLR2A;LEO1;CDK9;CDC73;SSRP1;GTF2F1;TCEA1;ELOC;MNAT1;POLR2E;CTDP1;POLR2C;RTF1
REACTOME_SIGNALING_BY_HIPPO,0.000696136886952525,0.00260619842801235,0.477270815362862,0.663538858119305,1.73997401883137,20,AMOT;CASP3;MOB1A;YAP1;TJP1;AMOTL1;YWHAB;DVL2;LATS1;TJP2;STK3;STK4;NPHP4;AMOTL2;SAV1
REACTOME_SHC1_EVENTS_IN_ERBB2_SIGNALING,0.000722044798920876,0.00269576615860844,0.477270815362862,0.640227904923604,1.69471491792498,21,EGFR;ERBB3;PTPN12;HBEGF;SHC1;ERBB2;EREG;NRAS;KRAS;GRB2;SOS1;BTC;PRKCD
REACTOME_SARS_COV_1_HOST_INTERACTIONS,0.000729662160182902,0.00271674212517415,0.477270815362862,0.479130096231887,1.48499319695458,94,RUNX1;BCL2L1;IRAK2;SFN;YWHAH;YWHAZ;STING1;KPNA2;RELA;HNRNPA1;EEF1A1;UBE2I;CAV1;YWHAG;NPM1;IFIH1;SMAD3;YWHAB;SP1;NFKB1;NMI;NLRP3;TBK1;EP300;RPS4X;YWHAQ;SERPINE1;IKBKE;PPIG;PSMC6;KPNB1;RPS2;RPS12;ITCH;RPS9;RPS5;RPS27;RPS8;UBC;RPS3;RPSA;RIPK1;SMAD4;IRF3;RPS18;RPS25;PDPK1;MAVS;RPS29;RPS6;RPS13;RPS24;YWHAE;CASP1;TRIM25;RPS23;RPS3A;RPS17;RPS20;PYCARD;RPS27A;TLR7;UBA52;TOMM70;RPS11;RPS14;TRAF3;NFKBIA;RCAN3;RPS7
REACTOME_WNT5A_DEPENDENT_INTERNALIZATION_OF_FZD4,0.000735746990184457,0.00273191300453737,0.477270815362862,0.707410245144989,1.73285275367212,14,AP2A1;WNT5A;AP2M1;DVL2;AP2B1;CLTA;CLTC;ARRB2;AP2A2
REACTOME_REGULATION_OF_PD_L1_CD274_EXPRESSION,0.000755606271819848,0.00279800796567622,0.477270815362862,0.432458582665426,1.3782392104727,168,TUSC3;B3GNT3;STAT1;HIF1A;TEAD1;MYC;TEAD3;JAK1;ERLIN1;STAT3;RELA;CTNNB1;DERL1;YWHAG;GSK3B;YAP1;AGO2;TCF7;NFKB2;ASH2L;KMT2A;NFKB1;PSMD2;PSMD1;AGO4;EP300;CUL3;MOV10;RBBP4;PSMC6;BRD4;CUL1;CSNK2A1;EZH2;KMT2C;RBBP7;CDK4;TEAD2;ATF3;CSNK2A2;PSMC1;CREBBP;PSMD14;PSMD7;AGO1;NEK2;PSMD11;SUZ12;RBBP5;EED;VCP;PRKAA1;H3-3A;PSMB2;UBC;PSMD12;BTRC;PRKAB1;H3-3B;PSMD6;PSMA5;TNRC6B;PSMD8;AGO3;PSMC2;TCF7L2;NFE2L2;PRKAG1;RPN2;RNF185;PSMA4;STT3B;SKP1;PSMA3;PSMD3;IRF1;H2AX;PSMA7;ERLEC1;ADRM1;SPOP;WWTR1;PSMD13;RNF5;STT3A;COPS5;WDR5;PSMA6;ERLIN2;TNRC6A;OS9;SEL1L;PSMB5
REACTOME_DOWNSTREAM_SIGNALING_OF_ACTIVATED_FGFR3,0.000774025123153206,0.00285842429990545,0.477270815362862,0.659389989948974,1.72909459144653,20,FGF2;PIK3CA;PIK3R1;FGF9;SHC1;FGF20;NRAS;FGF18;GAB1;KRAS;PTPN11;GRB2;FRS2;FGFR3;SOS1;PLCG1
REACTOME_CASPASE_ACTIVATION_VIA_DEATH_RECEPTORS_IN_THE_PRESENCE_OF_LIGAND,0.000778637174853057,0.00286766374153199,0.477270815362862,0.694642711188857,1.72581603845316,15,TNFRSF10A;FAS;TNFRSF10B;CFLAR;TICAM1;CASP8
REACTOME_SIGNALING_BY_CSF3_G_CSF,0.00079892771509995,0.00293342197564119,0.477270815362862,0.596765384971499,1.66737653774997,30,LYN;STAT1;UBE2D1;GAB2;JAK1;STAT3;SHC1;STAT5A;HCK;KRAS;PTPN11;GRB2;TYK2;STAT5B;JAK2;CUL5;UBE2D3;SOCS3;UBC
REACTOME_TRANSCRIPTIONAL_AND_POST_TRANSLATIONAL_REGULATION_OF_MITF_M_EXPRESSION_AND_ACTIVITY,0.000800809089744578,0.00293342197564119,0.477270815362862,0.540566748013599,1.60071465423767,51,YWHAH;YWHAZ;CTNNB1;AKT3;UBE2I;YWHAG;GSK3B;MAPK1;EPRS1;TNFSF11;SIRT1;TFE3;YWHAB;EP300;RARS1;CSF1;MITF;XPO1;IARS1;EDN1;SOX9;CREBBP;CREB1;MARS1;AIMP1
REACTOME_TRNA_PROCESSING_IN_THE_NUCLEUS,0.000807536712025723,0.00295011395602946,0.477270815362862,0.529319908735906,1.58673471388088,58,SEH1L;NUP188;NUP205;FAM98B;NUP98;NDC1;CSTF2;NUP107;NUP62;RAN;TPR;CPSF1;NUP54;POM121C;NUP85;NUP133;NUP43;NUP58;NUP155;TRNT1;NUP93;RTCB;RANBP2;NUP160;NUP153;TSEN34;RPP30;C2orf49;NUP35;POM121;NUP214;CLP1;NUP37;DDX1;POP1;TSEN54;NUP50;TSEN15;SEC13;RPP40;RTRAF;NUP42
REACTOME_NUCLEAR_EVENTS_KINASE_AND_TRANSCRIPTION_FACTOR_ACTIVATION,0.000827745897263803,0.00301583558815418,0.477270815362862,0.531669553830075,1.58322935862015,54,ELK1;NAB2;MAPK7;MAPKAPK2;RPS6KA3;MAPK1;ATF1;NAB1;REST;RPS6KA2;TCF12;EP300;CDK5R1;PPP2CB;DNM2;MEF2D;MAPK14;F3;TRIB1;CREB1;DUSP3;JUNB;EGR3;MEF2A;DUSP7;PPP2R1A;ID2
REACTOME_SLC_TRANSPORTER_DISORDERS,0.000840556504738834,0.00305432163085582,0.477270815362862,0.492194703228215,1.50726982624178,77,SLC2A1;SLC34A2;SEH1L;SLC17A5;NUP188;SLC3A2;SLC26A2;SLC35C1;NUP205;NUP98;NDC1;NUP107;NUP62;SLC16A1;SLC6A20;SLC24A1;TPR;NUP54;POM121C;NUP85;NUP133;NUP43;SLC35A2;NUP58;NUP155;NUP93;RANBP2;NUP160;SLC9A6;NUP153;SLC6A14;SLC5A2;SLC22A5;NUP35;SLC2A10;CP;SLC29A3;GCKR;POM121;SLC40A1;NUP214;HEPH;SLC12A6;SLC35A3
REACTOME_POTENTIAL_THERAPEUTICS_FOR_SARS,0.000865511378471491,0.00313661323558068,0.477270815362862,0.445154826571584,1.4096859300947,144,GATAD2A;ROCK1;IFNGR1;JAK1;ATP1B3;JAK3;AP2A1;HSP90AA1;IL1R1;HDAC2;HSP90AB1;STAT2;MTA2;REST;IMPDH2;AP2M1;ARID4A;IFNAR1;IFNGR2;RCOR1;ROCK2;TBK1;GATAD2B;S1PR1;IFNAR2;ARID4B;CUL3;IMPDH1;TUBB;AP2B1;RBBP4;IL6R;BRD4;PTGES3;RBBP7;GRB2;TYK2;KEAP1;KDM1A;SAP30L;SUDS3;JAK2;AP2A2;ATP1B1;ITGA4;PHF21A;SOS1;COMT;NCK1;RIPK1;MTA1;FNTA;CRBN;BTK;VAV1;FURIN;NFE2L2
REACTOME_RESOLUTION_OF_AP_SITES_VIA_THE_MULTIPLE_NUCLEOTIDE_PATCH_REPLACEMENT_PATHWAY,0.000876051939871529,0.0031663685805463,0.477270815362862,0.622648766973919,1.69378341092959,25,POLD1;RFC3;POLD3;APEX1;PARG;POLE;LIG1;RFC4;PCNA;RFC2;RPA1;POLE3;PARP2;POLD4;RFC1;FEN1;ADPRS;POLE2
REACTOME_SIGNALING_BY_FLT3_ITD_AND_TKD_MUTANTS,0.000921856783265073,0.00332308585797675,0.477270815362862,0.700419983548284,1.7657353160213,16,PIK3CA;BCL2L1;NOX4;GAB2;PIK3R1;STAT5A;NRAS;KRAS;PTPN11;GRB2;CDKN1A;STAT5B
REACTOME_SIGNALING_BY_KIT_IN_DISEASE,0.000926764378596721,0.00333193859924059,0.477270815362862,0.673364830612334,1.74854489454766,19,LYN;FYN;STAT1;PIK3CA;SRC;STAT3;PIK3R1;STAT5A;NRAS;KRAS;GRB2;STAT5B;JAK2;YES1;SOS1
REACTOME_UNWINDING_OF_DNA,0.000984200732488705,0.00351981261961092,0.45505986738723,0.72228295427285,1.71766618112955,12,MCM4;MCM6;MCM5;MCM2;MCM3;MCM7;GINS4;GINS1;CDC45
REACTOME_NOTCH_HLH_TRANSCRIPTION_PATHWAY,0.000983328493727338,0.00351981261961092,0.45505986738723,0.605739002992325,1.67770067469799,28,MAMLD1;NOTCH2;MAML2;MAML1;HDAC2;SNW1;NCOR2;RBPJ;NCOR1;TBL1XR1;NOTCH3;CREBBP;HDAC7;HDAC6;MAML3;TBL1X
REACTOME_GAMMA_CARBOXYLATION_HYPUSINYLATION_HYDROXYLATION_AND_ARYLSULFATASE_ACTIVATION,0.00099378932482682,0.00353549657706714,0.45505986738723,0.524395060127178,1.56417073043503,55,PROS1;ARSJ;STS;PROC;ARSI;EEF2;OGFOD1;ARSB;GGCX;RIOX1;ZC3H15;ETF1;FN3KRP;DPH3;U2AF2;ICMT;ARSD;DNAJC24;DPH2;SUMF1;ARSA;DRG2;F7;FURIN;DPH1;DPH5;DPH6;DRG1;EIF5A2;RPL8;RPS6;JMJD6;ARSL
REACTOME_TP53_REGULATES_TRANSCRIPTION_OF_DNA_REPAIR_GENES,0.000992087630777459,0.00353549657706714,0.45505986738723,0.512904609145301,1.54198125127187,60,FANCD2;CDK7;DDB2;FANCI;POLR2D;ELL;MSH2;SUPT16H;TP53;CHEK1;CCNH;ATM;GTF2F2;ERCC3;GTF2H3;CDK12;NELFA;POLR2B;CDK13;CCNK;CCNT1;CCNT2;SUPT5H;NELFB;POLR2A;CDK9;SSRP1;GTF2F1;TCEA1;ATR;ELOC;MNAT1;POLR2E;CTDP1;POLR2C;MDC1;MLH1;ATF2
REACTOME_DOWNSTREAM_TCR_SIGNALING,0.00100576809166796,0.0035687698082944,0.45505986738723,0.48108215762202,1.48318563741347,86,RIPK2;PIK3CA;UBE2D1;BCL10;RELA;PIK3R1;MAP3K7;MALT1;CARD11;NFKB1;PSMD2;INPP5D;PSMD1;FBXW11;PSMC6;TAB2;HLA-DRA;HLA-DQB2;HLA-DQA1;CUL1;PSMC1;PSMD14;PSMD7;PIK3CB;PSMD11;CHUK;HLA-DRB1;CD4;PSMB2;HLA-DPA1;HLA-DRB5;PTEN;UBC;PSMD12;HLA-DQB1;BTRC;PSMD6;PSMA5;PSMD8;UBE2N;PSMC2;IKBKB;IKBKG;HLA-DQA2;PSMA4;PDPK1;HLA-DPB1;SKP1;PSMA3;PSMD3;PSMA7;ADRM1;LCK;PSMD13;PSMA6;CDC34;PSMB5;UBE2D2;CD3E;RPS27A;UBA52;UBE2V1
REACTOME_RNA_POLYMERASE_II_TRANSCRIPTION_TERMINATION,0.00100849758593623,0.00356913598772744,0.45505986738723,0.509153751605991,1.53845554932856,64,THOC5;SLBP;CSTF2;EIF4A3;THOC2;NUDT21;FYTTD1;LSM11;CPSF1;SRSF4;NCBP2;CPSF3;CPSF6;POLDIP3;CPSF7;SRRM1;DHX38;CDC40;FIP1L1;SLU7;NCBP1;SYMPK;CSTF2T;SRSF7;THOC6;U2AF2;WDR33;SRSF3;CSTF3;CPSF2;RNPS1;RBM8A;SRSF11;CLP1;CASC3;SNRPE;SRSF1;SRSF9;SRSF6;DDX39B;CSTF1;SRSF2;SNRPB;SRSF5;PAPOLA;ZNF473;ALYREF;CHTOP;U2AF1;PCF11
REACTOME_REGULATION_OF_EXPRESSION_OF_SLITS_AND_ROBOS,0.00102166173996351,0.00360633325872834,0.45505986738723,0.43955799493195,1.39413266647894,151,SLIT2;PABPC1;DAG1;ROBO1;EIF4G1;EIF4A3;PSMD2;PSMD1;RPS4X;RPLP0;RPL39L;RPL10A;NCBP2;PSMC6;LDB1;PSMC1;RPS2;PSMD14;PSMD7;ETF1;RPS12;NCBP1;PSMD11;RPL15;RPS9;RPS5;RPL7;RPS27;RPL3;RPS8;PSMB2;RPL23A;RPL4;UBC;PSMD12;RPL22L1;ZSWIM8;RPL14;RPS3;RPL7A;RPL12;RNPS1;PSMD6;PSMA5;GSPT1;RBM8A;RPSA;CUL2;RPLP1;UPF2;PSMD8;GSPT2;CASC3;ELOC;PSMC2;RPL10;RPL21;RPL13A;RPL5;USP33;RPS18;RPS25;PSMA4;RPL30;RPL22;PSMA3;PSMD3;RPL8;RPS29;RPS6;PSMA7;SLIT1;RPS13;RPL23;RPL31;ADRM1;RPL32;RPS24;PSMD13;RPS23;RPS3A;RPS17;RPL36;PSMA6;RPL37A;RPL28;RPS20;PSMB5;RPL36A;RPL35A;RPL11;RPL9;RPS27A;UBA52;MAGOHB;RPL17;RPL27;RPS11;RPS14;RPL41;RPS7;UPF3A;PSMB4;RBX1;RPS27L
REACTOME_SIGNALING_BY_NOTCH3,0.00105408752837595,0.00371115272296093,0.45505986738723,0.547929427947071,1.60958379130585,47,MAMLD1;EGFR;STAT1;MAML2;MIB1;MAML1;NEURL1;DLGAP5;HEY2;PLXND1;PSEN1;SNW1;NCSTN;ADAM10;EP300;JAG1;PBX1;RBPJ;APH1A;HEYL;WWP2;NOTCH3;CREBBP;NEURL1B;UBC;MAML3
REACTOME_ATP_DEPENDENT_CHROMATIN_REMODELERS,0.00105728881015884,0.00371280489148803,0.45505986738723,0.598804433574344,1.66592144076052,29,SMARCA4;SMARCC1;ACTL6A;BCL7A;SMARCC2;PHF10;PBRM1;BRD9;SMARCB1;SS18;DPF2;BRD7;BICRAL;ACTB;SS18L1;ARID2;BCL7C;SMARCD1;ARID1B;ARID1A
REACTOME_REGULATION_OF_GLUCOKINASE_BY_GLUCOKINASE_REGULATORY_PROTEIN,0.00106892772890904,0.00374400201955513,0.45505986738723,0.583899878594826,1.64563081338985,32,SEH1L;NUP188;NUP205;NUP98;NDC1;NUP107;NUP62;TPR;NUP54;POM121C;NUP85;NUP133;NUP43;NUP58;NUP155;NUP93;RANBP2;NUP160;NUP153;NUP35;GCKR;POM121;NUP214;NUP37;NUP50
REACTOME_FGFR1_MUTANT_RECEPTOR_ACTIVATION,0.00108543626526285,0.00379205111694657,0.45505986738723,0.617173805834073,1.68955208806143,26,STAT1;FGF2;PIK3CA;GAB2;STAT3;PIK3R1;FGF9;CNTRL;STAT5A;FGF20;BAG4;CPSF6;FGFR1OP2;GRB2;LRRFIP1;STAT5B
REACTOME_O_LINKED_GLYCOSYLATION_OF_MUCINS,0.00111005535358227,0.00386811596286744,0.45505986738723,0.546628333214449,1.60576172794191,47,B4GALT5;GCNT4;GALNT7;B3GNT3;MUC21;GALNT5;MUC1;B3GNT5;MUC20;B3GNT7;GALNT12;GALNT2;B3GNT2;B4GALT6;GALNT3;C1GALT1C1;B3GNT8;GALNTL6;GALNT1;B3GNT6;GALNT6;MUC4;ST6GALNAC4;GALNT13
REACTOME_M_DECAY_DEGRADATION_OF_MATERNAL_MRNAS_BY_MATERNALLY_STORED_FACTORS,0.00111976807216844,0.0038919816114499,0.45505986738723,0.616668443714627,1.69790533740149,27,PABPC1;POLR2D;AGO2;EIF4G1;CNOT6;TNKS1BP1;EIF4A2;CNOT8;CNOT6L;EIF4A3;PAIP1;EIF4B;CNOT10;CNOT11;RPS2;CNOT7;CNOT1;CNOT2;EIF4A1;ELOC;CNOT9;CNOT3
REACTOME_FOLDING_OF_ACTIN_BY_CCT_TRIC,0.00118644206472075,0.00411320093355993,0.45505986738723,0.761827742887929,1.73248631808068,10,CCT8;TCP1;CCT6A;CCT4;CCT2;CCT5;CCT7;ACTB;CCT3
REACTOME_DISORDERS_OF_TRANSMEMBRANE_TRANSPORTERS,0.00126096403591905,0.00436043288756741,0.45505986738723,0.44074646400406,1.39360944690279,138,SLC2A1;SLC34A2;SEH1L;SLC17A5;ERLIN1;DERL1;NUP188;ABCA1;LMBRD1;ABCA12;SLC3A2;SLC26A2;SLC35C1;NUP205;NUP98;NDC1;NUP107;PSMD2;PSMD1;NUP62;SLC16A1;SLC6A20;SLC24A1;TPR;NUP54;POM121C;PSMC6;NUP85;NUP133;NUP43;SLC35A2;NUP58;NUP155;NUP93;PSMC1;PSMD14;RANBP2;PSMD7;NUP160;PSMD11;SLC9A6;NUP153;SLC6A14;SLC5A2;VCP;SLC22A5;PSMB2;UBC;PSMD12;NUP35;SLC2A10;CP;SLC29A3;GCKR;POM121;PSMD6;PSMA5;SLC40A1;NUP214;HEPH;CFTR;SLC12A6;PSMD8;SLC35A3;PSMC2;NUP37;ABCD4;NUP50;RNF185;PSMA4;SLC7A7;PSMA3;PSMD3;SEC13;SLC11A2;PSMA7;ERLEC1;NUP42;ADRM1;PSMD13;RNF5;NUP88;PSMA6;ERLIN2;SLC35A1;OS9;SEL1L;PSMB5
REACTOME_TP53_REGULATES_TRANSCRIPTION_OF_SEVERAL_ADDITIONAL_CELL_DEATH_GENES_WHOSE_SPECIFIC_ROLES_IN_P53_DEPENDENT_APOPTOSIS_REMAIN_UNCERTAIN,0.00126604274473492,0.00436688347739786,0.45505986738723,0.715461222362315,1.72653649615002,13,PERP;TP53BP2;RABGGTA;RABGGTB;TP63;TP53;BCL6;TP53I3;CHM;NDRG1;TP73;BIRC5
REACTOME_REGULATION_BY_C_FLIP,0.00131847340268913,0.00453621608672032,0.45505986738723,0.755185143300371,1.75524967775567,11,TNFRSF10A;FAS;TNFRSF10B;CFLAR;CASP8
REACTOME_ESTROGEN_DEPENDENT_NUCLEAR_EVENTS_DOWNSTREAM_OF_ESR_MEMBRANE_SIGNALING,0.00133166856633859,0.00457004439811653,0.45505986738723,0.64655030939855,1.7221024539981,22,TGFA;EGFR;ELK1;AREG;HBEGF;AKT3;MAPK1;EREG;FOXO3;UHMK1;XPO1;PTK2;CREB1;AKT1
REACTOME_CRMPS_IN_SEMA3A_SIGNALING,0.00144380760871564,0.00494240438348755,0.45505986738723,0.680962818191063,1.69182881256042,15,FYN;PLXNA3;GSK3B;PLXNA1;PLXNA2;CRMP1;CDK5R1;DPYSL2;DPYSL3;SEMA3A
REACTOME_DOWNSTREAM_SIGNALING_OF_ACTIVATED_FGFR4,0.00145785363439985,0.00497794746017435,0.45505986738723,0.647390084770183,1.69762767284177,20,FGF2;PIK3CA;PIK3R1;FGF9;SHC1;FGF20;NRAS;FGF18;GAB1;KRAS;PTPN11;GRB2;FRS2;SOS1;PLCG1
REACTOME_RIBOSOME_ASSOCIATED_QUALITY_CONTROL,0.00151867512498459,0.00517263031291743,0.45505986738723,0.44278296049611,1.4012936834657,142,ASCC3;UBE2D1;ABCE1;PSMD2;PSMD1;RPS4X;RPLP0;RPL39L;RPL10A;ZNF598;PSMC6;NPLOC4;NEMF;PSMC1;RPS2;PSMD14;PSMD7;RPS12;LTN1;PSMD11;RPL15;HBS1L;RPS9;RPS5;UBE2D3;RPL7;RPS27;VCP;RPL3;TCF25;RPS8;PSMB2;RPL23A;RPL4;UBC;PSMD12;RPL22L1;RPL14;RPS3;RPL7A;RPL12;PSMD6;PSMA5;RPSA;CUL2;RPLP1;PSMD8;ELOC;PSMC2;RPL10;RPL21;RPL13A;RPL5;RPS18;RPS25;PSMA4;RPL30;RPL22;PSMA3;PSMD3;RPL8;RPS29;RPS6;PSMA7;ANKZF1;RCHY1;RPS13;RPL23;RPL31;ADRM1;RPL32;RPS24;PSMD13;PELO;RPS23;RPS3A;RPS17;RPL36;PSMA6;RPL37A;RPL28;RPS20;PSMB5;UBE2D2;RPL36A;RPL35A;RPL11;RPL9;RPS27A;UBA52;RPL17;RPL27;UFD1;KLHDC10;RPS11;RPS14;RPL41;RPS7;PSMB4;RBX1;RPS27L
REACTOME_DOWNSTREAM_SIGNALING_EVENTS_OF_B_CELL_RECEPTOR_BCR,0.00152523297097518,0.00518197901888818,0.45505986738723,0.49920487328548,1.51569203072394,68,BCL10;RELA;PPP3CA;MAP3K7;PPP3CB;MALT1;CARD11;REL;NFKB1;NRAS;PSMD2;PSMD1;FBXW11;NFKBIE;PSMC6;KRAS;RASGRP1;CUL1;PSMC1;PSMD14;PSMD7;PSMD11;CHUK;CALM1;PSMB2;UBC;PSMD12;BTRC;PSMD6;PSMA5;PPP3R1;PSMD8;PSMC2;IKBKB;IKBKG;NFATC2;PSMA4;SKP1;PSMA3;PSMD3;PSMA7;ADRM1;PSMD13;PSMA6;NFATC3;PSMB5
REACTOME_RAF_INDEPENDENT_MAPK1_3_ACTIVATION,0.00156702099462788,0.00531067713640722,0.45505986738723,0.661244687305274,1.71707218653368,19,PEA15;JAK1;MAPK1;IL6ST;DUSP8;DUSP2;IL6R;PTPN11;MAP2K1;TYK2;IL6;JAK2;DUSP16;DUSP7
REACTOME_PI_3K_CASCADE_FGFR4,0.00159541321151904,0.00539344914043377,0.45505986738723,0.707389121433737,1.70705706607304,13,FGF2;PIK3CA;PIK3R1;FGF9;FGF20;FGF18;GAB1;PTPN11;GRB2;FRS2
REACTOME_CARGO_CONCENTRATION_IN_THE_ER,0.00161939958912604,0.00546095295687914,0.45505986738723,0.5877639796513,1.65028902762425,31,SEC23A;CTSC;TGFA;SERPINA1;AREG;COL7A1;CD59;CNIH3;CNIH1;SEC24B;SEC24D;SEC24A;LMAN1;SEC24C;F5
REACTOME_TCF_DEPENDENT_SIGNALING_IN_RESPONSE_TO_WNT,0.00168434684638379,0.00566590931741476,0.45505986738723,0.425791934219707,1.36296608518537,187,SOX4;RSPO4;CCDC88C;FZD6;SMURF2;DVL1;BCL9;MYC;YWHAZ;CTNNB1;SMARCA4;BCL9L;CSNK1E;CAV1;ZNRF3;GSK3B;AXIN1;CSNK1G2;TCF7;CSNK1A1;TNKS;ASH2L;WNT5A;RYK;TRRAP;XIAP;LGR4;PSMD2;PSMD1;DVL2;DKK2;USP34;EP300;TNKS2;CUL3;DVL3;PPP2CB;PSMC6;XPO1;TLE4;WNT3;KMT2B;PPP2R5E;CSNK2A1;RNF146;CSNK2A2;SFRP2;PSMC1;SOX9;CREBBP;PSMD14;PSMD7;AKT1;PSMD11;LEO1;CDC73;RBBP5;RSPO1;LRP5;KREMEN2;KLHL12;H3-3A;PPP2R1A;PSMB2;CHD8;UBC;AMER1;PSMD12;BTRC;CTBP1;H3-3B;PSMD6;PSMA5;USP8;PSMD8;KREMEN1;KAT5;SOX13;PSMC2;TCF7L2;LGR6;TLE2;PPP2R5C;PPP2R1B;PSMA4;PSMA3;PSMD3;H2AX;TLE3;PPP2R5D;RNF43;PSMA7;WNT9A;ADRM1;PSMD13;FRAT1;PPP2CA;APC;WDR5;PPP2R5A;PSMA6;FZD5
REACTOME_SIGNALING_BY_NOTCH1,0.00170665595823712,0.00571439454576215,0.354819512103747,0.493967647548394,1.50480111644048,71,MAMLD1;DTX4;HIF1A;MAML2;MYC;MIB1;MAML1;NEURL1;HDAC2;HEY2;PSEN1;SNW1;NCSTN;ADAM10;ADAM17;EP300;JAG1;NCOR2;RBPJ;NCOR1;TBL1XR1;TLE4;APH1A;HEYL;CUL1;CREBBP;ARRB2;ITCH;HDAC7;NEURL1B;HDAC6;UBC;MAML3;TBL1X;CDK8;DTX2;JAG2;TLE2;SKP1;TLE3;HDAC5;APH1B;DLL1;DTX1
REACTOME_APC_C_MEDIATED_DEGRADATION_OF_CELL_CYCLE_PROTEINS,0.00170717011448082,0.00571439454576215,0.354819512103747,0.488245488537014,1.49205258483054,75,CCNA1;UBE2D1;CDK2;ANAPC1;CDC14A;PSMD2;PSMD1;UBE2E1;MAD2L1;CCNA2;BUB1B;BUB3;PSMC6;FZR1;CUL1;PSMC1;PSMD14;CDC16;PSMD7;NEK2;PSMD11;FBXO5;UBE2C;PSMB2;AURKB;UBC;PSMD12;BTRC;PSMD6;PSMA5;RB1;PSMD8;PSMC2;CDK1;CDC27;CCNB1;PLK1;PSMA4;SKP1;PSMA3;PSMD3;PSMA7;ANAPC4;CDC23;ADRM1;PSMD13;ANAPC5;PSMA6
REACTOME_NONSENSE_MEDIATED_DECAY_NMD,0.00174044092566912,0.00581144771003522,0.45505986738723,0.45611858749482,1.42722739168043,113,PABPC1;EIF4G1;EIF4A3;UPF1;RPS4X;RPLP0;RPL39L;SMG6;PPP2R2A;SMG9;RPL10A;NCBP2;DCP1A;RPS2;SMG8;ETF1;RPS12;NCBP1;RPL15;SMG5;RPS9;RPS5;RPL7;RPS27;RPL3;SMG1;RPS8;PPP2R1A;RPL23A;RPL4;RPL22L1;RPL14;RPS3;RPL7A;RPL12;RNPS1;GSPT1;RBM8A;RPSA;RPLP1;UPF2;GSPT2;CASC3;RPL10;RPL21;RPL13A;SMG7;RPL5;RPS18;RPS25;RPL30;RPL22;RPL8;RPS29;RPS6;RPS13;PNRC2;RPL23;RPL31;RPL32;RPS24;PPP2CA;RPS23;RPS3A;RPS17;RPL36;RPL37A;RPL28;RPS20;RPL36A;RPL35A;RPL11;RPL9;RPS27A;UBA52;MAGOHB;RPL17;RPL27;RPS11;RPS14;RPL41;RPS7;UPF3A;RPS27L
REACTOME_TURBULENT_OSCILLATORY_DISTURBED_FLOW_SHEAR_STRESS_ACTIVATES_SIGNALING_BY_PIEZO1_AND_INTEGRINS_IN_ENDOTHELIAL_CELLS,0.0017591059602649,0.005859375,0.354819512103747,0.589885736172507,1.64110891701769,29,ANXA2;STAT1;RELA;CAPN2;VCL;YAP1;ITGAV;NFKB1;NLRP3;IKBKE;PPP2R2A;PTPN1;PTK2;GNAQ;ABL1;CHUK;PPP2R1A;GNA11;ITGB3;IKBKB;IKBKG;PPP2R1B;ITGA5
REACTOME_TNFR1_INDUCED_PROAPOPTOTIC_SIGNALING,0.00178178388009643,0.00592040169450133,0.354819512103747,0.621016671900254,1.6781435555752,24,TNFRSF1A;USP4;BIRC2;OPTN;CASP8;OTUD7B;XIAP;BIRC3;TBK1;OTUD1;IKBKE;RBCK1;FADD;TNFAIP3;RIPK1;CYLD
REACTOME_LAGGING_STRAND_SYNTHESIS,0.00180697278911565,0.00596037869031108,0.354819512103747,0.642989495227484,1.68608816557984,20,POLD1;RFC3;PRIM2;POLA1;POLD3;LIG1;RFC4;PRIM1;PCNA;RFC2;RPA1;POLD4;RFC1;FEN1
REACTOME_TRANSCRIPTION_COUPLED_NUCLEOTIDE_EXCISION_REPAIR_TC_NER,0.00180559735179055,0.00596037869031108,0.34452128726268,0.485480417599687,1.48539782321021,76,CDK7;POLD1;ERCC6;RFC3;POLR2D;ELL;CUL4B;POLD3;POLE;LIG1;CCNH;RFC4;PCNA;ERCC3;GTF2H3;RFC2;POLR2B;RPA1;POLE3;DDB1;AQR;POLR2A;CUL4A;ERCC5;POLD4;RFC1;ZNF830;UBC;COPS2;POLE2;ERCC4;TCEA1;USP7;COPS7B;PRPF19;MNAT1;COPS8;LIG3;XRCC1;POLK;POLR2E;RPA2;ERCC1;POLR2C
REACTOME_MATERNAL_TO_ZYGOTIC_TRANSITION_MZT,0.00180451127819549,0.00596037869031108,0.34452128726268,0.475096535106428,1.46344674802988,85,TET3;KDM5B;PABPC1;YAP1;POLR2D;SRPK1;UHRF1;AGO2;EIF4G1;KDM5A;TP53;CNOT6;TNKS1BP1;EIF4A2;TUT7;CNOT8;CNOT6L;EIF4A3;PAIP1;EP300;EIF4B;ZSCAN4;KDM6B;CNOT10;CNOT11;TUT4;RPS2;CREBBP;CNOT7;CNOT1;CNOT2;KDM6A;H3-3A
REACTOME_NRAGE_SIGNALS_DEATH_THROUGH_JNK,0.00181360201511335,0.00596776062600253,0.34452128726268,0.512556775879775,1.53648411046084,58,NGEF;ABR;TIAM1;NGFR;PLEKHG5;ARHGEF38;FGD1;AKAP13;ECT2;NET1;ARHGEF18;ARHGEF2;ARHGEF26;TRIO;ITSN1;RAC1;PLEKHG2;ARHGEF12;GNA13;ARHGEF17;OBSCN;VAV2;FGD4;SOS1;AATF;ARHGEF1;BCL2L11
REACTOME_BUTYRATE_RESPONSE_FACTOR_1_BRF1_BINDS_AND_DESTABILIZES_MRNA,0.00183942869508764,0.00603539819515392,0.354819512103747,0.659965177032155,1.68104860017984,17,ZFP36L1;MAPKAPK2;YWHAB;DIS3;EXOSC9;XRN1;DCP2;DCP1A;AKT1;EXOSC8;EXOSC2;EXOSC6;EXOSC3
REACTOME_COOPERATION_OF_PDCL_PHLP1_AND_TRIC_CCT_IN_G_PROTEIN_BETA_FOLDING,0.00184748024222519,0.00603539819515392,0.34452128726268,0.57536471131517,1.62840665511179,33,CCT8;GNB1;GNG12;GNB5;GNA15;TCP1;GNB4;CCT6A;CCT4;CCT2;PDCL;RGS11;CSNK2A1;GNAQ;CCT5;CSNK2A2;CCT7;CCT3;GNA11;GNB2
REACTOME_AGGREPHAGY,0.00184331797235023,0.00603539819515392,0.34452128726268,0.568856542683317,1.62388690019716,36,TUBB6;ARL13B;DYNC1I2;TUBA1A;HSP90AA1;DYNC1H1;TUBB3;TUBA1C;TUBA1B;DYNC1LI1;TUBA4A;PCNT;HSF1;VCP;HDAC6;UBC;DYNC1LI2;TUBB4B;CFTR;TUBB2A;UBE2N;DYNLL1
REACTOME_REGULATION_OF_EXPRESSION_AND_FUNCTION_OF_TYPE_II_CLASSICAL_CADHERINS,0.00186683260734287,0.00608399403688002,0.34452128726268,0.5920781827212,1.63986463100166,28,AMOT;CDH11;CTNNB1;CTNNA1;AGO2;ZC3H12A;CDH24;SP1;AGO4;ANGPTL4;ILF3;MOV10;HEYL;JUP;AGO1;TNRC6B;CTNND1;AGO3;ADAM19
REACTOME_SARS_COV_2_TARGETS_HOST_INTRACELLULAR_SIGNALLING_AND_REGULATORY_PATHWAYS,0.00191269126912691,0.00614502939655668,0.354819512103747,0.720816730367438,1.71417934373239,12,SFN;YWHAH;YWHAZ;AKT3;CAV1;YWHAG;YWHAB;YWHAQ
REACTOME_REGULATION_OF_IFNA_IFNB_SIGNALING,0.00190092810019009,0.00614502939655668,0.354819512103747,0.704988993996332,1.70126512726969,13,STAT1;JAK1;STAT2;IFNAR1;IFNAR2;PTPN1;PTPN11;IFNA1;TYK2;SOCS3;USP18
REACTOME_REGULATION_OF_SIGNALING_BY_CBL,0.00190456036398265,0.00614502939655668,0.34452128726268,0.631016715418366,1.67033244389299,21,LYN;FYN;PIK3CA;PIK3R1;CBL;PIK3CD;CRKL;CRK;HCK;GRB2;PIK3CB;RAPGEF1;YES1;UBC
REACTOME_DOWNSTREAM_SIGNALING_OF_ACTIVATED_FGFR2,0.00190073917634636,0.00614502939655668,0.34452128726268,0.623209037677391,1.65993240980179,22,FGF2;PIK3CA;PIK3R1;FGF9;SHC1;FGF20;NRAS;FGF18;GAB1;KRAS;PTPN11;GRB2;FRS2;SOS1;PLCG1
REACTOME_SIGNALING_BY_INSULIN_RECEPTOR,0.00190993164455167,0.00614502939655668,0.335068558717014,0.499864026713741,1.51216170519192,65,PTPRF;ATP6V1B2;FGF2;PIK3CA;KL;GAB2;PIK3R1;FGF9;MAPK1;ATP6V0A2;SHC1;IRS2;FGF20;TCIRG1;NRAS;FGF18;GAB1;IDE;PIK3C3;PTPN1;KRAS;PTPN11;GRB2;PIK3CB;ATP6V1A;FRS2;FGFR3;SOS1;ATP6V1C1;ATP6V1E1;PIK3R4;ATP6V1G1;CTSD;INSR;PDPK1;FGF1
REACTOME_DEGRADATION_OF_BETA_CATENIN_BY_THE_DESTRUCTION_COMPLEX,0.00190667335674862,0.00614502939655668,0.335068558717014,0.492189109657104,1.50065200049048,72,MYC;CTNNB1;GSK3B;AXIN1;TCF7;CSNK1A1;PSMD2;PSMD1;PPP2CB;PSMC6;TLE4;PPP2R5E;CUL1;ZRANB1;PSMC1;PSMD14;PSMD7;PSMD11;PPP2R1A;PSMB2;CTBP2;UBC;AMER1;PSMD12;BTRC;CTBP1;PSMD6;PSMA5;PSMD8;PSMC2;TCF7L2;TLE2;PPP2R5C;PPP2R1B;TLE5;PSMA4;SKP1;PSMA3;PSMD3;TLE3;PPP2R5D;PSMA7;ADRM1;PSMD13;FRAT1;PPP2CA;APC;PPP2R5A;PSMA6
REACTOME_SIGNALING_BY_FLT3_FUSION_PROTEINS,0.0019271948608137,0.00617702315057978,0.34452128726268,0.646998041100488,1.68007753021468,19,PIK3CA;NOX4;GAB2;PIK3R1;STAT5A;ETV6;NRAS;KRAS;TRIP11;GRB2;CDKN1A;STAT5B;GOLGB1;SOS1;ZMYM2;MYO18A;PIM1
REACTOME_LAMININ_INTERACTIONS,0.00198130029255359,0.00632502098052155,0.431707695803346,0.605915303357618,1.66829815611618,27,LAMB3;ITGB4;ITGA3;ITGA2;LAMA1;LAMC1;ITGAV;NID1;LAMA5;ITGA7;COL7A1;NID2;LAMB1;LAMA3;HSPG2
REACTOME_RHO_GTPASES_ACTIVATE_IQGAPS,0.00198267765835333,0.00632502098052155,0.335068558717014,0.597149715796727,1.63473488290087,26,IQGAP1;TUBB6;IQGAP3;TUBA1A;CTNNB1;CTNNA1;ACTG1;CDC42;TUBB3;RAC1;TUBA1C;TUBA1B;TUBA4A;ACTB;CALM1;TUBB4B;CDH1;TUBB2A
REACTOME_PI_3K_CASCADE_FGFR1,0.00199423886549967,0.00634700378972845,0.34452128726268,0.688385770846562,1.68625092269576,14,FGF2;PIK3CA;KL;PIK3R1;FGF9;FGF20;GAB1;PTPN11;GRB2;FRS2
REACTOME_REGULATION_OF_PD_L1_CD274_POST_TRANSLATIONAL_MODIFICATION,0.00200541461947258,0.00635281694140613,0.326351610990907,0.476230870775395,1.46256510113508,81,TUSC3;B3GNT3;JAK1;ERLIN1;DERL1;YWHAG;GSK3B;PSMD2;PSMD1;CUL3;PSMC6;CUL1;CSNK2A1;CDK4;CSNK2A2;PSMC1;PSMD14;PSMD7;NEK2;PSMD11;VCP;PRKAA1;PSMB2;UBC;PSMD12;BTRC;PRKAB1;PSMD6;PSMA5;PSMD8;PSMC2;PRKAG1;RPN2;RNF185;PSMA4;STT3B;SKP1;PSMA3;PSMD3;PSMA7;ERLEC1;ADRM1;SPOP;PSMD13;RNF5;STT3A;COPS5;PSMA6;ERLIN2;OS9;SEL1L;PSMB5
REACTOME_REPRODUCTION,0.00200080032012805,0.00635281694140613,0.326351610990907,0.44621395386911,1.39589929944753,112,RBBP8;FIGNL1;LMNA;TFAP2C;BRCA2;CATSPER1;CDK2;UBE2I;PRDM1;RAD51;SUN2;NBN;B4GALT1;BLM;CD9;SMC3;CATSPERG;LMNB1;MRE11;TINF2;ATM;TET2;STAG1;STAG2;RPA1;RAD50;BMP4;CDK4;RAD21;SUN1;REC8;SMC1A;TERF1;STAG3;TOP3A;DMC1;ACD;H3-3A;TERF2;SYCP3;DIDO1;H3-3B
REACTOME_TRANSCRIPTIONAL_REGULATION_BY_MECP2,0.0020240866309078,0.00639705518931094,0.326351610990907,0.523220970367555,1.54355823841805,49,MET;SLC2A3;GPRIN1;HTT;HIPK2;AGO2;BDNF;HDAC2;LBR;AGO4;CAMK2D;MOV10;NCOR2;NCOR1;PTPN1;TBL1XR1;DGCR8;MECP2;CREB1;AGO1;CALM1;AURKB;SIN3A;PTEN;FKBP5;TNRC6B;TBL1X;AGO3
REACTOME_EGFR_DOWNREGULATION,0.00205824162116561,0.00648990803518344,0.431707695803346,0.604816813207854,1.66527362598596,27,STAM;PTPRK;TGFA;EGFR;PTPN12;AREG;HBEGF;CBL;SH3GL1;HGS;CDC42;EREG
REACTOME_PI_3K_CASCADE_FGFR2,0.002084018865855,0.00655597601550218,0.335068558717014,0.673337232120153,1.67288330498969,15,FGF2;PIK3CA;PIK3R1;FGF9;FGF20;FGF18;GAB1;PTPN11;GRB2;FRS2
REACTOME_SIGNALING_BY_PDGFR_IN_DISEASE,0.00209265937267349,0.00656395850650866,0.431707695803346,0.655627517582862,1.68729140888972,18,STAT1;PIK3CA;STAT3;STRN;PIK3R1;ETV6;NRAS;KRAS;GRB2;FIP1L1;PIK3CB;KANK1;SOS1;WDR48
REACTOME_CASPASE_ACTIVATION_VIA_EXTRINSIC_APOPTOTIC_SIGNALLING_PATHWAY,0.00209621632952521,0.00656395850650866,0.326351610990907,0.61754793469489,1.66877015345807,24,TNFRSF10A;FAS;UNC5B;TNFRSF10B;CFLAR;TICAM1;CASP8;CASP3;DAPK2;DAPK1;DAPK3;FADD;LY96;APPL1;RIPK1
REACTOME_DUAL_INCISION_IN_TC_NER,0.00211225105612553,0.0065838284065931,0.318279675040437,0.499194002084022,1.50620412616051,63,CDK7;POLD1;ERCC6;RFC3;POLR2D;CUL4B;POLD3;POLE;CCNH;RFC4;PCNA;ERCC3;GTF2H3;RFC2;POLR2B;RPA1;POLE3;DDB1;AQR;POLR2A;CUL4A;ERCC5;POLD4;RFC1;ZNF830;UBC;POLE2;ERCC4;TCEA1;USP7;PRPF19;MNAT1;POLK;POLR2E;RPA2;ERCC1;POLR2C
REACTOME_CELL_DEATH_SIGNALLING_VIA_NRAGE_NRIF_AND_NADE,0.00210864544632995,0.0065838284065931,0.318279675040437,0.488074246923382,1.49028407218745,74,NGEF;ABR;TIAM1;NGFR;PLEKHG5;ARHGEF38;CASP3;FGD1;AKAP13;ECT2;NET1;ARHGEF18;ARHGEF2;ARHGEF26;TRIO;PSEN1;ITSN1;RAC1;NCSTN;PLEKHG2;ARHGEF12;GNA13;APH1A;CASP2;ARHGEF17;OBSCN;VAV2;FGD4;UBC;SOS1;SQSTM1;AATF;ARHGEF1;BCL2L11
REACTOME_FORMATION_OF_INCISION_COMPLEX_IN_GG_NER,0.00213653474412453,0.00664428081754059,0.318279675040437,0.545407888031237,1.58439772629894,42,RAD23B;PIAS3;CDK7;DDB2;UBE2I;XPC;CUL4B;CCNH;RNF111;SUMO2;ERCC3;GTF2H3;RPA1;SUMO3;DDB1;PARP2;USP45;CUL4A;ERCC5;UBC;ERCC4;RAD23A;UBE2N;PIAS1;MNAT1;RPA2;UBE2V2;ERCC1
REACTOME_ORC1_REMOVAL_FROM_CHROMATIN,0.00214369910774593,0.00665134038225278,0.431707695803346,0.513704841627201,1.53992565071881,58,CCNA1;MCM4;MCM6;CDK2;MCM5;MCM2;MCM3;MCM7;ORC1;PSMD2;PSMD1;CCNA2;ORC6;PSMC6;ORC3;CUL1;PSMC1;PSMD14;CDT1;PSMD7;PSMD11;CDC6;PSMB2;UBC;PSMD12;PSMD6;PSMA5;PSMD8;ORC4;PSMC2;PSMA4;SKP1;PSMA3;PSMD3;PSMA7;ADRM1;PSMD13;MCM8;PSMA6;ORC2;PSMB5
REACTOME_TNFR1_INDUCED_NF_KAPPA_B_SIGNALING_PATHWAY,0.00215805158770938,0.0066806198353008,0.318279675040437,0.575213538611492,1.6211497178182,32,TNFRSF1A;USP4;BIRC2;OPTN;OTUD7B;MAP3K7;XIAP;BIRC3;TAB3;OTUD1;TAB2;RBCK1;RACK1;CHUK;UBC;TAB1;TNFAIP3;RIPK1;CYLD;IKBKB;IKBKG
REACTOME_DOWNREGULATION_OF_SMAD2_3_SMAD4_TRANSCRIPTIONAL_ACTIVITY,0.00216763005780347,0.00669502101944299,0.318279675040437,0.582492431427712,1.62749756946088,30,TGIF1;STAT1;SKIL;SMURF2;UBE2D1;MAPK1;SMAD3;SNW1;NEDD4L;SKI;RNF111;SERPINE1;NCOR2;NCOR1;TRIM33;USP9X;UBE2D3;PPM1A;UBC
REACTOME_DOWNREGULATION_OF_ERBB2_SIGNALING,0.00217797137523335,0.00671170770735177,0.318279675040437,0.586151651066516,1.62345005953347,28,EGFR;ERBB3;PTPN12;HBEGF;AKT3;HSP90AA1;ERBB2;EREG;ERBIN;RNF41;AKT1;CUL5;UBC;BTC;USP8
REACTOME_DEVELOPMENTAL_CELL_LINEAGES_OF_THE_INTEGUMENTARY_SYSTEM,0.00222132471728595,0.00682981966242443,0.310776919977249,0.517569986933165,1.54124303818069,54,GJB3;ITGB4;TGFA;KRT15;KLK7;EGFR;MFGE8;TFAP2C;AREG;SLPI;MUC1;IVL;YAP1;ERBB2;TP63;ESR1;GATA3;ALDH1A3;FLG;AQP3;PGR;KLK5;MME
REACTOME_SHC1_EVENTS_IN_EGFR_SIGNALING,0.00223638600022364,0.00686060626253708,0.326351610990907,0.700919981374121,1.69144586862092,13,TGFA;EGFR;AREG;HBEGF;SHC1;EREG;NRAS;KRAS;GRB2;SOS1;BTC
REACTOME_ADENYLATE_CYCLASE_INHIBITORY_PATHWAY,0.00225022502250225,0.00688033966758142,0.326351610990907,0.718562275385327,1.70881800845964,12,ADCY7;ADCY8;GNAI2;ADCY6;GNAI3;ADCY3
REACTOME_O_GLYCOSYLATION_OF_TSR_DOMAIN_CONTAINING_PROTEINS,0.00225294418842806,0.00688033966758142,0.310776919977249,0.560410043785269,1.59977509364507,36,ADAMTS14;SEMA5A;THSD4;ADAMTS1;ADAMTS18;SPON1;ADAMTSL5;ADAMTS17;THBS1;ADAMTS9;THBS2;ADAMTS10;B3GLCT;ADAMTS15;ADAMTS8;ADAMTSL1;ADAMTS12;ADAMTSL3;ADAMTSL4;ADAMTS4;ADAMTS6;SEMA5B
REACTOME_EUKARYOTIC_TRANSLATION_INITIATION,0.00227585378371674,0.00693472038580952,0.431707695803346,0.449019168493967,1.40796233843489,117,PABPC1;EIF4G1;EIF3D;EIF4A2;EIF3A;EIF3H;EIF2S2;EIF3E;RPS4X;RPLP0;RPL39L;EIF3C;EIF4B;EIF2S3;RPL10A;EIF3L;RPS2;RPS12;RPL15;RPS9;RPS5;EIF3F;RPL7;RPS27;RPL3;RPS8;RPL23A;RPL4;EIF3G;RPL22L1;EIF4H;RPL14;RPS3;RPL7A;RPL12;EIF3B;EIF2S1;EIF3J;RPSA;EIF2B1;EIF4A1;RPLP1;EIF1AX;RPL10;RPL21;RPL13A;RPL5;RPS18;RPS25;RPL30;RPL22;EIF5B;RPL8;RPS29;RPS6;EIF4E;EIF2B4;RPS13;RPL23;RPL31;RPL32;RPS24;RPS23;RPS3A;RPS17;RPL36;EIF3I;RPL37A;RPL28;RPS20;RPL36A;RPL35A;RPL11;RPL9;EIF4EBP1;RPS27A;EIF2B3;UBA52;RPL17;RPL27;RPS11;RPS14;RPL41;EIF5;RPS7
REACTOME_SEMA3A_PAK_DEPENDENT_AXON_REPULSION,0.00228484386900229,0.00694653874267138,0.318279675040437,0.659738332093847,1.66317823544906,16,FYN;PAK2;LIMK1;PLXNA3;HSP90AA1;HSP90AB1;PLXNA1;PLXNA2;RAC1
REACTOME_EGR2_AND_SOX10_MEDIATED_INITIATION_OF_SCHWANN_CELL_MYELINATION,0.00229957144350371,0.00697570891009273,0.310776919977249,0.603393668666151,1.64140401532263,25,TEAD1;NAB2;DAG1;LAMC1;SMARCA4;YAP1;HDAC2;MBP;UTRN;NAB1;SREBF2;PRX;CYP51A1;LAMB1;MAG
REACTOME_GOLGI_ASSOCIATED_VESICLE_BIOGENESIS,0.002320653818989,0.00702398338531415,0.303779434551183,0.511411885019641,1.5254443883402,55,IGF2R;PICALM;SNX9;TPD52L1;AP4E1;AP3S1;BLOC1S4;ACBD3;DNM2;CLTA;SNX5;TGOLN2;HSPA8;DNAJC6;SNAPIN;HIP1R;CLTC;AP1G1;SH3D19;VAMP7;AP1S2;CPD;SNX2;GOLGB1;NECAP1;BLOC1S6;DTNBP1;TBC1D8B;PUM1;VAMP8;GAK;AP1S1;AP1M1;TPD52;RAB5C;AP3B1;AP1M2;AP1B1;OCRL;CLINT1;TFRC
REACTOME_SIGNALING_BY_CYTOSOLIC_FGFR1_FUSION_MUTANTS,0.00236992351610471,0.00715379714040365,0.310776919977249,0.646684135047434,1.66427515024629,18,STAT1;PIK3CA;GAB2;STAT3;PIK3R1;CNTRL;STAT5A;CPSF6;FGFR1OP2;GRB2;LRRFIP1;STAT5B;BCR
REACTOME_ACTIVATION_OF_BH3_ONLY_PROTEINS,0.00237407101568951,0.00715379714040365,0.303779434551183,0.577228278109482,1.6127894011338,30,BID;PMAIP1;TP53BP2;SFN;YWHAH;YWHAZ;AKT3;YWHAG;TP63;TP53;YWHAB;BBC3;YWHAQ
REACTOME_CO_STIMULATION_BY_CD28,0.00238202422714714,0.00716188257675433,0.431707695803346,0.53824408893942,1.5781465303755,46,LYN;FYN;PAK2;PIK3CA;SRC;AKT3;PIK3R1;MAP3K14;CDC42;PIK3CD;RAC1;RICTOR;MTOR;PPP2CB;CD86;PPP2R5E;GRB2;PIK3CB;AKT1;PIK3R5;YES1;PPP2R1A;VAV1;CD80;PPP2R5C;PPP2R1B;PIK3R6;PDPK1;PPP2R5D;CD28;LCK;PIK3CG;PPP2CA;PPP2R5A;PAK1;PAK3
REACTOME_PARASITE_INFECTION,0.00240096038415366,0.00718701577547318,0.297232921999731,0.443499279547098,1.38923639253771,115,LYN;WASF1;FYN;BAIAP2;ARPC2;SRC;ABI1;MYH9;ACTR3;MAPK1;MYO5A;ACTG1;CDC42;MYO9B;CYFIP1;WASF2;MYO1C;ABI2;WIPF1;ACTR2;RAC1;NCKAP1;FGR;ELMO2;CRK;HCK;NCKIPSD;WASL;PTK2;WIPF2;GRB2;ABL1;VAV2;ACTB;YES1;NCKAP1L;ARPC5
REACTOME_REGULATION_OF_ENDOGENOUS_RETROELEMENTS,0.0024002400240024,0.00718701577547318,0.297232921999731,0.441590913782988,1.38467000793497,117,GATAD2A;RBM7;SMARCA4;UBE2I;SMARCC1;ACTL6A;HDAC2;ZNF28;PPHLN1;MORC2;MTA2;SPOCD1;BCL7A;ZNF649;SMARCC2;GATAD2B;ZNF669;ATF7IP;PIWIL4;TASOR;ZNF33A;SUMO2;ZNF320;ZNF454;RBBP4;SMARCB1;SS18;MPHOSPH8;DPF2;ZNF317;RBBP7;SETDB1;MTREX;ZNF264;EHMT2;DNMT3A;ACTB;ZNF778;ZNF136;ZCCHC8;SS18L1;H3-3A;ZNF418;ZNF610;H3-3B;BCL7C;SMARCD1;ZNF816;ZNF331;MTA1;ARID1B;ARID1A;TRIM28;EHMT1;ZNF765;SMARCD2;H2AX;CBX5
REACTOME_FOXO_MEDIATED_TRANSCRIPTION,0.00241570206341218,0.00719942786003761,0.297232921999731,0.502442479205937,1.51421270313635,62,SFN;YWHAZ;GADD45A;AKT3;CAV1;YWHAG;KLF4;SREBF1;HDAC2;NFYA;CCNG2;ATXN3;SIRT1;FOXO3;SMAD3;YWHAB;CAT;BBC3;EP300;YWHAQ;BCL6;BTG1;RBL2;NFYB;CREBBP;CDKN1A;AKT1;FOXO4;RETN;SIN3A;SOD2;FBXO32;BCL2L11;SMAD4;TXNIP;SIRT3;SMAD2;STK11;PINK1;AGRP;NR3C1;CDKN1B
REACTOME_SUMOYLATION_OF_CHROMATIN_ORGANIZATION_PROTEINS,0.00241060666934512,0.00719942786003761,0.297232921999731,0.494404175923901,1.49827269765597,66,SEH1L;NUP188;UBE2I;RNF2;HDAC2;NUP205;NUP98;NDC1;BMI1;NUP107;NUP62;TPR;SUMO2;NUP54;POM121C;SATB1;NUP85;NUP133;NUP43;SUMO3;NUP58;NUP155;NUP93;PHC3;CBX2;RANBP2;NUP160;NUP153;SUZ12;PHC2;SCMH1;NUP35;POM121;PHC1;NUP214;NUP37;PIAS1;NUP50;PCGF2;SEC13;CBX5;SATB2;NUP42;NUP88;SUMO1;L3MBTL2;ZBED1;RAE1
REACTOME_PCNA_DEPENDENT_LONG_PATCH_BASE_EXCISION_REPAIR,0.00243360490953338,0.00723691263031919,0.303779434551183,0.626070189571434,1.65723874541432,21,POLD1;RFC3;POLD3;APEX1;POLE;LIG1;RFC4;PCNA;RFC2;RPA1;POLE3;POLD4;RFC1;FEN1;POLE2
REACTOME_FLT3_SIGNALING,0.0024559967253377,0.00728755360203916,0.297232921999731,0.56226115492654,1.60970157364456,37,FYN;PIK3CA;ABL2;GAB2;AKT3;PIK3R1;CBL;STAT5A;FOXO3;NRAS;HCK;KRAS;PTPN11;GRB2;CSK;STAT5B;AKT1;SOCS6;UBC;SH2B3;SOS1;BCL2L11
REACTOME_LATE_ENDOSOMAL_MICROAUTOPHAGY,0.00246634467166787,0.00730231461611466,0.297232921999731,0.572607585248141,1.61380524437302,32,ARL13B;PLIN2;VPS37C;UBAP1;VPS37A;CHMP4C;PLIN3;CHMP3;PCNT;HSPA8;TSG101;CHMP2B;MVB12B;HDAC6;UBC;CHMP6;CHMP7;CFTR
REACTOME_SUMOYLATION_OF_TRANSCRIPTION_FACTORS,0.00247764731229129,0.00731983195087795,0.303779434551183,0.645945158686376,1.66237335626732,18,TFAP2C;PIAS3;UBE2I;TP53;MITF;SUMO2;SUMO3;TP53BP1;CDKN2A;PIAS4;MTA1;SP3;PIAS1;MDM2
REACTOME_REGULATION_OF_MECP2_EXPRESSION_AND_ACTIVITY,0.00248344370860927,0.00732104121475054,0.297232921999731,0.581827727726662,1.61869089823377,29,HTT;HIPK2;AGO2;HDAC2;LBR;AGO4;CAMK2D;MOV10;NCOR2;NCOR1;TBL1XR1;MECP2;CREB1;AGO1;CALM1;AURKB;SIN3A;TNRC6B;TBL1X;AGO3
REACTOME_SIGNALING_BY_FGFR2_IN_DISEASE,0.00256095062487195,0.00753318592900646,0.291090917251384,0.563749018976892,1.60534943273776,35,FGF2;PIK3CA;PIK3R1;POLR2D;FGF9;FGF20;NRAS;FGF18;GAB1;GTF2F2;NCBP2;KRAS;POLR2B;GRB2;NCBP1;POLR2A;FRS2;GTF2F1;SOS1;PLCG1;POLR2E;FGF1;POLR2C
REACTOME_GPVI_MEDIATED_ACTIVATION_CASCADE,0.00258051197357556,0.00757433212114294,0.291090917251384,0.572027598812484,1.59825858071668,30,LYN;FYN;PIK3CA;PIK3R1;RAC2;CDC42;RHOA;RAC1;RHOG;MPIG6B;PTPN11;FCER1G;VAV2;PIK3CB;PIK3R5;PDPN;VAV1;LCP2;PTPN6;PIK3R6;PDPK1;PRKCZ;LCK;PIK3CG
REACTOME_ESTROGEN_DEPENDENT_GENE_EXPRESSION,0.0026002600260026,0.00761584779167572,0.285313392143872,0.437152277445436,1.37511577677211,125,RUNX1;NRIP1;ZNF217;TGFA;CBFB;MYC;KPNA2;CHD1;POLR2D;AXIN1;HSP90AA1;AGO2;HSP90AB1;ESR1;NCOA1;NCOA2;CARM1;SP1;SMC3;AGO4;EP300;MED1;GATA3;MOV10;GTF2F2;STAG1;STAG2;POLR2B;PTGES3;CCNT1;PGR;NCOA3;CXXC5;CREBBP;AGO1;RAD21;KDM1A;SMC1A;POLR2A;CDK9;H3-3A;DDX5;GREB1;GTF2A1;GTF2F1;TBP;H3-3B;KANK1;TNRC6B;CITED1;KAT5;AGO3;PRMT1;POU2F1
REACTOME_SIGNALING_BY_NOTCH1_PEST_DOMAIN_MUTANTS_IN_CANCER,0.00262123197903014,0.00764432244528319,0.285313392143872,0.507714383137809,1.51922763711504,57,MAMLD1;MAML2;MYC;MIB1;MAML1;NEURL1;HDAC2;HEY2;PSEN1;SNW1;NCSTN;ADAM10;ADAM17;EP300;JAG1;NCOR2;RBPJ;NCOR1;TBL1XR1;APH1A;HEYL;CUL1;CREBBP;HDAC7;NEURL1B;HDAC6;UBC;MAML3
REACTOME_HIGH_LAMINAR_FLOW_SHEAR_STRESS_ACTIVATES_SIGNALING_BY_PIEZO1_AND_PECAM1_CDH5_KDR_IN_ENDOTHELIAL_CELLS,0.00261701056869653,0.00764432244528319,0.285313392143872,0.499187922928923,1.50440443520186,62,FYN;ADCY7;PIK3CA;CTNNB1;CAPN2;MMP14;ADCY8;VCL;GNB1;GNG12;GNB5;PIK3CD;P2RY2;TLN1;GNB4;ADCY6;PRKAR1A;RICTOR;ADCY3;MTOR;GNAQ;PANX1;PIK3CB;AKT1;CALM1;PRKAR1B;GNA11;GNB2;PKN2
REACTOME_RHOH_GTPASE_CYCLE,0.00266639319044201,0.00775937547282802,0.285313392143872,0.559288551476663,1.58742495686669,34,PAK2;ROCK1;SLC4A7;CAV1;VAMP3;STOM;DBN1;TUBA1B;ROCK2;FAM91A1;UACA;ARHGDIA;CSK;OSBPL11;JUP;RAB7A;ARHGDIB;NSFL1C;VCP;WDR11
REACTOME_PLATELET_ADHESION_TO_EXPOSED_COLLAGEN,0.0027002700270027,0.00784116873225784,0.297232921999731,0.716424426569089,1.70373397513129,12,ITGA2;LYN;FYN
REACTOME_COPII_MEDIATED_VESICLE_TRANSPORT,0.00271193250301326,0.00785824364945633,0.279865652661932,0.491860477269296,1.49056411744801,66,SEC23A;CTSC;TGFA;SERPINA1;AREG;COL7A1;CD59;ANKRD28;CNIH3;NAPG;SEC16A;CNIH1;SEC24B;SEC24D;SEC24A;CSNK1D;LMAN1;SEC23IP;SEC24C;F5;TRAPPC10;TRAPPC3;TRAPPC6B;GOLGA2;SEC22C;SEC22B;USO1;TFG;STX17;SEC13;SEC31A;PPP6R3;PPP6C;TMED2;SEC22A;CTSZ;TRAPPC4;RAB1B;PPP6R1;CNIH2;TMED10;TBC1D20;SCFD1;TRAPPC2;STX5;MCFD2;NSF;BET1;YKT6;RAB1A;GOSR2;SAR1B
REACTOME_FLT3_SIGNALING_IN_DISEASE,0.00280723643169058,0.00810247807814637,0.279865652661932,0.587536324706391,1.61769435716072,27,PIK3CA;BCL2L1;NOX4;GAB2;PIK3R1;CBL;STAT5A;ETV6;NRAS;KRAS;PTPN11;TRIP11;GRB2;CDKN1A;STAT5B;GOLGB1;UBC;SOS1;ZMYM2;MYO18A;PIM1
REACTOME_PCP_CE_PATHWAY,0.00280814361648782,0.00810247807814637,0.274717458595242,0.478012572070962,1.46383925247712,77,PRICKLE1;ROR1;SMURF1;FZD6;SMURF2;DVL1;SCRIB;AP2A1;FZD7;RAC2;WNT5A;RYK;RHOA;AP2M1;RAC1;PSMD2;PSMD1;DVL2;DVL3;AP2B1;PSMC6;VANGL2;CLTA;PSMC1;PSMD14;PSMD7;CLTC;PSMD11;ARRB2;AP2A2;PSMB2;UBC;PSMD12;PSMD6;PSMA5;PSMD8;PSMC2;WNT5B;PSMA4;DAAM1;PSMA3;PSMD3;PSMA7;ADRM1;PSMD13;PFN1;PSMA6;FZD5;PSMB5
REACTOME_ERYTHROPOIETIN_ACTIVATES_PHOSPHOINOSITIDE_3_KINASE_PI3K,0.00286467285436003,0.00824807290058323,0.291090917251384,0.732822155828588,1.70327218998101,11,LYN;PIK3CA;PIK3R1;IRS2;PIK3CD;GAB1;PIK3CB;PIK3R5;JAK2
REACTOME_HATS_ACETYLATE_HISTONES,0.00290116046418567,0.00833546949435165,0.269842314478839,0.442241428178662,1.38468726391849,114,DR1;MEAF6;ELP2;JADE3;MSL3;ACTL6A;MORF4L1;NCOA1;NCOA2;TRRAP;HAT1;SUPT3H;TAF5L;KAT6A;ATXN7;EP300;BRPF3;ATXN7L3;JADE2;OGT;PHF20;VPS72;SUPT20H;KAT6B;EP400;HCFC1;RBBP7;USP22;SAP130;CREBBP;BRD1;TAF12;JADE1;YEATS4;KANSL2;ACTB;MBIP;BRD8;TADA1;MSL1;TADA3;SUPT7L;MORF4L2;TAF9;ELP1;MSL2;KAT5;ING3;KANSL1;YEATS2;ING4;H2AC11;ZZZ3;KAT14;CLOCK;EPC1;BRPF1;MRGBP;ATF2;TADA2B;WDR5
REACTOME_FORMATION_OF_THE_DYSTROPHIN_GLYCOPROTEIN_COMPLEX_DGC,0.00298016647826534,0.00854440135857088,0.269842314478839,0.567037721002363,1.59810744999891,32,LAMB3;SGCE;DMD;LAMA1;DAG1;LAMC1;AGRN;ACTG1;UTRN;LAMA5;SSPN;SGCB
REACTOME_MET_RECEPTOR_RECYCLING,0.00301904319554111,0.00863764147945339,0.285313392143872,0.746758216547302,1.698216434306,10,MET;ARF6;GGA3;CRKL;GAB1;CRK;GRB2
REACTOME_P53_DEPENDENT_G1_DNA_DAMAGE_RESPONSE,0.00302938503483793,0.00864902155954778,0.265216893779997,0.516053282015737,1.53369041400299,53,CCNA1;CDK2;CHEK2;TP53;PSMD2;PSMD1;ATM;PHF20;CCNA2;CCNE2;PSMC6;PSMC1;PSMD14;CDKN1A;PSMD7;COP1;PSMD11;PSMB2;UBC;PSMD12;CDKN2A;PSMD6;PSMA5;PSMD8;PSMC2;MDM2;PSMA4;PSMA3;PSMD3;MDM4;PSMA7;ADRM1;PSMD13;CDKN1B;PSMA6;PCBP4;CCNE1;PSMB5
REACTOME_INTEGRIN_SIGNALING,0.00305584826132771,0.00870628466906575,0.269842314478839,0.613212727854896,1.64437407195713,23,SRC;SHC1;RAP1B;TLN1;CRK;PTPN1;RAP1A;RASGRP1;PTK2;GRB2;CSK;AKT1;BCAR1;SOS1;ITGB3
REACTOME_INTERLEUKIN_15_SIGNALING,0.00310214934633282,0.00879799017642342,0.274717458595242,0.677063900280025,1.65851717877193,14,GAB2;JAK1;STAT3;JAK3;SHC1;STAT5A;IL2RB;GRB2;STAT5B;IL15RA
REACTOME_NOTCH4_INTRACELLULAR_DOMAIN_REGULATES_TRANSCRIPTION,0.00310492505353319,0.00879799017642342,0.269842314478839,0.637861653754459,1.65635282300955,19,MAMLD1;NOTCH2;MAML2;MAML1;HEY2;SMAD3;SNW1;EP300;RBPJ;CREBBP
REACTOME_ABC_FAMILY_PROTEINS_MEDIATED_TRANSPORT,0.0031074578989575,0.00879799017642342,0.260820567718869,0.466703066051457,1.4388546187743,86,ERLIN1;DERL1;ABCA4;ABCA12;ABCC3;EIF2S2;PSMD2;ABCG1;PSMD1;EIF2S3;ABCD3;ABCC10;PSMC6;ABCB7;PSMC1;PSMD14;PSMD7;PSMD11;VCP;PSMB2;UBC;PSMD12;PSMD6;PSMA5;EIF2S1;CFTR;PSMD8;PEX19;PSMC2;ABCC1;ABCA2;ABCB9;RNF185;PSMA4;PSMA3;PSMD3;ABCC5;PSMA7;ERLEC1;ADRM1;PSMD13;RNF5;PEX3;ABCF1;PSMA6;ERLIN2;OS9;SEL1L;PSMB5;ABCC11;ABCA6;ABCB10;ABCD1;RPS27A;ABCC6;UBA52
REACTOME_THE_ROLE_OF_GTSE1_IN_G2_M_PROGRESSION_AFTER_G2_CHECKPOINT,0.00312248186946011,0.00882214731932701,0.260820567718869,0.499442531896471,1.50150926028029,60,TUBB6;TUBA1A;HSP90AA1;HSP90AB1;TP53;TUBB3;TUBA1C;PSMD2;PSMD1;TUBA1B;PSMC6;TUBA4A;GTSE1;PSMC1;PSMD14;CDKN1A;PSMD7;PSMD11;CCNB2;PSMB2;UBC;PSMD12;PSMD6;PSMA5;TUBB4B;PSMD8;TUBB2A;PSMC2;CDK1;CCNB1;PLK1;PSMA4;PSMA3;PSMD3;PSMA7;MAPRE1;ADRM1;PSMD13;PSMA6;PSMB5
REACTOME_SIGNALING_BY_ERBB2_ECD_MUTANTS,0.003281093390293,0.00923189630933372,0.431707695803346,0.668049909045259,1.68413144252432,16,EGFR;PIK3CA;PIK3R1;HSP90AA1;SHC1;ERBB2;NRAS;ERBIN;GAB1;KRAS;GRB2;SOS1;PLCG1
REACTOME_REGULATION_OF_RUNX1_EXPRESSION_AND_ACTIVITY,0.003281093390293,0.00923189630933372,0.431707695803346,0.667815324808503,1.6835400635215,16,RUNX1;CBFB;SRC;CCND3;AGO2;AGO4;CCND2;MOV10;PML;PTPN11;AGO1
REACTOME_CHAPERONE_MEDIATED_AUTOPHAGY,0.00329506802721089,0.00923298443088576,0.260820567718869,0.626948140822227,1.64402350041294,20,ARL13B;PLIN2;EEF1A1;HSP90AA1;HSP90AB1;LAMP2;PLIN3;PCNT;HSPA8;HDAC6;UBC;CFTR
REACTOME_SIGNALING_BY_WNT_IN_CANCER,0.00328845956222382,0.00923298443088576,0.256635016972443,0.565693077985581,1.59431778320406,32,FZD6;CTNNB1;GSK3B;AXIN1;CSNK1A1;TNKS;PORCN;DKK2;TNKS2;PPP2CB;PPP2R5E;LRP5;KREMEN2;PPP2R1A;CTBP2;AMER1;CTBP1;KREMEN1;TCF7L2;PPP2R5C;PPP2R1B;PPP2R5D;RNF43;PPP2CA;APC;PPP2R5A;FZD5
REACTOME_CONSTITUTIVE_SIGNALING_BY_EGFRVIII,0.00340024130744763,0.00943890630169646,0.260820567718869,0.663440836656472,1.64829604921202,15,EGFR;PIK3CA;PIK3R1;CBL;HSP90AA1;SHC1;NRAS;GAB1;KRAS;GRB2;SOS1;PLCG1
REACTOME_GROWTH_HORMONE_RECEPTOR_SIGNALING,0.00342612419700214,0.00943890630169646,0.256635016972443,0.63423827136382,1.6469438867359,19,LYN;STAT1;STAT3;MAPK1;STAT5A;IRS2;ADAM17;PTPN1;STAT5B;JAK2;SOCS3
REACTOME_INITIATION_OF_NUCLEAR_ENVELOPE_NE_REFORMATION,0.00342612419700214,0.00943890630169646,0.256635016972443,0.634052410127269,1.64646125577347,19,ANKLE2;LMNA;TMPO;VRK2;LBR;LMNB1;VRK1;PPP2R2A;LEMD3;KPNB1;CCNB2;PPP2R1A;CDK1;CCNB1;LEMD2;BANF1;PPP2CA
REACTOME_INTERLEUKIN_20_FAMILY_SIGNALING,0.00342612419700214,0.00943890630169646,0.256635016972443,0.633511829480672,1.64505751520562,19,STAT1;JAK1;STAT3;JAK3;STAT4;STAT5A;STAT2;IFNLR1;PTPN11;TYK2;STAT5B;JAK2;SOCS3;IL10RB;IL22RA2
REACTOME_RHO_GTPASES_ACTIVATE_ROCKS,0.00342612419700214,0.00943890630169646,0.256635016972443,0.633248179085918,1.64437288700596,19,MYH10;ROCK1;LIMK1;MYH9;MYH14;RHOA;MYL12B;PPP1CB;ROCK2
REACTOME_DENGUE_VIRUS_ACTIVATES_MODULATES_INNATE_AND_ADAPTIVE_IMMUNE_RESPONSES,0.00343106674984404,0.00943890630169646,0.252643909566276,0.582754921026358,1.60452946942997,27,CLU;STING1;CLEC5A;CGAS;C4B;HSP90AA1;IFIH1;C4A;HSP90AB1;STAT2;EXOC1;IKBKE;CTR9;PML;DDX3X;LEO1;CDC73;UBR4;C1S;MAVS;RTF1;RBM10;TRIM25;C1QA;PAF1
REACTOME_TRANSCRIPTIONAL_REGULATION_BY_THE_AP_2_TFAP2_FAMILY_OF_TRANSCRIPTION_FACTORS,0.00339506172839506,0.00943890630169646,0.252643909566276,0.566482425059523,1.59053593412159,31,TGFA;EGFR;KDM5B;TFAP2C;MYC;ATAD2;UBE2I;NPM1;ERBB2;ESR1;EP300;APOE;HSPD1;CREBBP;CDKN1A;DEK;YEATS4
REACTOME_VISUAL_PHOTOTRANSDUCTION,0.003411941796287,0.00943890630169646,0.248832632022043,0.482056420387423,1.46975810193695,72,SDC4;SDC3;LDLR;STRA6;LRP12;RDH5;LRP1;AGRN;DHRS3;ABCA4;GNB1;GNB5;LPL;LRP10;METAP2;DHRS9;METAP1;SLC24A1;APOE;RDH10;NMT2;AWAT2;GPC5;RBP4;GPC4;CALM1;HSPG2;RBP1;PPEF1;NMT1
REACTOME_COPI_DEPENDENT_GOLGI_TO_ER_RETROGRADE_TRAFFIC,0.00340681362725451,0.00943890630169646,0.248832632022043,0.46342396045809,1.43377334464953,91,TUBB6;TUBA1A;KIF23;KIF18A;KIF2A;KIF4A;NBAS;KIF3A;KIF5B;KIF13B;ZW10;COPG2;TUBB3;ARCN1;KIF1B;RACGAP1;KLC2;KIFAP3;TUBA1C;TUBA1B;KIF3C;KIF11;GBF1;KLC3;NAPG;KIFC1;KIF20B;KDELR3;COPB1;COPB2;TUBA4A;KIF21A;KIF20A;KIF15;CENPE;COPA;RINT1;COPG1;KIF2C;SURF4;KIF18B;TUBB4B;ARF5;TUBB2A;KIF27;SEC22B;KIF1C;ARFGAP2;ARF3;KIFC2;ARF4;KIF3B;KDELR2;TMED2;KDELR1;KIF21B
REACTOME_REGULATED_PROTEOLYSIS_OF_P75NTR,0.00348351137947051,0.00956382215090994,0.265216893779997,0.742343325673617,1.68817645071931,10,NGFR;RELA;PSEN1;NFKB1;NCSTN;ADAM17;APH1A
REACTOME_SIGNALING_BY_NOTCH4,0.00351511499447625,0.00963113160784924,0.245188063659135,0.481697040136404,1.46565656194447,70,MAMLD1;NOTCH2;MAML2;YWHAZ;MAML1;HEY2;PSEN1;SMAD3;SNW1;NCSTN;PSMD2;ADAM10;PSMD1;EP300;JAG1;RBPJ;PSMC6;APH1A;CUL1;PSMC1;CREBBP;PSMD14;PSMD7;AKT1;PSMD11;PSMB2;UBC;PSMD12;MAML3;PSMD6;PSMA5;PSMD8;PSMC2;PSMA4;SKP1;PSMA3;PSMD3;PSMA7;ADRM1;APH1B;PSMD13;PSMA6;PSMB5;NOTCH1;RPS27A;FBXW7;UBA52
REACTOME_FGFR2_ALTERNATIVE_SPLICING,0.00353503846953629,0.00966623195191109,0.248832632022043,0.579960640103042,1.59683583025928,27,HNRNPF;HNRNPA1;POLR2D;RBFOX2;ESRP1;PTBP1;GTF2F2;NCBP2;POLR2B;ESRP2;NCBP1;POLR2A;TIAL1;GTF2F1;HNRNPH1;HNRNPM;TIA1;POLR2E;POLR2C
REACTOME_DOWNSTREAM_SIGNALING_OF_ACTIVATED_FGFR1,0.00356356776019285,0.009724675875707,0.248832632022043,0.60143863927464,1.62523877738144,24,FGF2;PIK3CA;FLRT3;KL;PIK3R1;FGF9;SHC1;FGF20;NRAS;GAB1;KRAS;PTPN11;FLRT2;GRB2;FRS2;SOS1;PLCG1
REACTOME_MYOGENESIS,0.00359028511087645,0.00977795083302825,0.248832632022043,0.611141218405306,1.62778948003938,22,CTNNB1;CTNNA1;TCF3;CDC42;BNIP2;CDH4;TCF12;MEF2D;MAPK14;NEO1;ABL1;CDH15;MEF2A
REACTOME_CELLULAR_RESPONSE_TO_CHEMICAL_STRESS,0.0035996400359964,0.00978382161783822,0.241698386096655,0.407942044455474,1.30696579942735,190,BCL2L1;BACH1;NOX4;MYC;AREG;ERO1A;STAT3;RELA;AKT3;IDH1;UBXN7;GSK3B;ABCC3;SIN3B;TRIM21;MAP1LC3B;NCF2;NCOA1;NCOA2;CARM1;HELZ2;MAFK;SP1;NFKB1;PSMD2;PSMD1;CAT;PALB2;NLRP3;EP300;TGS1;CHD9;MED1;CUL3;NCOR2;PRKCI;NCOR1;CYBB;TBL1XR1;PSMC6;PTK6;NPLOC4;HMOX1;BLVRA;CUL1;CSNK2A1;GCLM;CSNK2A2;PDGFA;PSMC1;CREBBP;PSMD14;KEAP1;CDKN1A;DPP3;PSMD7;ATP7A;AKT1;PSMD11;MAFG;VCP;PRDX6;PSMB2;SIN3A;GSR;CHD6;UBC;NUDT2;AMER1;PSMD12;CDKN2A;NCF4;PPARA;BTRC;PSMD6;PSMA5;SQSTM1;SOD2;TBL1X;CCL2;PSMD8;PRKCD;MUL1;PSMC2;ABCC1
REACTOME_TP53_REGULATES_TRANSCRIPTION_OF_ADDITIONAL_CELL_CYCLE_GENES_WHOSE_EXACT_ROLE_IN_THE_P53_PATHWAY_REMAIN_UNCERTAIN,0.00361394557823129,0.00980309788586093,0.248832632022043,0.622037025513639,1.63114525984592,20,PLK3;NPM1;TP53;CNOT6;TNKS1BP1;CNOT8;CNOT6L;PLK2;CNOT10;CNOT11;CNOT7;CNOT1;CNOT2;CNOT9;PLAGL1;CNOT3;BTG2;CDC25C
REACTOME_PERK_REGULATES_GENE_EXPRESSION,0.0036995170075018,0.00999531533438359,0.241698386096655,0.562928892191611,1.58652735631197,32,CXCL8;NFYA;KHSRP;EIF2S2;DIS3;EXOSC9;ATF6;EIF2S3;DCP2;ATF3;NFYB;CEBPB;EXOSC8;EIF2S1;EXOSC2;PARN;CCL2;EXOSC6;EXOSC3
REACTOME_SIGNALING_BY_NOTCH2,0.00369496048445037,0.00999531533438359,0.241698386096655,0.555115529579902,1.57109708841468,33,MAMLD1;NOTCH2;MAML2;MDK;MIB1;MAML1;NEURL1;PSEN1;NCSTN;ADAM10;EP300;JAG1;RBPJ;APH1A;CREB1;NEURL1B;UBC;MAML3
REACTOME_ACTIVATION_OF_NF_KAPPAB_IN_B_CELLS,0.00373586429725364,0.0100734912300946,0.238352921646911,0.508262300720828,1.51352619420112,54,BCL10;RELA;MAP3K7;MALT1;CARD11;REL;NFKB1;PSMD2;PSMD1;FBXW11;NFKBIE;PSMC6;CUL1;PSMC1;PSMD14;PSMD7;PSMD11;CHUK;PSMB2;UBC;PSMD12;BTRC;PSMD6;PSMA5;PSMD8;PSMC2;IKBKB;IKBKG;PSMA4;SKP1;PSMA3;PSMD3;PSMA7;ADRM1;PSMD13;PSMA6;PSMB5
REACTOME_RHO_GTPASES_ACTIVATE_KTN1,0.00378136816775524,0.0101759986930285,0.252643909566276,0.723791945748893,1.68228359735169,11,KIF5B;CDC42;RHOA;RAC1;KLC2;KLC3;RHOG
REACTOME_N_GLYCAN_ANTENNAE_ELONGATION_IN_THE_MEDIAL_TRANS_GOLGI,0.00379346680716544,0.0101847803385342,0.241698386096655,0.604329098234701,1.62055197964111,23,B4GALT5;MGAT4B;MGAT3;FUT8;MGAT4C;B4GALT1;FUT3;FUCA1;B4GALT6;B4GALT4;MGAT4A;B4GALT2;MGAT5;CHST10;B4GALT3;MAN2A2
REACTOME_DISEASES_OF_METABOLISM,0.0037996200379962,0.0101847803385342,0.235141995561108,0.394017832699211,1.27097275044,236,SDC4;SDC3;CYP1B1;NOTCH2;SLC34A2;GALE;IDS;SFTPB;DAG1;PC;AGRN;MUC21;MUC1;ADAMTS14;SEMA5A;CHSY1;IDH1;LMBRD1;GYG1;PNP;SLC26A2;THSD4;MUC20;HGSNAT;ADAMTS1;GALNT12;ADAMTS18;SPON1;CTSA;ADAMTSL5;B4GALT1;RPIA;CYP21A2;ADAMTS17;VCAN;THBS1;EXT2;HEXB;ADAMTS9;THBS2;MMADHC;CSF2RB;LARGE1;ARSB;GALNT3;C1GALT1C1;CSF2RA;PGM1;MTRR;PMM2;ADAMTS10;GCLM;B3GLCT;NOTCH3;LFNG;GPC5;SLC37A4;GLB1;ADAMTS15;GPC4;ADAMTS8;PPM1K;ADAMTSL1;ADAMTS12;CHST3;TBXAS1;HSPG2;DOLK;ADAMTSL3;BCKDK;UBC;MUC4;TCN2;ADAMTSL4;SGSH;SFTA3;HPRT1;GFPT1;DPM1;ADAMTS4;ALG6;HLCS;ALG2;GBE1;MOGS;ALG11;CYP2R1;ABCD4;ADAMTS6;ASS1;SEMA5B;GNE;GPC6;GGT1;PRELP;SLC35D1;ALG9;CUBN;GUSB;MMAA;EXT1;FMO3;SDC2;SPON2;GPC2;MUC15;C1GALT1;MAN1B1;RFT1;MUC16;OMD;CSPG5;BGN;ADAMTS2;CD320;MMUT;DPAGT1;GNS;ACACA;SFTPA2;B3GALT6;NOTCH1;RPS27A;UBA52;CYP2U1;GALNS;MTR;ALG8;ALG13
REACTOME_TGFBR3_PTM_REGULATION,0.00383186251741756,0.0102240330704172,0.252643909566276,0.735948626937492,1.67363415008507,10,MMP16;TIMP1;TIMP2;MMP14;PSEN1;NCSTN;APH1A
REACTOME_E3_UBIQUITIN_LIGASES_UBIQUITINATE_TARGET_PROTEINS,0.00383683360258481,0.0102240330704172,0.235141995561108,0.507624017494727,1.51162548588446,54,RAD18;RNF144A;UBE2D1;BCL10;DERL1;UBE2B;PRKDC;UBE2E1;PCNA;UBE2A;CTR9;LEO1;PEX13;CDC73;UBE2D3;VCP;UBC;PEX10;HLA-A;RNF20;UBE2N;WAC;PEX5;PEX14;RNF40;RRAGA;UBE2V2;SHPRH;RTF1;RNF152;HLTF;PEX2;PAF1;UBE2D2;UBE2J2;RPS27A;UBE2L3;SELENOS;UBA52
REACTOME_REGULATION_OF_RAS_BY_GAPS,0.00383412370093835,0.0102240330704172,0.235141995561108,0.503920287609031,1.50309837808023,55,RASA1;SPRED3;RASAL2;DAB2IP;SPRED2;RASA2;NRAS;PSMD2;PSMD1;CUL3;PSMC6;RASAL1;KRAS;NF1;PSMC1;PSMD14;PSMD7;PSMD11;RASA3;PSMB2;SPRED1;UBC;PSMD12;RASA4;PSMD6;PSMA5;PSMD8;PSMC2;PSMA4;PSMA3;PSMD3;SYNGAP1;PSMA7;ADRM1;PSMD13;PSMA6;PSMB5
REACTOME_INSULIN_RECEPTOR_SIGNALLING_CASCADE,0.00387162506367804,0.0102965527623062,0.235141995561108,0.5354179692612,1.54883530901438,40,FGF2;PIK3CA;KL;GAB2;PIK3R1;FGF9;MAPK1;SHC1;IRS2;FGF20;NRAS;FGF18;GAB1;PIK3C3;KRAS;PTPN11;GRB2;PIK3CB;FRS2;FGFR3;SOS1;PIK3R4;INSR;PDPK1;FGF1
REACTOME_ERYTHROPOIETIN_ACTIVATES_RAS,0.00391367550039137,0.0103880566504529,0.245188063659135,0.682390762628801,1.64673153413426,13,LYN;SHC1;IRS2;NRAS;CRKL;KRAS;GRB2;RAPGEF1;JAK2;SOS1;VAV1
REACTOME_ACTIVATION_OF_GENE_EXPRESSION_BY_SREBF_SREBP,0.00396785023908841,0.0105113225631991,0.232056818075608,0.527752569209571,1.53310941967193,42,SCD;SREBF1;NFYA;ELOVL6;NCOA1;NCOA2;CARM1;HELZ2;SP1;SC5D;TGS1;CHD9;MED1;SREBF2;TBL1XR1;FDPS;CYP51A1;NFYB;CREBBP;MTF1;PPARA;TBL1X;DHCR7
REACTOME_METABOLISM_OF_STEROIDS,0.004000400040004,0.0105769331796993,0.229089382980959,0.429647310418345,1.35296647993463,127,SEC23A;SCD;MSMO1;STS;SRD5A1;UBE2I;MBTPS2;SREBF1;ABCC3;NFYA;ELOVL6;NCOA1;NCOA2;CARM1;HELZ2;CYP21A2;SP1;OSBPL3;LBR;SC5D;SLC27A2;RAN;CH25H;TGS1;CHD9;MED1;SEC24B;STARD3;SUMO2;SEC24D;SREBF2;TBL1XR1;HSD11B1;SEC24A;FDPS;KPNB1;CYP51A1;INSIG2;NFYB;CREBBP;SEC24C;VDR;HSD17B11;MTF1;OSBP;MBTPS1;OSBPL7;PPARA;SCAP;INSIG1;PIAS4;TBL1X;DHCR7;ACAT2;TSPO;DHCR24;HSD17B12
REACTOME_DECTIN_1_MEDIATED_NONCANONICAL_NF_KB_SIGNALING,0.00404817326181561,0.0106824610928299,0.229089382980959,0.515595263624895,1.52106158187516,49,RELB;RELA;UBA3;MAP3K14;NFKB2;PSMD2;PSMD1;FBXW11;CCL17;CCL22;PSMC6;CUL1;PSMC1;PSMD14;PSMD7;PSMD11;CHUK;PSMB2;UBC;PSMD12;BTRC;PSMD6;PSMA5;PSMD8;PSMC2;PSMA4;SKP1;PSMA3;PSMD3;PSMA7;ADRM1;PSMD13;PSMA6;PSMB5;RPS27A;UBA52
REACTOME_REGULATION_OF_MITF_M_DEPENDENT_GENES_INVOLVED_IN_PIGMENTATION,0.00408830744071954,0.0107674608758486,0.229089382980959,0.53981479534646,1.5509560360582,38,RAB27A;CTNNB1;SMARCA4;SYTL2;SMARCC1;ACTL6A;MYO5A;BCL7A;SMARCC2;MITF;SMARCB1;SS18;DPF2;MAPK14;CREB1;ACTB;SS18L1;BCL7C;SMARCD1;ARID1B;ARID1A
REACTOME_SIGNALING_BY_NTRK3_TRKC,0.00411166414196061,0.0107986785529201,0.235141995561108,0.640044724754907,1.63030766780791,17,PIK3CA;SRC;PIK3R1;SHC1;NRAS;PTPRO;KRAS;PTPRS;GRB2;BAX;NELFB;SOS1;PLCG1
REACTOME_LATE_SARS_COV_2_INFECTION_EVENTS,0.00411605260516012,0.0107986785529201,0.22623238004642,0.479601174460585,1.46103573049032,71,MGAT4B;PARP4;TUSC3;ANO6;PARP14;PARP9;ZDHHC20;FUT8;UBE2I;GSK3B;SRPK1;ZDHHC2;CSNK1A1;MGAT4C;ZDHHC5;EDEM2;MGAT4A;ANO8;GOLGA7;ZDHHC8;GALNT1;ANO7;SRPK2;TMPRSS2;UBC;ZDHHC9;ST6GALNAC4;MGAT5;GANAB;ANO1;PRMT1;PARP6;MOGS;FURIN;RPN2;STT3B;ZDHHC3;PARP16;MAN2A1;PARP10;STT3A;MAN1B1;PRKCSH;SUMO1
REACTOME_SHC1_EVENTS_IN_ERBB4_SIGNALING,0.00424913340042491,0.0111263435282803,0.235141995561108,0.680661769958281,1.64255916412465,13,HBEGF;SHC1;EREG;NRAS;KRAS;GRB2;SOS1;BTC
REACTOME_SIGNALING_BY_PDGFRA_TRANSMEMBRANE_JUXTAMEMBRANE_AND_KINASE_DOMAIN_MUTANTS,0.00429633070134696,0.0112191195591604,0.238352921646911,0.732195925647458,1.66510006386738,10,STAT1;PIK3CA;STAT3;PIK3R1;NRAS;KRAS;GRB2;PIK3CB;SOS1
REACTOME_NOD1_2_SIGNALING_PATHWAY,0.0043010752688172,0.0112191195591604,0.223479119117478,0.542651166988548,1.54907969818318,36,NOD1;RIPK2;IRAK2;BIRC2;CASP8;MAPK13;MAP3K7;BIRC3;TAB3;TAB2;CASP2;MAPK14;CHUK;ITCH;NOD2;UBC;TAB1;TNFAIP3;UBE2N;CYLD;IKBKB;IKBKG;CARD9
REACTOME_TRNA_PROCESSING,0.00440176070428171,0.0114597563163196,0.218259775284787,0.436465913807068,1.36573278265568,113,SEH1L;CDKAL1;NUP188;EPRS1;TRMT11;NUP205;FAM98B;NUP98;NDC1;TP53RK;CSTF2;FTSJ1;NUP107;YRDC;NUP62;RAN;TRMT6;TPR;CPSF1;TYW5;NUP54;POM121C;NUP85;NUP133;NUP43;NUP58;OSGEP;TRMT44;NUP155;TRNT1;NUP93;NSUN2;RTCB;RANBP2;QTRT2;NUP160;NUP153;TSEN34;RPP30;C2orf49;MTO1;ALKBH8;NUP35;PUS3;LCMT2;TRMT61B;POM121;NUP214;TYW1;CLP1;THG1L;NUP37;DDX1;POP1;TRMT1;ADAT1;TSEN54;NUP50;TSEN15;SEC13;RPP40;TRMT10C;WDR4;OSGEPL1;RTRAF;NUP42
REACTOME_GASTRIN_CREB_SIGNALLING_PATHWAY_VIA_PKC_AND_MAPK,0.00443626920579961,0.0115055149822169,0.22623238004642,0.638187254172702,1.62557636011053,17,EGFR;HBEGF;MAPK7;RPS6KA3;MAPK1;RPS6KA2;NRAS;KRAS;GRB2;CREB1;CCKBR;SOS1
REACTOME_TRANSLATION_OF_SARS_COV_2_STRUCTURAL_PROTEINS,0.00443235620026191,0.0115055149822169,0.218259775284787,0.494215472113802,1.48360774896003,59,MGAT4B;PARP4;TUSC3;PARP14;PARP9;ZDHHC20;FUT8;UBE2I;GSK3B;SRPK1;ZDHHC2;CSNK1A1;MGAT4C;ZDHHC5;EDEM2;MGAT4A;GOLGA7;ZDHHC8;GALNT1;SRPK2;UBC;ZDHHC9;ST6GALNAC4;MGAT5;GANAB;PRMT1;PARP6;MOGS;RPN2;STT3B;ZDHHC3;PARP16;MAN2A1;PARP10;STT3A;MAN1B1;PRKCSH;SUMO1
REACTOME_PI_3K_CASCADE_FGFR3,0.00447277200044728,0.0115780898068721,0.229089382980959,0.679807120000101,1.6404967401971,13,FGF2;PIK3CA;PIK3R1;FGF9;FGF20;FGF18;GAB1;PTPN11;GRB2;FRS2;FGFR3
REACTOME_FATTY_ACYL_COA_BIOSYNTHESIS,0.00452674897119342,0.0116896991300249,0.218259775284787,0.557075540218889,1.56412383781411,31,SCD;HACD1;ACSL4;PPT1;ACSL5;HACD2;MORC2;ELOVL6;ELOVL4;SLC27A2;HACD3;ACLY;ELOVL5;OLAH
REACTOME_ACTIVATION_OF_THE_MRNA_UPON_BINDING_OF_THE_CAP_BINDING_COMPLEX_AND_EIFS_AND_SUBSEQUENT_BINDING_TO_43S,0.00453309156844968,0.0116896991300249,0.215782858966574,0.493619029815828,1.48181726188504,59,PABPC1;EIF4G1;EIF3D;EIF4A2;EIF3A;EIF3H;EIF2S2;EIF3E;RPS4X;EIF3C;EIF4B;EIF2S3;EIF3L;RPS2;RPS12;RPS9;RPS5;EIF3F;RPS27;RPS8;EIF3G;EIF4H;RPS3;EIF3B;EIF2S1;EIF3J;RPSA;EIF4A1;EIF1AX;RPS18;RPS25;RPS29;RPS6;EIF4E;RPS13;RPS24;RPS23;RPS3A;RPS17;EIF3I;RPS20;EIF4EBP1;RPS27A;RPS11;RPS14;RPS7;RPS27L
REACTOME_DAP12_SIGNALING,0.00457475566645872,0.0117747972551466,0.218259775284787,0.573761455219599,1.5797672917141,27,FYN;PIK3CA;PIK3R1;SHC1;RAC1;NRAS;KRAS;GRB2;VAV2;PIK3CB;B2M;SOS1;PLCG1;TYROBP;BTK;HLA-E;TREM2;LCP2
REACTOME_GAP_JUNCTION_ASSEMBLY,0.00459914288700742,0.0118151893826901,0.218259775284787,0.584502097023648,1.59001351661503,25,GJB3;TUBB6;TUBA1A;GJB4;TUBB3;TUBA1C;TUBA1B;TUBA4A;GJA1;GJC2;GJB5;GJA4;TUBB4B;TUBB2A;GJB2;GJA5
REACTOME_OVARIAN_TUMOR_DOMAIN_PROTEASES,0.00470155355682747,0.0120554929881671,0.213387923018053,0.53655604095103,1.54159322339876,38,NOD1;RIPK2;UBE2D1;OTUD7B;IFIH1;ESR1;TP53;RHOA;OTUD3;TNIP1;VCPIP1;ZRANB1;OTUD5;NOD2;VCP;PTEN;UBC;TNFAIP3;RIPK1;IKBKG;CDK1;TNIP2;MAVS;RNF128;TRIM25;APC;RPS27A;YOD1;TRIM4;UBA52
REACTOME_ANTIGEN_PRESENTATION_FOLDING_ASSEMBLY_AND_PEPTIDE_LOADING_OF_CLASS_I_MHC,0.00475993377483444,0.0121822033898305,0.213387923018053,0.566661858538208,1.57649824695695,29,SEC23A;ERAP1;HLA-G;TAP1;BECN1;SEC24B;PIK3C3;SEC24D;SEC24A;HLA-C;HLA-B;SEC24C;B2M;ATG14;TAP2;HLA-A;HLA-E;PIK3R4;SEC13;SEC31A;HLA-F
REACTOME_MATURATION_OF_SARS_COV_2_NUCLEOPROTEIN,0.00482614895250631,0.0123284519294287,0.218259775284787,0.655026666265204,1.62739133089046,15,PARP4;PARP14;PARP9;UBE2I;GSK3B;SRPK1;CSNK1A1
REACTOME_FORMATION_OF_THE_POLYBROMO_BAF_PBAF_COMPLEX,0.00484757082839599,0.012336795422828,0.215782858966574,0.628573382836734,1.61766619044194,18,SMARCA4;SMARCC1;ACTL6A;BCL7A;SMARCC2;PHF10;PBRM1;SMARCB1;BRD7;ACTB;ARID2;BCL7C;SMARCD1
REACTOME_VXPX_CARGO_TARGETING_TO_CILIUM,0.00484757082839599,0.012336795422828,0.215782858966574,0.627876569921825,1.61587290627769,18,ASAP1;PKD2;RAB11A;EXOC4;EXOC1;EXOC7;GBF1;RAB8A;RAB11FIP3;EXOC5;EXOC8;EXOC2;PKD1;EXOC3;RAB3IP;ARF4;EXOC6
REACTOME_G1_S_SPECIFIC_TRANSCRIPTION,0.00488667082553546,0.0123739289329933,0.211070537868325,0.571076776233894,1.57237542526545,27,CCNA1;POLA1;ORC1;E2F6;PCNA;RRM2;RBBP4;CDC45;LIN52;RBL2;CDT1;CDC6;FBXO5;RBL1;E2F5;TK1;E2F4;E2F1;CDK1;TFDP1;TFDP2
REACTOME_G0_AND_EARLY_G1,0.00488667082553546,0.0123739289329933,0.211070537868325,0.570127018870231,1.56976040886005,27,CCNA1;MYC;CDK2;TOP2A;PCNA;CCNA2;CCNE2;RBBP4;LIN52;RBL2;CDC6;RBL1;MAX;DYRK1A;E2F5;E2F4;E2F1;CDK1;TFDP1;TFDP2;MYBL2
REACTOME_HIV_TRANSCRIPTION_ELONGATION,0.00488947743709891,0.0123739289329933,0.208826601974224,0.527977436202844,1.5293051999253,41,CDK7;POLR2D;ELL;SUPT16H;CCNH;GTF2F2;ERCC3;GTF2H3;NCBP2;NELFA;POLR2B;CCNT1;SUPT5H;NELFB;NCBP1;POLR2A;CDK9;SSRP1;GTF2F1;TCEA1;ELOC;MNAT1;POLR2E;CTDP1;POLR2C
REACTOME_IRS_MEDIATED_SIGNALLING,0.00491702519975415,0.0124205153280035,0.208826601974224,0.543555252134011,1.54784502731122,35,FGF2;PIK3CA;KL;GAB2;PIK3R1;FGF9;IRS2;FGF20;NRAS;FGF18;GAB1;PIK3C3;KRAS;PTPN11;GRB2;PIK3CB;FRS2;FGFR3;SOS1
REACTOME_FORMATION_OF_THE_NON_CANONICAL_BAF_NCBAF_COMPLEX,0.00497727764553127,0.012549388349308,0.213387923018053,0.631320628052945,1.60808584299191,17,SMARCA4;SMARCC1;ACTL6A;BCL7A;SMARCC2;BRD9;SS18;BICRAL;ACTB;SS18L1;BCL7C;SMARCD1
REACTOME_G_ALPHA_I_SIGNALLING_EVENTS,0.004999500049995,0.0125820751258208,0.204544131818546,0.390650890105096,1.25964336555366,232,ANXA1;CXCL16;LPAR5;ADCY7;CCL13;PPP1R1B;S1PR3;SRC;KPNA2;CXCL2;S1PR2;CXCL8;C3;ADCY8;PPP3CA;GPSM1;CCR1;GNB1;GNAZ;PDE1C;PLA2G4A;PPP3CB;MAPK1;GNG12;OPN3;GNAI2;GNB5;ITPR2;ITPR3;HTR1D;SSTR3;CXCL3;GRK2;FPR1;CCL20;RGS4;PSAP;P2RY4;GNA15;CXCL5;FPR3;GNB4;RGS3;RGS12;ADCY6;ADORA1;CX3CL1;HCAR2;CAMK2D;PRKAR1A;GNAI3;C5AR1;GRM4;GPR55;GPR37;ADCY3;PPP2CB;CCL23;RGS11;NPY1R;AHCYL1;GNAQ;CXCL1;PLCB3;CREB1;APP;NMU;RGS18;PDE1A;C5;CALM1;RGS1;GPR183;PPBP;CCR3;RGS19;PPP2R1A;GABBR1;PRKAR1B;C3AR1;CCR4;P2RY12;GNA11;GNB2;GALR2;FPR2;PPP3R1;GABBR2;CCR8;HTR1B;PRKCD;HCAR1;P2RY13;PRKAR2B;GPSM3;CCR2;PLCB2;CCR9;PPP2R1B;PPP1CA;CHRM4;CCR5;CXCR2;HCAR3;NPW;PPP2R5D;RXFP4;GNG5;TAS1R3;LPAR3;PLCB1;PRKACA
REACTOME_SMAD2_SMAD3_SMAD4_HETEROTRIMER_REGULATES_TRANSCRIPTION,0.00512190124974391,0.0127956462789997,0.204544131818546,0.542711714216309,1.5454429422129,35,TGIF1;CDKN2B;MYC;MAPK1;SMAD3;SP1;EP300;RNF111;SERPINE1;CCNK;CCNT1;CCNT2;CDK9;RBL1;JUNB;UBC;E2F5;SMAD4;YBX1;E2F4;CDK8;FURIN;SMAD2;TFDP1;TFDP2;WWTR1;SMAD7;MEN1;RPS27A;UBA52
REACTOME_SPHINGOLIPID_DE_NOVO_BIOSYNTHESIS,0.00512190124974391,0.0127956462789997,0.204544131818546,0.542631417568372,1.54521428695342,35,SGMS2;SGMS1;DEGS1;PRKD3;SAMD8;SPTLC2;SPHK1;CERS5;PRKD2;CSNK1G2;KDSR;SPTLC1;VAPA;CERS6;OSBP;CERS2;SPTSSB;ORMDL2;CYB5B;ORMDL1;ABCC1;SPTSSA
REACTOME_HEDGEHOG_ON_STATE,0.00512202470623682,0.0127956462789997,0.202498775969141,0.474683362319009,1.44431608845201,70,GPR161;SUFU;SMURF1;SMURF2;DZIP1;EVC2;KIF3A;SPOPL;CSNK1A1;GRK2;PSMD2;PSMD1;EVC;CUL3;GLI2;PSMC6;DHH;PSMC1;PSMD14;PSMD7;PSMD11;ARRB2;ITCH;CDC73;PSMB2;UBC;PSMD12;PSMD6;PSMA5;PSMD8;PSMC2;EFCAB7;PSMA4;PSMA3;PSMD3;PTCH1;PSMA7;ADRM1;SPOP;PSMD13;PSMA6;PSMB5;BOC;GLI1;RPS27A;UBA52;NUMB;ARRB1;KIF7;PSMB4;RBX1
REACTOME_GASTRULATION,0.00511022044088176,0.0127956462789997,0.202498775969141,0.450708560920652,1.39690483240367,94,MAMLD1;EPHA4;FGF2;TFAP2C;MAML2;CTNNB1;YAP1;MAML1;TCF7;CLDN7;SMAD3;SNW1;PSMD2;PSMD1;EP300;RBPJ;PSMC6;GATA6;BMP4;TRIM33;OCLN;TEAD2;LFNG;PSMC1;CREBBP;PSMD14;PSMD7;PSMD11;GBX2;PSMB2;FOXC2;PSMD12;MAML3;PSMD6;PSMA5;CDH1;PSMD8;GATA6-AS1;SMAD4;PSMC2;TCF7L2;MYB;SMAD2;PSMA4;DLX5;PSMA3;PSMD3;PSMA7;ADRM1;PSMD13;DLL1;CXCR4;PSMA6;ZEB2;PSMB5
REACTOME_ERBB2_ACTIVATES_PTK6_SIGNALING,0.00517551755175518,0.0129055566107069,0.213387923018053,0.690500458262958,1.64208400350079,12,EGFR;ERBB3;HBEGF;ERBB2;EREG;PTK6
REACTOME_RNA_POLYMERASE_I_TRANSCRIPTION_INITIATION,0.00526955816781516,0.0131159881869245,0.200513180400413,0.511327979022568,1.50206428984757,47,GATAD2A;TAF1D;CDK7;ERCC6;HDAC2;TAF1B;MTA2;POLR1E;GATAD2B;CCNH;POLR1G;ERCC3;GTF2H3;POLR1A;RBBP4;POLR1F;RBBP7;EHMT2;TAF1A;POLR1B;TBP;POLR1D;RRN3;MTA1;MNAT1;POLR2E;TTF1
REACTOME_SIGNALING_BY_TYPE_1_INSULIN_LIKE_GROWTH_FACTOR_1_RECEPTOR_IGF1R,0.00529801324503311,0.0131627056672761,0.200513180400413,0.527793242969661,1.52677881113815,40,FGF2;PIK3CA;KL;GAB2;PIK3R1;IGF1R;FGF9;SHC1;IRS2;FGF20;NRAS;FGF18;GAB1;PIK3C3;KRAS;PTPN11;GRB2;PIK3CB;FRS2;FGFR3;SOS1
REACTOME_METABOLISM_OF_NUCLEOTIDES,0.00530955720296534,0.0131673143044341,0.198584486969905,0.456916944295681,1.41215927688803,89,ATIC;UPP1;NT5E;ENTPD2;CAD;ADSS2;RRM1;PNP;CTPS1;ADK;DPYD;AK4;SAMHD1;IMPDH2;UPP2;ENTPD4;DCK;RRM2;IMPDH1;ENTPD1;ENTPD8;ENTPD3;GMPS;TK2;PPAT;RRM2B;GSR;CTPS2;XDH;PUDP;HPRT1;NUDT15;NT5C3A;NT5C2;TK1;NUDT1;PFAS;AMPD2;CMPK1;NT5C1A;ENTPD7;UMPS;AMPD3;ENTPD6
REACTOME_MISCELLANEOUS_TRANSPORT_AND_BINDING_EVENTS,0.00534535164028928,0.0132319360276013,0.202498775969141,0.589985708615252,1.59429007238179,24,TUSC3;NIPAL2;LRRC8A;ANKH;LRRC8E;ADD1;NIPAL3;NIPAL1;NIPA2;MMGT1;CTNS;LRRC8B
REACTOME_ASSOCIATION_OF_TRIC_CCT_WITH_TARGET_PROTEINS_DURING_BIOSYNTHESIS,0.00542921532472854,0.0134150975023747,0.198584486969905,0.541017664685868,1.54061891350301,35,STAT3;CCT8;SPHK1;TP53;TCP1;XRN2;CCT6A;CCT4;CCT2;CCNE2;DCAF7;LONP2;CCT5;FBXW2;CCT7;AP3M1;FKBP9;ARFGEF2;CCT3;KIF13A;NOP56;FBXO4;FBXO6;USP11;FBXW9;CCNE1;HDAC3
REACTOME_REGULATION_OF_CDH1_FUNCTION,0.00543970988213962,0.0134166347183807,0.196710025346243,0.490224112687176,1.47162590681151,59,FYN;SRC;CTNNB1;VCL;CTNNA1;MTBP;ACTG1;CTSS;PSMD2;PSMD1;PSMC6;DNM2;RACK1;PSMC1;PSMD14;JUP;PSMD7;PSMD11;EPS15;ACTB;PSMB2;UBC;PSMD12;PSMD6;PSMA5;CDH1;CTNND1;PSMD8;PSMC2;MDM2;PSMA4;PSMA3;PSMD3;PSMA7;ADRM1;PSMD13;PSMA6;PSMB5;RPS27A;UBA52;CTSL
REACTOME_MET_ACTIVATES_PTK2_SIGNALING,0.00545016245676554,0.0134180630049717,0.200513180400413,0.589304277381877,1.59244867345549,24,LAMB3;MET;ITGA3;ITGA2;LAMA1;LAMC1;SRC;LAMA5;COL3A1;PTK2;COL5A1;LAMB1;LAMA3;COL5A2;COL11A1
REACTOME_EPHRIN_SIGNALING,0.00546038543897216,0.0134189219015609,0.202498775969141,0.613462427936616,1.59299468519901,19,EPHB3;FYN;PAK2;SRC;MYL12A;NCK2;RAC1;EFNB1;GIT1
REACTOME_SYNTHESIS_OF_ACTIVE_UBIQUITIN_ROLES_OF_E1_AND_E2_ENZYMES,0.00547068538398018,0.0134199664924712,0.198584486969905,0.559107314571144,1.56215900231016,30,UBE2D1;UBE2H;UBA6;UBE2B;OTULIN;UBE2Z;UBE2E1;UBE2W;UBE2A;UBE2R2;UBE2K;UBE2E3;UBA1;USP9X;UBE2C;UBE2T;UBE2G1;UBC;UBE2Q2;USP7;USP5
REACTOME_DISEASES_OF_IMMUNE_SYSTEM,0.00548427152317881,0.0134290540540541,0.198584486969905,0.562737725332882,1.56558099705596,29,MYD88;TICAM1;RELA;UNC93B1;NFKB2;TLR5;NFKB1;HMGB1;S100A9;CHUK;IRAK4;S100A8;TLR1;TLR2;TIRAP;LY96;BTK;IKBKB;IKBKG;TLR6
REACTOME_STAT5_ACTIVATION_DOWNSTREAM_OF_FLT3_ITD_MUTANTS,0.00557361820715281,0.0135988279057822,0.208826601974224,0.724754968183142,1.64817844724119,10,BCL2L1;NOX4;GAB2;STAT5A;PTPN11;GRB2;CDKN1A;STAT5B
REACTOME_NOTCH4_ACTIVATION_AND_TRANSMISSION_OF_SIGNAL_TO_THE_NUCLEUS,0.00557361820715281,0.0135988279057822,0.208826601974224,0.722929152766157,1.64402632721301,10,YWHAZ;PSEN1;NCSTN;ADAM10;JAG1;APH1A
REACTOME_SIGNALING_BY_LEPTIN,0.00568973525313516,0.0138572584390872,0.206652311234449,0.722778155441835,1.64368294145305,10,STAT3;LEPR;STAT5A;IRS2;PTPN11;STAT5B;JAK2;SOCS3
REACTOME_SIGNALING_BY_FGFR4_IN_DISEASE,0.00572934570872006,0.013903894318126,0.204544131818546,0.70555350049457,1.63989263476533,11,PIK3CA;PIK3R1;NRAS;GAB1;KRAS;GRB2;FRS2;SOS1;PLCG1
REACTOME_ALK_MUTANTS_BIND_TKIS,0.00572934570872006,0.013903894318126,0.204544131818546,0.705419467694029,1.63958110714585,11,STRN;HIP1;NPM1;ALK;PRKAR1A;EML4;BIRC6;CLTC;PPM1B
REACTOME_CD209_DC_SIGN_SIGNALING,0.00573979591836735,0.0139044254065262,0.196710025346243,0.608942418351565,1.596807743708,20,LYN;FYN;PAK2;RELB;RELA;NFKB1;NRAS;EP300;KRAS;CREBBP;RAF1
REACTOME_GRB2_EVENTS_IN_ERBB2_SIGNALING,0.00581331578370078,0.0140574664591626,0.198584486969905,0.650298059979655,1.61564327043336,15,EGFR;HBEGF;ERBB2;EREG;NRAS;KRAS;GRB2;SOS1;BTC
REACTOME_MATURATION_OF_SARS_COV_1_NUCLEOPROTEIN,0.00584393262289447,0.0141064021927417,0.202498775969141,0.703792693109448,1.63580005346558,11,PARP4;PARP14;PARP9;UBE2I;GSK3B
REACTOME_MEIOSIS,0.00591419406575782,0.0142506910201505,0.18806904097585,0.455532721977044,1.40441623099865,86,RBBP8;FIGNL1;LMNA;BRCA2;CDK2;UBE2I;RAD51;SUN2;NBN;BLM;SMC3;LMNB1;MRE11;TINF2;ATM;STAG1;STAG2;RPA1;RAD50;CDK4;RAD21;SUN1;REC8;SMC1A;TERF1;STAG3;TOP3A;DMC1;ACD;H3-3A;TERF2;SYCP3;DIDO1;H3-3B
REACTOME_REGULATED_NECROSIS,0.00594338672307847,0.0142956859409976,0.18806904097585,0.487900331907855,1.46465004432719,59,TNFRSF10A;PELI1;FAS;TNFRSF10B;BIRC2;CFLAR;CASP8;CASP3;HSP90AA1;TP63;TP53;CHMP4C;PDCD6IP;XIAP;BIRC3;HMGB1;OGT;CHMP3;IL18;GSDME;BAX;ITCH;CHMP2B;FADD;UBC;IRF2;CHMP6;CHMP7;RIPK1;IL1A;FLOT2;CASP4;IRF1;ELANE;CDC37;CASP1;CHMP4B;FLOT1;IL1B;RPS27A;UBE2L3;UBA52
REACTOME_CYTOSOLIC_IRON_SULFUR_CLUSTER_ASSEMBLY,0.00596309630963096,0.0143177524466228,0.198584486969905,0.686463836267651,1.63248448430084,12,POLD1;MMS19;BRIP1;CIAO1;ABCB7;NDOR1;NUBP1
REACTOME_INTERLEUKIN_2_SIGNALING,0.00607310645124327,0.014556175779964,0.198584486969905,0.701748129623054,1.63104794806138,11,PTK2B;JAK1;JAK3;SHC1;STAT5A;IL2RA;IL2RB;STAT5B
REACTOME_GLYOXYLATE_METABOLISM_AND_GLYCINE_DEGRADATION,0.00612571399874434,0.0146564178244605,0.407017918923954,-0.561777410358371,-1.90138776467424,12,GCSH;HOGA1;GLDC;GNMT;ALDH4A1;PXMP2
REACTOME_TP53_REGULATES_TRANSCRIPTION_OF_GENES_INVOLVED_IN_G2_CELL_CYCLE_ARREST,0.00614025638263492,0.01466539266081,0.191387828756382,0.621735864425039,1.60006948230389,18,SFN;GADD45A;TP53;CARM1;EP300;PCNA;RBL2;BAX;RBL1;PRMT1;E2F4;CDK1;CCNB1;TFDP1;TFDP2;CDC25C
REACTOME_RIPK1_MEDIATED_REGULATED_NECROSIS,0.00616586167916966,0.0146930610871827,0.186472629239996,0.545531834820963,1.5374964612545,32,TNFRSF10A;PELI1;FAS;TNFRSF10B;BIRC2;CFLAR;CASP8;HSP90AA1;PDCD6IP;XIAP;BIRC3;OGT
REACTOME_SCF_SKP2_MEDIATED_DEGRADATION_OF_P27_P21,0.0061734642242688,0.0146930610871827,0.184915881971771,0.505180027510011,1.49033551311896,49,CCNA1;CDK2;CKS1B;PSMD2;PSMD1;CCNA2;CCNE2;PSMC6;PTK6;CUL1;CDK4;PSMC1;PSMD14;CDKN1A;PSMD7;PSMD11;PSMB2;UBC;PSMD12;PSMD6;PSMA5;PSMD8;PSMC2;PSMA4;SKP1;PSMA3;PSMD3;PSMA7;ADRM1;PSMD13;CDKN1B;PSMA6;CCNE1;PSMB5;RPS27A;UBA52
REACTOME_SCAVENGING_OF_HEME_FROM_PLASMA,0.0061885597692654,0.0147032390322232,0.407017918923954,-0.257399759827572,-1.40505584761814,68,APOA1;AMBP;ALB;HBA2;IGKV2-28;IGKV2D-28;HBA1;IGKV1-33;IGKV1-39;IGKV1D-39;IGKV1D-12;IGKV1D-33;IGLV1-51;IGKV2D-30;IGKV5-2;IGKV3D-20;IGHV1-69;HP;HBB;HPX;IGLV7-43;IGHV3-53;IGKV1-17;IGLV3-27;IGKV1D-16;IGKV1-12;IGKV2D-40;IGHV3-33;IGHV3-13;IGLV6-57;IGLV2-8;IGHV1-46;IGHV3-30;IGLV2-11;IGKV1-16;IGKV3-15;IGLC3;IGHV2-5;IGHV2-70;IGHV1-2;IGKV2-30;IGLV1-47;IGLV2-14;IGLV3-21;IGHA2;IGHV3-11;IGHV4-59;IGKV3-11;IGKV3-20;IGLC2;IGHV3-23;IGLV1-40;IGHV4-34;IGLV3-1;IGHV3-48;JCHAIN;IGLV2-23;IGLV1-44;IGKV1-5;IGHV4-39;IGKV4-1;IGHA1;IGLV3-19;IGHV3-7;IGLV3-25
REACTOME_DEFECTIVE_INTRINSIC_PATHWAY_FOR_APOPTOSIS,0.00627155848228285,0.0148744292799693,0.186472629239996,0.575876572042171,1.56654961224534,25,LMNA;CAST;CAPN2;CDC25B;TP53;FOXO3;CAPN1;LMNB1;CDK5R1;APP;CDKN2A;GOLGA2;SOD2;BCL2L11
REACTOME_MET_ACTIVATES_RAS_SIGNALING,0.00630228027959207,0.0149212524389645,0.194887297433682,0.701363328528543,1.63015356871198,11,MET;RANBP9;MUC20;SHC1;NRAS;KRAS;GRB2
REACTOME_NUCLEAR_EVENTS_MEDIATED_BY_NFE2L2,0.00631578947368421,0.0149272311212815,0.181914998907505,0.455129105771981,1.40194078583744,85,BCL2L1;BACH1;MYC;AREG;RELA;IDH1;GSK3B;ABCC3;MAFK;SP1;NFKB1;PSMD2;PSMD1;EP300;PSMC6;HMOX1;CUL1;GCLM;PDGFA;PSMC1;CREBBP;PSMD14;KEAP1;PSMD7;PSMD11;MAFG;PSMB2;GSR;CHD6;UBC;PSMD12;CDKN2A;BTRC;PSMD6;PSMA5;SQSTM1;CCL2;PSMD8;PSMC2;ABCC1;NFE2L2;PSMA4;SKP1;PSMA3;PSMD3;PSMA7;SLC7A11;ADRM1;PSMD13;PSMA6;PSMB5;NOTCH1;RPS27A;TXN;ATF4;UBA52
REACTOME_KSRP_KHSRP_BINDS_AND_DESTABILIZES_MRNA,0.00638389958883359,0.0150428847929765,0.18806904097585,0.625020083133455,1.59203723529884,17,YWHAZ;KHSRP;DIS3;EXOSC9;DCP2;MAPK14;AKT1;EXOSC8;EXOSC2;PARN;EXOSC6;EXOSC3
REACTOME_HIV_TRANSCRIPTION_INITIATION,0.00638686131386861,0.0150428847929765,0.181914998907505,0.509620883013806,1.49422250027841,46,CDK7;POLR2D;GTF2B;GTF2E2;TAF15;CCNH;GTF2F2;ERCC3;GTF2H3;TAF1;POLR2B;TAF4;TAF7;TAF12;TAF9B;POLR2A;TAF6;TAF2;TAF13;GTF2A1;TAF3;GTF2F1;TBP;TAF9;MNAT1;TAF5;POLR2E
REACTOME_CONDENSATION_OF_PROMETAPHASE_CHROMOSOMES,0.00641686719376647,0.0150874091978004,0.193113963346815,0.699778127864259,1.62646914379997,11,SMC4;SMC2;NCAPH;NCAPD2;CSNK2A1;NCAPG;CSNK2A2;CCNB2;CDK1;CCNB1
REACTOME_TRANSCRIPTIONAL_REGULATION_BY_VENTX,0.00643908421913328,0.0151134981930952,0.181914998907505,0.528022240961322,1.5170745389932,38,UBE2D1;RELA;CTNNB1;ANAPC1;TP53;NFKB1;AGO4;UBE2E1;MOV10;FZR1;CSF1R;CDC16;AGO1;EHMT2;CEBPB;IL6;UBE2C;CDKN2A;TNRC6B;AGO3;TCF7L2;CDC27;EHMT1;ANAPC4;CDC23;ANAPC5;VENTX;TNRC6A
REACTOME_RORA_B_C_AND_NR1D1_REV_ERBA_REGULATE_GENE_EXPRESSION,0.00648061043169228,0.0151586051233559,0.183397180948084,0.574608134294283,1.56309909739792,25,NRIP1;SREBF1;NCOA1;NCOA2;CARM1;HELZ2;EP300;TGS1;CHD9;MED1;NCOR1;TBL1XR1;CREBBP;NR1D1
REACTOME_NEGATIVE_REGULATION_OF_FGFR1_SIGNALING,0.00648061043169228,0.0151586051233559,0.183397180948084,0.574599037189985,1.56307435066242,25,ANOS1;FGF2;KL;SRC;CBL;FGF9;MAPK1;FGF20;PPP2CB;PTPN11;GRB2;FRS2;PPP2R1A;UBC;MKNK1;BRAF
REACTOME_TRANSLESION_SYNTHESIS_BY_Y_FAMILY_DNA_POLYMERASES_BYPASSES_LESIONS_ON_DNA_TEMPLATE,0.00652994592388532,0.0152477603274229,0.180467893079923,0.523286990331056,1.50841879046963,39,POLD1;RFC3;POLH;POLD3;UBE2L6;POLE;RFC4;PCNA;MAD2L2;RFC2;NPLOC4;RPA1;POLE3;REV3L;USP10;VCP;POLD4;RFC1;UBC;POLE2;USP43;REV1;POLK;SPRTN;UBA7;RPA2
REACTOME_NEGATIVE_REGULATORS_OF_DDX58_IFIH1_SIGNALING,0.00656342939185725,0.0152996578791321,0.180467893079923,0.537895352330136,1.52670478274055,34,UBE2D1;RNF125;IFIH1;HERC5;UBE2L6;TBK1;IKBKE;TAX1BP1;UBE2K;RNF216;OTUD5;ATG12;ATG5;ITCH;UBE2D3;NLRC5;UBC;TNFAIP3;NLRX1;CYLD;IRF3;UBA7;MAVS;TRIM25;ISG15;UBE2D2;RPS27A;TRIM4;UBA52;TRAF3
REACTOME_ACTIVATION_OF_BAD_AND_TRANSLOCATION_TO_MITOCHONDRIA,0.00658111220796315,0.0153146087168183,0.186472629239996,0.644797485567355,1.60197728158968,15,BID;SFN;YWHAH;YWHAZ;AKT3;YWHAG;YWHAB;YWHAQ
REACTOME_RIBOSOME_QUALITY_CONTROL_RQC_COMPLEX_EXTRACTS_AND_DEGRADES_NASCENT_PEPTIDE,0.00660726799479427,0.0153491918032913,0.177673526439218,0.440717029404051,1.37191466340416,101,UBE2D1;PSMD2;PSMD1;RPLP0;RPL39L;RPL10A;PSMC6;NPLOC4;NEMF;PSMC1;PSMD14;PSMD7;LTN1;PSMD11;RPL15;RPL7;VCP;RPL3;TCF25;PSMB2;RPL23A;RPL4;UBC;PSMD12;RPL22L1;RPL14;RPL7A;RPL12;PSMD6;PSMA5;CUL2;RPLP1;PSMD8;ELOC;PSMC2;RPL10;RPL21;RPL13A;RPL5;PSMA4;RPL30;RPL22;PSMA3;PSMD3;RPL8;PSMA7;ANKZF1;RCHY1;RPL23;RPL31;ADRM1;RPL32;PSMD13;RPL36;PSMA6;RPL37A;RPL28;PSMB5;UBE2D2;RPL36A;RPL35A;RPL11;RPL9;RPS27A;UBA52;RPL17;RPL27;UFD1;KLHDC10;RPL41;PSMB4;RBX1
REACTOME_IL_6_TYPE_CYTOKINE_RECEPTOR_LIGAND_INTERACTIONS,0.0066907974114292,0.0155167127681438,0.184915881971771,0.644459012063963,1.60113635575639,15,OSMR;LIF;CLCF1;JAK1;CRLF1;IL6ST;CTF1;CNTF;OSM;TYK2;JAK2
REACTOME_REGULATION_OF_PTEN_GENE_TRANSCRIPTION,0.00684931506849315,0.0158572728757789,0.175004015942342,0.484418359754198,1.45634103338938,60,GATAD2A;MAPK1;RNF2;HDAC2;MTA2;REST;TP53;BMI1;RCOR1;GATAD2B;RRAGC;SLC38A9;RHEB;MTOR;RBBP4;EZH2;RBBP7;PHC3;CBX2;KDM1A;MECOM;HDAC7;SUZ12;PHC2;EED;SCMH1;PTEN;RRAGB;PHC1;CBX6;RPTOR;MTA1
REACTOME_CO_INHIBITION_BY_CTLA4,0.00690901360544218,0.0159682814452312,0.179054499269993,0.602610167193437,1.58020290985232,20,LYN;FYN;SRC;AKT3;PPP2CB;CD86;PTPN11;PPP2R5E;AKT1;YES1;PPP2R1A;CD80;PPP2R5C;PPP2R1B;PPP2R5D;LCK;PPP2CA;PPP2R5A
REACTOME_REGULATION_OF_TP53_EXPRESSION_AND_DEGRADATION,0.00695865738845682,0.0160557137366941,0.175004015942342,0.530501523539395,1.51877669260964,37,CCNA1;AKT3;CDK2;PRDM1;CHEK2;TP53;RNF34;ATM;RICTOR;PHF20;CCNA2;MTOR;PPP2CB;CCNG1;AKT1;PPP2R1A;UBC;CDKN2A;USP7;MDM2;CDK1;PPP2R5C;PPP2R1B;PDPK1;RFFL;MDM4
REACTOME_KILLING_MECHANISMS,0.00710438867881288,0.0162539801591022,0.183397180948084,0.696818271052973,1.61958965502784,11,DVL1;FZD7;WNT5A;RAC1;DVL2;DVL3
REACTOME_SPHINGOLIPID_CATABOLISM,0.00710438867881288,0.0162539801591022,0.183397180948084,0.696245185844091,1.6182576536807,11,ALDH3B1;PLPP2;SGPL1;SGPP1;ACER2;ALDH3A2;ACER3;ALDH3B2
REACTOME_HIV_ELONGATION_ARREST_AND_RECOVERY,0.00709876543209877,0.0162539801591022,0.173713219262156,0.546230832752402,1.53367470796039,31,POLR2D;ELL;SUPT16H;GTF2F2;NELFA;POLR2B;CCNK;CCNT1;CCNT2;SUPT5H;NELFB;POLR2A;CDK9;SSRP1;GTF2F1;TCEA1;ELOC;POLR2E;CTDP1;POLR2C
REACTOME_EARLY_SARS_COV_2_INFECTION_EVENTS,0.00706605222734255,0.0162539801591022,0.173713219262156,0.532638107049318,1.52049590658345,36,SDC4;SDC3;AGRN;MAP1LC3B;CHMP4C;BECN1;PIK3C3;CHMP3;GPC5;GPC4;VCP;HSPG2;TMPRSS2;CHMP2B;NRP1;DDX5;CHMP6;CHMP7;RB1;VHL;PIK3R4;FURIN;GPC6;UVRAG;SDC2;GPC2
REACTOME_REGULATION_OF_RUNX3_EXPRESSION_AND_ACTIVITY,0.00710371422772478,0.0162539801591022,0.172450317477257,0.510057852300803,1.49169227068829,45,CBFB;SMURF1;SMURF2;SRC;TGFB1;PSMD2;PSMD1;EP300;PSMC6;PSMC1;PSMD14;PSMD7;PSMD11;PSMB2;UBC;PSMD12;CDKN2A;PSMD6;PSMA5;PSMD8;PSMC2;MDM2;PSMA4;PSMA3;PSMD3;PSMA7;ADRM1;PSMD13;PSMA6;PSMB5;RUNX3;RPS27A;UBA52
REACTOME_TIE2_SIGNALING,0.00714131140445791,0.0163109952918627,0.177673526439218,0.622659363513784,1.5860240628616,17,GRB7;PIK3CA;PIK3R1;SHC1;NRAS;KRAS;PTPN11;GRB2;DOK2;PIK3CB
REACTOME_DISASSEMBLY_OF_THE_DESTRUCTION_COMPLEX_AND_RECRUITMENT_OF_AXIN_TO_THE_MEMBRANE,0.00717404865876482,0.016358275381311,0.173713219262156,0.561577495518219,1.54622056102192,27,DVL1;CTNNB1;CAV1;GSK3B;AXIN1;CSNK1G2;CSNK1A1;DVL2;DVL3;PPP2CB;PPP2R5E;LRP5;PPP2R1A;AMER1;PPP2R5C;PPP2R1B;PPP2R5D;FRAT1;PPP2CA;APC;PPP2R5A;FZD5
REACTOME_ENDOSOMAL_SORTING_COMPLEX_REQUIRED_FOR_TRANSPORT_ESCRT,0.00720164609053498,0.0163662826706305,0.172450317477257,0.545732334612605,1.53227505429178,31,STAM;HGS;VPS37C;UBAP1;VPS37A;CHMP4C;VPS4B;CHMP5;VTA1;CHMP3;TSG101;STAM2;CHMP2B;MVB12B;UBC;CHMP6;CHMP7
REACTOME_G_ALPHA_Q_SIGNALLING_EVENTS,0.0071992800719928,0.0163662826706305,0.170004278488927,0.406172499014588,1.29237261976918,163,ANXA1;CYSLTR2;EGFR;HRH1;LPAR5;PIK3CA;DGKH;HBEGF;PIK3R1;MAPK7;GNB1;RPS6KA3;MAPK1;GNG12;GNB5;ITPR2;ITPR3;DGKA;DGKD;PTAFR;F2RL1;TRIO;GRK2;P2RY2;DAGLA;P2RY6;RGS4;RPS6KA2;DGKZ;GNA15;NRAS;GNB4;RGS3;ADRA1B;DGKQ;CCL23;KRAS;RASGRP1;GNAQ;GPR39;KISS1R;OXTR;EDNRA;GRB2;KISS1;RGS2;EDN1;PLCB3;CREB1;APP;NMU;RGS18;RGS1;RGS19;DAGLB;F2R;CCKBR;NPFFR1;GNA11;GNB2;LPAR6;SOS1;FPR2;PTGER1;FFAR4;F2RL2;PRKCD;BTK
REACTOME_N_GLYCAN_TRIMMING_IN_THE_ER_AND_CALNEXIN_CALRETICULIN_CYCLE,0.00727309977463635,0.0165010727775138,0.171214318379654,0.531374040558459,1.51315742620753,35,EDEM1;RAD23B;RNF139;DERL1;UGGT2;NGLY1;RNF103;EDEM2;PSMC1;MARCHF6;VCP;UGGT1;UBC;EDEM3;GANAB;TRIM13;AMFR;MOGS;UBXN1;RNF185;RNF5;MAN1B1;PRKCSH;OS9;SEL1L;RPS27A;UBA52
REACTOME_REGULATION_OF_IFNG_SIGNALING,0.00731220917349878,0.0165556896732008,0.177673526439218,0.655911877671797,1.60670376375009,14,STAT1;IFNGR1;JAK1;PTPN2;IFNGR2;PTPN1;PTPN11;JAK2;SOCS3;PIAS1;PTPN6
REACTOME_TBC_RABGAPS,0.00732153752287981,0.0165556896732008,0.170004278488927,0.512322791254661,1.49210249045005,43,TBC1D2;ARF6;GGA3;OPTN;RAB33B;RAB35;TBC1D25;MAP1LC3B;TBC1D10A;RAB11A;SYTL1;RAB8A;RAB6A;RAB5A;TBC1D14;TBC1D15;RABEP1;RAB7A;ULK1;TBC1D10B;RAB7B;GGA1;RAB5B;RABGAP1
REACTOME_FORMATION_OF_THE_CANONICAL_BAF_CBAF_COMPLEX,0.00735771478035057,0.0165851039162324,0.175004015942342,0.620842423278317,1.58139599316075,17,SMARCA4;SMARCC1;ACTL6A;BCL7A;SMARCB1;SS18;DPF2;ACTB;SS18L1;BCL7C;SMARCD1;ARID1B;ARID1A
REACTOME_RESOLUTION_OF_ABASIC_SITES_AP_SITES,0.00735895339329518,0.0165851039162324,0.170004278488927,0.524827974063385,1.50789700705291,38,POLD1;RFC3;POLD3;APEX1;PARG;POLE;LIG1;RFC4;PCNA;MBD4;RFC2;RPA1;POLE3;PARP2;TDG;POLD4;RFC1;FEN1;OGG1;ADPRS;POLE2;MPG;LIG3;XRCC1;RPA2;NEIL2;POLB
REACTOME_FORMATION_OF_WDR5_CONTAINING_HISTONE_MODIFYING_COMPLEXES,0.00742700172957575,0.0167107538915454,0.168819300017839,0.513010094870664,1.49028286117294,42,DR1;PSIP1;ASH2L;KMT2A;WDR82;OGT;PHF20;BOD1L1;HCFC1;KMT2B;KMT2C;KANSL2;RBBP5;KDM6A;MBIP;TADA3;TASP1;KMT2D;KANSL1;YEATS2;ZZZ3;KAT14;SETD1A;SETD1B;PAXIP1;HCFC2;NCOA6;WDR5;MEN1;KANSL3;AKAP8L
REACTOME_SYNTHESIS_OF_PIPS_AT_THE_LATE_ENDOSOME_MEMBRANE,0.00756273633551048,0.0169786269230532,0.177673526439218,0.692391393648384,1.6093004230338,11,MTMR7;FIG4;MTM1;MTMR2;MTMR9;PIK3C3;PIKFYVE
REACTOME_BUDDING_AND_MATURATION_OF_HIV_VIRION,0.00757104335200166,0.0169786269230532,0.168819300017839,0.553663315008997,1.53346790046123,28,VPS37C;UBAP1;VPS37A;CHMP4C;PDCD6IP;NEDD4L;VPS4B;CHMP5;VTA1;CHMP3;TSG101;CHMP2B;MVB12B;UBC;CHMP6;CHMP7
REACTOME_DIFFERENTIATION_OF_NAIVE_CD_T_CELLS_TO_T_HELPER_1_CELLS_TH1_CELLS,0.00760371240076037,0.0169957979484101,0.175004015942342,0.662291321166124,1.59822797006553,13,RUNX1;STAT1;STAT4
REACTOME_JNK_C_JUN_KINASES_PHOSPHORYLATION_AND_ACTIVATION_MEDIATED_BY_ACTIVATED_HUMAN_TAK1,0.00760295670538543,0.0169957979484101,0.170004278488927,0.586553291751121,1.56229894014731,22,NOD1;RIPK2;IRAK2;MAP3K7;MAP2K7;MAP2K4;TAB3;TAB2;NOD2;UBC;TAB1;UBE2N;MAPK9;IKBKG
REACTOME_RAB_GERANYLGERANYLATION,0.00764433715550191,0.0170585454750855,0.165406383146814,0.475855996052078,1.43578701210281,63,RAB27A;RAB31;RAB32;RABGGTA;RAB34;RAB33B;RABGGTB;RAB35;RAB18;RAB14;RAB3D;RAB21;RAB11A;CHML;RAB27B;CHM;RAB8A;RAB12;RAB3C;RAB6A;RAB5A;RAB23;RAB15;RAB7A;RAB2B;RAB39B;RAB22A;RAB9A;RAB7B;RAB5B;RAB42;RAB40A;RAB5C;RAB25;RAB10;PTP4A2;RAB2A;RAB43;RAB30;RAB1B
REACTOME_LISTERIA_MONOCYTOGENES_ENTRY_INTO_HOST_CELLS,0.00770877944325482,0.0171741496121038,0.170004278488927,0.603361279009945,1.56676475517915,19,MET;STAM;SRC;CTNNB1;CBL;SH3GL1;HGS;GRB2;EPS15;STAM2;UBC;CDH1;CTNND1
REACTOME_CONSTITUTIVE_SIGNALING_BY_OVEREXPRESSED_ERBB2,0.00779191016385929,0.0172594748039608,0.175004015942342,0.6910851429849,1.60626435157968,11,PTPN12;HSP90AA1;SHC1;ERBB2;NRAS;ERBIN;KRAS;GRB2
REACTOME_ATF4_ACTIVATES_GENES_IN_RESPONSE_TO_ENDOPLASMIC_RETICULUM_STRESS,0.00779787897691828,0.0172594748039608,0.166521148019972,0.560324535980604,1.54277072228257,27,CXCL8;NFYA;KHSRP;DIS3;EXOSC9;ATF6;DCP2;ATF3;NFYB;CEBPB;EXOSC8;EXOSC2;PARN;CCL2;EXOSC6;EXOSC3
REACTOME_TNFS_BIND_THEIR_PHYSIOLOGICAL_RECEPTORS,0.00779787897691828,0.0172594748039608,0.166521148019972,0.559592583053363,1.54075539817355,27,TNFRSF1A;TNFSF15;TNFRSF1B;TNFSF18;EDA2R;TNFSF9;TNFSF11;TNFSF4;TNFRSF8;CD70;TNFSF13;TNFRSF18;TNFSF14
REACTOME_REGULATION_OF_PTEN_STABILITY_AND_ACTIVITY,0.00776992936427851,0.0172594748039608,0.164313492356652,0.486253554785836,1.45224393481313,56,AKT3;TNKS;OTUD3;XIAP;PSMD2;PSMD1;NEDD4;TNKS2;PSMC6;CSNK2A1;WWP2;RNF146;CSNK2A2;PSMC1;PSMD14;PSMD7;AKT1;PSMD11;MKRN1;TRIM27;PSMB2;PTEN;UBC;PSMD12;PSMD6;PSMA5;PSMD8;PSMC2;PSMA4;USP13;PSMA3;PSMD3;PSMA7;ADRM1;PSMD13;PSMA6;PSMB5
REACTOME_ENDOGENOUS_STEROLS,0.00797156091780674,0.0176152053452022,0.167658528065765,0.612600983719122,1.57656039319007,18,AHR;CYP1B1;NCOA1;NCOA2;CYP21A2;ARNT2;CYP51A1;ARNT
REACTOME_RHO_GTPASES_ACTIVATE_CIT,0.00807928471399332,0.0178242661141509,0.166521148019972,0.611632726939201,1.57406853416563,18,MYH10;MYH9;MYH14;RHOA;MYL12B;RAC1;DLG4;PPP1CB;KIF14;PPP1R12A
REACTOME_N_GLYCAN_ANTENNAE_ELONGATION,0.0081985375581653,0.0180580430170934,0.167658528065765,0.652004122509855,1.59713143377675,14,B4GALT5;MGAT4B;MGAT4C;B4GALT1;B4GALT6;B4GALT4;MGAT4A;B4GALT2;MGAT5;B4GALT3
REACTOME_SLC_MEDIATED_TRANSMEMBRANE_TRANSPORT,0.0083991600839916,0.0184699976604281,0.157220069393743,0.401510077649055,1.28341610632221,180,RUNX1;SLC27A6;SLC22A4;SLC6A6;SLC2A13;SLC15A4;SLC2A1;SLC34A2;SLC20A1;SLC2A3;SLC17A5;SLC12A2;SLCO4A1;SLC4A7;SLC39A6;SLC6A12;SLC3A2;SLC38A2;SLC26A2;SLC35C1;SLC8B1;SLC7A2;SLC36A1;SLC44A2;SLC16A1;SLC6A20;SLC35B2;SLC24A1;EMB;SLC9A5;SLC7A1;SLC29A1;SLC30A1;APOD;SLC16A3;SLC35A2;SLC4A2;SLC45A3;SLC39A10;CTNS;SLCO3A1;SLC5A3;SLC7A8;SLC30A5;SLC9A6;SLC38A4;SLC12A7;SLC26A11;SLC6A14;SLC50A1;CALM1;SLC1A4;SLC5A2;SLCO2B1;SLC22A5;SLC44A1;SLC38A5;SLC30A3;SLC2A10;PDZD11;CP;SLC10A6;SLC29A3;SLC26A1;SLC40A1;SLC9A8;HEPH;SLC12A6;SRI;SLC35A3;SLC35B4;SLC11A1;SLC8A1;SLC9A7
REACTOME_E2F_MEDIATED_REGULATION_OF_DNA_REPLICATION,0.00844772967265048,0.0185467926092601,0.161159145661682,0.585246800527609,1.55881906903839,22,PRIM2;POLA1;ORC1;PRIM1;ORC6;PPP2CB;ORC3;PPP2R1A;RB1;ORC4;E2F1;CDK1;CCNB1;PPP2R1B;TFDP1;TFDP2;PPP2CA;MCM8;ORC2
REACTOME_SYNTHESIS_OF_PIPS_AT_THE_EARLY_ENDOSOME_MEMBRANE,0.00848656294200849,0.0186019984486928,0.16324176812788,0.628669797106335,1.58485549947202,16,INPP4A;INPP5F;FIG4;MTM1;MTMR12;PI4K2A;MTMR2;PIK3C3;PIKFYVE
REACTOME_UNFOLDED_PROTEIN_RESPONSE_UPR,0.00851703406813627,0.01863872672882,0.15627914647544,0.443872206679975,1.37328276625884,91,DCSTAMP;EDEM1;LMNA;CXCL8;CUL7;MBTPS2;SHC1;NFYA;ADD1;KHSRP;TLN1;ATF6B;EIF2S2;HDGF;DIS3;TPP1;EXOSC9;CTDSP2;ATF6;EIF2S3;DCP2;KDELR3;ERN1;DCTN1;ATF3;NFYB;CEBPB;CREB3;MBTPS1;EXOSC8;EIF2S1;GFPT1;EXOSC2;PARN;CCL2;EXOSC6;EXTL1;TSPYL2;EXOSC3;FKBP14;CREBRF;SSR1;SERP1;SEC31A;EXTL3;EXTL2
REACTOME_PROCESSING_OF_INTRONLESS_PRE_MRNAS,0.00860969387755102,0.0187509198390895,0.160146983509279,0.596281751915643,1.56360813468731,20,CSTF2;NUDT21;CPSF1;NCBP2;CPSF3;CPSF6;CPSF7;FIP1L1;NCBP1;SYMPK;CSTF2T;WDR33;CSTF3;CPSF2;CLP1
REACTOME_ZBP1_DAI_MEDIATED_INDUCTION_OF_TYPE_I_IFNS,0.00860969387755102,0.0187509198390895,0.160146983509279,0.596048262312808,1.56299586332199,20,DTX4;MYD88;TICAM1;RELA;NFKB2;NFKB1;TBK1;DHX9;CHUK;RIPK1;IRF3;IKBKB;IKBKG
REACTOME_MUSCLE_CONTRACTION,0.0085991400859914,0.0187509198390895,0.155354732375283,0.406250182403229,1.28983307200454,154,PDE5A;ANXA1;ANXA2;RYR1;TMOD3;CACNG4;PAK2;DMD;TPM3;TPM4;KCNJ2;ATP1B3;ATP2B4;VCL;GUCY1B1;SCN1B;MYL12A;HIPK2;TRPC1;ITPR2;ITPR3;CALD1;KCND1;TNNI1;ATP2B1;MYL12B;PXN;TLN1;SCN2B;ITGB5;CACNB1;AKAP9;CAMK2D;KCNK15;KCNK1;KCNK6;KCNK13;GUCY1A1;AHCYL1;KCNK5;MME;TPM1;ORAI2;SCN8A;CALM1;SCN5A;HIPK1;SORBS1;ATP1B1;KCNE5
REACTOME_NEGATIVE_REGULATION_OF_FGFR3_SIGNALING,0.00864067439409905,0.018788282402529,0.159153456855406,0.58294451620147,1.56320768354652,23,FGF2;SRC;CBL;FGF9;MAPK1;FGF20;FGF18;PPP2CB;PTPN11;GRB2;FRS2;PPP2R1A;UBC;FGFR3;MKNK1;BRAF
REACTOME_PLASMA_LIPOPROTEIN_ASSEMBLY_REMODELING_AND_CLEARANCE,0.00866324166414828,0.0188072610568331,0.155354732375283,0.479561138702053,1.43961624356963,59,LDLR;LSR;NPC1;BMP1;ABCA1;AP2A1;MBTPS2;LPL;NCEH1;LIPA;AP2M1;NPC2;ABCG1;SOAT1;ANGPTL4;APOE;AP2B1;APOC1;CLTA;ZDHHC8;NR1H2;PCSK5;CLTC;HDLBP;AP2A2;APOBR;MBTPS1;UBC
REACTOME_STAT3_NUCLEAR_EVENTS_DOWNSTREAM_OF_ALK_SIGNALING,0.00870877844867627,0.0188759647715328,0.166521148019972,0.709662701720417,1.6138568497415,10,DNMT1;HIF1A;STAT3;PRDM1;HDAC2;EP300
REACTOME_ACTIVATED_TAK1_MEDIATES_P38_MAPK_ACTIVATION,0.00874604847207587,0.0189265603082024,0.158177999589196,0.582378907968065,1.56169096435324,23,NOD1;RIPK2;MAPKAPK3;IRAK2;MAPKAPK2;MAP3K7;TAB3;MAP2K3;TAB2;MAPK14;NOD2;UBC;TAB1;UBE2N;IKBKG
REACTOME_CONSTITUTIVE_SIGNALING_BY_LIGAND_RESPONSIVE_EGFR_CANCER_VARIANTS,0.00877944325481799,0.0189686222309978,0.159153456855406,0.600556916574237,1.55948259044988,19,EGFR;PIK3CA;PIK3R1;CBL;HSP90AA1;SHC1;NRAS;GAB1;KRAS;GRB2;UBC;SOS1;PLCG1
REACTOME_HEPARAN_SULFATE_HEPARIN_HS_GAG_METABOLISM,0.00880065493246009,0.0189842699257353,0.155354732375283,0.523706141894513,1.49932214478708,37,SDC4;SDC3;HPSE;HS2ST1;IDS;GLCE;AGRN;HGSNAT;HS3ST1;EXT2;HPSE2;GPC5;GPC4;HSPG2;NDST3;NDST1;SGSH;HS6ST1;GPC6;EXT1;EXTL3;EXTL2;SDC2;HS6ST2;GPC2
REACTOME_PROLONGED_ERK_ACTIVATION_EVENTS,0.00883372470088337,0.0190254070816173,0.162190534576841,0.658185811634972,1.58832063781708,13,KIDINS220;MAPK1;YWHAB;CRKL;CRK;RAP1A;MAP2K1;FRS2;RAPGEF1;BRAF
REACTOME_FORMATION_OF_NEURONAL_PROGENITOR_AND_NEURONAL_BAF_NPBAF_AND_NBAF,0.00885142255005269,0.0190333595656987,0.157220069393743,0.582092346983477,1.56092253044493,23,SMARCA4;SMARCC1;ACTL6A;BCL7A;SMARCC2;PHF10;SMARCB1;SS18;DPF2;ACTB;SS18L1;BCL7C;SMARCD1;ARID1B;ARID1A
REACTOME_CELLULAR_RESPONSE_TO_STARVATION,0.0088991100889911,0.0191056723711515,0.152675855527469,0.407164801768091,1.29109488987638,150,ATP6V1B2;SEH1L;CASTOR2;TCIRG1;EIF2S2;RPS4X;RPLP0;RPL39L;RRAGC;EIF2S3;SLC38A9;RHEB;RPL10A;MTOR;MIOS;ATF3;DEPDC5;RPS2;FLCN;RPS12;ATP6V1A;CEBPB;RPL15;RPS9;RPS5;RPL7;RPS27;RPL3;RPS8;RPL23A;RPL4;RPL22L1;RRAGB;GCN1;RPL14;RPS3;RPL7A;FNIP1;RPL12;EIF2S1;RPSA;RPTOR;RPLP1;ATP6V1C1;RPL10;ATP6V1E1;SZT2;RPL21;ATP6V1G1;RPL13A;RRAGA;RPL5;RPS18;SESN2;RPS25;RPL30;RPL22;EIF2AK4;FNIP2;SH3BP4;SEC13;RPL8;RPS29;RPS6;RPS13;RPL23;RPL31;RPL32;RPS24;ATF2;RPS23;RPS3A;RPS17;RPL36;ATP6V0D2;ASNS;RPL37A;RPL28;RPS20;RPL36A;RPL35A;RPL11;RPL9;SESN1;RPS27A;LAMTOR3;ATF4;UBA52;ATP6V1C2;RPL17;RPL27;RPS11;RPS14
REACTOME_WNT5A_DEPENDENT_INTERNALIZATION_OF_FZD2_FZD5_AND_ROR2,0.00894554400089456,0.0191750698694254,0.161159145661682,0.657975429182434,1.58781294715391,13,ROR1;AP2A1;WNT5A;AP2M1;AP2B1;CLTA;CLTC;AP2A2
REACTOME_INOSITOL_PHOSPHATE_METABOLISM,0.00901905147952979,0.0193021904892614,0.152675855527469,0.500044691932415,1.46891878773244,47,PLCD3;INPP4A;ITPKC;MTMR7;PLCD1;INPP5B;INPP5D;NUDT11;ISYNA1;MTMR9;INPP1;ITPK1;NUDT10;IP6K1;PLCB3;IPMK;PPIP5K2;PPIP5K1;IPPK;PLD4;ITPKB;MINPP1;CALM1;IMPA1;PTEN;ITPKA;PLCG1;INPP4B;IP6K2
REACTOME_RAF_ACTIVATION,0.00904326379611551,0.0193235778284921,0.1535535368591,0.536697494307563,1.51259824925313,32,SRC;YWHAB;NRAS;PPP1CB;CAMK2D;MAP3K11;PPP2CB;KRAS;SHOC2;PPP2R5E;MAP2K1;RAF1;JAK2;CALM1;BRAP;PPP2R1A;ARAF;BRAF;MRAS;PPP2R5C;PPP2R1B;PPP2R5D;PPP2CA;PPP2R5A;PPP1CC
REACTOME_DEVELOPMENTAL_LINEAGES_OF_THE_MAMMARY_GLAND,0.00923045011408422,0.0196925929435486,0.152675855527469,0.547801447382488,1.51723242738883,28,TGFA;EGFR;MFGE8;TFAP2C;AREG;SLPI;MUC1;ERBB2;TP63;ESR1;GATA3;ALDH1A3;PGR;MME
REACTOME_DISSOLUTION_OF_FIBRIN_CLOT,0.0092815400481265,0.0197705531746143,0.160146983509279,0.68386629003644,1.58948583120761,11,SERPINB8;ANXA2;PLAUR;S100A10;PLAU
REACTOME_TRNA_AMINOACYLATION,0.00947336253437914,0.0201475738407218,0.149308206900753,0.511057792099215,1.48029685613194,41,GARS1;VARS1;EPRS1;WARS1;RARS1;PPA1;YARS2;NARS2;IARS1;IARS2;HARS1;MARS1;AIMP1;RARS2;TARS1;KARS1;SARS1;AARS2;YARS1;WARS2;CARS2;LARS1;FARSA;NARS1;QARS1;HARS2;SARS2;DARS2;FARSB
REACTOME_PLASMA_LIPOPROTEIN_CLEARANCE,0.00953748333504256,0.0202444322519106,0.149308206900753,0.527517606267175,1.49724969546427,34,LDLR;LSR;NPC1;AP2A1;NCEH1;LIPA;AP2M1;NPC2;SOAT1;APOE;AP2B1;APOC1;CLTA;NR1H2;CLTC;HDLBP;AP2A2;APOBR;UBC;SOAT2
REACTOME_ACTIVATION_OF_APC_C_AND_APC_C_CDC20_MEDIATED_DEGRADATION_OF_MITOTIC_PROTEINS,0.00954869836164439,0.0202444322519106,0.147704896905467,0.469827799455824,1.41962851696904,64,CCNA1;UBE2D1;ANAPC1;PSMD2;PSMD1;UBE2E1;MAD2L1;CCNA2;BUB1B;BUB3;PSMC6;PSMC1;PSMD14;CDC16;PSMD7;NEK2;PSMD11;UBE2C;PSMB2;UBC;PSMD12;PSMD6;PSMA5;PSMD8;PSMC2;CDK1;CDC27;CCNB1;PLK1;PSMA4;PSMA3;PSMD3;PSMA7;ANAPC4;CDC23;ADRM1;PSMD13;ANAPC5;PSMA6;PSMB5
REACTOME_CDK_MEDIATED_PHOSPHORYLATION_AND_REMOVAL_OF_CDC6,0.00956889605157131,0.0202556537914103,0.147704896905467,0.476278663243764,1.43187009047653,60,CCNA1;UBE2D1;CDK2;ANAPC1;PSMD2;PSMD1;UBE2E1;CCNA2;CCNE2;PSMC6;FZR1;PSMC1;PSMD14;CDC16;PSMD7;PSMD11;CDC6;UBE2C;PSMB2;UBC;PSMD12;PSMD6;PSMA5;PSMD8;PSMC2;CDC27;PSMA4;PSMA3;PSMD3;PSMA7;ANAPC4;CDC23;ADRM1;PSMD13;ANAPC5;PSMA6;CCNE1;PSMB5
REACTOME_BMAL1_CLOCK_NPAS2_ACTIVATES_CIRCADIAN_EXPRESSION,0.00958904109589041,0.0202667291591214,0.150964206987421,0.579585561143937,1.55420040376483,23,BHLHE40;NAMPT;BHLHE41;NCOA1;NCOA2;CARM1;HELZ2;TGS1;CHD9;MED1;SERPINE1;TBL1XR1;CREBBP;PPARA;TBL1X;F7;NPAS2;CLOCK
REACTOME_GAP_FILLING_DNA_REPAIR_SYNTHESIS_AND_LIGATION_IN_GG_NER,0.0096163896728337,0.0202929713748152,0.150129441088022,0.564406702764153,1.5353482747673,25,POLD1;RFC3;POLD3;POLE;LIG1;RFC4;PCNA;RFC2;RPA1;POLE3;POLD4;RFC1;UBC;POLE2;LIG3;XRCC1;POLK;RPA2
REACTOME_DUAL_INCISION_IN_GG_NER,0.00967906265919511,0.0203619623485366,0.147704896905467,0.513548160611812,1.48557121669357,40,DDB2;POLD1;RFC3;CUL4B;POLD3;POLE;RFC4;PCNA;ERCC3;GTF2H3;RFC2;RPA1;POLE3;DDB1;PARP2;CUL4A;ERCC5;POLD4;RFC1;UBC;POLE2;ERCC4;POLK;RPA2;ERCC1
REACTOME_CROSS_PRESENTATION_OF_SOLUBLE_EXOGENOUS_ANTIGENS_ENDOSOMES,0.00967709076092493,0.0203619623485366,0.147704896905467,0.510471854034382,1.47859966593414,41,MRC2;MRC1;PSMD2;PSMD1;CD207;PSMB8;PSMC6;PSMC1;PSMD14;PSMD7;PSMD11;PSMB2;PSMD12;PSMD6;PSMA5;PSME1;PSMD8;PSMC2;PSMB10;PSMB9;PSMA4;PSMA3;PSMD3;PSMA7;ADRM1;PSMD13;PSMA6;PSMB5
REACTOME_TRANSCRIPTIONAL_ACTIVATION_OF_MITOCHONDRIAL_BIOGENESIS,0.00969403211148137,0.0203619623485366,0.146922135732098,0.487285628318598,1.44819405878881,53,PPRC1;NCOA1;NCOA2;CARM1;HELZ2;GLUD1;CRTC1;GABPB1;TGS1;CHD9;MED1;GLUD2;NCOR1;TBL1XR1;CRTC3;HCFC1;MEF2D;TFAM;CRTC2;CREBBP;NR1D1;CREB1;CALM1;NRF1;TWNK;PPARA;SOD2;TBL1X;TFB1M;SIRT3;GABPA;POLRMT;ATF2;NCOA6;SSBP1;HDAC3
REACTOME_COPI_MEDIATED_ANTEROGRADE_TRANSPORT,0.0100170289492137,0.0210079357129342,0.143909619745855,0.438800505404981,1.35933959848745,93,SPTBN2;CD55;TUBB6;DYNC1I2;TUBA1A;SPTAN1;CAPZA1;COPG2;CD59;DYNC1H1;TUBB3;ARCN1;TUBA1C;TUBA1B;CAPZA2;GBF1;NAPG;KDELR3;COPB1;COPB2;DYNC1LI1;TUBA4A;DCTN1;DCTN4;COPA;ACTR10;COPG1;GOLGB1;ACTR1A;GOLGA2;DYNC1LI2;COG6;TUBB4B;COG4;ARF5;TUBB2A;USO1;DYNLL1;GOSR1;ARFGAP2;COG1;ARF3;ARF4;KDELR2;DCTN2;TMED2;KDELR1;RAB1B;DCTN6;DCTN5;TMED10;ARFGAP1;BET1L;SPTB;STX5;COG3;CAPZB;TMED7;ARFGAP3;NSF;BET1;YKT6;RAB1A;COG2;GOSR2
REACTOME_MAPK_TARGETS_NUCLEAR_EVENTS_MEDIATED_BY_MAP_KINASES,0.0100372516556291,0.0210179121725732,0.146151534304949,0.541527373178731,1.50657211462541,29,ELK1;MAPK7;MAPKAPK2;RPS6KA3;MAPK1;ATF1;RPS6KA2;PPP2CB;MAPK14;CREB1;DUSP3;MEF2A;DUSP7;PPP2R1A;MAPK9;PPP2R1B;PPP2R5D;ATF2;PPP2CA
REACTOME_DISEASES_OF_MITOTIC_CELL_CYCLE,0.010130986492018,0.02118155483485,0.144645572264101,0.516588503221915,1.47894500496242,37,UBE2D1;CDK2;CCND3;ANAPC1;UBE2E1;CCND2;ATRX;CCNE2;FZR1;CDK4;E2F3;CDKN1A;CDC16;UBE2C;RB1;E2F1;CDC27;TFDP1;TFDP2;ANAPC4;CDC23;E2F2;CDKN1B;ANAPC5;CCNE1;DAXX;CDKN1C
REACTOME_DCC_MEDIATED_ATTRACTIVE_SIGNALING,0.0102873756010287,0.0214754891579079,0.150129441088022,0.654208091502093,1.5787216843501,13,FYN;SRC;CDC42;TRIO;RAC1;WASL;PTK2;ABLIM1;NCK1;ABLIM3;DOCK1
REACTOME_PROCESSIVE_SYNTHESIS_ON_THE_LAGGING_STRAND,0.0103104091258089,0.0214905613527214,0.148500141871431,0.630358828125315,1.56610493140759,15,POLD1;PRIM2;POLA1;POLD3;LIG1;PRIM1;PCNA;RPA1;POLD4;FEN1;RPA2;DNA2
REACTOME_NOTCH2_INTRACELLULAR_DOMAIN_REGULATES_TRANSCRIPTION,0.0104635463546355,0.0217430573332563,0.149308206900753,0.666163846790787,1.58420893633806,12,MAMLD1;NOTCH2;MAML2;MAML1;EP300;RBPJ;CREB1;MAML3
REACTOME_NUCLEAR_EVENTS_STIMULATED_BY_ALK_SIGNALING_IN_CANCER,0.0104604655932725,0.0217430573332563,0.142470368773132,0.524308293850102,1.48814072548484,34,DNMT1;STAT3;MAPK1;AGO2;NPM1;STAT5A;AGO4;MOV10;CUL1;MECP2;AGO1;FOXM1;CEBPB;JUNB;BCL2A1;RB1;AGO3;PTPN6;CCNB1;SKP1;RPS6;IL10RA;TWIST1
REACTOME_NUCLEOTIDE_CATABOLISM,0.0105284888521883,0.0218446051146929,0.142470368773132,0.539624211064923,1.50772275234171,30,UPP1;NT5E;ENTPD2;PNP;DPYD;SAMHD1;UPP2;ENTPD4;ENTPD1;ENTPD8;ENTPD3;XDH;NUDT15;NT5C3A;NT5C2;NUDT1;NT5C1A;ENTPD7;ENTPD6
REACTOME_OPIOID_SIGNALLING,0.0107332731467549,0.0222355460464024,0.139050712469267,0.450492440405085,1.38037833622835,78,ADCY7;PPP1R1B;KPNA2;ADCY8;PPP3CA;GNB1;PDE1C;PLA2G4A;PPP3CB;MAPK1;GNG12;GNAI2;GNB5;ITPR2;ITPR3;GRK2;GNA15;GNB4;ADCY6;CAMK2D;PRKAR1A;GNAI3;ADCY3;PPP2CB;AHCYL1;GNAQ;PLCB3;CREB1;PDE1A;CALM1;PPP2R1A;PRKAR1B;GNA11;GNB2;PPP3R1;PRKCD;PRKAR2B;PLCB2;PPP2R1B;PPP1CA;PPP2R5D;GNG5;PLCB1;PRKACA;PPP2CA;CAMKK2
REACTOME_Z_DECAY_DEGRADATION_OF_MATERNAL_MRNAS_BY_ZYGOTICALLY_EXPRESSED_FACTORS,0.0108010801080108,0.0223419602234196,0.146922135732098,0.664595345642918,1.5804788727102,12,PABPC1;EIF4G1;EIF4A2;TUT7;EIF4A3;PAIP1;EIF4B;TUT4
REACTOME_SHC_MEDIATED_CASCADE_FGFR3,0.0109582914010958,0.0226327021490718,0.145392780236481,0.649070476092662,1.56632369515052,13,FGF2;FGF9;SHC1;FGF20;NRAS;FGF18;KRAS;GRB2;FGFR3;SOS1
REACTOME_FGFR1_LIGAND_BINDING_AND_ACTIVATION,0.0110003437607425,0.0226850791666906,0.146922135732098,0.677318204216109,1.57426635075568,11,ANOS1;FGF2;KL;FGF9;FGF20;GIPC1
REACTOME_TELOMERE_C_STRAND_SYNTHESIS_INITIATION,0.011026102610261,0.022703747647492,0.145392780236481,0.664480628504839,1.5802060630761,12,PRIM2;POLA1;TINF2;CTC1;PRIM1;STN1;TERF1;ACD;TERF2
REACTOME_SEALING_OF_THE_NUCLEAR_ENVELOPE_NE_BY_ESCRT_III,0.0110612543044976,0.0227416711041031,0.139715216553372,0.554598164241628,1.51824733579408,26,TUBB6;TUBA1A;CC2D1B;SPAST;CHMP4C;TUBB3;TUBA1C;TUBA1B;CHMP3;TUBA4A;CHMP2B;TUBB4B;CHMP6;CHMP7;TUBB2A;IST1
REACTOME_TGF_BETA_RECEPTOR_SIGNALING_IN_EMT_EPITHELIAL_TO_MESENCHYMAL_TRANSITION,0.0110978130780111,0.0227547641641992,0.142470368773132,0.620964019948695,1.56542949338392,16,TGFBR1;SMURF1;PARD3;ARHGEF18;F11R;RHOA;TGFB1;CGN
REACTOME_DNA_REPLICATION_PRE_INITIATION,0.0111011101110111,0.0227547641641992,0.136483198012004,0.416987000507924,1.31168344005458,125,MCM4;UBE2D1;MCM6;CDK2;MCM5;MCM2;PRIM2;POLA1;KPNA1;ANAPC1;MCM3;CDC7;MCM7;ORC1;PSMD2;PSMD1;POLE;DBF4;PRIM1;UBE2E1;MCM10;KPNA6;ORC6;PSMC6;CDC45;ORC3;RPA1;FZR1;KPNB1;POLE3;PSMC1;PSMD14;CDT1;CDC16;PSMD7;PSMD11;CDC6;UBE2C;H3-3A;PSMB2;UBC;PSMD12;POLE2;H3-3B;PSMD6;PSMA5;PSMD8;ORC4;PSMC2;CDC27;RPA2;PSMA4;PSMA3;PSMD3;H2AX;PSMA7;ANAPC4;CDC23;ADRM1;PSMD13;MCM8;ANAPC5;PSMA6;ORC2;PSMB5;GMNN
REACTOME_TGFBR3_EXPRESSION,0.0112750263435195,0.0230764469892214,0.139050712469267,0.571584730365859,1.53274560009236,23,KLF16;RARA;TCF3;AGO2;HELLS;SMAD3;SP1;TCF12;AGO4;EP300;MOV10
REACTOME_P130CAS_LINKAGE_TO_MAPK_SIGNALING_FOR_INTEGRINS,0.0113441045032657,0.0231481051350422,0.144645572264101,0.676855813877587,1.57319163351595,11,SRC;RAP1B;TLN1;CRK;RAP1A;PTK2;BCAR1;ITGB3
REACTOME_INFECTION_WITH_MYCOBACTERIUM_TUBERCULOSIS,0.0113329174464546,0.0231481051350422,0.137749272114041,0.549770644254902,1.51371214262916,27,MRC1;MAPK1;KPNA1;HGS;RNF213;ENO1;SFPQ;RAB5A;KPNB1;RAB7A;B2M;DUSP16;TRIM27;CORO1A;UBC;TLR2
REACTOME_TRISTETRAPROLIN_TTP_ZFP36_BINDS_AND_DESTABILIZES_MRNA,0.0115775806102575,0.0235296154578666,0.139050712469267,0.607763851039371,1.5480825452399,17,MAPKAPK2;YWHAB;DIS3;EXOSC9;XRN1;DCP2;DCP1A;EXOSC8;EXOSC2;ZFP36;EXOSC6;EXOSC3
REACTOME_STABILIZATION_OF_P53,0.0115830115830116,0.0235296154578666,0.134646973904378,0.499514869132345,1.45808657061878,44,CHEK2;TP53;PSMD2;PSMD1;ATM;PHF20;PSMC6;PSMC1;PSMD14;PSMD7;COP1;PSMD11;PSMB2;UBC;PSMD12;CDKN2A;PSMD6;PSMA5;PSMD8;PSMC2;MDM2;PSMA4;PSMA3;PSMD3;MDM4;PSMA7;ADRM1;PSMD13;PSMA6;PSMB5;RPS27A;UBA52
REACTOME_CELLULAR_RESPONSE_TO_HYPOXIA,0.0115822338604089,0.0235296154578666,0.134050934338562,0.470250087411818,1.41529451193179,61,WTIP;HIF1A;UBE2D1;AJUBA;HIF1AN;PSMD2;PSMD1;EP300;PSMC6;PSMC1;CREBBP;PSMD14;PSMD7;ARNT;PSMD11;UBE2D3;PSMB2;UBC;PSMD12;EGLN3;PSMD6;PSMA5;CUL2;EGLN2;PSMD8;ELOC;PSMC2;VHL;EGLN1;PSMA4;PSMA3;PSMD3;PSMA7;ADRM1;PSMD13;PSMA6;PSMB5;UBE2D2;RPS27A;UBA52
REACTOME_CREATION_OF_C4_AND_C2_ACTIVATORS,0.0116272441280857,0.0235842160747291,0.380730400722792,-0.255444930512645,-1.41286774694569,67,COLEC10;COLEC11;IGHG4;IGKV2-28;IGKV2D-28;IGKV1-33;IGKV1-39;IGKV1D-39;IGKV1D-12;IGKV1D-33;IGLV1-51;IGKV2D-30;IGKV5-2;IGKV3D-20;IGHV1-69;IGLV7-43;IGHV3-53;IGKV1-17;IGLV3-27;IGKV1D-16;IGKV1-12;IGKV2D-40;IGHV3-33;IGHG2;IGHV3-13;IGLV6-57;IGLV2-8;IGHV1-46;FCN3;IGHV3-30;IGLV2-11;IGKV1-16;IGKV3-15;IGLC3;IGHV2-5;IGHV2-70;IGHV1-2;IGKV2-30;IGLV1-47;MASP2;IGLV2-14;IGLV3-21;IGHV3-11;IGHV4-59;IGKV3-11;IGHG1;IGKV3-20;IGLC2;IGHV3-23;IGLV1-40;IGHV4-34;IGLV3-1;IGHV3-48;IGLV2-23;IGLV1-44;IGKV1-5;IGHV4-39;IGKV4-1;IGLV3-19;IGHV3-7;IGLV3-25
REACTOME_GRB2_SOS_PROVIDES_LINKAGE_TO_MAPK_SIGNALING_FOR_INTEGRINS,0.0118024521599633,0.023903923227109,0.141766537975907,0.675631467281409,1.57034592874081,11,SRC;RAP1B;TLN1;RAP1A;PTK2;GRB2;SOS1;ITGB3
REACTOME_RESPIRATORY_SYNCYTIAL_VIRUS_RSV_ATTACHMENT_AND_ENTRY,0.0119072708113804,0.0240589000616918,0.13525091239264,0.570082291533974,1.52871670221137,23,SDC4;SDC3;EGFR;AGRN;IGF1R;NCL;RAB5A;GPC5;GPC4;HSPG2;LY96;RAB5B;FURIN;GPC6;RAB5C;SDC2;GPC2;TLR4
REACTOME_ASSEMBLY_OF_COLLAGEN_FIBRILS_AND_OTHER_MULTIMERIC_STRUCTURES,0.0119143780290792,0.0240589000616918,0.132308522605383,0.478715995810246,1.42554188696331,54,LAMB3;COL8A2;ITGB4;DST;COL8A1;BMP1;PLEC;LOX;CD151;LOXL1;CTSS;COL7A1;MMP7;COL3A1;LOXL3;COL12A1;COL5A1;COL10A1;LAMA3;COL6A3;COL5A2;COL11A1;COL4A4;PXDN;MMP9;LOXL2;COL6A2;MMP13;COL15A1;MMP3
REACTOME_HDR_THROUGH_MMEJ_ALT_NHEJ,0.012038703870387,0.0242379237923792,0.139050712469267,0.660391363647091,1.57048135351417,12,RBBP8;BRCA2;NBN;MRE11;RAD50;PARP2;POLQ;FEN1;RAD52;LIG3;XRCC1
REACTOME_REGULATION_OF_TP53_ACTIVITY_THROUGH_ASSOCIATION_WITH_CO_FACTORS,0.012038703870387,0.0242379237923792,0.139050712469267,0.660295966769614,1.57025448952789,12,TP53BP2;AKT3;PPP1R13L;TP63;TP53;PHF20;AKT1
REACTOME_NEGATIVE_REGULATION_OF_FGFR4_SIGNALING,0.012118018967334,0.0243615203795961,0.134050934338562,0.569306249247806,1.52663568895748,23,FGF2;SRC;CBL;FGF9;MAPK1;FGF20;FGF18;PPP2CB;PTPN11;GRB2;FRS2;PPP2R1A;UBC;MKNK1;BRAF
REACTOME_NOTCH1_INTRACELLULAR_DOMAIN_REGULATES_TRANSCRIPTION,0.0121506682867558,0.0243910756302823,0.131183404131763,0.490146122785154,1.44266459142101,48,MAMLD1;HIF1A;MAML2;MYC;MAML1;HDAC2;HEY2;SNW1;EP300;NCOR2;RBPJ;NCOR1;TBL1XR1;TLE4;HEYL;CUL1;CREBBP;HDAC7;HDAC6;UBC;MAML3;TBL1X;CDK8;TLE2;SKP1;TLE3;HDAC5;HDAC3;NOTCH1;RPS27A;FBXW7;UBA52
REACTOME_PLATELET_AGGREGATION_PLUG_FORMATION,0.0124896779521057,0.0250346199659464,0.13063133623686,0.534198008670179,1.49256181507906,30,SRC;SHC1;RAP1B;TLN1;CRK;PTPN1;RAP1A;RASGRP1;PTK2;GRB2;CSK;AKT1;BCAR1;SOS1;ITGB3
REACTOME_CELL_EXTRACELLULAR_MATRIX_INTERACTIONS,0.0127677991776672,0.0255544021832838,0.132308522605383,0.605055145227959,1.54118299012542,17,FLNA;ACTN1;VASP;PARVA;ACTG1;FERMT2;PXN;FBLIM1;ACTB;RSU1;TESK1
REACTOME_TELOMERE_MAINTENANCE,0.0128256513026052,0.0256324413532948,0.126949802769892,0.437142965854134,1.35246337203442,91,CCNA1;CDK2;POLD1;RFC3;POLR2D;PRIM2;POLA1;WRN;POLD3;BLM;ANKRD28;TINF2;CTC1;LIG1;RFC4;PRIM1;PCNA;ATRX;CCNA2;RFC2;POLR2B;RPA1;DKC1;STN1;DSCC1;POLR2A;TERF1;POLD4;RFC1;ACD;H3-3A;TERF2;FEN1;CHTF18;H3-3B;SHQ1;GAR1;NHP2;POLR2E;RPA2;DNA2;POLR2C;H2AX;PPP6R3;PPP6C
REACTOME_TERMINATION_OF_TRANSLESION_DNA_SYNTHESIS,0.0130510738875758,0.0260446540575852,0.12745704201113,0.52718258834053,1.4857819695794,32,POLD1;RFC3;POLH;POLD3;UBE2L6;POLE;RFC4;PCNA;RFC2;RPA1;POLE3;USP10;POLD4;RFC1;UBC;POLE2;USP43;REV1;POLK;UBA7;RPA2
REACTOME_FRS_MEDIATED_FGFR3_SIGNALING,0.0131622244159263,0.0262279515854015,0.131183404131763,0.624362750668172,1.55120788220997,15,FGF2;FGF9;FGF20;NRAS;FGF18;KRAS;PTPN11;GRB2;FRS2;FGFR3;SOS1
REACTOME_SHC_MEDIATED_CASCADE_FGFR4,0.0131946774013195,0.0262541238483062,0.132308522605383,0.644181127131701,1.55452481750396,13,FGF2;FGF9;SHC1;FGF20;NRAS;FGF18;KRAS;GRB2
REACTOME_MAPK6_MAPK4_SIGNALING,0.0132543428055026,0.0263342863635643,0.124978791119589,0.449103622388913,1.37129131362047,74,PAK2;CDC42EP5;CDC42EP3;MYC;CCND3;CDC14A;AGO2;CDC42;MAPK6;FOXO3;SEPTIN7;RAC1;PSMD2;PSMD1;DNAJB1;AGO4;MOV10;PSMC6;XPO1;NCOA3;MMP2;PSMC1;PSMD14;PSMD7;AGO1;MAPKAPK5;PSMD11;PSMB2;UBC;PSMD12;PSMD6;PSMA5;TNRC6B;PSMD8;MMP10;AGO3;PSMC2;CDK1;PSMA4;PSMA3;PSMD3;PSMA7;ADRM1;PRKACA;PSMD13;PSMA6;TNRC6A;PAK1;PSMB5
REACTOME_OXIDATIVE_STRESS_INDUCED_SENESCENCE,0.0133199799699549,0.0264260624513413,0.124499976253388,0.428910088725206,1.33357080395909,99,MAP4K4;CDKN2B;MAP3K5;MAPKAPK3;MAPKAPK2;MAPK1;RNF2;TP53;BMI1;TNIK;CDKN2D;MAP2K7;MAP2K4;AGO4;MOV10;KDM6B;MAP2K3;RBBP4;MAPK14;EZH2;RBBP7;CDK4;PHC3;E2F3;CBX2;AGO1;MINK1;MAPKAPK5;SUZ12;PHC2;EED;H3-3A;SCMH1;UBC;CDKN2A;H3-3B;PHC1;TNRC6B;CBX6;AGO3;MAPK9;MDM2;E2F1
REACTOME_FORMATION_OF_THE_EMBRYONIC_STEM_CELL_BAF_ESBAF_COMPLEX,0.0135974304068523,0.0269371835610965,0.12745704201113,0.589625756823896,1.53109734859583,19,SMARCA4;SMARCC1;ACTL6A;BCL7A;SMARCC2;PHF10;SMARCB1;SS18;DPF2;ACTB;BCL7C;SMARCD1;ARID1A
REACTOME_HDMS_DEMETHYLATE_HISTONES,0.0138761350882563,0.0274492977946729,0.123095330850962,0.505320501949097,1.45662887561439,39,KDM5B;ARID5B;KDM7A;KDM5A;PHF8;KDM2A;KDM3A;KDM5C;KDM6B;KDM4A;KDM4C;KDM3B;PHF2;KDM1A;KDM6A
REACTOME_UPTAKE_AND_ACTIONS_OF_BACTERIAL_TOXINS,0.013901954635727,0.0274604016714433,0.124499976253388,0.555218086790565,1.51035260123356,25,HBEGF;SYT1;HSP90AA1;SNAP25;HSP90AB1;PDCD6IP;CD9;EEF2;MAP2K7;MAP2K4;MAP2K3;MAP2K1;CALM1;ANTXR2
REACTOME_SUMOYLATION_OF_IMMUNE_RESPONSE_PROTEINS,0.0140639063906391,0.0277399837226103,0.128489714653408,0.652404515379301,1.55148777339125,12,PIAS3;RELA;UBE2I;NFKB2;EIF2AK2;IKBKE;TOPORS;SUMO3
REACTOME_PROCESSIVE_SYNTHESIS_ON_THE_C_STRAND_OF_THE_TELOMERE,0.0141327623126338,0.0278353970766223,0.124978791119589,0.58885272922747,1.5290900066682,19,POLD1;WRN;POLD3;BLM;TINF2;LIG1;PCNA;RPA1;TERF1;POLD4;ACD;TERF2;FEN1
REACTOME_CHONDROITIN_SULFATE_DERMATAN_SULFATE_METABOLISM,0.0141814818620902,0.0278909317663974,0.122184433304052,0.524598414300166,1.47849887776198,32,CSGALNACT2;CHST15;IDS;CHSY1;CHPF2;DSE;VCAN;CHSY3;HEXB;ARSB;GLB1;CHST11;CHST3;GLB1L;HYAL3
REACTOME_HS_GAG_DEGRADATION,0.014562074829932,0.0285980631414416,0.122637391177921,0.579562821292349,1.51976668583889,20,SDC4;SDC3;HPSE;IDS;AGRN;HGSNAT;HPSE2;GPC5;GPC4;HSPG2;SGSH
REACTOME_CYTOSOLIC_TRNA_AMINOACYLATION,0.0146735143066765,0.0287753332507551,0.121293105191013,0.557706136249207,1.50706253277799,24,GARS1;VARS1;EPRS1;WARS1;RARS1;PPA1;IARS1;HARS1;MARS1;AIMP1;TARS1;KARS1;SARS1;YARS1;LARS1;FARSA;NARS1;QARS1;FARSB
REACTOME_ONCOGENE_INDUCED_SENESCENCE,0.0148824797290362,0.0291430690947554,0.119145934080369,0.519329214458225,1.46981407164283,33,CDKN2B;MAPK1;TP53;SP1;CDKN2D;ETS2;AGO4;ERF;ETS1;MOV10;CDK4;E2F3;AGO1;UBC;CDKN2A;TNRC6B;RB1;AGO3;MDM2;E2F1;TFDP1;TFDP2;MDM4;E2F2
REACTOME_NPAS4_REGULATES_EXPRESSION_OF_TARGET_GENES,0.0149318329365938,0.0291976416702604,0.122184433304052,0.599285124864365,1.52648572276527,17,NAMPT;MAPK1;BDNF;PLK2;ARNT2;CDK5R1;XPO1;CREBBP;ARNT;RET;GEM
REACTOME_PROTEASOME_ASSEMBLY,0.0150657229524773,0.0294171228339319,0.117506481856722,0.480879098188623,1.42104878274691,50,PSMD2;PSMD1;PSMB8;PSMC6;PSMD5;PSMC1;PSMD14;PSME3;PSMD7;PSMD11;PSMG2;PSMB2;PSMD12;PSMD6;PSMA5;PSMD10;PSME1;PSMD8;PAAF1;PSME4;PSMC2;PSMB10;PSMB9;PSMA4;PSMA3;PSMD3;PSMD4;PSMA7;ADRM1;PSMD13;PSMA6;PSMF1;PSMB5;POMP
REACTOME_POSITIVE_EPIGENETIC_REGULATION_OF_RRNA_EXPRESSION,0.0152396230198516,0.029713985199395,0.116319528645477,0.440666831486518,1.35472282322129,82,GATAD2A;CBX3;TAF1D;ERCC6;GSK3B;HDAC2;TAF1B;DDX21;MTA2;MYO1C;SF3B1;BAZ1B;MYBBP1A;POLR1E;EP300;GATAD2B;SMARCA5;POLR1G;POLR1A;RBBP4;POLR1F;RBBP7;DEK;EHMT2;TAF1A;ACTB;H3-3A;POLR1B;TBP;H3-3B;POLR1D;MTA1
REACTOME_MAPK3_ERK1_ACTIVATION,0.0154435671156526,0.0299398112841253,0.124499976253388,0.681872580306914,1.55065882948539,10,JAK1;IL6ST;IL6R;PTPN11;MAP2K1;TYK2;IL6;JAK2
REACTOME_SHC_MEDIATED_CASCADE_FGFR1,0.0153999556835808,0.0299398112841253,0.121736367223309,0.629429125753479,1.54183234027068,14,FGF2;KL;FGF9;SHC1;FGF20;NRAS;KRAS;GRB2
REACTOME_MECP2_REGULATES_NEURONAL_RECEPTORS_AND_CHANNELS,0.0154310634015431,0.0299398112841253,0.122184433304052,0.638623047151874,1.54111217173959,13,MET;SLC2A3;GPRIN1;HDAC2;PTPN1;MECP2;CREB1;SIN3A;FKBP5
REACTOME_RETROGRADE_TRANSPORT_AT_THE_TRANS_GOLGI_NETWORK,0.0153830583948993,0.0299398112841253,0.116319528645477,0.483384979775409,1.42603777393655,49,USP6NL;IGF2R;VAMP4;VAMP3;PLIN3;RHOBTB3;NAPG;RIC1;GCC2;M6PR;RAB6A;TMF1;GCC1;TGOLN2;VTI1A;RAB9A;SCOC;STX6;COG6;RGP1;COG4;NAA35;NAA30;VPS52;COG1;STX16;ARL1;VPS51;GOLGA4;RAB43
REACTOME_BETA_CATENIN_PHOSPHORYLATION_CASCADE,0.0157974464401645,0.0305822360572415,0.118729771541953,0.598552657209426,1.52461999746814,17,CTNNB1;GSK3B;AXIN1;CSNK1A1;PPP2CB;PPP2R5E;PPP2R1A;AMER1;PPP2R5C;PPP2R1B;PPP2R5D;FRAT1;PPP2CA;APC;PPP2R5A
REACTOME_CARBOXYTERMINAL_POST_TRANSLATIONAL_MODIFICATIONS_OF_TUBULIN,0.0161009127268998,0.0311253775189998,0.114417265153214,0.51386742114869,1.45850646629264,34,TTL;TUBB6;TUBA1A;TUBB3;TUBA1C;AGTPBP1;TUBA1B;TPGS2;TUBA4A;TTLL5;LRRC49;TTLL11;VASH1;TTLL4;TTLL12;TUBB4B;TUBB2A;VASH2
REACTOME_MISMATCH_REPAIR,0.0163430953164418,0.0315486740554608,0.117506481856722,0.6151642656111,1.52835456094817,15,POLD1;MSH2;MSH6;POLD3;LIG1;PCNA;RPA1;EXO1;MSH3;POLD4
REACTOME_INACTIVATION_OF_CSF3_G_CSF_SIGNALING,0.0165151040033448,0.0318090450122776,0.114047666631429,0.549647703054755,1.49519955819441,25,LYN;STAT1;UBE2D1;JAK1;STAT3;STAT5A;HCK;TYK2;STAT5B;JAK2;CUL5;UBE2D3;SOCS3;UBC
REACTOME_RESPONSE_OF_EIF2AK4_GCN2_TO_AMINO_ACID_DEFICIENCY,0.0165247871807712,0.0318090450122776,0.111555069436528,0.424551183871787,1.32001806084915,99,EIF2S2;RPS4X;RPLP0;RPL39L;EIF2S3;RPL10A;ATF3;RPS2;RPS12;CEBPB;RPL15;RPS9;RPS5;RPL7;RPS27;RPL3;RPS8;RPL23A;RPL4;RPL22L1;GCN1;RPL14;RPS3;RPL7A;RPL12;EIF2S1;RPSA;RPLP1;RPL10;RPL21;RPL13A;RPL5;RPS18;RPS25;RPL30;RPL22;EIF2AK4;RPL8;RPS29;RPS6;RPS13;RPL23;RPL31;RPL32;RPS24;ATF2;RPS23;RPS3A;RPS17;RPL36;ASNS;RPL37A;RPL28;RPS20;RPL36A;RPL35A;RPL11;RPL9;RPS27A;ATF4;UBA52;RPL17;RPL27;RPS11;RPS14;RPL41;RPS7;RPS27L;RPS19;RPLP2;RPL39;RPL13;IMPACT;RPL27A;RPL26;RPL36AL;RPL6;RPL34;TRIB3;RPL19;RPS16;RPL37;RPL24;RPL29;RPS10
REACTOME_GPER1_SIGNALING,0.016794674859191,0.0322828332866203,0.111901382188671,0.505908359774766,1.44419180671325,36,ADCY7;SRC;ADCY8;GNB1;GNAZ;GNG12;GNAI2;GNB5;SHC1;GNB4;ADCY6;PRKAR1A;GNAI3;ADCY3
REACTOME_NGF_STIMULATED_TRANSCRIPTION,0.0168187878166342,0.0322835206819292,0.111901382188671,0.512017801638574,1.4532567036016,34,ELK1;NAB2;ATF1;NAB1;REST;TCF12;EP300;CDK5R1;DNM2;MEF2D;F3;TRIB1;CREB1;JUNB;EGR3;ID2
REACTOME_SUMOYLATION_OF_INTRACELLULAR_RECEPTORS,0.0171136387352604,0.032803152385358,0.111901382188671,0.543204341112364,1.48705602877963,26,PIAS3;RARA;UBE2I;ESR1;SUMO2;SUMO3;PGR;NR1H2;NR4A2;VDR;PPARA;PIAS4;PIAS1;NR1I2;NR3C2;RORA;NR3C1;SUMO1;NR2C1
REACTOME_DENGUE_VIRUS_GENOME_TRANSLATION_AND_REPLICATION,0.0174506067596029,0.0334019360370426,0.108573492628993,0.439138915793618,1.34732060753421,80,TUSC3;PABPC1;KPNA2;UBE2I;KPNA1;IPO7;EIF4G1;SUN2;P4HA2;MAP1LC3B;EIF4A2;EIF4A3;ATL2;EIF4E3;XRN1;XPO1;NPLOC4;KPNB1;P4HA1;HSPA8;KPNA4;EIF4G2;KPNA3;HDLBP;SEC11A;HNRNPD;VCP;UBC;SCAP;NMT1;BTF3;DPM1;EIF4A1;HSPA1B;DNAJC10;YBX1
REACTOME_NEGATIVE_REGULATION_OF_FGFR2_SIGNALING,0.0176648897250967,0.0337645360568304,0.110200614426747,0.548091761607823,1.49096695074222,25,FGF2;SRC;CBL;FGF9;MAPK1;FGF20;FGF18;PPP2CB;PTPN11;GRB2;FRS2;PPP2R1A;UBC;MKNK1;BRAF
REACTOME_REGULATION_OF_CDH11_FUNCTION,0.0177659080352996,0.0338623688919665,0.115931642749028,0.672328317509434,1.52895404796862,10,AMOT;CDH11;CTNNB1;CTNNA1;CDH24;ANGPTL4;JUP;CTNND1;ADAM19
REACTOME_ERK_MAPK_TARGETS,0.0177508503401361,0.0338623688919665,0.110871775183071,0.572608855529962,1.50153155219699,20,ELK1;MAPK7;RPS6KA3;MAPK1;RPS6KA2;PPP2CB;MAPK14;DUSP3;MEF2A;DUSP7;PPP2R1A
REACTOME_CD28_DEPENDENT_PI3K_AKT_SIGNALING,0.01784409892518,0.0339637681222964,0.10954123067857,0.542285048522824,1.48453940753045,26,FYN;PIK3CA;AKT3;PIK3R1;MAP3K14;PIK3CD;RICTOR;MTOR;CD86;PIK3CB;AKT1;PIK3R5;CD80;PIK3R6;PDPK1;CD28;LCK;PIK3CG
REACTOME_RNA_POLYMERASE_I_TRANSCRIPTION_TERMINATION,0.0180041152263375,0.0341798667834495,0.108256440008936,0.521031368372675,1.46292113848758,31,CAVIN1;TAF1D;CDK7;TAF1B;POLR1E;CCNH;POLR1G;ERCC3;GTF2H3;POLR1A;POLR1F;TAF1A;POLR1B;TBP;POLR1D;MNAT1;POLR2E;TTF1
REACTOME_DEGRADATION_OF_AXIN,0.0180079357004782,0.0341798667834495,0.107630389664896,0.492765329488284,1.43147227015438,42,SMURF2;AXIN1;TNKS;PSMD2;PSMD1;TNKS2;PSMC6;RNF146;PSMC1;PSMD14;PSMD7;PSMD11;PSMB2;UBC;PSMD12;PSMD6;PSMA5;PSMD8;PSMC2;PSMA4;PSMA3;PSMD3;PSMA7;ADRM1;PSMD13;PSMA6;PSMB5;RPS27A;UBA52
REACTOME_UBIQUITIN_MEDIATED_DEGRADATION_OF_PHOSPHORYLATED_CDC25A,0.0181928441479685,0.0344826711256474,0.106710889259626,0.474836639949394,1.40607606873527,51,PLK3;CSNK1E;GSK3B;CHEK2;CSNK1A1;CHEK1;PSMD2;PSMD1;FBXW11;PSMC6;CUL1;MAPK14;PSMC1;PSMD14;PSMD7;PSMD11;PSMB2;UBC;PSMD12;BTRC;PSMD6;PSMA5;PSMD8;PSMC2;PSMA4;SKP1;PSMA3;PSMD3;PSMA7;ADRM1;PSMD13;PSMA6;PSMB5;RPS27A;UBA52
REACTOME_RUNX2_REGULATES_BONE_DEVELOPMENT,0.0185646131507986,0.0351383137492135,0.107014828121207,0.531405912815845,1.47182211161156,28,RUNX2;CBFB;SRC;YAP1;MAPK1;HEY2;GLI2;MAF;ABL1;YES1;RBM14;HDAC6;RB1;SMAD4;SATB2;SMAD1;WWTR1
REACTOME_REGULATION_OF_PD_L1_CD274_TRANSCRIPTION,0.0189549694112927,0.0358272648538899,0.104084546739236,0.438581134805189,1.34308660071913,77,STAT1;HIF1A;TEAD1;MYC;TEAD3;STAT3;RELA;CTNNB1;YAP1;TCF7;NFKB2;ASH2L;KMT2A;NFKB1;EP300;RBBP4;BRD4;EZH2;KMT2C;RBBP7;TEAD2;ATF3;CREBBP;SUZ12;RBBP5;EED;H3-3A
REACTOME_RESPONSE_OF_MTB_TO_PHAGOCYTOSIS,0.0192834562697576,0.036347041706797,0.105814018510618,0.552819129976167,1.48242429180272,23,MAPK1;KPNA1;HGS;RNF213;ENO1;SFPQ;RAB5A;KPNB1;RAB7A;DUSP16;TRIM27;CORO1A;UBC
REACTOME_FORMATION_OF_PARAXIAL_MESODERM,0.0192734611503532,0.036347041706797,0.103526179501938,0.465834125389645,1.39125930611252,56,MAMLD1;EPHA4;MAML2;CTNNB1;MAML1;SNW1;PSMD2;PSMD1;EP300;RBPJ;PSMC6;BMP4;LFNG;PSMC1;CREBBP;PSMD14;PSMD7;PSMD11;PSMB2;PSMD12;MAML3;PSMD6;PSMA5;PSMD8;PSMC2;PSMA4;PSMA3;PSMD3;PSMA7;ADRM1;PSMD13;DLL1;PSMA6;PSMB5
REACTOME_ABERRANT_REGULATION_OF_MITOTIC_G1_S_TRANSITION_IN_CANCER_DUE_TO_RB1_DEFECTS,0.0194755739310195,0.0366583171360879,0.107014828121207,0.599356876376463,1.51095860822934,16,CDK2;CCND3;CCND2;CCNE2;CDK4;E2F3;CDKN1A;RB1;E2F1;TFDP1;TFDP2;E2F2;CDKN1B;CCNE1;CDKN1C
REACTOME_FGFR2_LIGAND_BINDING_AND_ACTIVATION,0.0198019801980198,0.0372211495008422,0.107942085094929,0.641858161287417,1.52640741443957,12,FGF2;FGF9;FGFBP1;FGF20;FGF18
REACTOME_EARLY_PHASE_OF_HIV_LIFE_CYCLE,0.02005317970308,0.0376412585863062,0.10640946434982,0.619563070351823,1.51766472128583,14,HMGA1;XRCC5;KPNA1;XRCC4;PSIP1;XRCC6;LIG1;LIG4;CD4;FEN1
REACTOME_AMPK_INDUCED_ERAD_AND_LYSOSOME_MEDIATED_DEGRADATION_OF_PD_L1_CD274,0.0200949207310916,0.0376675824462806,0.101377203467264,0.469831106158423,1.3963198933664,53,ERLIN1;DERL1;PSMD2;PSMD1;PSMC6;PSMC1;PSMD14;PSMD7;PSMD11;VCP;PRKAA1;PSMB2;UBC;PSMD12;PRKAB1;PSMD6;PSMA5;PSMD8;PSMC2;PRKAG1;RNF185;PSMA4;PSMA3;PSMD3;PSMA7;ERLEC1;ADRM1;PSMD13;RNF5;PSMA6;ERLIN2;OS9;SEL1L;PSMB5;RPS27A;UBA52;PSMB4;PRKAB2;PRKAG2;PSMC3;PSMB1
REACTOME_CLASS_A_1_RHODOPSIN_LIKE_RECEPTORS,0.0201979802019798,0.0378086158326316,0.100604308574775,0.378377576555727,1.2189175314639,226,ANXA1;CXCL16;CYSLTR2;ECE1;HRH1;LPAR5;CCL13;S1PR3;INSL3;CXCL2;S1PR2;CXCL8;C3;NLN;CCR1;OPN3;PTGER4;PTAFR;HTR1D;F2RL1;SSTR3;CXCL3;P2RY2;FPR1;P2RY6;CCL20;PSAP;P2RY4;PLPPR4;CXCL5;FPR3;S1PR1;ADORA1;CX3CL1;HCAR2;CCL17;C5AR1;CCL22;GPR55;ADRA1B;GPR37;PTGER2;CCL23;NPY1R;CXCL1;GPR39;KISS1R;OXTR;PLPPR3;EDNRA;ADORA2B;KISS1;EDN1;APP;NMU;ADRB2;RLN2;C5;ACKR1;GPR183;PPBP;CCR3;F2R;C3AR1;CCR4;CCKBR;NPFFR1;P2RY12;LPAR6;GALR2;CCL7;FPR2;CMKLR1;PTGER1;CCL2;FFAR4;F2RL2;CCR8;HTR1B;ADRB3;ACKR4;HCAR1;P2RY13;PLPPR1;GPR68;CCR2;CCR9;P2RY11;HTR2B;TACR1;CHRM4;CCR5;GRP;CXCR2;HCAR3;NPW;TAC1;RXFP4;C5AR2;LPAR3;HTR7
REACTOME_EUKARYOTIC_TRANSLATION_ELONGATION,0.0207414829659319,0.0387725933297131,0.0993535227577061,0.42677401734351,1.31991970568799,90,EEF1A1;EEF1B2;EEF2;RPS4X;RPLP0;RPL39L;RPL10A;RPS2;RPS12;RPL15;RPS9;RPS5;RPL7;RPS27;RPL3;RPS8;EEF1D;RPL23A;RPL4;RPL22L1;RPL14;RPS3;RPL7A;RPL12;RPSA;RPLP1;RPL10;RPL21;RPL13A;RPL5;RPS18;RPS25;RPL30;RPL22;RPL8;RPS29;RPS6;RPS13;RPL23;RPL31;RPL32;RPS24;RPS23;RPS3A;RPS17;RPL36;RPL37A;RPL28;RPS20;RPL36A;RPL35A;RPL11;RPL9;RPS27A;UBA52;RPL17;RPL27;RPS11;RPS14;RPL41;RPS7;RPS27L;RPS19;RPLP2;RPL39;RPL13;RPL27A;RPL26;RPL36AL;RPL6;RPL34;RPL19;RPS16;RPL37;RPL24;RPL29;RPS10
REACTOME_SEMA3A_PLEXIN_REPULSION_SIGNALING_BY_INHIBITING_INTEGRIN_ADHESION,0.0209395080877465,0.0390889993011642,0.104084546739236,0.617478509670413,1.51255843855701,14,FYN;PLXNA3;PLXNA1;PLXNA2;TLN1;RAC1;SEMA3A;NRP1;PIP5K1C;RRAS
REACTOME_TNF_RECEPTOR_SUPERFAMILY_TNFSF_MEMBERS_MEDIATING_NON_CANONICAL_NF_KB_PATHWAY,0.0209911274615884,0.0391316079839487,0.102704812014747,0.589670641197617,1.50199592410329,17,TNFRSF12A;BIRC2;MAP3K14;TNFSF11;TNFRSF11A;BIRC3;CD40
REACTOME_HEDGEHOG_LIGAND_BIOGENESIS,0.0212529096245319,0.0395653481914231,0.0986244904449457,0.473530976339131,1.39696740205375,49,PSMD2;PSMD1;ADAM17;PSMC6;DHH;PSMC1;GPC5;PSMD14;PSMD7;PSMD11;VCP;PSMB2;UBC;PSMD12;PSMD6;PSMA5;PSMD8;PSMC2;PSMA4;PSMA3;PSMD3;PSMA7;ERLEC1;ADRM1;PSMD13;PSMA6;OS9;SEL1L;PSMB5;HHAT;RPS27A;UBA52
REACTOME_MRNA_CAPPING,0.0213162251655629,0.0396289329685363,0.0996000488530923,0.522667625734333,1.45410280098421,29,CDK7;POLR2D;RNGTT;RNMT;CCNH;GTF2F2;ERCC3;GTF2H3;NCBP2;POLR2B;SUPT5H;NCBP1;POLR2A;GTF2F1;MNAT1;POLR2E;POLR2C
REACTOME_DEPOLYMERIZATION_OF_THE_NUCLEAR_LAMINA,0.0213886146758802,0.0396550168410931,0.102435227350191,0.605785071467406,1.5050522741463,15,LMNA;TMPO;LPIN2;CNEP1R1;LMNB1;LEMD3;LPIN1;CDK1;CCNB1;CTDNEP1;LEMD2
REACTOME_ER_QUALITY_CONTROL_COMPARTMENT_ERQC,0.0213733996402497,0.0396550168410931,0.100604308574775,0.561853019801131,1.48725272206278,21,EDEM1;RNF139;UGGT2;RNF103;EDEM2;MARCHF6;UGGT1;UBC;EDEM3;TRIM13;AMFR;RNF185;RNF5;MAN1B1;OS9;SEL1L;RPS27A;UBA52
REACTOME_GLYCOSAMINOGLYCAN_PROTEIN_LINKAGE_REGION_BIOSYNTHESIS,0.0216368767638758,0.0400061435674929,0.0993535227577061,0.540602430712446,1.47059382049224,25,SDC4;SDC3;AGRN;XYLT1;VCAN;B3GAT1;FAM20B;GPC5;GPC4;HSPG2;UXS1;GPC6;SDC2;GPC2;CSPG5;BGN;XYLT2;B3GALT6
REACTOME_HS_GAG_BIOSYNTHESIS,0.0216266556291391,0.0400061435674929,0.0988657646175472,0.522421138171926,1.45341705303034,29,SDC4;SDC3;HS2ST1;GLCE;AGRN;HS3ST1;EXT2;GPC5;GPC4;HSPG2;NDST3;NDST1;HS6ST1;GPC6;EXT1;EXTL3;EXTL2;SDC2;HS6ST2;GPC2
REACTOME_SIGNALING_BY_CTNNB1_PHOSPHO_SITE_MUTANTS,0.0217176702862784,0.0400465589132325,0.101638713652309,0.604727314129874,1.50242431224805,15,CTNNB1;GSK3B;AXIN1;CSNK1A1;PPP2CB;PPP2R5E;PPP2R1A;AMER1;PPP2R5C;PPP2R1B;PPP2R5D;PPP2CA;APC;PPP2R5A
REACTOME_FRS_MEDIATED_FGFR4_SIGNALING,0.0217176702862784,0.0400465589132325,0.101638713652309,0.604656025025085,1.50224719690741,15,FGF2;FGF9;FGF20;NRAS;FGF18;KRAS;PTPN11;GRB2;FRS2;SOS1
REACTOME_REGULATION_OF_APOPTOSIS,0.0218033622007132,0.0401500938086304,0.097676284397018,0.490636657547344,1.41929375316764,40,PAK2;ARHGAP10;PSMD2;PSMD1;PSMC6;OMA1;PSMC1;PSMD14;PSMD7;PSMD11;PSMB2;UBC;PSMD12;PSMD6;PSMA5;PSMD8;PSMC2;OPA1;PSMA4;PSMA3;PSMD3;PSMA7;ADRM1;PSMD13;PSMA6;PSMB5;RPS27A;UBA52
REACTOME_CALNEXIN_CALRETICULIN_CYCLE,0.0220181571532923,0.0404907653197892,0.0983849253696529,0.534971999165935,1.464519475229,26,EDEM1;RNF139;UGGT2;RNF103;EDEM2;MARCHF6;UGGT1;UBC;EDEM3;GANAB;TRIM13;AMFR;RNF185;RNF5;MAN1B1;PRKCSH;OS9;SEL1L;RPS27A;UBA52
REACTOME_DOWNREGULATION_OF_TGF_BETA_RECEPTOR_SIGNALING,0.0222268600646979,0.0407642413332314,0.0979108420486795,0.534548480070663,1.46336006508394,26,TGFBR1;SMURF1;SMURF2;PMEPA1;SMAD3;TGFB1;PPP1CB;NEDD4L;XPO1;USP15;PPP1R15A
REACTOME_ATTENUATION_PHASE,0.0222268600646979,0.0407642413332314,0.0979108420486795,0.534529387438759,1.46330779780397,26,TNFRSF21;HSPH1;HSP90AA1;HSP90AB1;SERPINH1;DNAJB1;EP300;PTGES3;HSPA8;CREBBP;HSF1;MRPL18;HSPA1B;HSPA6
REACTOME_CS_GAG_BIOSYNTHESIS,0.0223977494048907,0.041022293047502,0.0993535227577061,0.587869637157373,1.49740844672397,17,CSGALNACT2;CHST15;CHSY1;CHPF2;VCAN;CHSY3;CHST11;CHST3
REACTOME_METABOLISM_OF_FAT_SOLUBLE_VITAMINS,0.0224466891133558,0.0410565955653439,0.0963025229566543,0.489104633282972,1.40988526942556,39,SDC4;SDC3;LDLR;LRP12;LRP1;AGRN;VKORC1L1;LPL;LRP10;APOE;UBIAD1;GPC5;RBP4;GPC4;HSPG2;RBP1
REACTOME_FOXO_MEDIATED_TRANSCRIPTION_OF_CELL_CYCLE_GENES,0.0226308345120226,0.0413377743304284,0.0991087684263433,0.592021634956798,1.49246671032456,16,GADD45A;CAV1;KLF4;CCNG2;FOXO3;SMAD3;BTG1;RBL2;CDKN1A;FOXO4;SMAD4;SMAD2;CDKN1B;PCBP4
REACTOME_TP53_REGULATES_TRANSCRIPTION_OF_GENES_INVOLVED_IN_G1_CELL_CYCLE_ARREST,0.0227121648570796,0.0414306470345921,0.0998483683168439,0.613500851000286,1.50281487486535,14,CCNA1;CDK2;TP53;E2F7;CCNA2;CCNE2;CDKN1A;E2F8;ARID3A;E2F1;CDKN1B;PCBP4;CCNE1
REACTOME_PECAM1_INTERACTIONS,0.0228397839783978,0.0416075957461698,0.100350475629529,0.634978102136731,1.51004589731197,12,LYN;FYN;SRC;ITGAV;INPP5D;PTPN11;YES1;ITGB3;PLCG1;PTPN6
REACTOME_PURINERGIC_SIGNALING_IN_LEISHMANIASIS_INFECTION,0.0229573202546176,0.0417657272102078,0.0963025229566543,0.533718460907757,1.46108783545176,26,NT5E;RELA;C3;NFKB2;HSP90AB1;NFKB1;NLRP3;ENTPD1;HMOX1;IL18;P2RX7;APP;C3AR1;SUGT1;IL1A;TXNIP;MEFV;CTSG;CASP1;IL1B;PYCARD;TXN
REACTOME_TRANSCRIPTIONAL_REGULATION_BY_NPAS4,0.023385761589404,0.0424883021390374,0.0949835566636969,0.519831349592428,1.44621205573954,29,NAMPT;MAPK1;AGO2;BDNF;REST;PLK2;AGO4;ARNT2;CDK5R1;MOV10;XPO1;CREBBP;AGO1;ARNT;RET;GEM;TNRC6B;AGO3;MDM2
REACTOME_SIGNALING_BY_LTK,0.0234903174057523,0.0425644551392231,0.0998483683168439,0.647068590622984,1.50395826143135,11,PIK3CA;PIK3R1;SHC1;ALKAL2;ALKAL1;GRB2;PIK3CB;SOS1;TNK2;LTK
REACTOME_ACTIVATED_PKN1_STIMULATES_TRANSCRIPTION_OF_AR_ANDROGEN_RECEPTOR_REGULATED_GENES_KLK2_AND_KLK3,0.0234650937079733,0.0425644551392231,0.352487857583619,-0.282754141512979,-1.43668539577066,43,H2AC20;KLK2;H4C4;H4C5;H3C10;H4C11;H4C8;H3C8;H4C2;H2BC15;H4C3;H2BC13;AR
REACTOME_UCH_PROTEINASES,0.0235683482098084,0.0426489816473098,0.0931001287011121,0.433782281275324,1.3283908571878,77,TGFBR1;ACTL6A;FOXK1;FOXK2;BARD1;TGFB1;ASXL2;PSMD2;PSMD1;ASXL1;ACTR8;INO80;OGT;PSMC6;USP15;HCFC1;INO80D;PSMC1;PSMD14;PSMD7;PSMD11;ACTB;INO80C;PSMB2;MBD5;UBC;PSMD12;PSMD6;PSMA5;PSMD8;PSMC2;NFRKB;H2AC11;PSMA4;PSMA3;PSMD3;PSMA7;ADRM1;PSMD13;PSMA6;SMAD7;PSMB5;MBD6;RPS27A;TGFBR2;UBA52
REACTOME_COLLAGEN_FORMATION,0.0236615199518749,0.042760645764093,0.0928974976713944,0.430766613906582,1.32428701604889,82,LAMB3;COL8A2;ITGB4;DST;COL8A1;BMP1;PLEC;LOX;CD151;ADAMTS14;LOXL1;CTSS;P4HA2;COLGALT1;SERPINH1;COL7A1;COL16A1;MMP7;CRTAP;COL3A1;LOXL3;P3H3;COL12A1;P4HA1;COL5A1;COL10A1;P3H1;LAMA3;COL6A3;PLOD2;COL5A2;P3H2;COL11A1;COL4A4;PXDN;MMP9;LOXL2;COL6A2;MMP13;COL15A1;MMP3
REACTOME_NEGATIVE_REGULATION_OF_MET_ACTIVITY,0.0238095238095238,0.0429709732498577,0.0954173509538673,0.5634515889524,1.47751878228382,20,MET;STAM;CBL;SH3GL1;HGS;PTPN2;PTPN1;GRB2;EPS15;STAM2;UBC;USP8
REACTOME_DEGRADATION_OF_CRY_AND_PER_PROTEINS,0.0242000810044552,0.0436179178846879,0.0922972084621158,0.471919935795694,1.3890188042078,48,UBE2D1;PSMD2;PSMD1;FBXW11;PSMC6;CUL1;PSMC1;PSMD14;PSMD7;PSMD11;PSMB2;UBC;PSMD12;BTRC;PSMD6;PSMA5;PSMD8;PER2;PSMC2;PER1;PSMA4;SKP1;PSMA3;PSMD3;PSMA7;ADRM1;PSMD13;PSMA6;PER3;PSMB5;RPS27A;UBA52;FBXL3;PSMB4;RBX1;PSMC3;PSMB1;UBB;CRY1
REACTOME_HH_MUTANTS_ABROGATE_LIGAND_SECRETION,0.024283682178419,0.0436528096302532,0.0922972084621158,0.47952180864951,1.39972672029796,44,PSMD2;PSMD1;PSMC6;DHH;PSMC1;PSMD14;PSMD7;PSMD11;VCP;PSMB2;UBC;PSMD12;PSMD6;PSMA5;PSMD8;PSMC2;PSMA4;PSMA3;PSMD3;PSMA7;ERLEC1;ADRM1;PSMD13;PSMA6;OS9;SEL1L;PSMB5;HHAT;RPS27A;UBA52
REACTOME_ASYMMETRIC_LOCALIZATION_OF_PCP_PROTEINS,0.0242571255306246,0.0436528096302532,0.0920996025791478,0.467150518263896,1.38331609013606,51,PRICKLE1;SMURF1;SMURF2;SCRIB;FZD7;WNT5A;PSMD2;PSMD1;DVL2;PSMC6;VANGL2;PSMC1;PSMD14;PSMD7;PSMD11;PSMB2;UBC;PSMD12;PSMD6;PSMA5;PSMD8;PSMC2;PSMA4;PSMA3;PSMD3;PSMA7;ADRM1;PSMD13;PSMA6;FZD5;PSMB5;RPS27A;UBA52
REACTOME_INTRAFLAGELLAR_TRANSPORT,0.0244868929079455,0.0439599570170383,0.0919032203847858,0.479160778741272,1.39867287206776,44,TUBB6;TUBA1A;KIF3A;TUBB3;KIFAP3;TUBA1C;TUBA1B;KIF3C;TUBA4A;TRIP11;WDR35;IFT57;IFT52;TTC21B;IFT80;TRAF3IP1;TUBB4B;TUBB2A;DYNC2H1;CLUAP1;DYNLL1;IFT81;IFT122;KIF3B;TNPO1
REACTOME_SPOP_MEDIATED_PROTEASOMAL_DEGRADATION_OF_PD_L1_CD274,0.0248933143669986,0.0446306256263207,0.0911296779883595,0.47887270944459,1.39783199625233,44,YWHAG;PSMD2;PSMD1;CUL3;PSMC6;CSNK2A1;CDK4;CSNK2A2;PSMC1;PSMD14;PSMD7;PSMD11;PSMB2;UBC;PSMD12;PSMD6;PSMA5;PSMD8;PSMC2;PSMA4;PSMA3;PSMD3;PSMA7;ADRM1;SPOP;PSMD13;PSMA6;PSMB5;RPS27A;UBA52
REACTOME_MODULATION_OF_HOST_RESPONSES_BY_IFN_STIMULATED_GENES,0.0250996445114726,0.0449412607260754,0.0935092741782428,0.576787462939553,1.4843924406364,18,IFIH1;ARIH1;HERC5;UBE2L6;ATF6;IFI44;CHUK;FKBP5;IKBKB;IKBKG;UBA7;TRIM25;IFI44L;IFI6;ISG15
REACTOME_HSF1_ACTIVATION,0.0252483443708609,0.0451417630731742,0.0913212902305258,0.517604159589895,1.44001583645686,29,TNFRSF21;HSPH1;EEF1A1;HSP90AA1;HSP90AB1;SERPINH1;DNAJB1;RPA1;PTGES3;HSF1;VCP;HDAC6;MRPL18;HSPA1B;HSPA6;RPA2;DNAJB6;YWHAE
REACTOME_MRNA_SPLICING_MINOR_PATHWAY,0.0252780586450961,0.0451417630731742,0.0901888162992841,0.467377012151674,1.38114868519718,50,POLR2D;SF3B3;SF3B1;SF3B2;SNRNP200;GTF2F2;DDX42;SNRPD1;NCBP2;POLR2B;SNRNP40;PDCD7;EFTUD2;PRPF8;NCBP1;POLR2A;SRSF7;DDX23;GTF2F1;SF3B6;SF3B4;SNRPE;YBX1;PRPF6;SRSF1;POLR2E;POLR2C;SRSF6;RNPC3;SRSF2
REACTOME_FRS_MEDIATED_FGFR1_SIGNALING,0.0253508867370254,0.0452124082357184,0.0935092741782428,0.588385804829538,1.48330090436592,16,FGF2;KL;FGF9;FGF20;NRAS;KRAS;PTPN11;GRB2;FRS2;SOS1
REACTOME_RETROGRADE_NEUROTROPHIN_SIGNALLING,0.0254948004025495,0.0453500441715507,0.0945554515592395,0.621630029979772,1.50010496770068,13,AP2A1;DNM3;AP2M1;AP2B1;DNM2;CLTA;CLTC;AP2A2
REACTOME_CYTOCHROME_C_MEDIATED_APOPTOTIC_RESPONSE,0.0254948004025495,0.0453500441715507,0.0945554515592395,0.621526360387117,1.49985479434444,13,CASP3;MAPK1;APAF1;XIAP;CASP7;AVEN;UACA
REACTOME_SCF_BETA_TRCP_MEDIATED_DEGRADATION_OF_EMI1,0.0256384169294944,0.0455458936041606,0.0898202850323628,0.480941823601355,1.39712524977711,42,PSMD2;PSMD1;PSMC6;FZR1;CUL1;PSMC1;PSMD14;PSMD7;PSMD11;FBXO5;PSMB2;UBC;PSMD12;BTRC;PSMD6;PSMA5;PSMD8;PSMC2;PSMA4;SKP1;PSMA3;PSMD3;PSMA7;ADRM1;PSMD13;PSMA6;PSMB5;RPS27A;UBA52
REACTOME_INLB_MEDIATED_ENTRY_OF_LISTERIA_MONOCYTOGENES_INTO_HOST_CELL,0.0263682694438289,0.0465988012667926,0.0924960508813,0.606529139233264,1.48573716074373,14,MET;STAM;CBL;SH3GL1;HGS;GRB2;EPS15;STAM2;UBC
REACTOME_FOXO_MEDIATED_TRANSCRIPTION_OF_CELL_DEATH_GENES,0.0263301055380263,0.0465988012667926,0.0917080492176841,0.586592285160376,1.47877950135886,16,NFYA;FOXO3;BBC3;EP300;BCL6;NFYB;CREBBP;FOXO4;BCL2L11;STK11;PINK1
REACTOME_REPLACEMENT_OF_PROTAMINES_BY_NUCLEOSOMES_IN_THE_MALE_PRONUCLEUS,0.0263368148236639,0.0465988012667926,0.352487857583619,-0.317133054477538,-1.43942588361725,28,H4C4;H4C5;H4C11;METTL23;H4C8;H4C2;H2BC15;H4C3;H2BC13
REACTOME_HSF1_DEPENDENT_TRANSACTIVATION,0.0263265724236837,0.0465988012667926,0.0889177270391537,0.496822329533459,1.41476688746253,35,TNFRSF21;HSPH1;HSP90AA1;HSP90AB1;SERPINH1;DNAJB1;EP300;CAMK2D;MTOR;PTGES3;HSPA8;CREBBP;HSF1;MRPL18;RPTOR;HSPA1B
REACTOME_DISEASES_OF_PROGRAMMED_CELL_DEATH,0.0266720144389853,0.0470743735358194,0.0873572860780536,0.429709842072187,1.31969315136116,81,DNMT1;LMNA;CAST;CAPN2;CASP8;CDC25B;PRIM2;POLA1;TP53;FOXO3;CAPN1;LMNB1;CDK5R1;PRIM1;RBBP4;GSDME;EZH2;RBBP7;APP;DNMT3A;SUZ12;EED;H3-3A;FADD;CDKN2A;GOLGA2;H3-3B;SOD2;BCL2L11;RIPK1
REACTOME_PTK6_REGULATES_RHO_GTPASES_RAS_GTPASE_AND_MAP_KINASES,0.0270330157323288,0.0476496347344162,0.0913212902305258,0.60521134837069,1.48250913635386,14,RASA1;RHOA;PXN;RAC1;NRAS;ELMO2;CRK;PTK6;KRAS
REACTOME_INTERLEUKIN_37_SIGNALING,0.0272986985504179,0.0480556105311114,0.0887403498066145,0.55209754102529,1.46142948742121,21,PTPN14;PTPN12;STAT3;PTPN2;SMAD3;IL18R1;TBK1;PTPN11;PTPN13;PTPN5;PTPN23
REACTOME_MITOCHONDRIAL_UNFOLDED_PROTEIN_RESPONSE_UPRMT,0.0275914304263147,0.0485080904907654,0.0892755851408452,0.579516833583995,1.47613237149566,17,DNAJA1;ESR1;FOXO3;CAT;HSPD1;AKT1;HSF1;HTRA2;NRF1;SOD2;HSPA1B;SIRT3
REACTOME_RUNX3_REGULATES_NOTCH_SIGNALING,0.0280301351650787,0.0492157024410102,0.0896376494762061,0.603250476997657,1.47770583956578,14,MAMLD1;MAML2;MAML1;SNW1;EP300;JAG1;RBPJ;CREBBP;MAML3
REACTOME_TELOMERE_EXTENSION_BY_TELOMERASE,0.0282509787324093,0.0495394581901215,0.087188756630299,0.55068186827976,1.45768213167133,21,CCNA1;CDK2;ANKRD28;TINF2;CCNA2;DKC1;TERF1;ACD;TERF2;SHQ1;GAR1;NHP2;PPP6R3;PPP6C;POT1;TERF2IP
REACTOME_PROCESSING_OF_CAPPED_INTRONLESS_PRE_MRNA,0.0283526490066225,0.0496536726804124,0.0860348143217779,0.513541214159561,1.42871239993313,29,SLBP;CSTF2;NUDT21;LSM11;CPSF1;NCBP2;CPSF3;CPSF6;CPSF7;FIP1L1;NCBP1;SYMPK;CSTF2T;WDR33;CSTF3;CPSF2;CLP1;SNRPE
REACTOME_GLYCOSPHINGOLIPID_BIOSYNTHESIS,0.0286278381046397,0.050006724915431,0.0882143061853503,0.594323069802155,1.47657532335125,15,B4GALT5;UGCG;ST6GALNAC5;B3GNT5;ST3GAL5;FUT2;B4GALT6;B3GALT4;A4GALT;B3GALNT1
REACTOME_ION_TRANSPORT_BY_P_TYPE_ATPASES,0.0286178201745484,0.050006724915431,0.0847686054189199,0.473262906169996,1.38408342495416,45,ATP10A;ATP1B3;ATP2B4;ATP13A4;ATP11C;ATP11B;ATP11A;ATP2B1;ATP2C1;CAMK2D;ATP9B;ATP8B4;ATP8B2;ATP8A1;ATP7A;ATP13A2;ATP9A;CALM1;ATP1B1;PDZD11;SRI;ATP1A1;ATP13A1;ATP12A;ATP10D;ATP8A2;CUTC;ATP2A2
REACTOME_TRAF6_MEDIATED_NF_KB_ACTIVATION,0.0289277853474479,0.0504658026793089,0.0857131468775338,0.53688898257985,1.45080933724178,24,MAP3K1;RELA;IFIH1;NFKB2;NFKB1;HMGB1;S100B;APP;CHUK;AGER;IKBKB;IKBKG;MAVS;TRIM25;SAA1;TRIM4;NKIRAS2;NFKBIA;S100A12;NKIRAS1
REACTOME_TP53_REGULATES_TRANSCRIPTION_OF_CASPASE_ACTIVATORS_AND_CASPASES,0.0291404140414041,0.0507715675413695,0.0885639937858774,0.624486788633007,1.48509643077069,12,TP63;TP53;APAF1;CASP6;ATM;NLRC4;CASP2;CASP10;TP73
REACTOME_GSK3B_MEDIATED_PROTEASOMAL_DEGRADATION_OF_PD_L1_CD274,0.0291844620703681,0.0507832060865945,0.0840040435343081,0.476277977947616,1.38712461981592,43,GSK3B;PSMD2;PSMD1;PSMC6;CUL1;PSMC1;PSMD14;PSMD7;NEK2;PSMD11;PSMB2;UBC;PSMD12;BTRC;PSMD6;PSMA5;PSMD8;PSMC2;PSMA4;SKP1;PSMA3;PSMD3;PSMA7;ADRM1;PSMD13;COPS5;PSMA6;PSMB5;RPS27A;UBA52;PSMB4;RBX1;PSMC3;PSMB1
REACTOME_GPCR_LIGAND_BINDING,0.0293970602939706,0.0510877301016701,0.0829663391489805,0.362287027950937,1.1786260958116,307,ANXA1;CD55;CXCL16;CYSLTR2;ECE1;HRH1;LPAR5;CCL13;FZD6;WNT10A;S1PR3;RAMP1;INSL3;CXCL2;S1PR2;CXCL8;C3;ADGRE5;NLN;CCR1;GNB1;GNG12;FZD7;OPN3;GNB5;PTGER4;WNT5A;PTAFR;HTR1D;F2RL1;SSTR3;CXCL3;ADGRE2;P2RY2;FPR1;P2RY6;CCL20;PSAP;P2RY4;PLPPR4;CXCL5;FPR3;GNB4;S1PR1;ADORA1;CX3CL1;HCAR2;CCL17;WNT9B;C5AR1;CCL22;GRM4;GPR55;ADRA1B;GPR37;PTGER2;CCL23;WNT3;NPY1R;CXCL1;GPR39;KISS1R;OXTR;DHH;CRHR2;PLPPR3;EDNRA;ADORA2B;KISS1;EDN1;APP;ADGRE3;NMU;ADRB2;RLN2;C5;ACKR1;FZD10;GPR183;PPBP;CCR3;F2R;GABBR1;C3AR1;CCR4;CCKBR;WNT7A;NPFFR1;GLP1R;P2RY12;GNB2;LPAR6;GALR2;CCL7;FPR2;CMKLR1;PTGER1;CCL2;GABBR2;FFAR4;F2RL2;CCR8;HTR1B;ADRB3;ACKR4;HCAR1;P2RY13;PLPPR1;ADM;GPR68;CCR2;CCR9;P2RY11;HTR2B;TACR1;CHRM4;CALCB;WNT2;CCR5;GRP;CXCR2;HCAR3;NPW;PTCH1;WNT7B;TAC1;WNT9A;RXFP4;GNG5;TAS1R3;C5AR2
REACTOME_THE_ROLE_OF_NEF_IN_HIV_1_REPLICATION_AND_DISEASE_PATHOGENESIS,0.0299730346401162,0.051889623026647,0.0837037443963104,0.515090915338679,1.42663485746428,28,FYN;PAK2;AP2A1;PACS1;AP2M1;RAC1;AP2B1;HCK;AP1G1;B2M;CD4;AP1S2;AP2A2;DOCK2;HLA-A;AP1S1;AP1M1;AP1M2;CD28;LCK;AP1B1
REACTOME_SIGNAL_AMPLIFICATION,0.0299730346401162,0.051889623026647,0.0837037443963104,0.515038053115978,1.42648844624385,28,SRC;GNB1;PLA2G4A;GNG12;GNAI2;GNB5;GNA15;GNB4;GNAI3;GNA13;GNAQ;MAPK14;P2RY12;GNA11;GNB2
REACTOME_FORMATION_OF_THE_EARLY_ELONGATION_COMPLEX,0.0299044291439729,0.051889623026647,0.0834065212039972,0.501898158090237,1.41452174322172,32,CDK7;POLR2D;CCNH;GTF2F2;ERCC3;GTF2H3;NCBP2;NELFA;POLR2B;SUPT5H;NELFB;NCBP1;POLR2A;GTF2F1;MNAT1;POLR2E;CTDP1;POLR2C
REACTOME_G_PROTEIN_MEDIATED_EVENTS,0.0300576864689809,0.0519699693528562,0.082532787767263,0.46421382283701,1.36948079532103,49,ADCY7;KPNA2;ADCY8;PDE1C;PLA2G4A;MAPK1;GNAI2;ITPR2;ITPR3;GRK2;GNA15;ADCY6;CAMK2D;PRKAR1A;GNAI3;ADCY3;AHCYL1;GNAQ;PLCB3;CREB1;PDE1A;CALM1;PRKAR1B;GNA11
REACTOME_DEFECTIVE_EXT2_CAUSES_EXOSTOSES_2,0.0301351650786616,0.0520377247038134,0.0863599961425958,0.599836330501822,1.46934263985621,14,SDC4;SDC3;AGRN;EXT2;GPC5;GPC4;HSPG2;GPC6;EXT1;SDC2;GPC2
REACTOME_INTRA_GOLGI_TRAFFIC,0.0307097823876347,0.0529626830771518,0.081824488294614,0.474376573938577,1.38158692033101,43,RAB33B;GOLIM4;NAPG;RIC1;SNAP29;MAN1A2;TRIP11;MAN1A1;VTI1A;STX6;GOLGA5;COG6;RGP1;COG4;CYTH1;CYTH2;MAN2A2;GOSR1;COG1;STX16;MAN2A1;RAB30;BET1L;STX5;COG3;RAB39A;CUX1;NSF;RAB36;CYTH4;YKT6;COG2;VPS45;GOSR2
REACTOME_YAP1_AND_WWTR1_TAZ_STIMULATED_GENE_EXPRESSION,0.030750307503075,0.0529653585509239,0.0858735452983586,0.614133042295073,1.48201338922759,13,RUNX2;TEAD1;TEAD3;YAP1;HIPK2
REACTOME_GAP_JUNCTION_DEGRADATION,0.0310531053105311,0.0534192026797617,0.0857131468775338,0.621313066588179,1.47754898002101,12,MYO6;ACTG1;AP2M1;DNM2;CLTA;GJA1;CLTC;ACTB;DAB2;DNM1
REACTOME_DEFECTIVE_B4GALT7_CAUSES_EDS_PROGEROID_TYPE,0.0312702878164899,0.0537248054900251,0.0837037443963104,0.575153181547124,1.46501737421468,17,SDC4;SDC3;AGRN;VCAN;GPC5;GPC4;HSPG2;GPC6;SDC2;GPC2;CSPG5;BGN
REACTOME_CHOLESTEROL_BIOSYNTHESIS_VIA_DESMOSTEROL_BLOCH_PATHWAY,0.0314677194612169,0.053995745893679,0.0865239251810879,0.647287316082465,1.47200785144549,10,MSMO1;LBR;SC5D;CYP51A1;DHCR7;DHCR24
REACTOME_PENTOSE_PHOSPHATE_PATHWAY,0.0316448619031645,0.054231232441867,0.0846140864395759,0.61171560496616,1.47617967854549,13,PRPS2;DERA;RPIA;RPE;PGM2
REACTOME_METABOLISM_OF_NITRIC_OXIDE_NOS3_ACTIVATION_AND_REGULATION,0.0319194979441679,0.054632994592096,0.0828210936072908,0.574154241694016,1.46247289686925,17,CAV1;HSP90AA1;ZDHHC21;WASL;DNM2;NMT2;DDAH1;AKT1;CALM1;NMT1;CYB5B;LYPLA1;NOS3
REACTOME_DEGRADATION_OF_DVL,0.0322351027049014,0.0551037793408314,0.0798002089527527,0.472859324283236,1.37716804217838,43,DVL1;PSMD2;PSMD1;DVL2;CUL3;DVL3;PSMC6;PSMC1;PSMD14;PSMD7;PSMD11;KLHL12;PSMB2;UBC;PSMD12;PSMD6;PSMA5;PSMD8;PSMC2;PSMA4;PSMA3;PSMD3;PSMA7;ADRM1;PSMD13;PSMA6;PSMB5;RPS27A;UBA52
REACTOME_GLYCOSPHINGOLIPID_METABOLISM,0.0325877947576156,0.0556366998437181,0.0791568051442498,0.461697680171164,1.36205790334831,49,B4GALT5;UGCG;ARSJ;ST6GALNAC5;STS;B3GNT5;ST3GAL5;FUT2;CTSA;PSAP;ARSI;HEXB;B4GALT6;ARSB;M6PR;GLB1;B3GALT4;A4GALT;GLB1L;ARSD;SUMF1;B3GALNT1;ARSA
REACTOME_DEVELOPMENTAL_LINEAGE_OF_PANCREATIC_DUCTAL_CELLS,0.0329108748977923,0.0561177904468002,0.0791568051442498,0.482418848613172,1.38605023725709,38,LAMB3;ANXA1;ANXA2;CLDN10;LAMA1;LAMC1;ANXA3;YAP1;KRT17;LAMA5;COL3A1;COL5A1;LAMB1;SOX9;LAMA3;COL5A2;CFTR;CD74;COL11A1
REACTOME_SUMOYLATION_OF_DNA_METHYLATION_PROTEINS,0.0338374496790338,0.0576254312203095,0.0805924900764779,0.577918398795793,1.45691292438955,16,DNMT1;UBE2I;RNF2;BMI1;PHC3;CBX2;DNMT3A;PHC2;SCMH1;PHC1
REACTOME_AUF1_HNRNP_D0_BINDS_AND_DESTABILIZES_MRNA,0.033981076406552,0.0577976005463132,0.0776714573195423,0.47245054794886,1.37245828376429,42,PABPC1;EIF4G1;PSMD2;PSMD1;PSMC6;HSPA8;PSMC1;PSMD14;PSMD7;PSMD11;HNRNPD;PSMB2;UBC;PSMD12;PSMD6;PSMA5;PSMD8;PSMC2;PSMA4;PSMA3;PSMD3;PSMA7;ADRM1;PSMD13;PSMA6;PSMB5;RPS27A;UBA52
REACTOME_DISEASES_ASSOCIATED_WITH_GLYCOSAMINOGLYCAN_METABOLISM,0.0342143003482893,0.0581215427166564,0.0776714573195423,0.488519323870998,1.39112298746171,35,SDC4;SDC3;AGRN;CHSY1;SLC26A2;B4GALT1;VCAN;EXT2;HEXB;GPC5;GPC4;CHST3;HSPG2;GPC6;PRELP;EXT1;SDC2;GPC2;OMD;CSPG5;BGN
REACTOME_INHIBITION_OF_REPLICATION_INITIATION_OF_DAMAGED_DNA_BY_RB1_E2F1,0.0343285251034329,0.0582427785462737,0.0811334140842608,0.608235998188679,1.4677827621148,13,PRIM2;POLA1;PRIM1;PPP2CB;PPP2R1A;RB1;E2F1;PPP2R1B;TFDP1;TFDP2;PPP2CA
REACTOME_TRANSLATION,0.0344965503449655,0.0584548777042495,0.0763778694074653,0.354918875705336,1.16041558066941,361,ASCC3;PABPC1;UBE2D1;GARS1;EEF1A1;VARS1;EEF1B2;EPRS1;EIF4G1;ABCE1;WARS1;MRPL9;EIF3D;MRPL14;EIF4A2;EEF2;EIF3A;EIF3H;EIF2S2;PSMD2;PSMD1;EIF3E;RPS4X;RARS1;RPLP0;RPL39L;EIF3C;SRP68;EIF4B;PPA1;EIF2S3;SSR3;MRPS23;DAP3;SRP72;RPL10A;ZNF598;PSMC6;NPLOC4;NEMF;YARS2;EIF3L;NARS2;IARS1;IARS2;PSMC1;RPS2;PSMD14;MRPL46;PSMD7;HARS1;MARS1;ETF1;RPS12;SRP54;AIMP1;LTN1;PSMD11;RPL15;MTFMT;HBS1L;RARS2;RPS9;TARS1;RPS5;UBE2D3;SEC11A;EIF3F;KARS1;SARS1;TRAM1;RPL7;RPS27;VCP;RPL3;MRPS25;TCF25;RPS8;EEF1D;PSMB2;RPL23A;RPL4;UBC;EIF3G;PSMD12;RPL22L1;EIF4H;MRPL18;RPL14;RPS3;RPL7A;RPL12;MRPL3;PSMD6;PSMA5;EIF3B;GSPT1;EIF2S1;EIF3J;RPSA;MRPL33;EIF2B1;CUL2;MRPL50;EIF4A1;RPLP1;PSMD8;EIF1AX;AARS2;GSPT2;YARS1;SEC61A1;ELOC;PSMC2;MRPL45;RPL10;WARS2;MIEF1;RPL21;CARS2;SEC61A2;RPL13A;LARS1;MRPS30;RPL5;RPS18;RPS25;RPN2;PSMA4;RPL30;MRPL44;RPL22;EIF5B;APEH;PSMA3;PSMD3;SSR1;MRPL10;FARSA;MRPL39;RPL8;RPS29;RPS6;MRPL37;NARS1;EIF4E;EIF2B4;PSMA7;ANKZF1;MRPS18A;RCHY1;RPS13;QARS1;SRP9;HARS2;RPL23;RPL31;ADRM1;RPL32;SARS2;RPS24;MRPS16;MRPS27;PSMD13;MRPS22;PELO;DARS2;RPS23;RPS3A;RPS17;FARSB;RPL36;PSMA6;EIF3I;GFM2;RPL37A;RPL28;RPS20;PSMB5;MRPL1;UBE2D2;RPL36A;RPL35A;RPL11;MRPL42;RPL9;EEF1E1;EIF4EBP1;RPS27A;PTCD3;MRPL4;MRPS18C;MRPS35;MRPS6;EIF2B3;UBA52;MRPL30;MRPL19;RPL17;RPL27;UFD1;OXA1L;KLHDC10;RPS11;RPS14;MTIF2;MRPL49;MRPL17;RPL41;MRPL35;EIF5;RPS7;PSMB4;RBX1;RPS27L;LARS2;TSFM;SRPRA;DDOST;DARS1;MARS2;MRPS9
REACTOME_FRS_MEDIATED_FGFR2_SIGNALING,0.0348409435187189,0.0589649342988032,0.0791568051442498,0.571073303250009,1.45462519908339,17,FGF2;FGF9;FGF20;NRAS;FGF18;KRAS;PTPN11;GRB2;FRS2;SOS1
REACTOME_GLYCOGEN_BREAKDOWN_GLYCOGENOLYSIS,0.0349895799056707,0.0591428346913016,0.0795410497699044,0.586649421654594,1.45751040719623,15,PYGB;GYG1;PHKA2;PYGL;PHKA1;PGM1;CALM1
REACTOME_RESPIRATORY_SYNCYTIAL_VIRUS_RSV_GENOME_REPLICATION_TRANSCRIPTION_AND_TRANSLATION,0.0351655485825579,0.0593664354331629,0.078777842678775,0.570803161522605,1.45393710009195,17,HSP90AA1;HSP90AB1;PPP1CB;XPO1;KPNB1;CSNK2A1;HSPA8;CSNK2A2;SEC11A;FURIN;PPP1CA
REACTOME_SIGNALING_BY_ACTIVIN,0.0354694810140355,0.0597311334548627,0.0786526746440489,0.57605675567935,1.45221978445388,16,FSTL3;INHBB;INHBA;MAPK1;SMAD3;ACVR2A;ACVR2B;FST;SMAD4;ACVR1C;SMAD2
REACTOME_GABA_RECEPTOR_ACTIVATION,0.0354559347936831,0.0597311334548627,0.0760356521608407,0.474887419691041,1.37373499891894,40,GABRB2;ADCY7;KCNJ2;ADCY8;GNB1;GNG12;GNAI2;GNB5;GNB4;ADCY6;NPTN;GNAI3;ADCY3
REACTOME_DECTIN_2_FAMILY,0.0355782831030356,0.0598255328654228,0.0785280756545386,0.575778326125244,1.45151787287475,16,LYN;FYN;MUC21;MUC1;MUC20;CLEC10A;FCER1G;MUC4;CLEC4D;CLEC4A
REACTOME_VEGFR2_MEDIATED_CELL_PROLIFERATION,0.0356531049250535,0.0598255328654228,0.0777921919210674,0.555967284468492,1.44369547175323,19,RASA1;SRC;SPHK1;ITPR2;ITPR3;NRAS;KRAS;AHCYL1;CALM1;PLCG1;PRKCD;PDPK1;PRKCZ
REACTOME_NEF_MEDIATES_DOWN_MODULATION_OF_CELL_SURFACE_RECEPTORS_BY_RECRUITING_THEM_TO_CLATHRIN_ADAPTERS,0.0356576023701196,0.0598255328654228,0.0773124512019339,0.542140354393926,1.43507232211342,21,AP2A1;PACS1;AP2M1;AP2B1;AP1G1;B2M;CD4;AP1S2;AP2A2;HLA-A;AP1S1;AP1M1;AP1M2;CD28;LCK;AP1B1
REACTOME_SIGNALING_BY_THE_B_CELL_RECEPTOR_BCR,0.0358964103589641,0.0601519379504713,0.0748173840772458,0.386556610963405,1.22705193395023,153,LYN;FYN;BCL10;RELA;PIK3R1;PPP3CA;MAP3K7;PPP3CB;MALT1;CARD11;TRPC1;ITPR2;REL;ITPR3;PIK3CD;NFKB1;NRAS;PSMD2;PSMD1;FBXW11;CD22;NFKBIE;PSMC6;KRAS;RASGRP1;CUL1;AHCYL1;GRB2;PSMC1;PSMD14;PSMD7;PSMD11;CHUK;ORAI2;CALM1;PSMB2;DAPP1;UBC;PSMD12;BTRC;SOS1;PSMD6;PSMA5;PPP3R1;PSMD8;NCK1;STIM1;PSMC2;BTK;VAV1;IKBKB;IKBKG;PTPN6;NFATC2;PSMA4;SKP1;PSMA3;PSMD3
REACTOME_THE_NLRP3_INFLAMMASOME,0.0362310956370362,0.0604890159345605,0.0777921919210674,0.574681482971592,1.44875276802619,16,RELA;NFKB2;HSP90AB1;NFKB1;NLRP3;HMOX1;PANX1;P2RX7;APP;SUGT1;TXNIP;MEFV;CASP1;PYCARD;TXN
REACTOME_RUNX2_REGULATES_OSTEOBLAST_DIFFERENTIATION,0.0362196409714889,0.0604890159345605,0.0766084781008854,0.535607697693977,1.42660411289123,22,RUNX2;CBFB;SRC;YAP1;MAPK1;HEY2;MAF;ABL1;YES1;HDAC6;RB1
REACTOME_DNA_DAMAGE_RECOGNITION_IN_GG_NER,0.0361815208503679,0.0604890159345605,0.0753641771859303,0.479739812243151,1.37835302764979,38,RAD23B;DDB2;ACTL6A;XPC;CUL4B;ACTR8;INO80;DDB1;PARP2;INO80D;ACTB;CUL4A;INO80C;UBC;COPS2;RAD23A;COPS7B;COPS8;NFRKB;COPS5;PARP1;COPS4;RPS27A;COPS7A;UBA52;RUVBL1;RBX1;COPS3
REACTOME_OTHER_SEMAPHORIN_INTERACTIONS,0.0363029193148767,0.0605345611643158,0.0773124512019339,0.561727680955029,1.44563531089309,18,PLXNC1;SEMA5A;SEMA7A;PLXND1;PLXNA1;PLXNA2
REACTOME_G_PROTEIN_BETA_GAMMA_SIGNALLING,0.0366106616884464,0.0609729034737728,0.0754749124038461,0.507703393942705,1.40617381802461,28,AKT3;GNB1;GNG12;GNB5;CDC42;RHOA;GNB4;PLCB3;AKT1;PIK3R5;GNB2;BTK;PLCB2;PIK3R6;PDPK1;GNG5;PLCB1;PIK3CG;ARHGEF6;PAK1
REACTOME_REGULATION_OF_NF_KAPPA_B_SIGNALING,0.0370569858881827,0.0614151753927321,0.0764929249833112,0.560430603552949,1.44229721494913,18,CASP8;USP14;TP53;N4BP1;IKBIP;CHUK;NLRC5;UBC;USP18;NLRX1;IKBKB;IKBKG;LRRC14
REACTOME_INSULIN_PROCESSING,0.036986301369863,0.0614151753927321,0.0756977855210356,0.529219651053258,1.41914059025876,23,RAB27A;KIF5B;MYO5A;EXOC4;EXOC1;EXOC7;CPE;EXOC5;SLC30A5;EXOC8;EXOC2;EXOC3
REACTOME_VEGFR2_MEDIATED_VASCULAR_PERMEABILITY,0.0370139322104388,0.0614151753927321,0.0751440930078969,0.512201077450748,1.41026989801488,27,PAK2;CTNNB1;AKT3;CTNNA1;CAV1;HSP90AA1;RAC1;RICTOR;MTOR;VAV2;JUP;AKT1;CALM1
REACTOME_INTERLEUKIN_7_SIGNALING,0.037044701986755,0.0614151753927321,0.0749258356507951,0.504032355960664,1.40225800203208,29,CRLF2;JAK1;STAT3;JAK3;SMARCA4;PIK3R1;STAT5A;IRS2;STAT5B;IL7;IL7R
REACTOME_ACTIVATED_NOTCH1_TRANSMITS_SIGNAL_TO_THE_NUCLEUS,0.0371292263015972,0.0614599495053235,0.0749258356507951,0.507256452233123,1.40493593437503,28,DTX4;MIB1;NEURL1;PSEN1;NCSTN;ADAM10;ADAM17;JAG1;APH1A;ARRB2;ITCH;NEURL1B;UBC;DTX2;JAG2;APH1B;DLL1;DTX1;NOTCH1;RPS27A;UBA52;NUMB;ARRB1
REACTOME_INTERACTION_BETWEEN_L1_AND_ANKYRINS,0.0375248249189924,0.0620392178405239,0.0748173840772458,0.521529791007989,1.41871076467082,25,KCNQ3;SPTBN2;NRCAM;SCN1B;SPTAN1;ACTG1;SCN2B
REACTOME_SELENOAMINO_ACID_METABOLISM,0.0376150460184074,0.062112815964782,0.0730396943187741,0.400783367076076,1.25543121430653,115,PAPSS1;EPRS1;INMT;HNMT;RPS4X;RARS1;RPLP0;RPL39L;RPL10A;NNMT;IARS1;RPS2;MARS1;RPS12;AIMP1;RPL15;RPS9;RPS5;KARS1;SARS1;RPL7;RPS27;RPL3;RPS8;RPL23A;RPL4;GSR;RPL22L1;RPL14;RPS3;RPL7A;RPL12;RPSA;RPLP1;RPL10;RPL21;RPL13A;SECISBP2;LARS1;RPL5;RPS18;RPS25;RPL30;SCLY;RPL22;RPL8;RPS29;RPS6;RPS13;QARS1;RPL23;RPL31;RPL32;RPS24;RPS23;RPS3A;RPS17;RPL36;RPL37A;RPL28;RPS20;RPL36A;RPL35A;RPL11;RPL9;EEF1E1;CBS;RPS27A;UBA52;RPL17;RPL27;PSTK;RPS11;RPS14;RPL41;RPS7
REACTOME_DEGRADATION_OF_GLI1_BY_THE_PROTEASOME,0.0380170316301703,0.062700419885196,0.0731409447045026,0.462130052739855,1.35497807463285,46,SUFU;PSMD2;PSMD1;PSMC6;CUL1;PSMC1;PSMD14;PSMD7;PSMD11;ITCH;PSMB2;UBC;PSMD12;BTRC;PSMD6;PSMA5;PSMD8;PSMC2;PSMA4;SKP1;PSMA3;PSMD3;PSMA7;ADRM1;PRKACA;PSMD13;PSMA6;PSMB5;GLI1;RPS27A;UBA52;NUMB;PSMB4;RBX1
REACTOME_CA_DEPENDENT_EVENTS,0.0385918095042595,0.0635242644927875,0.0730396943187741,0.491453980632373,1.39092112707719,33,ADCY7;KPNA2;ADCY8;PDE1C;PLA2G4A;MAPK1;GRK2;ADCY6;CAMK2D;PRKAR1A;ADCY3;CREB1;PDE1A;CALM1;PRKAR1B
REACTOME_NEGATIVE_REGULATION_OF_NOTCH4_SIGNALING,0.0386100386100386,0.0635242644927875,0.0726386507219513,0.465337085015394,1.35832143625752,44,YWHAZ;PSMD2;PSMD1;PSMC6;CUL1;PSMC1;PSMD14;PSMD7;AKT1;PSMD11;PSMB2;UBC;PSMD12;PSMD6;PSMA5;PSMD8;PSMC2;PSMA4;SKP1;PSMA3;PSMD3;PSMA7;ADRM1;PSMD13;PSMA6;PSMB5;RPS27A;FBXW7;UBA52;PSMB4;RBX1;PSMC3;PSMB1
REACTOME_CD28_DEPENDENT_VAV1_PATHWAY,0.0389288928892889,0.0639714213259295,0.0762633077782967,0.610176539522928,1.45106512656433,12,FYN;PAK2;CDC42;RAC1;CD86;GRB2;VAV1;CD80;CD28;LCK;PAK1;PAK3
REACTOME_UBIQUITIN_DEPENDENT_DEGRADATION_OF_CYCLIN_D,0.0390433360588716,0.064081997227061,0.0724404674044223,0.477722764988001,1.37255779631793,38,GSK3B;PSMD2;PSMD1;PSMC6;CDK4;PSMC1;PSMD14;PSMD7;PSMD11;PSMB2;UBC;PSMD12;PSMD6;PSMA5;PSMD8;PSMC2;PSMA4;PSMA3;PSMD3;PSMA7;ADRM1;PSMD13;PSMA6;PSMB5;RPS27A;UBA52
REACTOME_EVASION_BY_RSV_OF_HOST_INTERFERON_RESPONSES,0.0396783409163052,0.0650456758808911,0.0731409447045026,0.538407612138947,1.42519156881348,21,JAK1;IFIH1;STAT2;IFNAR1;EIF2AK2;EP300;IFNAR2;IFNA1;TYK2;CREBBP;CUL5;UBC;ELOC;IRF3;MAVS;TRIM25;RPS27A;UBA52
REACTOME_ADORA2B_MEDIATED_ANTI_INFLAMMATORY_CYTOKINES_PRODUCTION,0.0398361495135689,0.0652256954083616,0.0717587601968224,0.481423890799229,1.37429719279159,36,ADCY7;ADCY8;GNB1;GNAZ;GNG12;GNAI2;GNB5;GNB4;ADCY6;PRKAR1A;GNAI3;ADCY3;ADORA2B;CREB1;IL6;PRKAR1B;GNB2
REACTOME_INFLAMMASOMES,0.0402073854618559,0.0657543162968257,0.0726386507219513,0.53762814208083,1.42312827303177,21,BCL2L1;RELA;NFKB2;HSP90AB1;NFKB1;NLRP3;NLRC4;HMOX1;PANX1;P2RX7;APP;SUGT1;NLRP1;TXNIP;MEFV;CASP1;PYCARD;TXN
REACTOME_ATTACHMENT_AND_ENTRY,0.0408273187547129,0.0666078345590094,0.0727383231489883,0.557363890540816,1.43440487001221,18,SDC4;SDC3;AGRN;GPC5;GPC4;VCP;HSPG2;TMPRSS2;NRP1;FURIN;GPC6;SDC2;GPC2
REACTOME_TRANSCRIPTION_OF_E2F_TARGETS_UNDER_NEGATIVE_CONTROL_BY_DREAM_COMPLEX,0.0407922912205567,0.0666078345590094,0.0725393663199148,0.550849269556153,1.43040538228264,19,MYC;TOP2A;PCNA;RBBP4;LIN52;RBL2;CDC6;RBL1;MAX;E2F5;E2F4;E2F1;TFDP1;TFDP2
REACTOME_REGULATION_OF_ORNITHINE_DECARBOXYLASE_ODC,0.0409852820932134,0.066785369741819,0.0706314172523161,0.476456198837606,1.36891879191688,38,ODC1;PSMD2;PSMD1;PSMC6;PSMC1;PSMD14;PSMD7;OAZ3;PSMD11;AZIN1;PSMB2;PSMD12;PSMD6;PSMA5;PSMD8;PSMC2;PSMA4;PSMA3;PSMD3;PSMA7;ADRM1;PSMD13;PSMA6;PSMB5
REACTOME_DAG_AND_IP3_SIGNALING,0.0415472779369628,0.0676200607381226,0.0701763259905319,0.477655454306165,1.36748329440792,37,ADCY7;KPNA2;ADCY8;PDE1C;ITPR2;ITPR3;GRK2;ADCY6;CAMK2D;PRKAR1A;ADCY3;AHCYL1;CREB1;PDE1A;CALM1;PRKAR1B;PLCG1;PRKCD;PRKAR2B
REACTOME_TRANSPORT_OF_CONNEXONS_TO_THE_PLASMA_MEMBRANE,0.0416803773170999,0.0676745911277644,0.0726386507219513,0.579961299015057,1.44089399543154,15,TUBB6;TUBA1A;TUBB3;TUBA1C;TUBA1B;TUBA4A;GJA1;TUBB4B;TUBB2A;GJB2
REACTOME_RIP_MEDIATED_NFKB_ACTIVATION_VIA_ZBP1,0.0416576498593378,0.0676745911277644,0.0721460585392845,0.563143122777635,1.43442562000528,17,MYD88;TICAM1;RELA;NFKB2;NFKB1;DHX9;CHUK;RIPK1;IKBKB;IKBKG
REACTOME_MATURATION_OF_SARS_COV_2_SPIKE_PROTEIN,0.041934496479951,0.0680059435754814,0.0697294585228188,0.472626679158276,1.36238617984479,39,MGAT4B;TUSC3;ZDHHC20;FUT8;ZDHHC2;MGAT4C;ZDHHC5;EDEM2;MGAT4A;GOLGA7;ZDHHC8;ZDHHC9;ST6GALNAC4;MGAT5;GANAB;MOGS;RPN2;STT3B;ZDHHC3;MAN2A1;STT3A;MAN1B1;PRKCSH
REACTOME_CA2_PATHWAY,0.0421796165489405,0.0683219295470919,0.0691171906949246,0.446660360210597,1.33399497577551,56,FZD6;MYC;CTNNB1;PPP3CA;GNB1;MAP3K7;PPP3CB;GNG12;AGO2;GNB5;ITPR2;TCF7;ITPR3;WNT5A;GNB4;AGO4;MOV10;KRAS;PLCB3;AGO1;CALM1;GNB2;TNRC6B;PPP3R1;AGO3;TCF7L2
REACTOME_NONHOMOLOGOUS_END_JOINING_NHEJ,0.0427850655903128,0.069220123972899,0.0686043435198679,0.445817781415533,1.33147853156098,56,TDP1;XRCC5;XRCC4;PRKDC;NBN;BARD1;XRCC6;RNF168;MRE11;ATM;ABRAXAS1;RIF1;NHEJ1;RAD50;UIMC1;TP53BP1;LIG4;TDP2;BABAM2;HERC2;BRCC3;PIAS4;KAT5;UBE2N;UBE2V2;H2AX;PAXIP1;MDC1;DCLRE1C
REACTOME_PYROPTOSIS,0.0428363485132044,0.0692206868364385,0.0696410499154017,0.506887671363744,1.39564022035444,27,CASP3;TP63;TP53;CHMP4C;HMGB1;CHMP3;IL18;GSDME;BAX;CHMP2B;IRF2;CHMP6;CHMP7;IL1A;CASP4;IRF1;ELANE;CASP1;CHMP4B;IL1B
REACTOME_GABA_B_RECEPTOR_ACTIVATION,0.0431078723185877,0.0695767202861766,0.068945037482762,0.488294665524137,1.3819795815728,33,ADCY7;KCNJ2;ADCY8;GNB1;GNG12;GNAI2;GNB5;GNB4;ADCY6;GNAI3;ADCY3;GABBR1;GNB2;KCNJ5;GABBR2
REACTOME_IRON_UPTAKE_AND_TRANSPORT,0.0433202059981824,0.0698364886732264,0.0681851045494384,0.448374841644499,1.3325527042948,53,ATP6V1B2;CAND1;GLRX3;ATP6V0A2;LCN2;MCOLN1;TCIRG1;STEAP4;HMOX1;CUL1;ATP6V1A;UBC;CP;SLC40A1;HEPH;ATP6V1C1;ATP6V1E1;ATP6V1G1;TFR2;SKP1;SLC11A2;IREB2;CYBRD1;FLVCR1;TFRC;ATP6V0D2;ATP6V0A1;ACO1;RPS27A;FTH1;UBA52;ATP6V1C2
REACTOME_ACTIVATION_OF_MATRIX_METALLOPROTEINASES,0.0434602649006623,0.0699792654028436,0.068945037482762,0.498267174958498,1.3862188110995,29,MMP16;TIMP1;TIMP2;MMP14;PRSS2;MMP7;MMP11;MMP24;CTSK;PRSS1;MMP2;TPSAB1;SPOCK3;MMP10;MMP9;FURIN;MMP1;MMP13;MMP3;ELANE;CTSG
REACTOME_P75NTR_REGULATES_AXONOGENESIS,0.0447050627032048,0.0718984381226691,0.0721460585392845,0.63104692279699,1.43507527786833,10,NGFR;RTN4;RTN4R;RHOA;ARHGDIA;MAG
REACTOME_SRP_DEPENDENT_COTRANSLATIONAL_PROTEIN_TARGETING_TO_MEMBRANE,0.0449404464017616,0.0721915681560213,0.0665778123685815,0.399219843684928,1.24758973665192,110,RPS4X;RPLP0;RPL39L;SRP68;SSR3;SRP72;RPL10A;RPS2;RPS12;SRP54;RPL15;RPS9;RPS5;SEC11A;TRAM1;RPL7;RPS27;RPL3;RPS8;RPL23A;RPL4;RPL22L1;RPL14;RPS3;RPL7A;RPL12;RPSA;RPLP1;SEC61A1;RPL10;RPL21;SEC61A2;RPL13A;RPL5;RPS18;RPS25;RPN2;RPL30;RPL22;SSR1;RPL8;RPS29;RPS6;RPS13;SRP9;RPL23;RPL31;RPL32;RPS24;RPS23;RPS3A;RPS17;RPL36;RPL37A;RPL28;RPS20;RPL36A;RPL35A;RPL11;RPL9;RPS27A;UBA52;RPL17;RPL27;RPS11;RPS14;RPL41;RPS7;RPS27L;SRPRA;DDOST;RPS19;RPLP2;RPL39;SSR2;RPL13;RPL27A;SPCS1;RPL26;RPL36AL;RPL6;RPL34;RPL19;SPCS3;RPS16;RPL37;RPL24;RPL29;RPS10
REACTOME_ABC_TRANSPORTER_DISORDERS,0.0456239299023064,0.0732029760770181,0.0662690130576484,0.434973929059105,1.30912514661935,61,ERLIN1;DERL1;ABCA1;LMBRD1;ABCA12;PSMD2;PSMD1;PSMC6;PSMC1;PSMD14;PSMD7;PSMD11;VCP;PSMB2;UBC;PSMD12;PSMD6;PSMA5;CFTR;PSMD8;PSMC2;ABCD4;RNF185;PSMA4;PSMA3;PSMD3;PSMA7;ERLEC1;ADRM1;PSMD13;RNF5;PSMA6;ERLIN2;OS9;SEL1L;PSMB5;ABCD1;RPS27A;ABCC6;UBA52
REACTOME_HCMV_LATE_EVENTS,0.0458825886595873,0.0735311768730885,0.0658886340177412,0.411505367364557,1.27180908755493,89,SEH1L;NUP188;VPS37C;NUP205;UBAP1;VPS37A;NUP98;NDC1;CHMP4C;NUP107;NUP62;TPR;HNRNPK;CHMP3;NUP54;POM121C;NUP85;NUP133;NUP43;NUP58;NUP155;NUP93;TSG101;RANBP2;NUP160;NUP153;CHMP2B;MVB12B;NUP35;POM121;CHMP6;NUP214;CHMP7;NUP37;NUP50;H2AC11;VPS36;SEC13;CHMP1A;CEBPD;NUP42
REACTOME_THE_CRY_PER_KINASE_COMPLEX_REPRESSES_TRANSACTIVATION_BY_THE_BMAL_CLOCK_ARNTL_CLOCK_COMPLEX,0.046740467404674,0.0748177799799199,0.0691171906949246,0.591447247761124,1.42726849043671,13,CSNK1E;KMT2A;CSNK1D;CREBBP;NR1D1;PER2;PER1;NPAS2;CLOCK;RORA;PER3
REACTOME_APC_C_CDH1_MEDIATED_DEGRADATION_OF_CDC20_AND_OTHER_APC_C_CDH1_TARGETED_PROTEINS_IN_LATE_MITOSIS_EARLY_G1,0.0471346560580119,0.0753599971562802,0.0651459743455219,0.433631570523141,1.30508509916407,61,UBE2D1;ANAPC1;PSMD2;PSMD1;UBE2E1;PSMC6;FZR1;PSMC1;PSMD14;CDC16;PSMD7;PSMD11;UBE2C;PSMB2;AURKB;UBC;PSMD12;PSMD6;PSMA5;RB1;PSMD8;PSMC2;CDC27;PLK1;PSMA4;PSMA3;PSMD3;PSMA7;ANAPC4;CDC23;ADRM1;PSMD13;ANAPC5;PSMA6;PSMB5;RPS27A;UBA52;CDC26;PSMB4;ANAPC10;PSMC3;PSMB1;ANAPC2;UBB
REACTOME_GLYCEROPHOSPHOLIPID_BIOSYNTHESIS,0.0478095619123825,0.0763492298929821,0.0644263908163349,0.393724947839825,1.23611397575222,120,MBOAT2;ETNK2;OSBPL10;LIPH;LPIN2;OSBPL5;DGAT2L6;GPD2;PLA2G4A;LPCAT4;OSBPL8;MBOAT1;CHPT1;PNPLA2;SLC44A2;MBOAT7;PLD2;DDHD1;CEPT1;PITPNM1;PLAAT3;PISD;PITPNM3;GPCPD1;PLA2G2E;PITPNB;ABHD3;CSNK2A1;AWAT2;PLBD1;DDHD2;PLAAT4;CSNK2A2;LPIN1;GPAT4;PLD4;PCYT1A;PLD3;SLC44A1;PTDSS1;PLAAT5;ABHD4;SELENOI;LPCAT3;ETNK1;PGS1;PNPLA8;AGPAT5;PLA2G10;GNPAT;LPCAT1;AGPAT1;PCTP;PLA2G12A;PEMT;PLA2G5;BCHE;CDS2;CPNE1;CDS1;AGK;PLAAT2;MIGA1;CPNE3;PLA1A
REACTOME_FGFR2_MUTANT_RECEPTOR_ACTIVATION,0.0486045782376921,0.0775277251467412,0.0653662929462658,0.510861112084936,1.38968889498299,25,FGF2;POLR2D;FGF9;FGF20;FGF18;GTF2F2;NCBP2;POLR2B;NCBP1;POLR2A;GTF2F1;POLR2E;FGF1;POLR2C
REACTOME_MAP3K8_TPL2_DEPENDENT_MAPK1_3_ACTIVATION,0.0493961484060494,0.0786979668040107,0.0661924422634488,0.563141191335805,1.41966007938635,16,NFKB1;MAP2K4;FBXW11;CUL1;MAP2K1;CHUK;UBC;BTRC;IKBKB;IKBKG;TNIP2;SKP1
REACTOME_SYNTHESIS_OF_VERY_LONG_CHAIN_FATTY_ACYL_COAS,0.0496788008565311,0.079055609325557,0.0654401996471083,0.543333952249442,1.41089015203872,19,HACD1;ACSL4;ACSL5;HACD2;ELOVL6;ELOVL4;HACD3;ELOVL5
REACTOME_RHOBTB3_ATPASE_CYCLE,0.0499303297724106,0.0792323048099434,0.0681021234212085,0.627253955637988,1.4264496223061,10,HGS;PLIN3;RHOBTB3;CUL3;LRRC41;RAB9A;VHL;HTR7;CCNE1
REACTOME_APOPTOTIC_FACTOR_MEDIATED_RESPONSE,0.0498511904761905,0.0792323048099434,0.0650729978323898,0.534862447998205,1.40255050895315,20,CASP3;MAPK1;APAF1;XIAP;CASP7;AVEN;UACA;GSDME;BAX;CDKN2A
REACTOME_REGULATION_OF_RUNX2_EXPRESSION_AND_ACTIVITY,0.0499647426211343,0.0792323048099434,0.0631855595077774,0.435794409547504,1.30823092242094,59,RUNX2;CBFB;STAT1;SMURF1;GSK3B;ESR1;PSMD2;PSMD1;PSMC6;CUL1;PSMC1;PSMD14;PSMD7;PSMD11;PSMB2;UBC;PSMD12;PSMD6;PSMA5;PSMD8;PSMC2;PSMA4;DLX5;SKP1;PSMA3;PSMD3;WWP1;PSMA7;TWIST1;NR3C1;ADRM1;NKX3-2;PSMD13;PSMA6;PSMB5;RPS27A;UBA52;BMP2
REACTOME_ACTIVATION_OF_RAC1,0.0504050405040504,0.079744412159493,0.0666556482309615,0.597421556773925,1.42073241224615,12,SLIT2;PAK2;ROBO1;NCK2;RAC1;SOS1;NCK1;SOS2;PAK1;PAK4;PAK3
REACTOME_IKK_COMPLEX_RECRUITMENT_MEDIATED_BY_RIP1,0.0503695881731785,0.079744412159493,0.0644973452335783,0.522924773300012,1.39282283569559,22,BIRC2;UBE2D1;TICAM1;BIRC3;CHUK;UBE2D3;UBC;LY96;UBE2N;RIPK1;IKBKB;IKBKG;SARM1;TLR4;UBE2D2;RPS27A;UBA52;UBE2V1
REACTOME_REGULATION_OF_GENE_EXPRESSION_IN_LATE_STAGE_BRANCHING_MORPHOGENESIS_PANCREATIC_BUD_PRECURSOR_CELLS,0.0505423236050542,0.079868625324731,0.0663458340758821,0.587614636910239,1.41801971174295,13,MAMLD1;MAML2;MAML1;SNW1;EP300;RBPJ;CREBBP;MAML3
REACTOME_METABOLISM_OF_VITAMINS_AND_COFACTORS,0.0510948905109489,0.0806480327576998,0.0622012112321493,0.374768425713551,1.19647870272571,174,SDC4;SDC3;LDLR;PARP4;LRP12;PARP14;SLC2A1;PARP9;NAMPT;SLC2A3;PC;LRP1;NT5E;AGRN;IDH1;LMBRD1;VKORC1L1;HSP90AA1;SLC25A19;LPL;LRP10;COQ2;ACP5;PANK2;RFK;MTHFR;SLC25A16;MMADHC;APOE;NNMT;AASDHPPT;PRSS1;MTRR;GCH1;TCN1;UBIAD1;MOCOS;GPC5;RBP4;AKT1;FPGS;MTHFD2L;MOCS3;GPC4;SLC52A2;PRSS3;CALM1;HSPG2;NADK;RBP1;PDZD11;PANK3;TCN2;CYB5R3;FOLR2;PANK4;TPK1;HLCS;ABCC1;PARP6;PDSS2;ABCD4;PDXK;SLC19A2;LRAT;VNN1;GPC6;GPHN;CUBN;MMAA;NADSYN1;SLC23A2;NOS3;MTHFD1;PARP16;SDC2;ENPP2;PARP10;DHFR2;SLC52A3;GPC2;THTPA;BST1;PDSS1;CD320;PRKG2;MMUT;ACO1;ACACA;FASN
REACTOME_DARPP_32_EVENTS,0.0512143611404435,0.0807428269023929,0.0639357739676871,0.521970080033791,1.3902799869912,22,PPP1R1B;PPP3CA;PPP3CB;PRKAR1A;PPP2CB;CALM1;PPP2R1A;PRKAR1B;PPP3R1;PRKAR2B;PPP2R1B;PPP1CA;PPP2R5D;PRKACA;PPP2CA
REACTOME_DISORDERS_OF_DEVELOPMENTAL_BIOLOGY,0.0513842507809975,0.0809167981591838,0.0644973452335783,0.546654287702702,1.4068431518464,18,BDNF;ASH2L;NCOR2;NCOR1;TBL1XR1;MECP2;RBBP5;CALM1;SIN3A;KMT2D;TBL1X;PRKACA;WDR5;HDAC3
REACTOME_ARACHIDONATE_METABOLISM,0.0514795297932712,0.0809730104039995,0.0623946459917812,0.453020024769535,1.33078030091944,47,CYP1B1;PON2;PTGS2;ALOX5;ALOX15B;MAPKAPK2;PLA2G4A;ALOX5AP;HPGDS;FAAH2;LTA4H;PTGES3;PTGS1;TBXAS1;CYP2J2;ABCC1;PTGIS;GGT1;GGT5;GPX4;GPX1;PTGES;CYP4B1
REACTOME_PKMTS_METHYLATE_HISTONE_LYSINES,0.0517884130982368,0.0813646860121431,0.0620094437915393,0.436542086153081,1.30861596312008,58,RELA;SETD7;NFKB2;ASH2L;KMT2A;NFKB1;AEBP2;ATF7IP;RBBP4;KMT2B;EZH2;KMT2C;RBBP7;SETDB1;NSD3;EHMT2;ASH1L;MECOM;SUZ12;RBBP5;EED;SUV39H2;SMYD2;DOT1L;KMT2D;SETD2;NSD1;EHMT1;SETD1A;SETD1B
REACTOME_NFE2L2_REGULATING_TUMORIGENIC_GENES,0.052251632863527,0.0819030785023451,0.0660400458643362,0.608623590717412,1.41460193034588,11,BCL2L1;AREG;MAFK;SP1;EP300;PDGFA;CREBBP
REACTOME_REGULATION_OF_TP53_ACTIVITY_THROUGH_METHYLATION,0.0522483940042827,0.0819030785023451,0.063728697179177,0.540315925622399,1.403053159653,19,CHEK2;TP53;EP300;JMY;ATM;SETD9;EHMT2;UBC;SMYD2;PRMT5;MDM2;EHMT1;MDM4;TTC5;RPS27A;UBA52
REACTOME_REGULATION_OF_MITF_M_DEPENDENT_GENES_INVOLVED_IN_CELL_CYCLE_AND_PROLIFERATION,0.052477818653971,0.0821628520169892,0.0639357739676871,0.552587644787595,1.40753894156085,17,MET;CTNNB1;CDK2;CDC25B;TCF7;MITF;CDKN1A;SIN3A;CDKN2A;TCF7L2;CCNB1;PLK1
REACTOME_POST_CHAPERONIN_TUBULIN_FOLDING_PATHWAY,0.0534218256990534,0.0835446042865519,0.063523490737973,0.559754180201187,1.41112153777328,16,TUBB6;TUBA1A;TUBB3;TUBA1C;TUBA1B;TUBA4A;TBCB;TUBB4B;TUBB2A;TBCA;TBCD
REACTOME_VIF_MEDIATED_DEGRADATION_OF_APOBEC3G,0.0536823876948151,0.0838555918129353,0.0611971384770468,0.461519868506523,1.33680851941692,41,PSMD2;PSMD1;PSMC6;PSMC1;PSMD14;PSMD7;PSMD11;CUL5;PSMB2;UBC;PSMD12;PSMD6;PSMA5;PSMD8;ELOC;PSMC2;PSMA4;PSMA3;PSMD3;APOBEC3G;PSMA7;ADRM1;PSMD13;PSMA6;PSMB5;RPS27A;UBA52;PSMB4;RBX1;PSMC3;PSMB1
REACTOME_NEGATIVE_REGULATION_OF_MAPK_PATHWAY,0.0537700234669932,0.0838960526884543,0.0611971384770468,0.464555328648455,1.33911983269983,39,MAPK1;DUSP8;DUSP2;YWHAB;NRAS;PPP5C;PPP2CB;KRAS;PAQR3;PPP2R5E;MAP2K1;RAF1;DUSP16;DUSP7;BRAP;PPP2R1A;UBC;ARAF;PTPN3;BRAF;PPP2R5C;PPP2R1B;PPP2R5D;PPP2CA;PPP2R5A;RPS27A;UBA52;PTPN7;PPP2R5B;MAPK3;DUSP10
REACTOME_MICRORNA_MIRNA_BIOGENESIS,0.0548761367199749,0.0855237039018875,0.0613201759333526,0.50593094197755,1.37627741682086,25,POLR2D;AGO2;XPO5;AGO4;RAN;POLR2B;PRKRA;DGCR8;AGO1;POLR2A;DROSHA;AGO3;POLR2E;POLR2C
REACTOME_MRNA_DECAY_BY_5_TO_3_EXORIBONUCLEASE,0.0549522869364923,0.0855442817258797,0.0628526173488668,0.56699310542891,1.40867496236571,15,PATL1;LSM6;XRN1;DCP2;EDC3;DCP1A;EDC4;DDX6
REACTOME_DEVELOPMENTAL_LINEAGE_OF_MAMMARY_GLAND_MYOEPITHELIAL_CELLS,0.0551739419454908,0.0857910607596362,0.0630517909580997,0.573658476028163,1.40521808480313,14,TGFA;EGFR;AREG;ERBB2;TP63;ALDH1A3;MME;CDH1;KRT14;KRT5
REACTOME_FORMATION_OF_TC_NER_PRE_INCISION_COMPLEX,0.0552860319385486,0.0858671056051287,0.060003465477807,0.444582421826649,1.31648792725313,51,CDK7;ERCC6;POLR2D;CUL4B;CCNH;ERCC3;GTF2H3;POLR2B;DDB1;AQR;POLR2A;CUL4A;ZNF830;UBC;COPS2;TCEA1;USP7;COPS7B;PRPF19;MNAT1;COPS8;POLR2E;POLR2C;COPS5;COPS4;GTF2H4;XAB2;RPS27A;COPS7A;UBA52;GTF2H1;POLR2K;RBX1;COPS3;POLR2H;UVSSA;UBB
REACTOME_TRANSCRIPTION_OF_E2F_TARGETS_UNDER_NEGATIVE_CONTROL_BY_P107_RBL1_AND_P130_RBL2_IN_COMPLEX_WITH_HDAC1,0.0555978674790556,0.0862528560548363,0.0622012112321493,0.55734051673852,1.40503677303622,16,CCNA2;RBBP4;LIN52;RBL2;RBL1;E2F5;E2F4;E2F1;CDK1;TFDP1;TFDP2;MYBL2
REACTOME_TRANSLESION_SYNTHESIS_BY_POLK,0.056373079420039,0.0872562812435455,0.0615683355795463,0.549063991248021,1.39856356974372,17,RFC3;RFC4;PCNA;MAD2L2;RFC2;RPA1;REV3L;RFC1;UBC;REV1;POLK;RPA2
REACTOME_DEVELOPMENTAL_LINEAGE_OF_MAMMARY_GLAND_LUMINAL_EPITHELIAL_CELLS,0.056373079420039,0.0872562812435455,0.0615683355795463,0.548979355384995,1.39834798715844,17,TGFA;AREG;SLPI;MUC1;ERBB2;TP63;ESR1;ALDH1A3;PGR
REACTOME_ENOS_ACTIVATION,0.0570278430057028,0.0881504139964839,0.0622655030196783,0.582010124050789,1.40449501509618,13,CAV1;HSP90AA1;ZDHHC21;NMT2;DDAH1;AKT1;CALM1;NMT1;CYB5B;LYPLA1;NOS3
REACTOME_THROMBIN_SIGNALLING_THROUGH_PROTEINASE_ACTIVATED_RECEPTORS_PARS,0.0570804741110418,0.0881504139964839,0.0598876344343645,0.49656279026601,1.36721218758812,27,SRC;GNB1;MAPK1;GNG12;GNA12;GNB5;GNA15;GNB4;GNA13;GNAQ;ARRB2;F2R;GNA11;GNB2;F2RL2
REACTOME_NEUROTRANSMITTER_RECEPTORS_AND_POSTSYNAPTIC_SIGNAL_TRANSMISSION,0.0575942405759424,0.088842875076851,0.0583823590311228,0.379028179487924,1.2021520996836,151,GABRB2;RASGRF1;TUBB6;ADCY7;CACNG4;TUBA1A;SRC;KCNJ2;MYO6;KPNA2;CHRNE;ADCY8;GNB1;RPS6KA3;AP2A1;MAPK1;GNG12;GNAI2;GNB5;GLRB;RPS6KA2;TUBB3;AP2M1;EPB41L1;RAC1;DLG4;TUBA1C;NRAS;GNB4;TUBA1B;ADCY6;NPTN;CAMK2D;PRKAR1A;GNAI3;GIT1;ADCY3;AP2B1;TUBA4A;KRAS;CASK;PLCB3;CREB1;CALM1;PRKAA1;AP2A2;GABBR1;PRKAR1B;PRKAB1;GNB2;TUBB4B;KCNJ5;GABBR2;TUBB2A;NRGN;GRIA3;MDM2;PRKAR2B;PLCB2;PRKAG1;PDPK1;CHRNA6;CAMK1;KCNJ15;LIN7C;GRIN2A;GNG5;GRIN3B;PLCB1;PRKACA;DLG1;CHRNB4
REACTOME_NF_KB_ACTIVATION_THROUGH_FADD_RIP_1_PATHWAY_MEDIATED_BY_CASPASE_8_AND_10,0.0577182718271827,0.0888659099812136,0.0620731825163625,0.591484886953959,1.40661437593093,12,CASP8;IFIH1;CHUK;FADD;CASP10;RIPK1;IKBKB;IKBKG;MAVS;TRIM25;TRIM4
REACTOME_ACYL_CHAIN_REMODELLING_OF_PS,0.0577399547560056,0.0888659099812136,0.0606518687881186,0.540097923499256,1.38997000864031,18,OSBPL10;OSBPL5;PLA2G4A;LPCAT4;OSBPL8;MBOAT1;PLAAT3;PLA2G2E
REACTOME_SPRY_REGULATION_OF_FGF_SIGNALING,0.0594493802786004,0.0913933346138212,0.060295791275842,0.563892089218487,1.40097059373814,15,SRC;CBL;MAPK1;PPP2CB;PTPN11;GRB2;PPP2R1A;UBC;MKNK1;BRAF
REACTOME_ABORTIVE_ELONGATION_OF_HIV_1_TRANSCRIPT_IN_THE_ABSENCE_OF_TAT,0.059662090813094,0.0916167021638358,0.0589828311509697,0.517025620824722,1.37711029978534,22,POLR2D;GTF2F2;NCBP2;NELFA;POLR2B;SUPT5H;NELFB;NCBP1;POLR2A;GTF2F1;POLR2E;CTDP1;POLR2C
REACTOME_IRAK4_DEFICIENCY_TLR2_4,0.0603268619063288,0.0925329631272019,0.0598299516205161,0.562350826043161,1.3971413781362,15,MYD88;HMGB1;S100A9;IRAK4;S100A8;TLR1;TLR2;TIRAP;LY96;BTK;TLR6
REACTOME_OTHER_INTERLEUKIN_SIGNALING,0.0612460401267159,0.0938369431028264,0.0581681707411765,0.515700075351467,1.3735796772194,22,JAK1;STX3;CASP3;SNAP25;IFNLR1;CSF1;TXLNA;CSF1R;TYK2;CD4;STX4;IL10RB;STXBP2;CSF3;CSF3R;STX1A;VAMP2
REACTOME_METABOLISM_OF_POLYAMINES,0.0614355231143552,0.094021256658118,0.0568270285718809,0.448191007876387,1.31410841021837,46,ODC1;PSMD2;PSMD1;PSMC6;SAT1;PSMC1;PSMD14;PSMD7;OAZ3;PSMD11;AZIN1;PSMB2;PSMD12;PSMD6;PSMA5;SRM;SMS;PSMD8;PSMC2;AMD1;PSMA4;PSMA3;PSMD3;PSMA7;ADRM1;PSMD13;PSMA6;PSMB5
REACTOME_SOMITOGENESIS,0.0616229408175717,0.0942019983926658,0.0568270285718809,0.452813139652685,1.31878500218514,43,EPHA4;CTNNB1;PSMD2;PSMD1;RBPJ;PSMC6;LFNG;PSMC1;PSMD14;PSMD7;PSMD11;PSMB2;PSMD12;PSMD6;PSMA5;PSMD8;PSMC2;PSMA4;PSMA3;PSMD3;PSMA7;ADRM1;PSMD13;DLL1;PSMA6;PSMB5
REACTOME_PEPTIDE_HORMONE_METABOLISM,0.0630277442702051,0.0962412409698974,0.0558040307839881,0.421560041437414,1.27528071041975,65,DPP4;RAB27A;INHBB;INHBA;CTNNB1;GNB1;KLF4;KIF5B;MYO5A;EXOC4;CPA3;EXOC1;EXOC7;CPE;REN;ANPEP;CRHR2;EXOC5;MME;SLC30A5;EXOC8;SEC11A;EXOC2;EXOC3;FFAR4;TCF7L2;CTSD;GRP;CTSG;BCHE;CTSZ;ATP6AP2;EXOC6
REACTOME_TRAF6_MEDIATED_IRF7_ACTIVATION,0.0645196387770645,0.0984087419730984,0.0574867959986614,0.550489262201498,1.3877649898501,16,IFIH1;TANK;TBK1;EP300;IKBKE;IFNA1;CREBBP;IRF7;IRF3;MAVS;TRIM25
REACTOME_CO_STIMULATION_BY_ICOS,0.0646771946121691,0.0984658231328235,0.0594304508449092,0.613573496943257,1.39533864251447,10,PIK3CA;PIK3R1;PIK3CD;PIK3CB;PIK3R5;ICOSLG;PIK3R6;PIK3CG;ICOS
REACTOME_NUCLEOTIDE_LIKE_PURINERGIC_RECEPTORS,0.0647019720806559,0.0984658231328235,0.0579561436845735,0.565201366761881,1.38450178166678,14,P2RY2;P2RY6;P2RY4;ADORA1;ADORA2B;P2RY12;LPAR6;P2RY13;P2RY11
REACTOME_PROCESSING_AND_ACTIVATION_OF_SUMO,0.0652577798420808,0.0992005847934987,0.0591495893440379,0.613123256272894,1.39431474202184,10,UBA2;UBE2I;SENP1;SUMO2;SENP5;SUMO3
REACTOME_REGULATION_OF_KIT_SIGNALING,0.0654988575780655,0.0994558072051296,0.0570278025981624,0.549873938188422,1.38621377862512,16,LYN;FYN;SRC;CBL;GRB2;SOCS6;YES1;SH2B3;SOS1;PTPN6
REACTOME_NUCLEAR_RECEPTOR_TRANSCRIPTION_PATHWAY,0.0655887736424649,0.0994811868081583,0.0549663983626419,0.450593223030753,1.31231965811551,43,RARG;RARA;NRBP1;ESR1;NR2C2AP;NR2F1;MED1;RXRG;NCOR2;NCOR1;NR2C2;PGR;NR1H2;NR1D1;NRBF2;NR4A2;VDR;PPARA;NR1D2;NR1I2;NR3C2;NR4A3;RORA;NR3C1
REACTOME_ADP_SIGNALLING_THROUGH_P2Y_PURINOCEPTOR_1,0.0659189503756216,0.0998705167898214,0.0559949767165323,0.516763451165116,1.36789840460394,21,SRC;GNB1;PLA2G4A;GNG12;GNB5;GNA15;GNB4;GNAQ;MAPK14;GNA11;GNB2
REACTOME_PLATELET_SENSITIZATION_BY_LDL,0.0664780763790665,0.100605463028008,0.0565787817675287,0.549272843777416,1.38469843975029,16,PLA2G4A;FGR;PPP2CB;PTPN11;PPP2R5E;MAPK14;PPP2R1A;PTPN6;PPP2R5C;PPP2R1B;PPP2R5D;PPP2CA;PPP2R5A
REACTOME_INSERTION_OF_TAIL_ANCHORED_PROTEINS_INTO_THE_ENDOPLASMIC_RETICULUM_MEMBRANE,0.0665538038302825,0.100608030484265,0.0557092269421475,0.516488280220174,1.36717001350791,21,PRNP;BAG6;CAMLG;HMOX1;VAPA;APP;UBL4A;ALDH3A2;SERP1;GET4;GET1;STX5;STX1A;UBE2J2;VAMP2
REACTOME_PHOSPHORYLATION_AND_NUCLEAR_TRANSLOCATION_OF_THE_CRY_PER_KINASE_COMPLEX,0.0666962109461556,0.100711278528695,0.0570278025981624,0.563918374463078,1.38135899888525,14,CSNK1E;PPP1CB;CSNK1D;CSNK2A1;CSNK2A2;PER2;PER1;PPP1CA;PER3;PPP1CC
REACTOME_POST_TRANSLATIONAL_MODIFICATION_SYNTHESIS_OF_GPI_ANCHORED_PROTEINS,0.0670346211741094,0.101109933602236,0.0539446818693931,0.412867852906216,1.25880674164766,72,CD109;PLAUR;LY6E;LY6G6C;ULBP2;RAET1L;LYPD5;MELTF;PIGC;PIGW;CNTN4;MSLN;PIGM;PIGA;PIGF;RAET1G;LYPD3;CD52;PGAP1;OPCML;FOLR2;CPM;GPLD1;DPM1;SPRN;RECK;PIGG;VNN1;PIGB;PIGT;PIGS;LY6D;PIGK;PIGO;PIGU;NTNG2;LYPD1;BST1
REACTOME_NOTCH2_ACTIVATION_AND_TRANSMISSION_OF_SIGNAL_TO_THE_NUCLEUS,0.0683210137275607,0.102935984097289,0.0548754448345273,0.510998928765792,1.36105805909609,22,NOTCH2;MDK;MIB1;NEURL1;PSEN1;NCSTN;ADAM10;JAG1;APH1A;NEURL1B;UBC
REACTOME_BASIGIN_INTERACTIONS,0.0684266103484689,0.102980911919789,0.0548301225441775,0.510988061085123,1.36102911276465,22,ITGA3;ATP1B3;CAV1;SLC3A2;SLC16A1;SPN;SLC16A3;SLC7A8;MAG;ATP1B1;L1CAM;MMP1;SLC7A7;SLC7A11
REACTOME_SIGNAL_REGULATORY_PROTEIN_FAMILY_INTERACTIONS,0.0685453160700685,0.103045447499141,0.0556619907567076,0.547950029229289,1.38136366858579,16,CD47;PTK2B;SKAP2;SRC;SIRPA;PTPN11;PTK2;GRB2
REACTOME_DEACTIVATION_OF_THE_BETA_CATENIN_TRANSACTIVATING_COMPLEX,0.0686743310611456,0.103125321449831,0.0536439029062424,0.45006489869173,1.30742847293271,42,SOX4;BCL9;YWHAZ;CTNNB1;BCL9L;TCF7;ASH2L;XIAP;XPO1;TLE4;KMT2B;SOX9;AKT1;RBBP5;CHD8;UBC;BTRC;CTBP1;SOX13;TCF7L2;TLE2;TLE3;APC;WDR5;MEN1;RPS27A;UBA52;CTNNBIP1;SOX6
REACTOME_REGULATION_OF_CDH11_MRNA_TRANSLATION_BY_MICRORNAS,0.0688574082675337,0.103193683193028,0.0574867959986614,0.610448552678913,1.38823214995985,10,CDH11;AGO2;AGO4;MOV10;AGO1;TNRC6B;AGO3
REACTOME_P75NTR_SIGNALS_VIA_NF_KB,0.0688717223370689,0.103193683193028,0.0555209399162646,0.547600696602465,1.38048301273543,16,RIPK2;NGFR;MYD88;RELA;NFKB1;PRKCI;UBC;SQSTM1;IKBKB
REACTOME_HYALURONAN_METABOLISM,0.0690893265150691,0.103405721072664,0.0554274498121651,0.547273777259485,1.37965886002285,16,SLC17A5;HYAL2;HAS2;HEXB;HMMR;CEMIP;HYAL3;HAS1;ABCC5;GUSB;CHP1
REACTOME_WNT_LIGAND_BIOGENESIS_AND_TRAFFICKING,0.0693048354671463,0.103536739757938,0.0545157133850823,0.514167870166268,1.36102777337153,21,WNT10A;WLS;VPS35;WNT5A;VPS26A;PORCN;WNT9B;WNT3;VPS29;WNT7A;WNT5B;TMED5;WNT2;WNT7B;WNT9A
REACTOME_SARS_COV_1_MODULATES_HOST_TRANSLATION_MACHINERY,0.0693292370711726,0.103536739757938,0.0535588041272954,0.462681367205625,1.32079382901428,36,HNRNPA1;EEF1A1;RPS4X;RPS2;RPS12;RPS9;RPS5;RPS27;RPS8;RPS3;RPSA;RPS18;RPS25;RPS29;RPS6;RPS13;RPS24;RPS23;RPS3A;RPS17;RPS20;RPS27A;RPS11;RPS14;RPS7;RPS27L;RPS19
REACTOME_GLUCAGON_LIKE_PEPTIDE_1_GLP1_REGULATES_INSULIN_SECRETION,0.0698963358308529,0.104269067392019,0.0533897062472259,0.469608529624264,1.32909377286874,33,IQGAP1;KCNS3;ADCY8;GNB1;GNG12;GNB5;ITPR2;ITPR3;GNB4;ADCY6;PRKAR1A;RAP1A;PRKAR1B;GLP1R;GNB2
REACTOME_COMMON_PATHWAY_OF_FIBRIN_CLOT_FORMATION,0.0706125557610706,0.105221999209753,0.0547849027087005,0.546026167406568,1.37651367737579,16,PROS1;PROC;CD177;F5;F2R;PROCR;F13A1;SERPINE2
REACTOME_COLLAGEN_DEGRADATION,0.070831234256927,0.105432253401056,0.052485005744846,0.426663261932603,1.27900235315708,58,COL8A2;COL8A1;TMPRSS6;MMP14;PRSS2;COL7A1;COL16A1;ADAM10;MMP7;ADAM17;COL3A1;MMP19;MMP11;CTSK;COL12A1;MMP12;ADAM9;COL5A1;COL10A1;MMP2;COL6A3;COL5A2;COL11A1;COL4A4;MMP10;MMP9;FURIN;MMP1;COL6A2;CTSD;MMP13;COL15A1;MMP3
REACTOME_LYSOSPHINGOLIPID_AND_LPA_RECEPTORS,0.0710052555071005,0.105575647958588,0.0554274498121651,0.571392042242825,1.37887167565085,13,LPAR5;S1PR3;S1PR2;PLPPR4;S1PR1;PLPPR3
REACTOME_DEVELOPMENTAL_LINEAGE_OF_MAMMARY_GLAND_ALVEOLAR_CELLS,0.0717603344170924,0.106581742593255,0.0562362053989718,0.608356449718325,1.38347446058837,10,MFGE8;SLPI;MUC1;ESR1;ALDH1A3;PGR
REACTOME_METALLOPROTEASE_DUBS,0.0721068558906397,0.106979494711113,0.0529732526440329,0.490437984176371,1.34260480985578,26,STAM;BARD1;NLRP3;EP300;ABRAXAS1;UIMC1;PSMD14;BABAM2;STAMBP;UBC;MYSM1;BRCC3;ABRAXAS2
REACTOME_NUCLEOTIDE_BIOSYNTHESIS,0.0723470871072347,0.107218856465357,0.0548754448345273,0.56982778050499,1.37509683098354,13,ATIC;CAD;ADSS2;IMPDH2;IMPDH1;GMPS;PPAT;PFAS;UMPS
REACTOME_UPTAKE_AND_FUNCTION_OF_ANTHRAX_TOXINS,0.073106451243268,0.108226217036603,0.0552880218325674,0.591569487905029,1.37496369231722,11,PDCD6IP;MAP2K7;MAP2K4;MAP2K3;MAP2K1;CALM1;ANTXR2;FURIN
REACTOME_FBXL7_DOWN_REGULATES_AURKA_DURING_MITOTIC_ENTRY_AND_IN_EARLY_MITOSIS,0.0732526197985553,0.10832460316239,0.0518138223104503,0.44835148331888,1.30245103956491,42,PSMD2;PSMD1;PSMC6;CUL1;PSMC1;PSMD14;PSMD7;PSMD11;PSMB2;UBC;PSMD12;FBXL7;PSMD6;PSMA5;PSMD8;PSMC2;PSMA4;SKP1;PSMA3;PSMD3;PSMA7;ADRM1;PSMD13;PSMA6;PSMB5;RPS27A;UBA52;PSMB4;RBX1;PSMC3;PSMB1;UBB;FBXL18
REACTOME_NOTCH3_ACTIVATION_AND_TRANSMISSION_OF_SIGNAL_TO_THE_NUCLEUS,0.0743108688816686,0.109770076967595,0.052245431012121,0.498383783335582,1.34675858483575,24,EGFR;MIB1;NEURL1;PSEN1;NCSTN;ADAM10;JAG1;APH1A;WWP2;NOTCH3;NEURL1B;UBC;YBX1;JAG2;APH1B;DLL1
REACTOME_FERTILIZATION,0.075244049577712,0.111027864686331,0.0531803682854594,0.549068996612589,1.36414312755059,15,CATSPER1;B4GALT1;CD9;CATSPERG
REACTOME_ADVANCED_GLYCOSYLATION_ENDPRODUCT_RECEPTOR_SIGNALING,0.0754780275075478,0.111252320371754,0.0536439029062424,0.567849833228417,1.370323688773,13,LGALS3;MAPK1;CAPZA1;HMGB1;S100B;CAPZA2
REACTOME_TICAM1_RIP1_MEDIATED_IKK_COMPLEX_RECRUITMENT,0.0758029978586724,0.111489474123307,0.0522851537507428,0.521950946933375,1.35536431659897,19,BIRC2;UBE2D1;TICAM1;BIRC3;CHUK;UBE2D3;UBC;UBE2N;RIPK1;IKBKB;IKBKG;UBE2D2;RPS27A;UBA52;UBE2V1
REACTOME_REGULATION_OF_BETA_CELL_DEVELOPMENT,0.0757782203123362,0.111489474123307,0.0516977810497724,0.497215538274434,1.34360169226039,24,MAMLD1;MAML2;AKT3;MAML1;SNW1;EP300;RBPJ;CREBBP;FOXA3;AKT1
REACTOME_BBSOME_MEDIATED_CARGO_TARGETING_TO_CILIUM,0.0770855332629356,0.113253232112789,0.0514297351265248,0.506517039794753,1.34912043895521,22,CCT8;BBS9;BBS7;SSTR3;TCP1;CCT4;BBS2;CCT2;CCT5;CCT3;BBS10;TTC8;RAB3IP;LZTFL1
REACTOME_FORMATION_OF_SENESCENCE_ASSOCIATED_HETEROCHROMATIN_FOCI_SAHF,0.0775537336583204,0.113734681057141,0.0526059181483477,0.555277856826119,1.36019342362943,14,HMGA1;TP53;UBN1;LMNB1;EP400;CDKN1A
REACTOME_ACTIVATION_OF_IRF3_IRF7_MEDIATED_BY_TBK1_IKK_IKBKE,0.07758061025752,0.113734681057141,0.0519305727398163,0.533069001503918,1.35782148810825,17,OPTN;TICAM1;TANK;TBK1;IKBKE;PTPN11;UBC;LY96;IRF7;IRF3;SARM1;TLR4;RPS27A;UBA52;TRAF3
REACTOME_DEVELOPMENTAL_CELL_LINEAGES_OF_THE_EXOCRINE_PANCREAS,0.0779483037156704,0.114150587014651,0.0498968359090995,0.42876667745722,1.27680057445089,54,LAMB3;ANXA1;ANXA2;CLDN10;FGF2;LAMA1;LAMC1;ANXA3;YAP1;KRT17;LAMA5;COL3A1;GATA6;PRSS1;COL5A1;LAMB1;SOX9;LAMA3;COL5A2;CFTR;CD74;COL11A1
REACTOME_SARS_COV_2_MODULATES_HOST_TRANSLATION_MACHINERY,0.0784630940343782,0.11478078018592,0.0497572002748371,0.434406172147264,1.28371635297294,50,RPS4X;SNRPD1;GEMIN5;RPS2;RPS12;RPS9;RPS5;RPS27;RPS8;RPS3;SMN1;RPSA;GEMIN2;DDX20;SNRPE;RPS18;RPS25;GEMIN4;RPS29;RPS6;RPS13;RPS24;SNRPB;RPS23;RPS3A;RPS17;RPS20;RPS27A;RPS11;RPS14;RPS7;RPS27L;SNRPD3;SNRPG;RPS19
REACTOME_ION_CHANNEL_TRANSPORT,0.0795,0.116172580645161,0.0491079929978342,0.374069015339185,1.18528311901015,147,RYR1;ANO6;ATP10A;ATP6V1B2;TRPC5;ATP1B3;ATP2B4;ATP6V0A2;ATP13A4;SLC9B2;TRPC1;ATP11C;ATP11B;SCNN1A;ATP11A;STOM;ATP2B1;MCOLN1;WNK1;TCIRG1;ATP2C1;NEDD4L;OSTM1;BEST1;CAMK2D;ATP9B;ATP8B4;ANO8;ATP8B2;ATP8A1;TRPC4AP;SGK3;ANO7;TPCN2;CLCN7;ATP7A;RAF1;ATP13A2;ATP6V1A;ATP9A;CALM1;ATP1B1;UBC;PDZD11;TRPV1;NALCN;SRI;CLCN3;ATP6V1C1;RIPK1;ANO1;ATP6V1E1;WNK3;CLCN2;ATP6V1G1;TRPV3;ATP1A1;CLCN6;WWP1;BEST4;ATP13A1;TTYH3;CLCA2;TPCN1;TRPV2;ATP12A;ATP10D;ATP8A2;MCOLN3;MCOLN2;ATP6V0D2;CUTC;ATP2A2
REACTOME_DNA_DOUBLE_STRAND_BREAK_RESPONSE,0.0798150381986329,0.116507665856007,0.0491415959420531,0.41555856229515,1.25712535926735,65,KPNA2;UBE2I;CHEK2;TP53;NBN;BARD1;BAZ1B;RNF168;MRE11;SMARCA5;ATM;ABRAXAS1;PPP5C;KDM4A;RAD50;UIMC1;TP53BP1;APBB1;ABL1;BABAM2;UBC;HERC2;BRCC3;PIAS4;KAT5;UBE2N;UBXN1;EYA3;UBE2V2;H2AX;MDC1
REACTOME_RNA_POLYMERASE_III_TRANSCRIPTION,0.0800651930324947,0.116747422029142,0.0494126590359321,0.448049169872962,1.29779016739209,41,POLR3C;SNAPC2;POLR3D;ZNF143;GTF3C3;SNAPC3;BDP1;SSB;POLR3A;NFIX;NFIB;TBP;POLR1D;POU2F1;BRF2;GTF3C6;POLR2E;GTF3C4;GTF3C2;SNAPC4;SNAPC1;GTF3C5;POLR3E
REACTOME_RHO_GTPASES_ACTIVATE_NADPH_OXIDASES,0.0802534318901795,0.116896477962223,0.0503221564896615,0.504772382339416,1.34447350144463,22,MAPK1;RAC2;NCF2;RAC1;PIK3C3;S100A9;CYBB;MAPK14;S100A8;NCF4;PRKCD;PIK3R4;NOX1;PRKCZ
REACTOME_THE_ACTIVATION_OF_ARYLSULFATASES,0.0810129483213017,0.117876441936455,0.0523249586548089,0.585170249290222,1.36009017207366,11,ARSJ;STS;ARSI;ARSB;ARSD;SUMF1;ARSA
REACTOME_GLUTAMATE_NEUROTRANSMITTER_RELEASE_CYCLE,0.0814200680272109,0.118342109571101,0.050108280606711,0.513166776795212,1.34565873275588,20,GLS;SYT1;ARL6IP5;SLC38A2;SNAP25;PPFIA1
REACTOME_THE_CANONICAL_RETINOID_CYCLE_IN_RODS_TWILIGHT_VISION,0.0818191709280818,0.118668359969331,0.0506111894965511,0.538306346096066,1.35705226644877,16,STRA6;RDH5;ABCA4;DHRS9;RDH10;RBP4;RBP1
REACTOME_SIGNALING_BY_FGFR2_IIIA_TM,0.0817987152034261,0.118668359969331,0.0501793000881204,0.518555946788895,1.34654842675777,19,FGF2;POLR2D;GTF2F2;NCBP2;POLR2B;NCBP1;POLR2A;GTF2F1;POLR2E;FGF1;POLR2C
REACTOME_NICOTINATE_METABOLISM,0.0819158927267035,0.118681981040075,0.0494468248226716,0.485923195666189,1.33024529251654,26,PARP4;PARP14;PARP9;NAMPT;NT5E
REACTOME_TRANSLESION_SYNTHESIS_BY_POLH,0.0821199143468951,0.118850866450938,0.050072872271063,0.518366730845648,1.3460570845366,19,RFC3;POLH;RFC4;PCNA;RFC2;NPLOC4;RPA1;VCP;RFC1;UBC;SPRTN;RPA2;RCHY1;RPS27A;UBA52;UFD1
REACTOME_EFFECTS_OF_PIP2_HYDROLYSIS,0.0825079030558483,0.119285361971168,0.0495153471939912,0.498182719709924,1.33591282466324,23,DGKH;ITPR2;ITPR3;DGKA;DGKD;DAGLA;DGKZ;DGKQ;RASGRP1
REACTOME_XENOBIOTICS,0.0827317520339177,0.11948188205536,0.0517363831268346,0.583657867305468,1.35657499700045,11,AHR;CYP2S1;ARNT2;ARNT;CYP2J2
REACTOME_MECHANICAL_LOAD_ACTIVATES_SIGNALING_BY_PIEZO1_AND_INTEGRINS_IN_OSTEOCYTES,0.0832510694307338,0.120104249847524,0.05035804219297,0.544301952032032,1.35229956846528,15,ITGAV;CACNB1;PANX1;GJA1;P2RX7;AKT1;HSPG2;SPP1;ITGB3;ITGA5;CACNB3
REACTOME_MITOCHONDRIAL_FATTY_ACID_BETA_OXIDATION_OF_SATURATED_FATTY_ACIDS,0.0847058823529412,0.122073482627409,0.138395468894856,-0.418766149552012,-1.38171709569613,11,ACADS;ACSM6;ECHS1
REACTOME_SIGNAL_TRANSDUCTION_BY_L1,0.0849277210884354,0.122263530677101,0.0489741949025186,0.511124527048395,1.34030341489326,20,EGFR;MAPK1;ITGA9;ITGAV;RAC1;CSNK2A1;MAP2K1;CSNK2A2;VAV2;NRP1;ITGB3;L1CAM;ITGA5
REACTOME_ANTI_INFLAMMATORY_RESPONSE_FAVOURING_LEISHMANIA_PARASITE_INFECTION,0.0855085508550855,0.122969439801123,0.0471979591200671,0.378831541425632,1.19216454160666,126,CYSLTR2;LYN;FYN;ADCY7;SRC;ADCY8;GNB1;GNAZ;MYH9;GNG12;GNAI2;GNB5;ITPR2;ITPR3;FCGR2A;PLK2;GNB4;ADCY6;ADAM17;FGR;CD163;PRKAR1A;GNAI3;ADCY3;HCK;AHCYL1;MAPK14;ADORA2B;CREB1;IL6;CALM1;YES1;PRKAR1B;GNB2;RHBDF2;PLCG1
REACTOME_ATF6_ATF6_ALPHA_ACTIVATES_CHAPERONES,0.0861836183618362,0.123809236103314,0.050108280606711,0.569690810462843,1.3547857291156,12,MBTPS2;NFYA;ATF6;NFYB;MBTPS1
REACTOME_POLO_LIKE_KINASE_MEDIATED_EVENTS,0.0862800565770863,0.123816892173453,0.0491752606397225,0.53581200371146,1.35076411285207,16,WEE1;CENPF;EP300;PKMYT1;RBBP4;LIN52;FOXM1;CCNB2;CCNB1;PLK1;MYBL2;CDC25C;LIN9
REACTOME_REGULATION_OF_GENE_EXPRESSION_BY_HYPOXIA_INDUCIBLE_FACTOR,0.0874361356247097,0.125343574170866,0.0505748153386382,0.596471101031135,1.35644577309516,10,HIF1A;EP300;CREBBP;ARNT
REACTOME_PURINE_RIBONUCLEOSIDE_MONOPHOSPHATE_BIOSYNTHESIS,0.0876683697166744,0.125544061585838,0.0505022782052486,0.596422620437896,1.35633552249683,10,ATIC;ADSS2;IMPDH2;IMPDH1;GMPS;PPAT;PFAS
REACTOME_SENSORY_PERCEPTION_OF_TASTE,0.088145896656535,0.125962432761547,0.047625827196698,0.490237284996605,1.32474469325016,24,KCNJ2;GNB1;SCN1B;ITPR3;SCNN1A;SCN2B;GRM4
REACTOME_SARS_COV_1_ACTIVATES_MODULATES_INNATE_IMMUNE_RESPONSES,0.0881304126337239,0.125962432761547,0.0468985269479182,0.44484878809751,1.28684046807095,40,RUNX1;IRAK2;STING1;KPNA2;RELA;IFIH1;NFKB1;NMI;NLRP3;TBK1;IKBKE;PPIG;KPNB1
REACTOME_PLATELET_HOMEOSTASIS,0.088509784244857,0.126349576458782,0.0464008681173698,0.405923012035524,1.23763238174979,72,PDE5A;ATP2B4;PDE9A;GNB1;GUCY1B1;PLA2G4A;GNG12;GNB5;ITPR2;ITPR3;ATP2B1;GNB4;FGR;PPP2CB;PTPN11;PPP2R5E;GUCY1A1;MAPK14;P2RX7;ORAI2;PDE1A;CALM1;PPP2R1A;GNB2;SRI;KCNMA1;SLC8A1;STIM1;KCNMB1;PTPN6;PPP2R5C;PPP2R1B;SLC8A2;PPP2R5D;NOS3;GNG5;PPP2CA;ORAI1;PPP2R5A;ATP2A2
REACTOME_DOWNREGULATION_OF_ERBB2_ERBB3_SIGNALING,0.0892318014089232,0.127246608724792,0.0490075527572982,0.558910596710754,1.34875170469746,13,ERBB3;AKT3;ERBB2;RNF41;AKT1;UBC;USP8
REACTOME_GENERATION_OF_SECOND_MESSENGER_MOLECULES,0.089810547875064,0.127877567458719,0.046545782323203,0.451968099540528,1.29021118872752,36,PAK2;VASP;ENAH;HLA-DRA;HLA-DQB2;HLA-DQA1;HLA-DRB1;CD4;HLA-DPA1;HLA-DRB5;HLA-DQB1;PLCG1;CD101;NCK1;LCP2;HLA-DQA2;HLA-DPB1;FYB1;LCK;WAS;PAK1;ITK;PAK3;CD3E;CD3G;CD3D;TRBV7-9;EVL;PLCG2;TRAV19;TRAV29DV5
REACTOME_G_ALPHA_Z_SIGNALLING_EVENTS,0.0898624554253693,0.127877567458719,0.0464008681173698,0.443978385101988,1.28432260171245,40,ADCY7;ADCY8;GNB1;GNAZ;GNG12;GNAI2;GNB5;RGS4;GNB4;ADCY6;GNAI3;ADCY3
REACTOME_B_WICH_COMPLEX_POSITIVELY_REGULATES_RRNA_EXPRESSION,0.0906259419270572,0.128829137111789,0.0458329302910375,0.409285514960075,1.24120224231962,67,TAF1D;ERCC6;GSK3B;TAF1B;DDX21;MYO1C;SF3B1;BAZ1B;MYBBP1A;POLR1E;EP300;SMARCA5;POLR1G;POLR1A;POLR1F;DEK;TAF1A;ACTB;H3-3A;POLR1B;TBP;H3-3B;POLR1D
REACTOME_TRANSLATION_OF_REPLICASE_AND_ASSEMBLY_OF_THE_REPLICATION_TRANSCRIPTION_COMPLEX,0.0916241967649014,0.130112103869907,0.0480641860346252,0.547680718387771,1.34158368147023,14,MAP1LC3B;CHMP4C;BECN1;PIK3C3;CHMP3;CHMP2B;CHMP6;CHMP7;PIK3R4;UVRAG;CHMP4B;ISCU;CHMP4A
REACTOME_REGULATION_OF_CDH1_MRNA_TRANSLATION_BY_MICRORNAS,0.092034203420342,0.130557914872907,0.0483517351609412,0.565466053975746,1.34473880595555,12,MYC;AGO2;AGO4;MOV10;AGO1;TNRC6B;CDH1;AGO3
REACTOME_AMINO_ACIDS_REGULATE_MTORC1,0.092581362441884,0.131197154909823,0.0454461345170903,0.427154400772394,1.26488044529383,51,ATP6V1B2;SEH1L;CASTOR2;TCIRG1;RRAGC;SLC38A9;RHEB;MTOR;MIOS;DEPDC5;FLCN;ATP6V1A;RRAGB;FNIP1;RPTOR;ATP6V1C1;ATP6V1E1;SZT2;ATP6V1G1;RRAGA;SESN2;FNIP2;SH3BP4;SEC13
REACTOME_MITOPHAGY,0.0929067865903516,0.131521169766966,0.0456384520219657,0.448321135778241,1.288083204873,38,SRC;OPTN;MAP1LC3B;ATG9A;TBK1;MFN1;CSNK2A1;CSNK2A2;ATG12;VDAC1;ATG5;UBE2D3;ULK1;TOMM20;UBC;SQSTM1;MTERF3;UBE2N;PINK1;PGAM5;MFN2;VDAC2;UBE2D2;RPS27A;UBE2L3;UBA52;TOMM70;UBE2V1
REACTOME_METAL_ION_SLC_TRANSPORTERS,0.0936348751534998,0.132413938952764,0.0454734777155712,0.44810711758354,1.2828891450447,37,SLC39A6;SLC8B1;SLC24A1;SLC9A5;SLC30A1;SLC39A10;SLC30A5;SLC9A6;CALM1;SLC30A3;CP;SLC40A1;SLC9A8;HEPH;SRI;SLC11A1;SLC8A1;SLC9A7;SLC8A2;SLC11A2;SLC41A1;SLC41A2;SLC39A1;SLC31A1
REACTOME_SYNTHESIS_OF_SUBSTRATES_IN_N_GLYCAN_BIOSYTHESIS,0.0952860596293312,0.134608892969086,0.0446454413139534,0.414701045797377,1.2467449621246,60,ST8SIA4;GNPNAT1;ST6GALNAC5;SLC17A5;UAP1;ST3GAL5;SLC35C1;CTSA;GFUS;FUOM;PMM2;PGM3;PMM1;GLB1;CMAS;DOLK;ST6GALNAC4;GFPT1;NAGK;DPM1;DOLPP1;GNE;ST6GALNAC1;NEU3
REACTOME_MTOR_SIGNALLING,0.0959755476311768,0.135442127965492,0.0447500605207678,0.441720511014947,1.27779111545296,40,STRADB;EIF4G1;CAB39;YWHAB;RRAGC;EIF4B;SLC38A9;RHEB;MTOR;AKT1;EEF2K;PPM1A;PRKAA1;RPS6KB1;RRAGB;PRKAB1;RPTOR;RRAGA;PRKAG1;STK11;RPS6;EIF4E;STRADA;TSC1;EIF4EBP1;LAMTOR3
REACTOME_CHEMOKINE_RECEPTORS_BIND_CHEMOKINES,0.0962237479806139,0.135651528532836,0.044463890880197,0.424522778499377,1.25968364857919,52,CXCL16;CCL13;CXCL2;CXCL8;CCR1;CXCL3;CCL20;CXCL5;CX3CL1;CCL17;CCL22;CXCL1;PPBP;CCR3;CCR4;CCL7;CCL2;CCR8;ACKR4;CCR2;CCR9;CCR5;CXCR2
REACTOME_NEF_MEDIATED_DOWNREGULATION_OF_MHC_CLASS_I_COMPLEX_CELL_SURFACE_EXPRESSION,0.0969577333952624,0.136403270894577,0.0478123851715253,0.588732074216275,1.3388463115408,10,PACS1;AP1G1;B2M;AP1S2;HLA-A;AP1S1;AP1M1;AP1M2;AP1B1
REACTOME_STRAND_ASYNCHRONOUS_MITOCHONDRIAL_DNA_REPLICATION,0.0969577333952624,0.136403270894577,0.0478123851715253,0.588710133102168,1.33879641485437,10,POLG;RNASEH1;TOP3A;TWNK;EXOG;LIG3;POLRMT;SSBP1;MGME1
REACTOME_REGULATION_OF_TBK1_IKK_MEDIATED_ACTIVATION_OF_IRF3_IRF7_UPON_TLR3_LIGATION,0.0978572247049387,0.137526337511905,0.0472281823651549,0.574864233239027,1.33613626949323,11,OPTN;TICAM1;TANK;TBK1;IKBKE
REACTOME_REGULATION_OF_INNATE_IMMUNE_RESPONSES_TO_CYTOSOLIC_DNA,0.0982891647098289,0.137990676488283,0.0464876729628047,0.553915015066594,1.33669646849659,13,DTX4;STING1;TRIM21;TBK1;TRIM32;TRIM56
REACTOME_TRAFFICKING_OF_AMPA_RECEPTORS,0.098840885142255,0.13862204634502,0.0448553253356751,0.490354121144694,1.31491987406769,23,CACNG4;MYO6;AP2A1;AP2M1;EPB41L1;DLG4;CAMK2D;AP2B1
REACTOME_P2Y_RECEPTORS,0.0992322676750315,0.139027476051926,0.0468688605343353,0.573974277748284,1.33406777794224,11,P2RY2;P2RY6;P2RY4;P2RY12;LPAR6;P2RY13;P2RY11
REACTOME_SIGNALING_BY_BMP,0.0997088791848617,0.139551356140296,0.0443098064347317,0.473730637073449,1.30434723128113,27,SMURF1;SMURF2;UBE2D1;INHBA;BMPR2;FSTL1;SKI;ZFYVE16;ACVR2A;ACVR2B;UBE2D3
REACTOME_SYNTHESIS_OF_PROSTAGLANDINS_PG_AND_THROMBOXANES_TX,0.100376689563483,0.140341482630426,0.0457215328459934,0.54228804772811,1.32837394317994,14,PTGS2;HPGDS;PTGES3;PTGS1;TBXAS1;PTGIS;PTGES
REACTOME_RAP1_SIGNALLING,0.100800701985302,0.140789469679369,0.0453643640206678,0.533958173550979,1.32660080489479,15,YWHAZ;RAP1B;YWHAB;RAP1GAP2;RAP1A;RASGRP1;SIPA1;RAF1
REACTOME_LOSS_OF_FUNCTION_OF_MECP2_IN_RETT_SYNDROME,0.101308285810131,0.14135314211085,0.0457215328459934,0.552594909687228,1.33351081699655,13,BDNF;NCOR2;NCOR1;TBL1XR1;MECP2;CALM1;SIN3A;TBL1X
REACTOME_TRAF6_MEDIATED_INDUCTION_OF_TAK1_COMPLEX_WITHIN_TLR4_COMPLEX,0.101787868816497,0.141876629458071,0.0451213572756294,0.533383391304493,1.32517277807808,15,IRAK2;TICAM1;MAP3K7;TAB3;TAB2;UBC;TAB1;LY96;SARM1;TLR4;RPS27A;UBA52
REACTOME_CREB1_PHOSPHORYLATION_THROUGH_NMDA_RECEPTOR_MEDIATED_ACTIVATION_OF_RAS_SIGNALING,0.103343465045593,0.143897304300164,0.0436333153096766,0.483674963704765,1.3070116472889,24,RASGRF1;RPS6KA3;MAPK1;RPS6KA2;DLG4;NRAS;CAMK2D;KRAS;CREB1;CALM1
REACTOME_SLC_MEDIATED_TRANSPORT_OF_ORGANIC_ANIONS,0.103689766907076,0.14423172285232,0.0434866142149823,0.478724609609175,1.30226838174038,25,SLC17A5;SLCO4A1;SLC44A2;SLC16A1;EMB;SLC16A3;SLCO3A1;SLCO2B1;SLC44A1;SLC10A6
REACTOME_SYNTHESIS_OF_PIPS_AT_THE_GOLGI_MEMBRANE,0.103981572885818,0.144489731648084,0.044593371693072,0.532482036442421,1.32293339277648,15,FIG4;PI4K2A;PIK3C3;PIKFYVE;PI4KA;PIK3R4;ARF3;PI4K2B;OCRL;INPP5E;PI4KB;PIK3C2A
REACTOME_NUCLEOTIDE_SALVAGE,0.104223864836325,0.144678480400987,0.0436087756134531,0.492393848552035,1.31150297602337,22,UPP1;PNP;ADK;UPP2;DCK;TK2;PUDP;HPRT1;TK1;AMPD2;AMPD3
REACTOME_PEPTIDE_LIGAND_BINDING_RECEPTORS,0.105989401059894,0.146979179633057,0.0419088969982131,0.369793999505175,1.1692627240536,138,ANXA1;CXCL16;ECE1;CCL13;INSL3;CXCL2;CXCL8;C3;NLN;CCR1;F2RL1;SSTR3;CXCL3;FPR1;CCL20;PSAP;CXCL5;FPR3;CX3CL1;CCL17;C5AR1;CCL22;GPR37;CCL23;NPY1R;CXCL1;KISS1R;OXTR;EDNRA;KISS1;EDN1;APP;NMU;RLN2;C5;ACKR1;PPBP;CCR3;F2R;C3AR1;CCR4;CCKBR;NPFFR1;GALR2;CCL7;FPR2;CCL2;F2RL2;CCR8;ACKR4;CCR2;CCR9;TACR1;CCR5;GRP;CXCR2;NPW;TAC1;RXFP4;C5AR2
REACTOME_ACTIVATION_OF_AMPK_DOWNSTREAM_OF_NMDARS,0.106969376979937,0.148186935082298,0.0429830944553198,0.49101586189324,1.30783267508593,22,TUBB6;TUBA1A;TUBB3;TUBA1C;TUBA1B;TUBA4A;CALM1;PRKAA1;PRKAB1;TUBB4B;TUBB2A;PRKAG1
REACTOME_MASTL_FACILITATES_MITOTIC_PROGRESSION,0.107408267533674,0.148643417085807,0.0452019785026896,0.582403411686542,1.32445418504387,10,ARPP19;PPP2CB;MASTL;PPP2R1A;CDK1;CCNB1;PPP2R1B;PPP2CA;PPP2R2D
REACTOME_SYNTHESIS_OF_PYROPHOSPHATES_IN_THE_CYTOSOL,0.107640501625639,0.148813267252536,0.0451481889855519,0.582176094364894,1.32393723859069,10,NUDT11;ITPK1;NUDT10;IP6K1;PPIP5K2;PPIP5K1;IPPK
REACTOME_SIGNALING_BY_NOTCH1_HD_DOMAIN_MUTANTS_IN_CANCER,0.108259295820994,0.149513290147557,0.0436087756134531,0.530376631863711,1.3177025871683,15,MIB1;NEURL1;ADAM10;ADAM17;JAG1;NEURL1B;UBC;JAG2;DLL1;NOTCH1;RPS27A;UBA52
REACTOME_REGULATION_OF_MITF_M_DEPENDENT_GENES_INVOLVED_IN_APOPTOSIS,0.108366880644108,0.149513290147557,0.0433895242224597,0.522631747001835,1.31753712719625,16,AGO2;AGO4;MOV10;MITF;BIRC7;AGO1;BCL2A1;SIN3A;TNRC6B;AGO3
REACTOME_LYSOSOME_VESICLE_BIOGENESIS,0.109032987359984,0.150279746269998,0.0418867907176401,0.454243553245164,1.28021466591646,32,AP4E1;HGS;AP4M1;DNM2;M6PR;CLTA;HSPA8;DNAJC6;APP;CLTC;AP1G1;VAMP7;AP1S2;VAMP8;AP1S1;AP1M1;AP1M2;CTSZ;AP1B1;GNS;AP1G2;VAMP2;ARRB1
REACTOME_SLC_MEDIATED_TRANSPORT_OF_AMINO_ACIDS,0.11066168844638,0.15237004518605,0.0417547808135487,0.465565841819974,1.28946645845687,28,SLC6A6;SLC6A12;SLC3A2;SLC38A2;SLC7A2;SLC36A1;SLC6A20;SLC7A1;SLC7A8;SLC38A4;SLC6A14;SLC1A4;SLC38A5
REACTOME_ERKS_ARE_INACTIVATED,0.110805546006646,0.152413701440316,0.0441065180734917,0.567892689874602,1.31993256189592,11,MAPK7;MAPK1;PPP2CB;DUSP3;DUSP7;PPP2R1A;PPP2R1B;PPP2R5D;PPP2CA
REACTOME_REGULATION_OF_MITF_M_DEPENDENT_GENES_INVOLVED_IN_EXTRACELLULAR_MATRIX_FOCAL_ADHESION_AND_EPITHELIAL_TO_MESENCHYMAL_TRANSITION,0.111034719834995,0.152574503797531,0.0440560759786921,0.56772235831744,1.31953666638146,11,ITGA2;PXN;GXYLT2;MITF;SERPINE1;CDH1;PXDN;STT3B
REACTOME_STRIATED_MUSCLE_CONTRACTION,0.111343003234895,0.152843577167902,0.0417547808135487,0.471744981389707,1.29143153971405,26,TMOD3;DMD;TPM3;TPM4;TNNI1
REACTOME_INFECTION_WITH_ENTEROBACTERIA,0.112954429083461,0.154899161578632,0.040984587350474,0.44318169377425,1.26512906669307,36,LAMB3;LAMA1;LAMC1;CALM2;GBP2;GBP3;LAMA5;COL5A1;LAMB1;LAMA3;CALM1;UBC;COL5A2;COL4A4;CASP4;LAMA2;CALM3;GBP6;UBE2D2;RPS27A;UBA52;LAMB2;COL4A3;GBP1;COL4A1;LAMA4;UBB
REACTOME_PHOSPHOLIPASE_C_MEDIATED_CASCADE_FGFR2,0.113330236878774,0.155257854756304,0.0438807083118067,0.577796388559427,1.31397727000721,10,FGF2;FGF9;FGF20;FGF18
REACTOME_THE_PHOTOTRANSDUCTION_CASCADE,0.114330874604847,0.156470955274912,0.0413650845498529,0.483673435339774,1.29700513417158,23,GNB1;GNB5;METAP2;METAP1;SLC24A1;NMT2;CALM1;PPEF1;NMT1;FNTA;GRK4
REACTOME_PHOSPHORYLATED_BMAL1_CLOCK_ARNTL_CLOCK_ACTIVATES_EXPRESSION_OF_CORE_CLOCK_GENES,0.114485239657179,0.156524588223447,0.0414293848252216,0.491682292199317,1.30150733678059,21,BHLHE40;KMT2A;CRTC1;CREBBP;NR1D1;CREB1;PER2;PER1;NPAS2;CLOCK;RORA;PER3;RBM4;SIK1;CREM;CIPC
REACTOME_TRANSCRIPTIONAL_REGULATION_OF_PLURIPOTENT_STEM_CELLS,0.115008503401361,0.15708196595221,0.0414293848252216,0.497009959672606,1.30329129386914,20,TSC22D1;FGF2;STAT3;KLF4;PBX1;GATA6
REACTOME_METABOLISM_OF_WATER_SOLUBLE_VITAMINS_AND_COFACTORS,0.115646258503401,0.157794443078436,0.0399142166484103,0.376386137788011,1.17773890481049,113,PARP4;PARP14;SLC2A1;PARP9;NAMPT;SLC2A3;PC;NT5E;LMBRD1;SLC25A19;ACP5;PANK2;RFK;MTHFR;SLC25A16;MMADHC;NNMT;AASDHPPT;PRSS1;MTRR;TCN1;MOCOS;FPGS;MTHFD2L;MOCS3;SLC52A2;PRSS3;NADK;PDZD11;PANK3;TCN2;CYB5R3;FOLR2;PANK4;TPK1;HLCS;ABCC1;PARP6;ABCD4;PDXK;SLC19A2;VNN1;GPHN;CUBN;MMAA;NADSYN1;SLC23A2;MTHFD1;PARP16;ENPP2;PARP10;DHFR2;SLC52A3;THTPA;BST1;CD320;MMUT;ACACA;FASN;SHMT1;MTR;FLAD1;MCCC1;SLC5A6
REACTOME_SUPPRESSION_OF_PHAGOSOMAL_MATURATION,0.117522084311752,0.160069640721727,0.042109215724516,0.543105645567313,1.3106115174782,13,KPNA1;HGS;RAB5A;KPNB1;RAB7A;CORO1A;UBC
REACTOME_NON_CANONICAL_INFLAMMASOME_ACTIVATION,0.117549302016397,0.160069640721727,0.0418867907176401,0.534554215952698,1.30942936076763,14,CALM2;CASP3;GBP2;GBP3;SERPINB1;IL18;CALM1
REACTOME_ENDOSOMAL_VACUOLAR_PATHWAY,0.118482869256331,0.161179398718072,0.0424944299209872,0.564641475565472,1.31237588136659,11,LNPEP;HLA-G;CTSS;HLA-C;HLA-B;B2M;HLA-A;HLA-E
REACTOME_EPIGENETIC_REGULATION_BY_WDR5_CONTAINING_HISTONE_MODIFYING_COMPLEXES,0.118888111188881,0.161568943105689,0.0392826989372743,0.36678399039789,1.16064842237153,141,SCD;MED13;PLIN2;DR1;AJUBA;PNPLA2;PSIP1;LPL;ASH2L;KMT2A;NCOA1;SIRT1;NCOA2;WDR82;MED14;EP300;ANGPTL4;MED1;OGT;PHF20;NCOR2;NCOR1;TBL1XR1;BOD1L1;HCFC1;KMT2B;MED17;ELOVL5;KMT2C;NCOA3;LPIN1;CREBBP;ABL1;MED27;MED12;MED30;MED23;KANSL2;RBBP5;KDM6A;MBIP;H3-3A;TADA3;MED4;TASP1;H3-3B;KMT2D;MED24;TBL1X;RB1;CDK8;MED6;KANSL1;YEATS2;ZZZ3;KAT14;SETD1A;SETD1B;H2AX;PAXIP1;SCD5;HCFC2;MED16;NCOA6;WDR5;PHLDA1;MEN1;HDAC3;KANSL3;MED31;AKAP8L
REACTOME_ACTIVATED_NTRK2_SIGNALS_THROUGH_FRS2_AND_FRS3,0.119170390741377,0.161790770247285,0.042357435191323,0.564175843208021,1.31129362881883,11,BDNF;NRAS;KRAS;PTPN11;GRB2;FRS2;SOS1;NTRK2
REACTOME_IRAK2_MEDIATED_ACTIVATION_OF_TAK1_COMPLEX,0.119368323269856,0.16189775581211,0.0426325766329192,0.57445754820652,1.30638435246952,10,IRAK2;MAP3K7;TAB3;TAB2;UBC;TAB1
REACTOME_SENESCENCE_ASSOCIATED_SECRETORY_PHENOTYPE_SASP,0.120104177101072,0.162733376550705,0.0390962704702094,0.386390061559764,1.19344181900601,88,CCNA1;CDKN2B;UBE2D1;STAT3;RELA;CXCL8;CDK2;MAPK7;RPS6KA3;MAPK1;ANAPC1;RPS6KA2;NFKB1;CDKN2D;UBE2E1;CCNA2;FZR1;CDK4;CDKN1A;CDC16;EHMT2;CEBPB;IL6;UBE2C;H3-3A;UBC;CDKN2A;H3-3B
REACTOME_PHOSPHORYLATION_OF_CLOCK_ACETYLATION_OF_BMAL1_ARNTL_AT_TARGET_GENE_PROMOTERS,0.120761727821644,0.163307122521168,0.042357435191323,0.573875411597642,1.3050605050256,10,KMT2A;CREBBP;NR1D1;PER2;PER1;CLOCK;RORA;PER3
REACTOME_DIFFERENTIATION_OF_KERATINOCYTES_IN_INTERFOLLICULAR_EPIDERMIS_IN_MAMMALIAN_SKIN,0.120767960363336,0.163307122521168,0.0396431810797813,0.455765200156959,1.27341870122197,30,GJB3;ITGB4;KRT15;KLK7;IVL;YAP1;TP63;FLG;AQP3;KLK5;PRSS3
REACTOME_BIOSYNTHESIS_OF_THE_N_GLYCAN_PRECURSOR_DOLICHOL_LIPID_LINKED_OLIGOSACCHARIDE_LLO_AND_TRANSFER_TO_A_NASCENT_PROTEIN,0.121309499899578,0.163876352250027,0.0389303792602627,0.394381821557551,1.20521014547072,75,ST8SIA4;GNPNAT1;ST6GALNAC5;SLC17A5;UAP1;ST3GAL5;SLC35C1;CTSA;ALG10;GFUS;FUOM;PMM2;PGM3;PMM1;GLB1;CMAS;DOLK;ALG10B;ST6GALNAC4;GFPT1;NAGK;DPM1;ALG6;ALG2;ALG11;DOLPP1;GNE;ST6GALNAC1;ALG9;NEU3
REACTOME_P75NTR_RECRUITS_SIGNALLING_COMPLEXES,0.121435759812144,0.163884009518077,0.0413437079847925,0.541097648455652,1.30576585961571,13,RIPK2;NGFR;MYD88;PRKCI;UBC;SQSTM1;IKBKB
REACTOME_G_BETA_GAMMA_SIGNALLING_THROUGH_PI3KGAMMA,0.121680245476669,0.163888457485425,0.0400318212665025,0.489055116460445,1.29455307270925,21,AKT3;GNB1;GNG12;GNB5;RHOA;GNB4;AKT1;PIK3R5;GNB2;PIK3R6;PDPK1;GNG5;PIK3CG
REACTOME_KERATAN_SULFATE_BIOSYNTHESIS,0.121563708581583,0.163888457485425,0.0397781136793806,0.471640951961408,1.28299879919418,25,B4GALT5;B3GNT3;CHST2;B3GNT7;B4GALT1;B3GNT2;B4GALT6;B4GALT4
REACTOME_RECEPTOR_TYPE_TYROSINE_PROTEIN_PHOSPHATASES,0.126080212718812,0.169478742912825,0.0402696947953221,0.529852016859843,1.29791098270866,14,IL1RAP;PTPRF;PPFIBP1;PPFIA1;PTPRD;PTPRS
REACTOME_FANCONI_ANEMIA_PATHWAY,0.126074498567335,0.169478742912825,0.0384965220571916,0.436468197440099,1.24956799542185,37,FANCD2;FANCE;FANCI;DCLRE1B;USP1;FANCA;FANCM;RPA1;MUS81;UBE2T;FANCL;FAAP24;UBC;ERCC4;WDR48;ATR;EME1;RPA2;ERCC1;DCLRE1A;FANCB;FAAP100;SLX4;RPS27A;UBA52
REACTOME_SARS_COV_2_MODULATES_AUTOPHAGY,0.128451930789504,0.172244023511303,0.0406129202301208,0.559505722543044,1.30043903525989,11,VPS41;MAP1LC3B;VPS33A;VPS18;VPS11;VPS39;UVRAG
REACTOME_APOPTOSIS_INDUCED_DNA_FRAGMENTATION,0.128451930789504,0.172244023511303,0.0406129202301208,0.559408167814263,1.30021229231112,11,CASP3;KPNA1;HMGB1;KPNB1;HMGB2;DFFA
REACTOME_GBP_MEDIATED_HOST_DEFENSE,0.128517615776645,0.172244023511303,0.0398362991887894,0.528809415127543,1.2953570540722,14,SFN;GBP2;GBP3;ACTG1;ACTB;FNTA;FURIN;PIM1;CASP1
REACTOME_TRAF3_DEPENDENT_IRF_ACTIVATION_PATHWAY,0.128815833612882,0.172473613674784,0.0399925220443327,0.537376901432747,1.29678702844052,13,IFIH1;TBK1;EP300;IKBKE;CREBBP;IRF7;IRF3;MAVS;TRIM25;TRIM4;TRAF3
REACTOME_TRANSLATION_OF_SARS_COV_1_STRUCTURAL_PROTEINS,0.129330014519809,0.172991623752383,0.0382314525118419,0.458211719264055,1.26909792297719,28,PARP4;PARP14;PARP9;UBE2I;GSK3B;GALNT1;UBC;ST6GALNAC4;GANAB;PARP6;MOGS;PARP16;PARP10;PRKCSH;SUMO1;RPS27A;UBA52;ST6GALNAC2;ST3GAL1;ST3GAL2;UBB;GSK3A
REACTOME_ATTACHMENT_OF_BACTERIA_TO_EPITHELIAL_CELLS,0.129550321199143,0.173115915938678,0.0388937547614518,0.495501931577893,1.28668343416621,19,LAMB3;LAMA1;LAMC1;LAMA5;COL5A1;LAMB1;LAMA3;COL5A2;COL4A4
REACTOME_TICAM1_TRAF6_DEPENDENT_INDUCTION_OF_TAK1_COMPLEX,0.129941560673771,0.173468154180408,0.040349788069391,0.558749632317885,1.29868168193291,11,TICAM1;MAP3K7;TAB3;TAB2;UBC;TAB1
REACTOME_VASOPRESSIN_REGULATES_RENAL_WATER_HOMEOSTASIS_VIA_AQUAPORINS,0.130813357918459,0.174460601973686,0.0377147373899938,0.438917580208562,1.24987550255112,35,ADCY7;ADCY8;GNB1;GNG12;GNB5;RAB11A;GNB4;ADCY6;PRKAR1A;MYO5B;ADCY3;AQP3
REACTOME_RECEPTOR_MEDIATED_MITOPHAGY,0.131316603643864,0.174960063090207,0.0401107148777776,0.55794852758531,1.29681970300472,11,SRC;MAP1LC3B;CSNK2A1;CSNK2A2;ATG12;ATG5;ULK1
REACTOME_GOLGI_CISTERNAE_PERICENTRIOLAR_STACK_REORGANIZATION,0.132284511411478,0.176077033308716,0.0391892050523801,0.526682643237271,1.29014737192272,14,MAPK1;GORASP2;BLZF1;CCNB2;GOLGA2;USO1;CDK1;CCNB1;PLK1;RAB2A;RAB1B
REACTOME_DISEASES_ASSOCIATED_WITH_N_GLYCOSYLATION_OF_PROTEINS,0.133832976445396,0.177963811144123,0.0381789851736003,0.493828731668505,1.28233859014391,19,CTSA;B4GALT1;GLB1;ALG6;ALG2;MOGS;ALG11;ALG9;MAN1B1;RFT1;DPAGT1;ALG8;ALG13
REACTOME_TICAM1_DEPENDENT_ACTIVATION_OF_IRF3_IRF7,0.134183160013418,0.178255048346271,0.0390777501597469,0.53434195681166,1.28946316169789,13,OPTN;TICAM1;TANK;TBK1;IKBKE;UBC;IRF7;IRF3
REACTOME_DENGUE_VIRUS_MODULATES_APOPTOSIS,0.135023392449135,0.179196084314819,0.0383369304741241,0.509565547152327,1.28459767506413,16,BECN1;RICTOR;PIK3C3;TAOK1;MTOR;ATG14;RPTOR;RIPK1;PIK3R4
REACTOME_AKT_PHOSPHORYLATES_TARGETS_IN_THE_NUCLEUS,0.13539247561542,0.179510609133031,0.0397201431311868,0.566263532628231,1.28775019269777,10,AKT3;FOXO3;CREB1;AKT1;FOXO4
REACTOME_SYNTHESIS_OF_PC,0.136202952796839,0.18040917431862,0.0371659974986293,0.458727109422937,1.26303723733332,27,LPIN2;CHPT1;SLC44A2;CEPT1;ABHD3;CSNK2A1;CSNK2A2;LPIN1;PCYT1A;SLC44A1;LPCAT1;PCTP;PEMT;BCHE
REACTOME_COBALAMIN_CBL_VITAMIN_B12_TRANSPORT_AND_METABOLISM,0.136937901498929,0.181206044924094,0.0376809066731631,0.492558487698656,1.27904011284403,19,LMBRD1;MMADHC;PRSS1;MTRR;TCN1;PRSS3;TCN2;ABCC1;ABCD4;CUBN;MMAA;CD320;MMUT;MTR
REACTOME_SIGNALING_BY_NODAL,0.137649558313765,0.18197057368522,0.0385143573765071,0.533044489604555,1.28633214017554,13,MAPK1;FOXO3;SMAD3;ACVR2A;ACVR2B;SMAD4;FURIN;ACVR1C;SMAD2
REACTOME_DEVELOPMENTAL_LINEAGE_OF_MAMMARY_STEM_CELLS,0.139681448378595,0.184477248150156,0.0387300107593134,0.553545416771722,1.28658571084368,11,TFAP2C;ERBB2;TP63;GATA3;ALDH1A3;CDH1;KRT5;DLX5
REACTOME_APC_CDC20_MEDIATED_DEGRADATION_OF_NEK2A,0.140665762287384,0.185596864998597,0.0365580174075411,0.460495819900928,1.26063625303363,26,UBE2D1;ANAPC1;UBE2E1;MAD2L1;BUB1B;BUB3;CDC16;NEK2;UBE2C;UBC;CDC27;ANAPC4;CDC23;ANAPC5;RPS27A;UBA52;CDC26;ANAPC10;ANAPC2;UBB
REACTOME_AQUAPORIN_MEDIATED_TRANSPORT,0.143322807374962,0.188919200021894,0.0356608325112044,0.424687816380295,1.2301231859571,41,ADCY7;ADCY8;GNB1;GNG12;GNB5;RAB11A;GNB4;ADCY6;AQP9;PRKAR1A;MYO5B;ADCY3;AQP3;AQP5
REACTOME_DNA_METHYLATION,0.144385026737968,0.190134933465987,0.279865652661932,-0.243685965689249,-1.20949669534542,40,H2AC20;H4C4;H4C5;H3C10;H4C11;H4C8;H3C8;H4C2;H2BC15;H4C3;H2BC13;DNMT3B;H4C9
REACTOME_HEME_BIOSYNTHESIS,0.146364494806421,0.192368808938033,0.115167141009445,-0.365000756086496,-1.27506259802973,13,HMBS;ALB;ABCG2;COX15;UROD;UROS;COX10;FECH;ALAS1;PPOX;ALAD;CPOX;FLVCR1
REACTOME_RNA_POLYMERASE_III_TRANSCRIPTION_INITIATION_FROM_TYPE_3_PROMOTER,0.146338933831155,0.192368808938033,0.0356019436100328,0.452132675449375,1.25226094226598,28,POLR3C;SNAPC2;POLR3D;ZNF143;SNAPC3;BDP1;POLR3A;TBP;POLR1D;POU2F1;BRF2;POLR2E;SNAPC4;SNAPC1;POLR3E
REACTOME_FORMATION_OF_APOPTOSOME,0.147129597799931,0.193187558850345,0.0375966592079237,0.549906384864549,1.27812763981425,11,MAPK1;APAF1;XIAP;AVEN;UACA
REACTOME_ANCHORING_FIBRIL_FORMATION,0.148852385238524,0.195260995694164,0.0369552081269571,0.536968973107823,1.27696969721751,12,LAMB3;BMP1;COL7A1;LAMA3;COL4A4
REACTOME_KERATAN_SULFATE_KERATIN_METABOLISM,0.149235348455301,0.195574579123196,0.0349834797451947,0.438061832329415,1.23980979209713,33,B4GALT5;B3GNT3;CHST2;B3GNT7;B4GALT1;HEXB;B3GNT2;B4GALT6;B4GALT4;GLB1;CHST3;GLB1L;B4GALT2;B4GALT3
REACTOME_CHOLESTEROL_BIOSYNTHESIS,0.149535636022123,0.195779315370004,0.0352822347483627,0.457255936272599,1.25176686794701,26,MSMO1;SREBF1;LBR;SC5D;SREBF2;FDPS;CYP51A1;DHCR7;ACAT2;DHCR24;PLPP6
REACTOME_INSULIN_RECEPTOR_RECYCLING,0.150057393300637,0.196273337339331,0.0352105425456412,0.457090217721172,1.25131320299567,26,PTPRF;ATP6V1B2;ATP6V0A2;TCIRG1;IDE;PTPN1;ATP6V1A;ATP6V1C1;ATP6V1E1;ATP6V1G1;CTSD;INSR
REACTOME_REGULATION_OF_FOXO_TRANSCRIPTIONAL_ACTIVITY_BY_ACETYLATION,0.150255457501161,0.196343429561614,0.0374295602878443,0.558743063973281,1.27064775822766,10,SIRT1;FOXO3;EP300;CREBBP;FOXO4;TXNIP;SIRT3
REACTOME_ALPHA_PROTEIN_KINASE_1_SIGNALING_PATHWAY,0.151025552881861,0.196782096228618,0.0370359303299504,0.547673870070533,1.27293868594307,11,MAP3K7;TAB3;TAB2;ALPK1;UBC;TAB1
REACTOME_SYNTHESIS_OF_IP3_AND_IP4_IN_THE_CYTOSOL,0.150830981498902,0.196782096228618,0.0351392025914253,0.460096816259006,1.25159543571965,25,PLCD3;ITPKC;PLCD1;INPP5B;INPP5D;ITPK1;PLCB3;PLD4;ITPKB;CALM1;PTEN;ITPKA;PLCG1;PLCB2;PLCB1;SYNJ1;OCRL
REACTOME_PHOSPHORYLATION_OF_CD3_AND_TCR_ZETA_CHAINS,0.150935507473607,0.196782096228618,0.0351249766034131,0.459960604145123,1.25122489966289,25,PAG1;HLA-DRA;HLA-DQB2;HLA-DQA1;CSK;HLA-DRB1;CD4;PTPN22;HLA-DPA1;HLA-DRB5;PTPRC;HLA-DQB1;HLA-DQA2;HLA-DPB1;LCK;CD3E;PTPRJ;CD3G;CD3D;TRBV7-9;TRAV19;TRAV29DV5
REACTOME_MTORC1_MEDIATED_SIGNALLING,0.152604548789435,0.198649024717282,0.0349553456182706,0.463441839005219,1.25233664521562,24,EIF4G1;YWHAB;RRAGC;EIF4B;SLC38A9;RHEB;MTOR;EEF2K;RPS6KB1;RRAGB;RPTOR;RRAGA;RPS6;EIF4E
REACTOME_INHIBITION_OF_THE_PROTEOLYTIC_ACTIVITY_OF_APC_C_REQUIRED_FOR_THE_ONSET_OF_ANAPHASE_BY_MITOTIC_SPINDLE_CHECKPOINT_COMPONENTS,0.152893873664163,0.198835190726887,0.0351107645601205,0.475286288447617,1.25810630421285,21,UBE2D1;ANAPC1;UBE2E1;MAD2L1;BUB1B;BUB3;CDC16;UBE2C;CDC27;ANAPC4;CDC23;ANAPC5
REACTOME_CS_DS_DEGRADATION,0.153084539223153,0.198892819124536,0.0356608325112044,0.501245974609057,1.26362431136963,16,IDS;VCAN;HEXB;ARSB;GLB1;GLB1L;HYAL3;GUSB;CSPG5;BGN
REACTOME_TRANSMISSION_ACROSS_CHEMICAL_SYNAPSES,0.154684531546845,0.200779635503498,0.0337302711597831,0.348020718131037,1.11723391160382,202,GABRB2;RASGRF1;TUBB6;ADCY7;CACNG4;GLS;TUBA1A;SYN1;SRC;KCNJ2;MYO6;KPNA2;CHRNE;ADCY8;SYT1;ARL6IP5;SLC6A12;GNB1;RPS6KA3;AP2A1;MAPK1;SLC38A2;GNG12;GNAI2;GNB5;SNAP25;GLRB;RPS6KA2;TUBB3;AP2M1;EPB41L1;RAC1;DLG4;PPFIA1;TUBA1C;NRAS;GNB4;TUBA1B;ADCY6;CACNB1;NPTN;CAMK2D;PRKAR1A;GNAI3;GIT1;ADCY3;AP2B1;TUBA4A;KRAS;CASK
REACTOME_IRE1ALPHA_ACTIVATES_CHAPERONES,0.154842627264447,0.200793063408763,0.0339512894340968,0.409985300962742,1.20950081279576,49,EDEM1;LMNA;CUL7;SHC1;ADD1;TLN1;HDGF;TPP1;CTDSP2;KDELR3;ERN1;DCTN1;GFPT1;EXTL1;TSPYL2;FKBP14;SSR1;SERP1;SEC31A;EXTL3;EXTL2;YIF1A;ARFGAP1;ZBTB17;GOSR2;SRPRA;WIPI1;PPP2R5B;ACADVL;PDIA6;CXXC1;DNAJB9;GSK3A
REACTOME_SLC_MEDIATED_TRANSPORT_OF_ORGANIC_CATIONS,0.15595279019136,0.202039887388044,0.0363555960049805,0.545774875793111,1.26852492181771,11,RUNX1;SLC22A4
REACTOME_VLDLR_INTERNALISATION_AND_DEGRADATION,0.157617637380717,0.203808153378111,0.0352248527088057,0.507192454066501,1.26010229102138,15,AP2A1;AP2M1;AP2B1;CLTA;NR1H2;CLTC;AP2A2;UBC
REACTOME_REGULATION_OF_PYRUVATE_METABOLISM,0.157537765902785,0.203808153378111,0.0339120353192238,0.437176950822081,1.23211510663091,32,WDR26;PKM;PDK3;PDP1;RANBP9;LDHA;GID8;PDK2;MKLN1;UBC;PDP2;RMND5A;NEK1;MAEA;PDHX;DLAT;PDK1;PGAM5;GID4;ARMC8;RPS27A;UBA52;PDHB
REACTOME_AZATHIOPRINE_ADME,0.159030790392551,0.205439965915853,0.0343095321114226,0.473230842165808,1.25266543628132,21,IMPDH2;RAC1;IMPDH1;SLC29A1;GMPS;VAV2;XDH;HPRT1;NUDT15;VAV1;ABCC5;SLC28A3
REACTOME_PKA_MEDIATED_PHOSPHORYLATION_OF_CREB,0.160400732521814,0.207012911203367,0.0344988851058263,0.48833785458258,1.2567627876734,18,ADCY7;ADCY8;ADCY6;PRKAR1A;ADCY3;CREB1;CALM1;PRKAR1B
REACTOME_PROTEIN_HYDROXYLATION,0.160616180114187,0.207094296750646,0.0344716810025692,0.488097730652901,1.25614481629064,18,OGFOD1;RIOX1;ZC3H15;ETF1;U2AF2;DRG2;DRG1;RPL8;RPS6;JMJD6;RPS23
REACTOME_HYALURONAN_DEGRADATION,0.161678667866787,0.208266644199965,0.0352248527088057,0.530963067692529,1.26268701124537,12,SLC17A5;HYAL2;HEXB;HMMR;CEMIP;HYAL3;GUSB;CHP1
REACTOME_SPECIFICATION_OF_PRIMORDIAL_GERM_CELLS,0.163744700355219,0.21072826494578,0.0353398441869359,0.541360152568673,1.25826393934762,11,TFAP2C;PRDM1;TET2;BMP4;PDPN;CXCR4;CBFA2T2;NANOS3
REACTOME_ROS_AND_RNS_PRODUCTION_IN_PHAGOCYTES,0.163914120561519,0.210746726436239,0.0332110228050252,0.440693039590834,1.23130672969339,30,ATP6V1B2;ATP6V0A2;RAC2;NCF2;TCIRG1;CYBB;ATP6V1A;NCF4;ATP6V1C1;SLC11A1;ATP6V1E1;ATP6V1G1;NOS3;ATP6V0D2;ATP6V0A1;NOS2;ATP6V1C2
REACTOME_PHASE_4_RESTING_MEMBRANE_POTENTIAL,0.165268925416527,0.212287778488715,0.0346494361403704,0.521472380024839,1.25840656028058,13,KCNJ2;KCNK15;KCNK1;KCNK6;KCNK13;KCNK5
REACTOME_REGULATION_OF_TBK1_IKK_IKBKE_MEDIATED_ACTIVATION_OF_IRF3_IRF7,0.16649893771665,0.213529445111063,0.0344988851058263,0.520852297685882,1.25691019016943,13,OPTN;TICAM1;TANK;TBK1;IKBKE;UBC;LY96;TLR4;RPS27A;UBA52;TRAF3
REACTOME_RUNX1_REGULATES_TRANSCRIPTION_OF_GENES_INVOLVED_IN_DIFFERENTIATION_OF_HSCS,0.166549824737106,0.213529445111063,0.0323082766086448,0.374055240509848,1.15802129381328,92,RUNX1;CBFB;CDK7;YAP1;TCF3;KMT2A;TCF12;PSMD2;PSMD1;CCNH;GATA3;PSMC6;LDB1;PSMC1;PSMD14;ABL1;PSMD7;SPI1;PSMD11;ITCH;H3-3A;PSMB2;UBC;PSMD12;H3-3B;PSMD6;PSMA5;PSMD8;TP73;PSMC2;MNAT1;MYB;PSMA4;PSMA3;PSMD3;H2AX;PSMA7;ADRM1;PSMD13
REACTOME_RAS_PROCESSING,0.16722866174921,0.214197692099129,0.0332234622685563,0.462339323919765,1.23979617865947,23,BCL2L1;ABHD17C;RCE1;NRAS;KRAS;GOLGA7;CALM1;UBC;ICMT;ZDHHC9;FNTA;LYPLA1;ABHD17B;PRKG2;RPS27A;UBA52
REACTOME_MITOCHONDRIAL_TRNA_AMINOACYLATION,0.167517006802721,0.214364983281448,0.0333610279666885,0.475771841303667,1.24759934196815,20,GARS1;YARS2;NARS2;IARS2;RARS2;KARS1;AARS2;WARS2;CARS2;QARS1;HARS2;SARS2;DARS2
REACTOME_PRE_NOTCH_EXPRESSION_AND_PROCESSING,0.168503305950711,0.215424264145829,0.0320886022863019,0.374806245668042,1.15838583677735,89,RUNX1;MAMLD1;ELF3;NOTCH2;MAML2;MAML1;AGO2;TP53;B4GALT1;SNW1;AGO4;EP300;MOV10;RBPJ;PRKCI;RAB6A;E2F3;NOTCH3;LFNG;POGLUT1;CREBBP;AGO1;H3-3A;MAML3;H3-3B;TNRC6B;AGO3;E2F1;FURIN;TFDP1;TFDP2;H2AX;ELANE;TMED2;POFUT1;ATP2A2;TNRC6A;SEL1L;SIRT6
REACTOME_PROLACTIN_RECEPTOR_SIGNALING,0.169298653042267,0.216237659289888,0.034927266134352,0.549746453531523,1.25018840288788,10,STAT5A;PTPN11;CUL1;STAT5B;JAK2;BTRC;SKP1
REACTOME_ADP_SIGNALLING_THROUGH_P2Y_PURINOCEPTOR_12,0.169768448387795,0.216634104562454,0.0334492751193387,0.490072397741975,1.24830149662697,17,GNB1;GNG12;GNAI2;GNB5;GNB4;GNAI3;P2RY12;GNB2
REACTOME_REGULATION_OF_PD_L1_CD274_TRANSLATION,0.171969345099861,0.219236716689222,0.0346082200691802,0.54861046643655,1.24760503398601,10,AGO2;AGO4;MOV10;AGO1;TNRC6B;AGO3
REACTOME_CLEC7A_DECTIN_1_INDUCES_NFAT_ACTIVATION,0.172682479660823,0.219939540636418,0.0342558882216025,0.537393055609089,1.24904335851164,11,PPP3CA;PPP3CB;ITPR2;ITPR3;AHCYL1;CALM1;PPP3R1;NFATC2
REACTOME_PHOSPHORYLATION_OF_THE_APC_C,0.17453231292517,0.222087465604219,0.0325552018895575,0.472498063470049,1.2390146324154,20,UBE2D1;ANAPC1;UBE2E1;CDC16;UBE2C;CDK1;CDC27;CCNB1;PLK1;ANAPC4;CDC23;ANAPC5
REACTOME_RECYCLING_OF_BILE_ACIDS_AND_SALTS,0.176614026939155,0.224526157727139,0.0340697060515337,0.546244960177114,1.24222559320289,10,ABCC3;NCOA1;NCOA2
REACTOME_PYRIMIDINE_SALVAGE,0.177151369313624,0.224998795231043,0.0337431773241498,0.535166020132258,1.2438671400204,11,UPP1;UPP2;DCK;TK2;PUDP;TK1
REACTOME_PURINE_CATABOLISM,0.177909400021937,0.225750583221113,0.032794521034311,0.498272488353445,1.23794094153612,15,NT5E;PNP;XDH;NUDT15;NT5C2;NUDT1;NT5C1A
REACTOME_REGULATION_OF_ENDOGENOUS_RETROELEMENTS_BY_PIWI_INTERACTING_RNAS_PIRNAS,0.180130456598093,0.228355681452247,0.0308501798368687,0.382814161383698,1.16717502647864,72,GATAD2A;SMARCA4;SMARCC1;ACTL6A;HDAC2;MTA2;SPOCD1;BCL7A;SMARCC2;GATAD2B;PIWIL4;RBBP4;SMARCB1;SS18;DPF2;RBBP7;DNMT3A;ACTB;SS18L1;H3-3A;H3-3B;BCL7C;SMARCD1;MTA1;ARID1B;ARID1A
REACTOME_G_ALPHA_S_SIGNALLING_EVENTS,0.180662596336703,0.228816839162702,0.030745828955149,0.366127507977099,1.14161008173894,105,CYSLTR2;ADCY7;SRC;RAMP1;INSL3;ADCY8;GNB1;GNAZ;GNG12;GNAI2;GNB5;SHC1;PTGER4;GRK2;GPR27;GRK6;GNB4;ADCY6;PRKAR1A;GNAI3;ADCY3;PTGER2;GPR39;CRHR2;ADORA2B;ADRB2;ARRB2;RLN2;PDE1A;PDE7A;GRK3;PRKAR1B;GPR150;GPR84;GLP1R;GNB2
REACTOME_ENTEROBACTERIAL_FACTORS_ANTAGONIZE_HOST_DEFENSE,0.183691557722136,0.232436524156781,0.032366670547296,0.505592195103898,1.23848478804736,14,CALM2;GBP2;GBP3;CALM1;UBC;CASP4;CALM3;GBP6;UBE2D2;RPS27A;UBA52;GBP1;UBB
REACTOME_REGULATION_OF_CDH1_GENE_TRANSCRIPTION,0.185337478688196,0.234301054453263,0.0303061084510599,0.377219101738767,1.15734463753843,80,ZNF217;PKM;SMARCA4;FOXQ1;MAPK1;KLF4;TCF3;HDAC2;ZBTB33;SIRT1;SP1;TCF12;FOXJ2;RBBP4;MPHOSPH8;EZH2;RBBP7;DNTTIP1;KDM1A;SUZ12;EED;H3-3A;CTBP2;CTBP1;H3-3B;CDH1;RB1;ZMYM2;ARID1A
REACTOME_PYRUVATE_METABOLISM,0.18766510871774,0.237023125229934,0.0303161727380477,0.407598824398947,1.18978314517129,44,WDR26;PKM;PC;PDK3;PDP1;RANBP9;LDHA;ME3;GID8;PDK2;VDAC1;MKLN1;UBC;PDP2;ME2;RMND5A;NEK1;MAEA;PDHX;DLAT;PDK1;PGAM5;GLO1;GID4;ARMC8;FAHD1;RPS27A;UBA52;PDHB
REACTOME_NCAM_SIGNALING_FOR_NEURITE_OUT_GROWTH,0.189101917255298,0.238394717578803,0.0300470580977998,0.393130630547681,1.17412318775455,56,SPTBN2;FYN;ST8SIA4;SRC;PRNP;AGRN;SPTAN1;MAPK1;NRAS;CACNB1;PTPRA;COL3A1;KRAS;PTK2;GRB2;COL5A1;CREB1;COL6A3;COL5A2;SOS1;COL4A4
REACTOME_ACTIVATION_OF_NMDA_RECEPTORS_AND_POSTSYNAPTIC_EVENTS,0.188929001203369,0.238394717578803,0.0299487455729153,0.377095231758548,1.15660484302244,79,RASGRF1;TUBB6;TUBA1A;SRC;KPNA2;ADCY8;RPS6KA3;MAPK1;RPS6KA2;TUBB3;RAC1;DLG4;TUBA1C;NRAS;TUBA1B;CAMK2D;PRKAR1A;GIT1;TUBA4A;KRAS;CASK;CREB1;CALM1;PRKAA1;PRKAR1B;PRKAB1;TUBB4B;TUBB2A;NRGN;GRIA3;PRKAR2B;PRKAG1;PDPK1;CAMK1;LIN7C;GRIN2A;GRIN3B;PRKACA;DLG1;CAMKK2
REACTOME_G_BETA_GAMMA_SIGNALLING_THROUGH_CDC42,0.189424436949189,0.23857999055973,0.0314279956614924,0.488214707511013,1.23077292353378,16,GNB1;GNG12;GNB5;CDC42;GNB4
REACTOME_ACTIVATION_OF_SMO,0.191056468284191,0.24041272259094,0.0312650111479665,0.487524560680802,1.2290330864932,16,EVC2;KIF3A;CSNK1A1;GRK2;EVC;DHH;ARRB2
REACTOME_APC_C_CDC20_MEDIATED_DEGRADATION_OF_CYCLIN_B,0.191803794151556,0.24090698359701,0.0304884308883987,0.449796033761327,1.21546224044223,24,UBE2D1;ANAPC1;UBE2E1;CDC16;UBE2C;UBC;CDK1;CDC27;CCNB1;ANAPC4;CDC23;ANAPC5;RPS27A;UBA52;CDC26;ANAPC10;ANAPC2;UBB
REACTOME_PINK1_PRKN_MEDIATED_MITOPHAGY,0.191769547325103,0.24090698359701,0.0301460999658088,0.429325464989561,1.20543471304976,31,OPTN;MAP1LC3B;ATG9A;TBK1;MFN1;ATG12;VDAC1;ATG5;UBE2D3;TOMM20;UBC;SQSTM1;MTERF3;UBE2N;PINK1;MFN2;VDAC2;UBE2D2;RPS27A;UBE2L3;UBA52;TOMM70;UBE2V1
REACTOME_FORMATION_OF_AXIAL_MESODERM,0.192964363469692,0.242140877151719,0.0320656807677177,0.52893523449224,1.22938514896983,11,CTNNB1;YAP1;TCF7;SMAD3;TEAD2
REACTOME_CONVERSION_FROM_APC_C_CDC20_TO_APC_C_CDH1_IN_LATE_ANAPHASE,0.195578231292517,0.245194480006025,0.0303868350383826,0.465196154454638,1.21986709972877,20,UBE2D1;ANAPC1;CDC14A;UBE2E1;FZR1;CDC16;UBE2C;CDC27;ANAPC4;CDC23;ANAPC5
REACTOME_PURINE_SALVAGE,0.195769576957696,0.245208161369132,0.0314389309023268,0.516995056637476,1.22946958576831,12,PNP;ADK;DCK;HPRT1;AMPD2;AMPD3
REACTOME_TRAF6_MEDIATED_IRF7_ACTIVATION_IN_TLR7_8_OR_9_SIGNALING,0.196444644464446,0.245600986041567,0.0313734505893443,0.516717015053566,1.22880837311916,12,MYD88;IRAK4;UBC;UBE2N;IRF7;RPS27A;TLR7;UBA52;UBE2V1
REACTOME_GERM_LAYER_FORMATION_AT_GASTRULATION,0.196354690819635,0.245600986041567,0.0312650111479665,0.509116007662114,1.22858841336016,13,CTNNB1;TCF7;SMAD3;BMP4;TRIM33;SMAD4;SMAD2
REACTOME_DEFECTS_IN_VITAMIN_AND_COFACTOR_METABOLISM,0.196698762035763,0.245692663241363,0.0301958974504643,0.458462343797358,1.21357249092875,21,PC;LMBRD1;MMADHC;MTRR;TCN2;HLCS;ABCD4;CUBN;MMAA;CD320;MMUT;ACACA;MTR;MCCC1
REACTOME_DEFECTS_IN_COBALAMIN_B12_METABOLISM,0.197808341719781,0.246851732228817,0.0311253198967732,0.50845601220131,1.2269957257137,13,LMBRD1;MMADHC;MTRR;TCN2;ABCD4;CUBN;MMAA;CD320;MMUT;MTR
REACTOME_REPRESSION_OF_WNT_TARGET_GENES,0.1998670507423,0.248673376029277,0.0307562278304789,0.498775544130187,1.22178690659641,14,MYC;TCF7;TLE4;CTBP2;CTBP1;TCF7L2;TLE2;TLE5;TLE3
REACTOME_RA_BIOSYNTHESIS_PATHWAY,0.199785867237687,0.248673376029277,0.0301262327782685,0.467768587459114,1.21466750006475,19,RDH5;DHRS3;SDR16C5;DHRS9;ALDH1A3;RDH10
REACTOME_PLATELET_CALCIUM_HOMEOSTASIS,0.199978838218178,0.248673376029277,0.029890104144501,0.457731400638775,1.21163764824933,21,ATP2B4;ITPR2;ITPR3;ATP2B1;P2RX7;ORAI2;CALM1;SRI;SLC8A1;STIM1;SLC8A2;ORAI1;ATP2A2
REACTOME_SYNTHESIS_OF_BILE_ACIDS_AND_BILE_SALTS_VIA_24_HYDROXYCHOLESTEROL,0.2,0.248673376029277,0.0853949304825912,-0.373871778890474,-1.19216661563244,10,CYP46A1;SLC27A5;AKR1C1;AKR1C2
REACTOME_IRAK1_RECRUITS_IKK_COMPLEX,0.201085752271216,0.249794823890844,0.0306422787557872,0.498273230443252,1.22055645275215,14,PELI1;CHUK;UBC;UBE2N;IKBKB;IKBKG;PELI3;RPS27A;UBA52;UBE2V1;PELI2;UBB
REACTOME_SLC_MEDIATED_TRANSPORT_OF_INORGANIC_ANIONS,0.201475237091675,0.250050088774052,0.0296772696202792,0.450117476540163,1.20702241511947,23,SLC34A2;SLC20A1;SLC12A2;SLC4A7;SLC26A2;SLC4A2;SLC12A7;SLC26A11;SLC26A1;SLC12A6
REACTOME_NEURONAL_SYSTEM,0.201679832016798,0.250075631123019,0.0287061418987228,0.332530351630071,1.08087867747798,300,IL1RAP;KCNQ3;GABRB2;SYT12;RASGRF1;KCNN4;DLGAP4;TUBB6;PTPRF;ADCY7;CACNG4;GLS;KCNS3;TUBA1A;SYN1;SIPA1L1;SRC;KCNJ2;MYO6;KPNA2;CHRNE;ADCY8;SYT1;ARL6IP5;NLGN2;SLC6A12;GNB1;RPS6KA3;AP2A1;MAPK1;SLC38A2;GNG12;GNAI2;GNB5;SNAP25;HCN4;KCND1;GLRB;PPFIBP1;RPS6KA2;TUBB3;AP2M1;EPB41L1;RAC1;DLG4;PPFIA1;TUBA1C;NRAS;GNB4;TUBA1B;ADCY6;CACNB1;NPTN;CAMK2D;PRKAR1A;LRFN3;GNAI3;KCNAB2;KCNK1;GIT1;ADCY3;KCNK6;AP2B1;TUBA4A;KRAS;CASK;KCNK13;EPB41L2;PTPRD
REACTOME_REGULATION_OF_FZD_BY_UBIQUITINATION,0.202569593147752,0.250949933534908,0.0298706142273989,0.466827043273196,1.21222256649466,19,RSPO4;FZD6;ZNRF3;LGR4;RSPO1;LRP5;UBC;USP8;LGR6;RNF43;FZD5;RPS27A;LGR5;UBA52;LRP6
REACTOME_SEROTONIN_NEUROTRANSMITTER_RELEASE_CYCLE,0.212789294724142,0.263370356584798,0.0294112338693492,0.487277505453432,1.21062428287734,15,SYN1;SYT1;SNAP25;PPFIA1
REACTOME_NEGATIVE_EPIGENETIC_REGULATION_OF_RRNA_EXPRESSION,0.214335839598998,0.265043135591481,0.0276697192756243,0.368747647281348,1.13585872634636,85,DNMT1;TAF1D;CDK7;HDAC2;SIN3B;TAF1B;SIRT1;BAZ2A;POLR1E;CCNH;SMARCA5;ARID4B;POLR1G;ERCC3;GTF2H3;POLR1A;POLR1F;SAP130;SAP30L;TAF1A;SUDS3;H3-3A;SIN3A;POLR1B;TBP;H3-3B
REACTOME_DNA_DAMAGE_TELOMERE_STRESS_INDUCED_SENESCENCE,0.218942065491184,0.27049297000229,0.0273847760050521,0.384210409220831,1.15174204424123,58,CCNA1;HMGA1;CDK2;TP53;UBN1;NBN;LMNB1;MRE11;TINF2;ATM;CCNA2;CCNE2;RAD50;EP400;CDKN1A;TERF1;ACD;TERF2
REACTOME_ACYL_CHAIN_REMODELLING_OF_PE,0.220654332601652,0.272360797461984,0.0278939167317266,0.437128373449354,1.18911467695264,25,MBOAT2;PLA2G4A;LPCAT4;MBOAT1;PLAAT3;PLA2G2E;PLBD1;PLAAT4;PLAAT5;ABHD4;LPCAT3;PNPLA8;PLA2G10;PLA2G12A;PLA2G5
REACTOME_GLUCAGON_SIGNALING_IN_METABOLIC_REGULATION,0.221563734664171,0.273235131949736,0.0277274718950814,0.431498990797449,1.18806864049199,27,ADCY7;ADCY8;GNB1;GNG12;GNB4;ADCY6;PRKAR1A;ADCY3
REACTOME_BASE_EXCISION_REPAIR,0.222077270446563,0.273620136479491,0.027066681274404,0.374441636852052,1.1416477536458,72,POLD1;RFC3;POLD3;APEX1;PARG;POLE;TINF2;LIG1;RFC4;PCNA;MBD4;RFC2;RPA1;POLE3;PARP2;TDG;TERF1;POLD4;RFC1;ACD;TERF2;FEN1;OGG1;ADPRS;POLE2;MPG;LIG3;XRCC1;RPA2;NEIL3;H2AX;NEIL2;POLB;POT1
REACTOME_DEPOSITION_OF_NEW_CENPA_CONTAINING_NUCLEOSOMES_AT_THE_CENTROMERE,0.222883664615074,0.274364945844099,0.0270981378227699,0.386122566737869,1.15173018049664,55,CENPH;KNL1;NPM1;MIS18BP1;CENPI;RSF1;CENPK;CENPL;SMARCA5;CENPN;CENPP;RBBP4;CENPQ;CENPW;RBBP7;MIS18A
REACTOME_DEFENSINS,0.225267069205759,0.27704791588292,0.0294112338693492,0.52673506082104,1.19785777643975,10,PRSS2;PRSS3;CD4;TLR1;TLR2;CCR2
REACTOME_BIOSYNTHESIS_OF_SPECIALIZED_PRORESOLVING_MEDIATORS_SPMS,0.225841833936602,0.277503663941991,0.0283369551129156,0.483172231023931,1.20042486908005,15,PTGS2;ALOX5;ALOX5AP;LTA4H
REACTOME_SYNTHESIS_OF_LEUKOTRIENES_LT_AND_EOXINS_EX,0.226900066474629,0.27855211412739,0.0284326417178475,0.489071470100422,1.19801607274191,14,ALOX5;MAPKAPK2;ALOX5AP;LTA4H;ABCC1;GGT1;GGT5;CYP4B1;PTGR1
REACTOME_RNA_POLYMERASE_I_TRANSCRIPTION,0.227832882476706,0.279444844120797,0.0265963264063149,0.365332229458816,1.12738856576956,87,GATAD2A;CBX3;CAVIN1;TAF1D;CDK7;ERCC6;HDAC2;TAF1B;MTA2;POLR1E;GATAD2B;CCNH;POLR1G;ERCC3;GTF2H3;POLR1A;RBBP4;POLR1F;RBBP7;EHMT2;TAF1A;H3-3A;POLR1B;TBP;H3-3B;POLR1D;RRN3;MTA1
REACTOME_ION_HOMEOSTASIS,0.229092390750739,0.280736302101221,0.0267870022009905,0.402474804286199,1.16578241574197,41,RYR1;ATP1B3;ATP2B4;TRPC1;ITPR2;ITPR3;ATP2B1;CAMK2D;AHCYL1;ORAI2;CALM1;ATP1B1;SRI;SLC8A1;STIM1;ATP1A1;SLC8A2;PRKACA;ORAI1;ATP2A2
REACTOME_TRANSCRIPTIONAL_REGULATION_OF_GRANULOPOIESIS,0.230413820811571,0.282101245480113,0.0264458167769808,0.377054759027909,1.14264983688107,66,RUNX1;CBFB;MYC;KLF5;STAT3;RARA;CDK2;KMT2A;EP300;PML;IL6R;CDK4;CDKN1A;DEK;CREB1;SPI1;CEBPB
REACTOME_FORMATION_OF_FIBRIN_CLOT_CLOTTING_CASCADE,0.23085678807947,0.282389176417642,0.0269260763455709,0.422901977713072,1.17654685321358,29,PROS1;PROC;SERPING1;F3;CD177;F5;F2R;PROCR;F13A1;SERPINE2;F7
REACTOME_FORMATION_OF_THE_NEPHRIC_DUCT,0.233104365167295,0.284882043401397,0.0279526822391721,0.486885924397925,1.19266241987239,14,FGF2;CTNNB1;GATA3;BMP4;RET;MECOM;PLAC8;NPNT;HOXB4;PCDH19;OSR1
REACTOME_DISEASES_ASSOCIATED_WITH_GLYCOSYLATION_PRECURSOR_BIOSYNTHESIS,0.233706887172234,0.285105619090723,0.0275876615524432,0.472640648215268,1.19151124174538,16,GALE;PGM1;PMM2;DOLK;GFPT1;DPM1;GNE
REACTOME_MITOCHONDRIAL_CALCIUM_ION_TRANSPORT,0.233520262406095,0.285105619090723,0.027113895130706,0.44741139259206,1.18432007671679,21,MCUB;SLC8B1;MCU;MICU3;MICU2;YME1L1;VDAC1;MICU1
REACTOME_PRE_NOTCH_PROCESSING_IN_GOLGI,0.234256654403809,0.285493296665521,0.0274493519433807,0.46818911637064,1.19256088970275,17,NOTCH2;B4GALT1;RAB6A;NOTCH3;LFNG;FURIN;TMED2;ATP2A2;SEL1L;NOTCH1
REACTOME_MUCOPOLYSACCHARIDOSES,0.234444826400825,0.285493296665521,0.0284501150212396,0.5129979388359,1.19234266566191,11,IDS;HGSNAT;ARSB;GLB1;SGSH;GUSB;GNS;GALNS
REACTOME_SURFACTANT_METABOLISM,0.23531253260983,0.286293403596024,0.026740979054125,0.430521304340517,1.17857913253533,26,CTSH;SLC34A2;SFTPB;ZDHHC2;P2RY2;NAPSA;CSF2RB;GATA6;CSF2RA;ADORA2B;LMCD1;ADGRF5
REACTOME_SIGNALING_BY_RETINOIC_ACID,0.236082685223086,0.28697349661733,0.0263489333555479,0.406269866564703,1.16311297304366,37,RARG;RDH5;PDK3;DHRS3;RARA;SDR16C5;DHRS9;ALDH1A3;RXRG;RDH10;PDK2
REACTOME_RIBAVIRIN_ADME,0.238039944263818,0.289094087805656,0.0284151918036318,0.521866473961183,1.18678603456393,10,PNP;ADK;SLC29A1;SLC29A3;NT5C2
REACTOME_REGULATION_OF_INSULIN_SECRETION,0.239923610413107,0.29112159513519,0.0257685151832717,0.37631384583267,1.13706738403542,64,IQGAP1;SLC2A1;KCNS3;ADCY8;ACSL4;GNB1;GNG12;GNAI2;GNB5;SNAP25;ITPR2;ITPR3;GNA15;GNB4;ADCY6;PRKAR1A;RAP1A;AHCYL1;GNAQ;PLCB3;PRKAR1B;GLP1R;GNA11;GNB2
REACTOME_METABOLISM_OF_ANGIOTENSINOGEN_TO_ANGIOTENSINS,0.242075244049578,0.293470344927187,0.027113895130706,0.477945705525279,1.18743974538168,15,CPA3;REN;ANPEP;MME;CTSD;CTSG;CTSZ;ATP6AP2
REACTOME_JOSEPHIN_DOMAIN_DUBS,0.242809671135556,0.294098344985046,0.0278270813660263,0.510235537963484,1.18592211662946,11,RAD23B;JOSD1;ATXN3;VCP;UBC;RAD23A
REACTOME_TRNA_MODIFICATION_IN_THE_NUCLEUS_AND_CYTOSOL,0.244767323714692,0.296205514628911,0.0256134719722488,0.394661521255657,1.15201908820534,44,CDKAL1;EPRS1;TRMT11;TP53RK;FTSJ1;TRMT6;TYW5;OSGEP;TRMT44;NSUN2;QTRT2;ALKBH8;PUS3;LCMT2;TYW1;THG1L;TRMT1;ADAT1;WDR4;TPRKB;TYW3;LAGE3;URM1;PUS1;THADA;TRMT12;TRMT13;TRDMT1
REACTOME_ABERRANT_REGULATION_OF_MITOTIC_EXIT_IN_CANCER_DUE_TO_RB1_DEFECTS,0.245110544217687,0.296356965829036,0.0263563597196709,0.448857926444364,1.17702395361342,20,UBE2D1;ANAPC1;UBE2E1;FZR1;CDC16;UBE2C;RB1;CDC27;ANAPC4;CDC23;ANAPC5
REACTOME_PROCESSING_OF_SMDT1,0.247778874629812,0.298900593955417,0.0267103890251755,0.476285495773393,1.1833150110818,15,MCUB;MCU;MICU3;MICU2;YME1L1;MICU1;PMPCB;PHB2;STOML2
REACTOME_CLASS_I_PEROXISOMAL_MEMBRANE_PROTEIN_IMPORT,0.247874149659864,0.298900593955417,0.0261646745163845,0.448039961510282,1.17487903366457,20,ABCD3;ATAD1;PEX13;ALDH3A2;PEX26;PEX19;GDAP1;PEX14;PEX2;PEX3;PEX11B;SLC25A17;ABCD1
REACTOME_TP53_REGULATES_METABOLIC_GENES,0.24781867415505,0.298900593955417,0.0251865531395242,0.365152927732923,1.12032445028677,80,GLS;SFN;YWHAH;YWHAZ;AKT3;YWHAG;AGO2;TP63;TP53;YWHAB;AGO4;YWHAQ;RRAGC;MOV10;SLC38A9;DDIT4;RHEB;MTOR;AGO1;AKT1;SESN3;PRKAA1;GLS2;RRM2B;PTEN;GSR;RRAGB;PRKAB1;TNRC6B;TIGAR;RPTOR;AGO3;COX7A2L;RRAGA;SESN2;PRKAG1
REACTOME_PROTEIN_METHYLATION,0.251677126163168,0.303217388701902,0.0262086528104306,0.462305763397263,1.17757494404311,17,EEF1A1;EEF2;HSPA8;RPS2;CALM1;VCP;VCPKMT;KIN;METTL21A
REACTOME_MITOCHONDRIAL_MRNA_MODIFICATION,0.254039188724648,0.305594601769911,0.0270353018590743,0.506950432568873,1.17828666426862,11,RPUSD4;LRPPRC;TRMT61B;FASTKD2;MTERF3;MTPAP;RCC1L;NGRN;RPUSD3
REACTOME_FCERI_MEDIATED_NF_KB_ACTIVATION,0.2541,0.305594601769911,0.0247214245107913,0.349592515952683,1.09883798911895,123,LYN;UBE2D1;BCL10;RELA;MAP3K7;MALT1;CARD11;FCER1A;NFKB1;PSMD2;PSMD1;FBXW11;TAB3;RASGRP4;PSMC6;TAB2;RASGRP1;CUL1;FCER1G;PSMC1;PSMD14;PSMD7;PSMD11;CHUK;PSMB2;MS4A2;UBC;PSMD12;BTRC;PSMD6;TAB1;PSMA5;PSMD8;UBE2N;PSMC2;IKBKB;IKBKG;PSMA4;PDPK1;SKP1;PSMA3;PSMD3
REACTOME_ACTIVATION_OF_THE_TFAP2_AP_2_FAMILY_OF_TRANSCRIPTION_FACTORS,0.254760798885276,0.306118413514669,0.0272167928225599,0.515470651938286,1.17224117944282,10,TFAP2C;EP300;CREBBP;YEATS4;CITED1;TFAP2E;CITED4
REACTOME_CROSSLINKING_OF_COLLAGEN_FIBRILS,0.256555325862257,0.308002374422974,0.0259758493418935,0.465542726029733,1.17361761768018,16,BMP1;LOX;LOXL1;LOXL3;COL4A4;PXDN;LOXL2
REACTOME_INCRETIN_SYNTHESIS_SECRETION_AND_INACTIVATION,0.257184390025718,0.308213038840345,0.0264010094290955,0.487304345916278,1.17595295406646,13,DPP4;CTNNB1;GNB1;SEC11A;FFAR4;TCF7L2;GRP
REACTOME_SYNTHESIS_SECRETION_AND_INACTIVATION_OF_GLUCAGON_LIKE_PEPTIDE_1_GLP_1,0.257184390025718,0.308213038840345,0.0264010094290955,0.487304345916278,1.17595295406646,13,DPP4;CTNNB1;GNB1;SEC11A;FFAR4;TCF7L2;GRP
REACTOME_ATF6_ATF6_ALPHA_ACTIVATES_CHAPERONE_GENES,0.258708778448676,0.309766722389208,0.0269494033633481,0.514661197684063,1.17040038480959,10,NFYA;ATF6;NFYB
REACTOME_IMMUNOREGULATORY_INTERACTIONS_BETWEEN_A_LYMPHOID_AND_A_NON_LYMPHOID_CELL,0.259074092590741,0.30993106675248,0.0243995032133761,0.339434244017658,1.08367145169627,174,ICAM1;ICAM5;C3;HLA-G;ITGB7;SIGLEC6;PIANP;CD200;CLEC2B;RAET1E;COLEC12;SELL;OSCAR;CD40;MICB;TREM1;CD1C;ITGB2;CD22;COL3A1;CD1A;CD300LB;CD300LF;HLA-C;CD33;ULBP1;SIGLEC9;HLA-B;SIGLEC7;CLEC2D;JAML;LILRB3;B2M;CXADR;CD1B;LILRA6;PVR;NECTIN2;ITGA4;LAIR1;HLA-A;IFITM1;CDH1;FCGR2B;SIGLEC12;TREML2;KLRC1;CD300A;CD300E;TYROBP;VCAM1;HLA-E;TREM2;LILRA2;NPDC1;LILRB4;FCGR3A;MICA;CD200R1;HLA-F;PILRA;CD160;CD96;SIGLEC1;LILRB2;CD3E;SIGLEC10;LAIR2;CD81;ICAM3;LILRA5;KLRB1;LILRB5;CD8B;CD3G;CRTAM;LILRA1;CD3D;TRBV7-9;COL17A1;LILRB1;CD40LG;TRAV19;IGLV3-25;LILRA4;ULBP3;TRAV29DV5;IGHV3-7;TREML1;FCGR1A;CD99;SLAMF6;IGLV3-19;SH2D1A;IGKV4-1;IGHV4-39;IGKV1-5;IGLV1-44;ITGAL;CD247;TRBV12-3;IGLV2-23;IGHV3-48;IGLV3-1;IGHV4-34;SLAMF7;IGLV1-40;IGHV3-23;ICAM2;IGLC2;IGKV3-20;CD226;IGKV3-11;IGHV4-59;IGHV3-11;IGLV3-21;IGLV2-14;IGLV1-47;IGKV2-30;IGHV1-2;IGHV2-70;IGHV2-5
REACTOME_ASSEMBLY_OF_THE_HIV_VIRION,0.26003699271026,0.310809387065298,0.025747260159284,0.464190878964409,1.17020965651235,16,VPS37C;UBAP1;VPS37A;NMT2;TSG101;MVB12B;UBC;FURIN;RPS27A;UBA52;VPS37B
REACTOME_FORMATION_OF_DEFINITIVE_ENDODERM,0.260282987824942,0.310830035548415,0.0258681820896116,0.472097276731234,1.17290952423355,15,CTNNB1;SMAD3;GATA6;CDH1;GATA6-AS1;SMAD4;TCF7L2;SMAD2;CXCR4
REACTOME_RAS_ACTIVATION_UPON_CA2_INFLUX_THROUGH_NMDA_RECEPTOR,0.262539440757263,0.313111598440546,0.0255854864154333,0.463484369706051,1.16842857033851,16,RASGRF1;DLG4;NRAS;CAMK2D;KRAS;CALM1
REACTOME_REGULATION_OF_CDH1_POSTTRANSLATIONAL_PROCESSING_AND_TRAFFICKING_TO_PLASMA_MEMBRANE,0.262654320987654,0.313111598440546,0.024643400592836,0.410522875356766,1.15264191111533,31,CTNNB1;ARHGAP32;PCSK7;CSNK2A1;CSNK2A2;JUP;SEC11A;PIP5K1C;CDH1;GANAB;MOGS;FURIN;RPN2;STT3A;PRKCSH
REACTOME_SYNTHESIS_OF_PE,0.263222632226322,0.313514072914612,0.0260047163745751,0.485471344515318,1.17152959230019,13,ETNK2;LPIN2;CEPT1;PISD;LPIN1;SELENOI;ETNK1
REACTOME_NF_KB_IS_ACTIVATED_AND_SIGNALS_SURVIVAL,0.265123560326512,0.315501679933214,0.0258824847531805,0.484861275005355,1.17005738494468,13,NGFR;RELA;NFKB1;UBC;SQSTM1;IKBKB;RPS27A;UBA52;NFKBIA
REACTOME_KIDNEY_DEVELOPMENT,0.265851402733532,0.316091037895774,0.0244249524970778,0.407815765319763,1.14936518091325,32,SLIT2;FGF2;CTNNB1;JAG1;IRX2;GATA3;WNT9B;BMP4;LFNG;RET;MECOM;FOXC2
REACTOME_RHO_GTPASES_ACTIVATE_PKNS,0.26704830772321,0.317236582339023,0.023974664378916,0.367730844723518,1.11889233416462,70,MYH10;SFN;YWHAH;YWHAZ;MYH9;YWHAG;MYH14;NCOA2;RHOA;MYL12B;YWHAB;RAC1;PPP1CB;YWHAQ;KDM4C;KDM1A;PPP1R12A;PKN3;H3-3A;H3-3B;PKN2
REACTOME_PEROXISOMAL_PROTEIN_IMPORT,0.268010075566751,0.318101041655209,0.0239685241368962,0.374603953267274,1.12294490873337,58,UBE2D1;IDH1;SLC27A2;CAT;IDE;AGPS;PECR;LONP2;DDO;USP9X;PEX13;UBE2D3;PEX26;ACOX1;UBC;PEX10;PEX5;PEX14;GNPAT;ZFAND6;PIPOX;PEX7;PEX2;MPV17;UBE2D2;NOS2;RPS27A;UBA52;PEX6;PEX1;NUDT19;PEX12;ACOT2;SCP2
REACTOME_FATTY_ACID_METABOLISM,0.268773122687731,0.318728336590425,0.0237978229280564,0.341578407733044,1.084938195519,155,CYP1B1;PON2;ACOT7;SCD;ACOT9;PTGS2;ALOX5;HACD1;ALOX15B;ACSL4;MAPKAPK2;PLA2G4A;ALOX5AP;PPT1;ACSL5;MID1IP1;HACD2;MORC2;HPGDS;ELOVL6;FAAH2;ACAA2;THEM5;ELOVL4;SLC27A2;LTA4H;HACD3;ACLY;PECR;PTGES3;PTGS1;ELOVL5;ACBD7;OLAH
REACTOME_ACYL_CHAIN_REMODELLING_OF_PC,0.269125395152792,0.318867839592541,0.0246369206090608,0.430623107715841,1.15474686181186,23,MBOAT2;PLA2G4A;LPCAT4;PLAAT3;PLA2G2E;PLBD1;LPCAT3;PNPLA8;PLA2G10;LPCAT1;PLA2G12A;PLA2G5
REACTOME_MATRIGLYCAN_BIOSYNTHESIS_ON_DAG1,0.26957695769577,0.319124638944731,0.0257048574266212,0.490770771731433,1.1671054291162,12,DAG1;LARGE1;FKRP;FKTN;CHST10;CRPPA;SLC35A1;RXYLT1
REACTOME_ENERGY_DEPENDENT_REGULATION_OF_MTOR_BY_LKB1_AMPK,0.269964737606306,0.319305551268033,0.0243234666954579,0.415258463595647,1.15013132901613,28,STRADB;CAB39;RRAGC;SLC38A9;RHEB;MTOR;PPM1A;PRKAA1;RRAGB;PRKAB1;RPTOR;RRAGA;PRKAG1;STK11
REACTOME_PEXOPHAGY,0.273862724876819,0.323482855884698,0.025747260159284,0.499243970666062,1.16037481193473,11,MAP1LC3B;ATM;NBR1;UBC;SQSTM1;PEX5;RPS27A;UBA52;UBB;EPAS1;USP30
REACTOME_MITOCHONDRIAL_PROTEIN_IMPORT,0.273972602739726,0.323482855884698,0.326351610990907,-0.200382920661472,-1.09891897972811,61,LDHD;CHCHD10;TIMM17B;ATP5MC1;COX17;CYC1;NDUFB8
REACTOME_TRIGLYCERIDE_CATABOLISM,0.276634708607131,0.326342507809975,0.0245465532516347,0.449258818740084,1.15619086279777,18,PNPLA5;CAV1;GPD2;PLIN3;PPP1CB
REACTOME_THROMBOXANE_SIGNALLING_THROUGH_TP_RECEPTOR,0.277636054421769,0.327239720693134,0.024266743325205,0.4391477145766,1.15156121520629,20,GNB1;GNG12;GNB5;GNA15;GNB4;GNA13;GNAQ;GNA11;GNB2
REACTOME_SYNTHESIS_OF_IP2_IP_AND_INS_IN_THE_CYTOSOL,0.279304232218037,0.328920668617255,0.0248525597253793,0.472426324945705,1.15724258124305,14,INPP4A;MTMR7;INPP5B;ISYNA1;MTMR9;INPP1
REACTOME_CONSTITUTIVE_SIGNALING_BY_AKT1_E17K_IN_CANCER,0.281957633308985,0.331757942568753,0.0237133479825838,0.417083156928307,1.14179135929325,26,AKT3;GSK3B;FOXO3;RICTOR;MTOR;CDKN1A;CREB1;AKT1;CHUK;FOXO4
REACTOME_PLASMA_LIPOPROTEIN_ASSEMBLY,0.287916291629163,0.338272281126509,0.0246045711829513,0.485239153215156,1.15395064815936,12,BMP1;ABCA1;APOE;APOC1;ZDHHC8
REACTOME_MEIOTIC_SYNAPSIS,0.287991927346115,0.338272281126509,0.0228316149437101,0.372336326039395,1.11201895776262,56,LMNA;UBE2I;SUN2;SMC3;LMNB1;TINF2;STAG1;STAG2;RAD21;SUN1;REC8;SMC1A;TERF1;STAG3;ACD;TERF2;SYCP3;DIDO1;ATR
REACTOME_NRIF_SIGNALS_CELL_DEATH_FROM_THE_NUCLEUS,0.290336733574641,0.340437981818755,0.0240485857811045,0.462026725749689,1.14788958503305,15,NGFR;PSEN1;NCSTN;APH1A;UBC;SQSTM1;APH1B;ITGB3BP;RPS27A;UBA52
REACTOME_CARDIAC_CONDUCTION,0.290235353029544,0.340437981818755,0.0225877443609548,0.351445444261054,1.09142307011042,97,RYR1;CACNG4;KCNJ2;ATP1B3;ATP2B4;SCN1B;HIPK2;TRPC1;ITPR2;ITPR3;KCND1;ATP2B1;SCN2B;CACNB1;AKAP9;CAMK2D;KCNK15;KCNK1;KCNK6;KCNK13;AHCYL1;KCNK5;MME;ORAI2;SCN8A;CALM1;SCN5A;HIPK1;ATP1B1;KCNE5
REACTOME_PRC2_METHYLATES_HISTONES_AND_DNA,0.294623003840712,0.345166088120282,0.0224948044996396,0.376621019071362,1.11524207979268,51,DNMT1;PHF19;EPOP;EZH1;AEBP2;RBBP4;EZH2;RBBP7;JARID2;DNMT3A;SUZ12;EED;H3-3A;H3-3B;MTF2
REACTOME_INTEGRATION_OF_ENERGY_METABOLISM,0.295991983967936,0.346471237047739,0.0222842143447683,0.35236502496216,1.09017147037049,91,IQGAP1;SLC2A1;ADCY7;KCNS3;ADCY8;ACSL4;GNB1;GNG12;GNAI2;GNB5;SNAP25;ITPR2;ITPR3;GNA15;GNB4;ADCY6;PRKAR1A;ADCY3;PPP2CB;ACLY;RAP1A;AHCYL1;GNAQ;PLCB3;ADIPOR1;MLXIPL;PPP2R1A;PRKAR1B;GLP1R;GNA11;GNB2;PRKAR2B;PLCB2;PPP2R1B;STK11;AGPAT1;CACNB3;PPP2R5D;GNG5;CACNA1C;PLCB1;PRKACA;PPP2CA;ACSL3;RAPGEF3;ACACA;FASN;STX1A;MLX;ADRA2C;VAMP2;ADRA2A;PRKAR2A;GNB3;PRKAB2;GNGT2;PRKAG2;FFAR1
REACTOME_SPECIFICATION_OF_THE_NEURAL_PLATE_BORDER,0.299117510450534,0.349828482532079,0.0244952079175507,0.501868261668373,1.14130773647514,10,TFAP2C;CTNNB1;BMP4;GBX2;MYB;DLX5
REACTOME_DAG1_GLYCOSYLATIONS,0.299795324787246,0.350319730340384,0.0232356342171485,0.442252272646561,1.13815915315694,18,DAG1;POMK;LARGE1;FKRP;FKTN;CHST10;CRPPA;SLC35A1;RXYLT1;POMT1;POMGNT1
REACTOME_PHASE_0_RAPID_DEPOLARISATION,0.304223864836325,0.355189203017668,0.0226813936397553,0.424822220635415,1.13152430373086,22,CACNG4;SCN1B;SCN2B;CACNB1;CAMK2D;SCN8A;CALM1;SCN5A;SCN7A;SCN9A;CACNA1C
REACTOME_G_PROTEIN_ACTIVATION,0.307228266724119,0.358389025303071,0.022842815888673,0.439976858919336,1.13230325795631,18,GNB1;GNG12;GNB5;GNA15;GNB4;GNAQ;GNA11;GNB2
REACTOME_PRESYNAPTIC_FUNCTION_OF_KAINATE_RECEPTORS,0.309781432590348,0.361057433010535,0.022781336708526,0.444994562560739,1.1334802388277,17,GNB1;GNG12;GNB5;GNB4;PLCB3;GNB2;PLCB2;GNG5;PLCB1;GRIK3;GNB3;GNGT2
REACTOME_PKA_ACTIVATION_IN_GLUCAGON_SIGNALLING,0.310189755401996,0.361223545493841,0.0229780297504556,0.4555281365377,1.13174406258141,15,ADCY7;ADCY8;ADCY6;PRKAR1A;ADCY3
REACTOME_INDUCTION_OF_CELL_CELL_FUSION,0.311318631863186,0.36191789623787,0.0233285418246271,0.477329296368612,1.13514016187762,12,ANO6;ANO8;ANO7;TMPRSS2;ANO1;FURIN
REACTOME_INTRINSIC_PATHWAY_OF_FIBRIN_CLOT_FORMATION,0.311106323386836,0.36191789623787,0.022642745582532,0.43899172450234,1.1297679634578,18,PROS1;PROC;SERPING1
REACTOME_ADRENALINE_NORADRENALINE_INHIBITS_INSULIN_SECRETION,0.31306990881459,0.363642740238485,0.0221088065811038,0.415563412573239,1.12295707071554,24,GNB1;GNG12;GNAI2;GNB5;GNB4;ADCY6
REACTOME_NEGATIVE_REGULATION_OF_FLT3,0.315865278085531,0.366576356036068,0.0228484201933312,0.459855404231646,1.12644919830146,14,ABL2;CBL;CSK;SOCS6;UBC;SH2B3;RPS27A;UBA52;SLA2;PTPRJ;FLT3;UBB
REACTOME_ANTIGEN_PROCESSING_UB_ATP_INDEPENDENT_PROTEASOMAL_DEGRADATION,0.316381156316917,0.366861767435742,0.0222788618908992,0.432566408851376,1.12325703892507,19,PSMB8;PSMB2;PSMA5;PSME1;PSMB10;PSMB9;PSMA4;PSMA3;PSMA7;PSMA6;PSMB5;PSMB4;PSMB1;PSME2;PSMB7
REACTOME_FOXO_MEDIATED_TRANSCRIPTION_OF_OXIDATIVE_STRESS_METABOLIC_AND_NEURONAL_GENES,0.316697858182574,0.366915932881602,0.0218013277731206,0.406285685986004,1.11864753544077,27,SREBF1;HDAC2;ATXN3;FOXO3;SMAD3;CAT;FOXO4;RETN;SIN3A;SOD2;FBXO32;SMAD4;SIRT3;SMAD2;AGRP;NR3C1
REACTOME_RESPONSE_OF_EIF2AK1_HRI_TO_HEME_DEFICIENCY,0.318306460458484,0.368465485317785,0.0225658127229911,0.452672466832869,1.12464924894882,15,EIF2S2;EIF2S3;PPP1R15A;ATF3;CEBPB;EIF2S1;EIF2AK1;ASNS;ATF4
REACTOME_AKT_PHOSPHORYLATES_TARGETS_IN_THE_CYTOSOL,0.322291158874363,0.372760582902348,0.0225275264522709,0.45746052987456,1.12058277969521,14,AKT3;GSK3B;CDKN1A;AKT1;CHUK;MKRN1
REACTOME_ANTIMICROBIAL_PEPTIDES,0.32365911188596,0.374024432868214,0.0212479146540566,0.391360916110071,1.11079707198559,34,CLU;PRSS2;LCN2;LYZ;S100A9;GNLY;ATP7A;PRSS3;CD4;S100A8;TLR1;PDZD11;TLR2;SLC11A1;RNASE6;CCR2;ELANE;CTSG;BPIFB1
REACTOME_PD_L1_CD274_GLYCOSYLATION_AND_TRANSLOCATION_TO_PLASMA_MEMBRANE,0.324248626521599,0.374387326629441,0.0219880216705666,0.434972427856082,1.11942409514975,18,TUSC3;B3GNT3;JAK1
REACTOME_CELLULAR_HEXOSE_TRANSPORT,0.327059079534327,0.377311790396562,0.022008942325111,0.443597159770253,1.11829358026745,16,SLC2A1;SLC2A3;SLC45A3;SLC50A1;SLC5A2;SLC2A10
REACTOME_MRNA_DECAY_BY_3_TO_5_EXORIBONUCLEASE,0.327518729732752,0.377521589233935,0.0224187911294372,0.464529637108544,1.12099348915527,13,DIS3;EXOSC9;HBS1L;EXOSC8;EXOSC2;EXOSC6;EXOSC3
REACTOME_COLLAGEN_BIOSYNTHESIS_AND_MODIFYING_ENZYMES,0.330850528434826,0.381038871307567,0.0206199462847233,0.361278409739629,1.08878604026716,62,COL8A2;COL8A1;BMP1;ADAMTS14;P4HA2;COLGALT1;SERPINH1;COL7A1;COL16A1;CRTAP;COL3A1;P3H3;COL12A1;P4HA1;COL5A1;COL10A1;P3H1;COL6A3;PLOD2;COL5A2;P3H2;COL11A1;COL4A4
REACTOME_BUTYROPHILIN_BTN_FAMILY_INTERACTIONS,0.331729116534892,0.381404288807883,0.0226042188560327,0.480241361141587,1.1162077298089,11,PPL;BTN3A1;BTN2A1;BTN2A2;BTN3A3;XDH;BTN3A2;CD209;BTNL2
REACTOME_CYTOPROTECTION_BY_HMOX1,0.331483350151362,0.381404288807883,0.0206292951778269,0.364931147006133,1.08990266425399,56,BACH1;STAT3;SIN3B;NCOA1;NCOA2;CARM1;HELZ2;MAFK;NLRP3;TGS1;CHD9;MED1;NCOR2;NCOR1;TBL1XR1;PTK6;HMOX1;BLVRA;CREBBP;SIN3A;PPARA;TBL1X;ABCC1;COX7A2L;NFE2L2;TXNIP
REACTOME_SLBP_DEPENDENT_PROCESSING_OF_REPLICATION_DEPENDENT_HISTONE_PRE_MRNAS,0.333677094075857,0.382995921325244,0.0225111545631854,0.479613216266723,1.11474775525965,11,SLBP;LSM11;NCBP2;NCBP1;SNRPE;SNRPB;ZNF473;SNRPD3;SNRPG
REACTOME_EPIGENETIC_REGULATION_OF_GENE_EXPRESSION_BY_MLL3_AND_MLL4_COMPLEXES,0.333500150135122,0.382995921325244,0.0204114627814461,0.341712731722594,1.06728895801021,109,SCD;MED13;PLIN2;AJUBA;PNPLA2;LPL;ASH2L;NCOA1;SIRT1;NCOA2;MED14;EP300;ANGPTL4;MED1;NCOR2;NCOR1;TBL1XR1;MED17;ELOVL5;KMT2C;NCOA3;LPIN1;CREBBP;ABL1;MED27;MED12;MED30;MED23;RBBP5;KDM6A;H3-3A;MED4;H3-3B;KMT2D;MED24;TBL1X;RB1
REACTOME_PROTEIN_LIPOYLATION,0.338129496402878,0.387778890811402,0.0650002507792486,-0.332640332640333,-1.06069171833066,10,GCSH;FDX1;LIPT2;DBT;LIAS;NDUFAB1;LIPT1;NFU1;DLST;DLAT
REACTOME_GLUTATHIONE_SYNTHESIS_AND_RECYCLING,0.33955895589559,0.389089899715098,0.0219462873232094,0.469042263195689,1.11543270991739,12,GGCT;GCLM;CHAC2;GGT6;GGT1;GGT5;CNDP2;GSS;GGT7
REACTOME_DISEASES_OF_CARBOHYDRATE_METABOLISM,0.341680463576159,0.391191027801179,0.0205500563727138,0.395289063545343,1.09972553530964,29,IDS;GYG1;HGSNAT;RPIA;ARSB;SLC37A4;GLB1;UBC;SGSH;GBE1;GUSB;GNS;RPS27A;UBA52;GALNS
REACTOME_TRANSCRIPTIONAL_REGULATION_OF_BROWN_AND_BEIGE_ADIPOCYTE_DIFFERENTIATION,0.342690788105635,0.392017492454174,0.0205779644482651,0.399945749062657,1.10119145697485,27,GATAD2A;HDAC2;MTA2;NCOA1;HNRNPU;GATAD2B;RBBP4;RBBP7;PPARA;MTA1;SMAD4
REACTOME_BRANCHED_CHAIN_AMINO_ACID_CATABOLISM,0.343012704174229,0.392055731684421,0.104084546739236,-0.255186482306522,-1.05250681693113,21,BCAT2;HSD17B10;ACAT1;ECHS1;ACAD8;ALDH6A1;MCCC2;IVD
REACTOME_STIMULI_SENSING_CHANNELS,0.348004812512533,0.397427344709691,0.0197890181089766,0.34799560263952,1.06996895875633,83,RYR1;ANO6;TRPC5;SLC9B2;TRPC1;SCNN1A;STOM;MCOLN1;WNK1;NEDD4L;OSTM1;BEST1;ANO8;TRPC4AP;SGK3;ANO7;TPCN2;CLCN7;RAF1;CALM1;UBC;TRPV1;NALCN;SRI;CLCN3;RIPK1;ANO1;WNK3;CLCN2;TRPV3;CLCN6;WWP1;BEST4;TTYH3;CLCA2;TPCN1;TRPV2
REACTOME_GLYCOSPHINGOLIPID_CATABOLISM,0.350015383037637,0.399387830015238,0.0200449115775464,0.385104638067064,1.09303991983873,34,ARSJ;STS;CTSA;PSAP;ARSI;HEXB;ARSB;M6PR;GLB1;GLB1L;ARSD;SUMF1;ARSA;NEU3;ARSL;GM2A;SMPD4;GALC
REACTOME_GLYCOGEN_METABOLISM,0.353297794501934,0.402795052624268,0.0201929257383293,0.402207902677558,1.09412097065723,25,PYGB;GYG1;PHKA2;PYGL;PHKA1;PGM1;CALM1;UBC
REACTOME_TRANSFERRIN_ENDOCYTOSIS_AND_RECYCLING,0.356519026824704,0.406126871294864,0.0199737854288504,0.396738948603663,1.09236200628574,27,ATP6V1B2;ATP6V0A2;MCOLN1;TCIRG1;STEAP4;ATP6V1A;ATP6V1C1;ATP6V1E1;ATP6V1G1;TFR2;TFRC;ATP6V0D2;ATP6V0A1;ATP6V1C2
REACTOME_PROSTACYCLIN_SIGNALLING_THROUGH_PROSTACYCLIN_RECEPTOR,0.366677635187013,0.417349167687731,0.0203610357742636,0.438634345848585,1.08977201788573,15,GNB1;GNG12;GNB5;GNB4
REACTOME_REVERSIBLE_HYDRATION_OF_CARBON_DIOXIDE,0.369784172661871,0.420532795520905,0.0620094437915393,-0.3248175101714,-1.03574704929156,10,CA5A;CA4;CA14
REACTOME_MEIOTIC_RECOMBINATION,0.371083123425693,0.421657161150097,0.0188965322442813,0.357177509919335,1.07070590894647,58,RBBP8;FIGNL1;BRCA2;CDK2;RAD51;NBN;BLM;MRE11;ATM;RPA1;RAD50;CDK4;TOP3A;DMC1;H3-3A;H3-3B
REACTOME_DEGRADATION_OF_CYSTEINE_AND_HOMOCYSTEINE,0.376246399290937,0.427166964608508,0.0201209380145109,0.442800210269602,1.0846712624794,14,ETHE1;CDO1
REACTOME_FIBRONECTIN_MATRIX_FORMATION,0.384777309993353,0.436487783206149,0.0197802886702778,0.440421886650726,1.07884538610797,14,CEACAM6;COL7A1;COL3A1;COL5A1;COL5A2;COL4A4;ITGA5
REACTOME_RNA_POLYMERASE_III_TRANSCRIPTION_INITIATION_FROM_TYPE_1_PROMOTER,0.385500933416304,0.436943927033158,0.0187592166676672,0.387583421618392,1.07348043421132,28,POLR3C;POLR3D;GTF3C3;BDP1;POLR3A;TBP;POLR1D;GTF3C6;POLR2E;GTF3C4;GTF3C2;GTF3C5;POLR3E
REACTOME_GABA_SYNTHESIS_RELEASE_REUPTAKE_AND_DEGRADATION,0.392643474407268,0.444668734766231,0.0194743447692174,0.438214817686974,1.07343901044741,14,SYT1;SLC6A12;SNAP25
REACTOME_AMINE_LIGAND_BINDING_RECEPTORS,0.399447278911565,0.451997378884943,0.0185956281323105,0.407414101004574,1.06834730472716,20,HRH1;HTR1D;ADRA1B;ADRB2;HTR1B;ADRB3;HTR2B;CHRM4;HTR7;ADRA2C;ADRA2A;GPR143
REACTOME_NFE2L2_REGULATING_ANTI_OXIDANT_DETOXIFICATION_ENZYMES,0.402132931164494,0.454657781574499,0.018695120364017,0.415047840675011,1.06814713700706,18,BACH1;MAFK;EP300;HMOX1;GCLM;CREBBP;GSR;CHD6
REACTOME_TRIGLYCERIDE_METABOLISM,0.40455396132252,0.456635243718692,0.0180792985014843,0.384885566432076,1.05972547192027,27,PNPLA5;LPIN2;CAV1;GPD2;PLIN3;PPP1CB
REACTOME_RMTS_METHYLATE_HISTONE_ARGININES,0.404523881652025,0.456635243718692,0.0176493983688933,0.35441018175594,1.05329336587296,53,SMARCA4;SMARCC1;ACTL6A;CARM1;SMARCC2;PBRM1;SMARCB1;RBBP7;CDK4;RPS2;DNMT3A;JAK2;WDR77;ARID2;SMARCD1;PRMT5;ARID1B;PRMT1;ARID1A;H2AC11;SMARCD2;H2AX;PRMT6;WDR5
REACTOME_MATURATION_OF_DENV_PROTEINS,0.40600363856883,0.457891240510406,0.0176090362253688,0.355391743653712,1.05237840498332,51,TUSC3;KPNA2;UBE2I;KPNA1;IPO7;P4HA2;XPO1;KPNB1;P4HA1;KPNA4;KPNA3;SEC11A;UBC;SCAP;NMT1;DPM1;DNAJC10;RPN2;STT3B
REACTOME_DRUG_ADME,0.408060453400504,0.459448348112083,0.0174887171408878,0.350861869489865,1.05177360403136,58,PNP;ABCC3;ADK;IMPDH2;RAC1;SLC16A1;IMPDH1;SLC29A1;HSD11B1;GMPS;VAV2;SLCO2B1;SLC29A3;XDH;HPRT1;NUDT15;NT5C2;ABCC1;VAV1;GGT6;GGT1;GGT5;ABCC5;BCHE;SLC28A3;PON3;CES2
REACTOME_REGULATION_OF_ENDOGENOUS_RETROELEMENTS_BY_KRAB_ZFP_PROTEINS,0.407860437136555,0.459448348112083,0.017423567151981,0.338817625035743,1.04244857171555,84,GATAD2A;UBE2I;HDAC2;ZNF28;MTA2;ZNF649;GATAD2B;ZNF669;ATF7IP;ZNF33A;SUMO2;ZNF320;ZNF454;RBBP4;ZNF317;RBBP7;SETDB1;ZNF264;ZNF778;ZNF136;H3-3A;ZNF418;ZNF610;H3-3B;ZNF816;ZNF331;MTA1
REACTOME_REGULATION_OF_NPAS4_GENE_EXPRESSION,0.40976597659766,0.460605427788437,0.0190641714529698,0.448180342482512,1.06582082932344,12,AGO2;REST;AGO4;MOV10;AGO1;TNRC6B;AGO3;NR3C1;TNRC6A;SRF;TNRC6C
REACTOME_CREB1_PHOSPHORYLATION_THROUGH_THE_ACTIVATION_OF_ADENYLATE_CYCLASE,0.409648218173485,0.460605427788437,0.0193431139242589,0.457162472501626,1.0625662986875,11,ADCY8;PRKAR1A;CREB1;CALM1;PRKAR1B;PRKAR2B;PRKACA;PRKX;PRKAR2A
REACTOME_ASSEMBLY_OF_ACTIVE_LPL_AND_LIPC_LIPASE_COMPLEXES,0.410221152744357,0.460735988908744,0.0193220780175963,0.456979526882372,1.06214108476203,11,MBTPS2;LPL;ANGPTL4;PCSK5;MBTPS1;FURIN
REACTOME_REGULATION_OF_BACH1_ACTIVITY,0.411710782628624,0.462027211884641,0.0192675521403019,0.456450986348919,1.06091261700249,11,BACH1;MAFK;CUL1;UBC;SKP1;RPS27A;UBA52;RBX1;UBB
REACTOME_NEUROTRANSMITTER_RELEASE_CYCLE,0.413262707548131,0.463386154750751,0.01746334123993,0.36356980156776,1.05309270803719,41,GLS;SYN1;SYT1;ARL6IP5;SLC6A12;SLC38A2;SNAP25;PPFIA1
REACTOME_TRAFFICKING_AND_PROCESSING_OF_ENDOSOMAL_TLR,0.415391539153915,0.46538920173963,0.0188600355573247,0.446220647196045,1.06116046415911,12,UNC93B1;CTSS;CTSK;TLR8;TLR7;CTSL;CTSB;CTSV;CNPY3
REACTOME_ACTIVATION_OF_KAINATE_RECEPTORS_UPON_GLUTAMATE_BINDING,0.421657781958817,0.472020531863288,0.0175469108023954,0.386269507685868,1.05076396030777,25,GNB1;GNG12;GNB5;DLG4;GNB4;PLCB3;CALM1;GNB2;PLCB2;GNG5;PLCB1;DLG1;GRIK3;GRIK5;GNB3;GNGT2
REACTOME_ZINC_TRANSPORTERS,0.425326833591846,0.475735939795324,0.018278634741349,0.42834535731592,1.04926305074282,14,SLC39A6;SLC30A1;SLC39A10;SLC30A5;SLC30A3
REACTOME_SIALIC_ACID_METABOLISM,0.429371499688861,0.479865023089772,0.017166256496266,0.377809554316943,1.04640999019988,28,ST8SIA4;ST6GALNAC5;SLC17A5;ST3GAL5;CTSA;GLB1;CMAS;ST6GALNAC4;GNE;ST6GALNAC1;NEU3
REACTOME_CYTOCHROME_P450_ARRANGED_BY_SUBSTRATE_TYPE,0.437812468115498,0.488896585184028,0.0166428531535733,0.360296825240097,1.03858592202891,39,AHR;CYP1B1;CYP2S1;NCOA1;NCOA2;CYP21A2;ARNT2
REACTOME_ACYL_CHAIN_REMODELLING_OF_PI,0.444481717544448,0.495936497654274,0.0177638457382139,0.431377758799831,1.04099204948684,13,PLA2G4A;MBOAT7;PLAAT3;PLA2G2E;PLBD1;PLA2G10;PLA2G12A;PLA2G5
REACTOME_SYNTHESIS_OF_GLYCOSYLPHOSPHATIDYLINOSITOL_GPI,0.449037004977278,0.500608113014045,0.0171309262252782,0.406110157250919,1.03443474765671,17,PIGC;PIGW;PIGM;PIGA;PIGF;PIGG;PIGB;PIGO;PIGX;PIGL;PIGV;PIGH;PIGP
REACTOME_TERMINATION_OF_O_GLYCAN_BIOSYNTHESIS,0.451251938843341,0.502665069580411,0.0174055291589471,0.421163784812924,1.03167126751248,14,MUC21;MUC1;MUC20;MUC4;ST6GALNAC4;MUC15;MUC16;ST6GALNAC2;ST3GAL1;ST3GAL2
REACTOME_HDACS_DEACETYLATE_HISTONES,0.453029237415855,0.504231559089391,0.0159225604979822,0.338385211800967,1.0261894650636,67,GATAD2A;HDAC2;MTA2;REST;ARID4A;RCOR1;GATAD2B;ARID4B;NCOR2;NCOR1;TBL1XR1;RBBP4;RBBP7;KDM1A;SAP30L;SUDS3;PHF21A;TBL1X;MTA1
REACTOME_TRANSPORT_OF_VITAMINS_NUCLEOSIDES_AND_RELATED_MOLECULES,0.455084217092951,0.506104297078003,0.016353957693498,0.374010152300195,1.02978162788352,27,SLC27A6;SLC35C1;SLC35B2;SLC29A1;APOD;SLC35A2;PDZD11;SLC29A3;SLC35A3;SLC35B4;SLC35D1;SLC28A3;SLC35A1;SLC35B3;SLC25A6;LCN12;SLC5A6
REACTOME_REGULATION_OF_MITF_M_DEPENDENT_GENES_INVOLVED_IN_LYSOSOME_BIOGENESIS_AND_AUTOPHAGY,0.458450551828609,0.509431152849615,0.016827595383871,0.403949877077187,1.02893213011198,17,ATP6V1B2;MITF;ATP6V1A;ATP6V1C1;ATP6V1E1;ATP6V1G1;ATP6AP2;ATP6V0A1
REACTOME_DOPAMINE_NEUROTRANSMITTER_RELEASE_CYCLE,0.465986394557823,0.517381952781113,0.0163307220376802,0.390605529041851,1.02427079262704,20,SYN1;SYT1;SNAP25;PPFIA1;CASK
REACTOME_CLASS_B_2_SECRETIN_FAMILY_RECEPTORS,0.470275155653746,0.521304956810098,0.0153744275385795,0.335528203321291,1.01873489437347,68,CD55;FZD6;WNT10A;RAMP1;ADGRE5;GNB1;GNG12;FZD7;GNB5;WNT5A;ADGRE2;GNB4;WNT9B;WNT3;DHH;CRHR2;ADGRE3;FZD10;WNT7A;GLP1R;GNB2;ADM;CALCB;WNT2;PTCH1;WNT7B;WNT9A;GNG5
REACTOME_UNBLOCKING_OF_NMDA_RECEPTORS_GLUTAMATE_BINDING_AND_ACTIVATION,0.470286885245902,0.521304956810098,0.0658132939529589,-0.27364753410024,-0.984006057971582,14,GRIN2C;DLG2
REACTOME_ROLE_OF_LAT2_NTAL_LAB_ON_CALCIUM_MOBILIZATION,0.474138796826353,0.525146393550949,0.015257614604989,0.334147703826076,1.01670912205042,70,LYN;FYN;PIK3CA;GAB2;PIK3R1;FCER1A;SHC1;GRB2;FCER1G;PIK3CB;LAT2
REACTOME_SIRT1_NEGATIVELY_REGULATES_RRNA_EXPRESSION,0.475,0.525671824104235,0.165406383146814,-0.199458383761928,-1.00525206587043,44,H2AC20;H4C4;H4C5;H3C10;H4C11;H4C8;H3C8;H4C2;H2BC15;H4C3;H2BC13
REACTOME_ASSEMBLY_AND_CELL_SURFACE_PRESENTATION_OF_NMDA_RECEPTORS,0.47584863090965,0.526182497482681,0.0155078286787783,0.358577789938261,1.01774894412414,34,TUBB6;TUBA1A;TUBB3;DLG4;TUBA1C;TUBA1B;CAMK2D;TUBA4A;CASK
REACTOME_POTASSIUM_CHANNELS,0.478147292273686,0.528294447317024,0.0151417876738947,0.334590009222053,1.01468010600049,67,KCNQ3;KCNN4;KCNS3;KCNJ2;GNB1;GNG12;GNB5;HCN4;KCND1;GNB4;KCNAB2;KCNK1;KCNK6;KCNK13;KCNV1;GABBR1;GNB2;KCNJ5;GABBR2;KCNMA1;KCNQ5;KCNMB1
REACTOME_EICOSANOID_LIGAND_BINDING_RECEPTORS,0.479060491912254,0.528873443142772,0.0165312386582091,0.413351738512368,1.01253509294244,14,CYSLTR2;PTGER4;PTGER2
REACTOME_DEFECTIVE_PYROPTOSIS,0.481024187835239,0.530317524800482,0.0151600115061266,0.343680298183372,1.0138939103879,49,DNMT1;PRIM2;POLA1;PRIM1;RBBP4;GSDME;EZH2;RBBP7;DNMT3A;SUZ12;EED;H3-3A;H3-3B
REACTOME_METABOLISM_OF_AMINE_DERIVED_HORMONES,0.481149012567325,0.530317524800482,0.0606518687881186,-0.28550471628581,-0.966317200181347,12,IYD;AANAT;DUOXA2
REACTOME_SCAVENGING_BY_CLASS_A_RECEPTORS,0.484479543709554,0.533555672529403,0.0162217337048329,0.406337057843298,1.00953051136698,15,COLEC12;MARCO;COL3A1;APOE;MSR1
REACTOME_TRAFFICKING_OF_GLUR2_CONTAINING_AMPA_RECEPTORS,0.489768534048977,0.538943674309765,0.0163439945058747,0.417083958977219,1.00649854195485,13,AP2A1;AP2M1;AP2B1;AP2A2;GRIA3
REACTOME_SYNAPTIC_ADHESION_LIKE_MOLECULES,0.495022722354469,0.543844688504222,0.0157120104456499,0.393954290042701,1.00347159343963,17,PTPRF;DLG4;LRFN3;PTPRD;PTPRS;LRFN4;GRIA3;FLOT2;GRIN2A;DLG1;FLOT1
REACTOME_TRNA_MODIFICATION_IN_THE_MITOCHONDRION,0.495015469233414,0.543844688504222,0.0165447167287271,0.43077440411953,1.00123346006485,11,YRDC;MTO1;TRMT61B;TRMT10C;OSGEPL1;GTPBP3;PUS1;PRORP
REACTOME_CARDIOGENESIS,0.49613797481748,0.544629650869915,0.0153559169090572,0.379883849359087,1.00557133114095,21,CTNNB1;HEY2;GATA6;LDB1;FOXO4;KAT5;SMAD4;MYOCD;SMAD1;WDR5
REACTOME_SYNTHESIS_OF_PA,0.50839991804958,0.557639619555593,0.014535919268984,0.350144796566279,0.997083332515375,35,LIPH;GPD2;PLA2G4A;LPCAT4;PLD2;DDHD1;PLA2G2E;DDHD2;GPAT4;AGPAT5;PLA2G10;GNPAT;LPCAT1;AGPAT1;PLA2G12A;PLA2G5
REACTOME_PLASMA_LIPOPROTEIN_REMODELING,0.51073960427468,0.559754130813944,0.0149369090792457,0.376383787228983,0.996306493635534,21,MBTPS2;LPL;ABCG1;ANGPTL4;APOE;PCSK5;MBTPS1;PLTP;FURIN
REACTOME_POSITIVE_REGULATION_OF_CDH1_GENE_TRANSCRIPTION,0.512151215121512,0.560848913255548,0.0157850081634717,0.41625075961704,0.98988886340738,12,KLF4;SP1;FOXJ2;CDH1;RB1;ARID1A;ZEB2;STRAP;KLF9;TFAP2A
REACTOME_RNA_POLYMERASE_III_TRANSCRIPTION_TERMINATION,0.524025289778714,0.573389990989753,0.0145068766793497,0.367799647216135,0.98628123012526,23,POLR3C;POLR3D;SSB;POLR3A;NFIX;NFIB;POLR1D;POLR2E;POLR3E;NFIC;POLR2K;CRCP;POLR2H;POLR3H
REACTOME_PROTEIN_PROTEIN_INTERACTIONS_AT_SYNAPSES,0.526770467101959,0.575930060170203,0.0137410405181915,0.326472552587234,0.992161282413166,69,IL1RAP;SYT12;DLGAP4;PTPRF;SIPA1L1;SYT1;NLGN2;PPFIBP1;EPB41L1;DLG4;PPFIA1;LRFN3;CASK;EPB41L2;PTPRD;PTPRS
REACTOME_PHASE_2_PLATEAU_PHASE,0.530422666047376,0.579456915722173,0.0157341850977096,0.428964278481722,0.975515463112059,10,CACNG4;CACNB1;AKAP9;KCNE5
REACTOME_NEGATIVE_REGULATION_OF_NMDA_RECEPTOR_MEDIATED_NEURONAL_TRANSMISSION,0.531578947368421,0.580253646163602,0.070357361417532,-0.247322979790911,-0.949587593774606,17,GRIN2C;DLG2
REACTOME_GLYCOGEN_SYNTHESIS,0.532259868053226,0.580530626552435,0.0151387527063786,0.403514982037209,0.973754162287436,13,GYG1;PGM1;UBC;GBE1;RPS27A;UBA52;UBB;UGP2
REACTOME_DEVELOPMENTAL_LINEAGE_OF_PANCREATIC_ACINAR_CELLS,0.543087971274686,0.591865720098074,0.0568770392020171,-0.275168018147041,-0.931331686335839,12,GNMT;BHLHA15;KLK1;FOXA2
REACTOME_GLYCOGEN_STORAGE_DISEASES,0.544648792377576,0.593091112853466,0.0146732159415549,0.395866739948019,0.969704319543088,14,GYG1;SLC37A4;UBC;GBE1;RPS27A;UBA52
REACTOME_METABOLISM_OF_FOLATE_AND_PTERINES,0.545229522952295,0.593248135862425,0.0148801982160569,0.406134506963507,0.965831331715762,12,MTHFR;FPGS;MTHFD2L;FOLR2;MTHFD1;DHFR2;SHMT1
REACTOME_DISEASES_ASSOCIATED_WITH_SURFACTANT_METABOLISM,0.549930329772411,0.597884254528565,0.0152117769166081,0.423385065879303,0.962827674317818,10,SLC34A2;SFTPB;CSF2RB;CSF2RA
REACTOME_VOLTAGE_GATED_POTASSIUM_CHANNELS,0.550735371918316,0.598280871652271,0.0138488515974124,0.366396906960671,0.969870727802649,21,KCNQ3;KCNS3;KCND1;KCNAB2
REACTOME_DETOXIFICATION_OF_REACTIVE_OXYGEN_SPECIES,0.553882401147306,0.601218996133537,0.0132984514619896,0.341227096881236,0.971689010487657,35,NOX4;ERO1A;NCF2;CAT;CYBB;ATP7A;PRDX6;GSR;NUDT2;NCF4;SOD2
REACTOME_REGULATION_OF_GLYCOLYSIS_BY_FRUCTOSE_2_6_BISPHOSPHATE_METABOLISM,0.565257247622322,0.61307629650338,0.0146234025967533,0.409576707268634,0.951964415385164,11,PFKFB3;PPP2CB;PPP2R1A;PPP2R1B;PFKFB4;PPP2R5D;PRKACA;PPP2CA
REACTOME_FCGR3A_MEDIATED_IL10_SYNTHESIS,0.566663327657017,0.614111213944088,0.0126425503918015,0.315371304056421,0.976974038429745,93,LYN;FYN;ADCY7;SRC;ADCY8;ITPR2;ITPR3;FCGR2A;ADCY6;FGR;PRKAR1A;ADCY3;HCK;AHCYL1;CREB1;CALM1;YES1;PRKAR1B
REACTOME_GLUCONEOGENESIS,0.567165786922331,0.614165979623465,0.013683303584327,0.371059992648401,0.954942129467902,18,PC;ENO1;SLC37A2;SLC37A1;SLC37A4;ALDOC;PGAM1
REACTOME_TRYPTOPHAN_CATABOLISM,0.568069306930693,0.61465460837485,0.0142880452951731,0.399872129116061,0.950938726846189,12,SLC3A2;KYAT3;AFMID;KMO;SLC36A4;KYNU;TDO2
REACTOME_INTERCONVERSION_OF_NUCLEOTIDE_DI_AND_TRIPHOSPHATES,0.571043352001659,0.617380998703465,0.0130355735779488,0.346143102274734,0.958704183418309,28,RRM1;CTPS1;AK4;RRM2;RRM2B;GSR;CTPS2;CMPK1;AK9;DTYMK;DCTD;TXN;GLRX
REACTOME_SYNTHESIS_OF_BILE_ACIDS_AND_BILE_SALTS_VIA_7ALPHA_HYDROXYCHOLESTEROL,0.58002393645958,0.626316952027922,0.0135032449897621,0.374860632356294,0.945011097176892,16,NCOA1;NCOA2;SLC27A2
REACTOME_FORMATION_OF_THE_URETERIC_BUD,0.580230347758023,0.626316952027922,0.0138933053060749,0.389691720593234,0.940396148417666,13,SLIT2;BMP4;RET;FOXC2
REACTOME_FCERI_MEDIATED_MAPK_ACTIVATION,0.582698476343224,0.628481928055906,0.0122457541006534,0.313789805657342,0.967420066498076,86,LYN;PAK2;MAP3K1;MAPK1;FCER1A;SHC1;RAC1;NRAS;MAP2K7;MAP2K4;KRAS;GRB2;FCER1G;VAV2;MS4A2;SOS1;PLCG1;MAPK9;VAV1;LCP2
REACTOME_MITOCHONDRIAL_BIOGENESIS,0.58687374749499,0.632483285365338,0.0121354107450769,0.313291005229952,0.969281545074068,91,PPRC1;NCOA1;NCOA2;CARM1;HELZ2;GLUD1;CRTC1;GABPB1;TGS1;CHD9;MED1;GLUD2;NCOR1;TBL1XR1;CRTC3;HCFC1;MEF2D;MAPK14;TFAM;CRTC2;CREBBP;NR1D1;CREB1;CALM1;NRF1;TWNK;PPARA;PRKAB1;DNAJC11;SOD2;TBL1X;TFB1M;PRKAG1;SIRT3;GABPA;APOOL
REACTOME_NEGATIVE_REGULATION_OF_TCF_DEPENDENT_SIGNALING_BY_WNT_LIGAND_ANTAGONISTS,0.592821782178218,0.638387323280664,0.0136723307667073,0.39224096993249,0.932791013439838,12,WNT5A;DKK2;SFRP2;LRP5;KREMEN2;KREMEN1
REACTOME_NOREPINEPHRINE_NEUROTRANSMITTER_RELEASE_CYCLE,0.599539322145443,0.645110006964099,0.0131412711722353,0.37470436069569,0.930940158085304,15,SYT1;SNAP25;PPFIA1
REACTOME_BINDING_AND_UPTAKE_OF_LIGANDS_BY_SCAVENGER_RECEPTORS,0.60164312193167,0.646861552773054,0.0117689575419124,0.310687392319576,0.963460191796109,95,HSPH1;LRP1;HSP90AA1;APOL1;COLEC12;MARCO;HMGB1;SPARC;CD163;COL3A1;APOE;S100A9;SSC5D;MSR1
REACTOME_FCGR_ACTIVATION,0.602812656956303,0.647606640951475,0.0117787704056294,0.315183703373014,0.957854082544177,69,LYN;FYN;SRC;FCGR2A;FGR;HCK;YES1;FCGR3A;CD3G;SYK;IGLV3-25;IGHV3-7;FCGR1A;IGLV3-19;IGKV4-1;IGHV4-39;IGKV1-5;IGLV1-44;CD247;IGLV2-23;IGHV3-48;IGLV3-1;IGHV4-34;IGLV1-40;IGHV3-23;IGLC2;IGKV3-20;IGHG1;IGKV3-11;IGHV4-59;IGHV3-11;IGLV3-21;IGLV2-14;IGLV1-47;IGKV2-30;IGHV1-2;IGHV2-70;IGHV2-5;IGLC3;IGKV3-15;IGKV1-16;IGLV2-11;IGHV3-30;IGHV1-46;IGLV2-8;IGLV6-57;IGHV3-13;IGHG2;IGHV3-33;IGKV2D-40;IGKV1-12;IGKV1D-16;IGLV3-27;IGKV1-17;IGHV3-53
REACTOME_METABOLISM_OF_STEROID_HORMONES,0.603793466807165,0.648147963183995,0.0124557563598264,0.348018457058396,0.933236544765211,23,STS;SRD5A1;CYP21A2;STARD3;HSD11B1;HSD17B11;TSPO;HSD17B12;STARD3NL;AKR1B1
REACTOME_ACETYLCHOLINE_REGULATES_INSULIN_SECRETION,0.613330236878774,0.657865660551108,0.0136367232652214,0.404323978846654,0.919480509817578,10,GNA15;GNAQ;PLCB3;GNA11;PLCB2;PLCB1
REACTOME_PIWI_INTERACTING_RNA_PIRNA_BIOGENESIS,0.616706844146316,0.660444918199246,0.0120680259523627,0.342297478048397,0.924974051210053,24,TDRKH;POLR2D;HSP90AA1;PIWIL4;POLR2B;POLR2A;MYBL1;POLR2E;POLR2C
REACTOME_REGULATION_OF_TLR_BY_ENDOGENOUS_LIGAND,0.61661100937197,0.660444918199246,0.012471033974539,0.357422236515839,0.919844656982548,18,HMGB1;S100A9;GSDME;S100A8;TLR1;TLR2;LY96;TLR6;TLR4;SFTPA2;TLR7
REACTOME_TRP_CHANNELS,0.617740232312566,0.66103068953762,0.0121529210026952,0.346520568280467,0.922965950711131,22,TRPC5;TRPC1;MCOLN1;TRPC4AP;TRPV1;RIPK1;TRPV3;TRPV2;MCOLN3;MCOLN2;TRPM2;TRPM7
REACTOME_OLFACTORY_SIGNALING_PATHWAY,0.618480192327794,0.661301794943723,0.011985995578168,0.341699981748298,0.929522053682079,25,GNB1;OR4D10;OR13A1;ADCY3;OR4D6;LDB1
REACTOME_RNA_POLYMERASE_I_PROMOTER_ESCAPE,0.623128704913092,0.665748356900072,0.0112914561859,0.31228399315387,0.94703471873643,67,CBX3;TAF1D;CDK7;TAF1B;POLR1E;CCNH;POLR1G;ERCC3;GTF2H3;POLR1A;POLR1F;TAF1A;H3-3A;POLR1B;TBP;H3-3B;POLR1D;RRN3;MNAT1;POLR2E
REACTOME_ELEVATION_OF_CYTOSOLIC_CA2_LEVELS,0.625900090009001,0.668183992397669,0.0128861243438118,0.382075936951216,0.908617476907223,12,ITPR2;ITPR3;P2RX7;ORAI2;STIM1
REACTOME_ABC_TRANSPORTERS_IN_LIPID_HOMEOSTASIS,0.62952888695463,0.671530421798541,0.0123137978967772,0.36108494384062,0.910283047883654,16,ABCA12;ABCG1;ABCD3;PEX19;ABCA2;PEX3;ABCA6;ABCD1
REACTOME_RNA_POLYMERASE_III_CHAIN_ELONGATION,0.630076483895293,0.671587405187218,0.0121554238274782,0.353969602753019,0.910959124984857,18,POLR3C;POLR3D;POLR3A;POLR1D;POLR2E;POLR3E;POLR2K;CRCP;POLR2H;POLR3H;POLR3F
REACTOME_DEVELOPMENTAL_LINEAGE_OF_MULTIPOTENT_PANCREATIC_PROGENITOR_CELLS,0.634338433843384,0.675600259869247,0.0126915016288243,0.379326587421335,0.902079229424508,12,FGF2;GATA6;SOX9
REACTOME_CITRIC_ACID_CYCLE_TCA_CYCLE,0.637065637065637,0.677973532319656,0.111555069436528,-0.194080569433025,-0.911438352364646,33,SDHA;ACAT1;SUCLG1;SDHAF1;FH;SDHAF2;MDH2;NFS1;FXN;OGDH;SDHD;IDH3B;NNT;SDHAF3;IDH2;DLD;LYRM4;IDH3G;ISCA1;SDHB;SUCLG2;SDHC;SDHAF4;ACO2;SUCLA2;CS;ISCU;DLST;ISCA2;SIRT3;IDH3A;TRAP1
REACTOME_RUNX1_REGULATES_GENES_INVOLVED_IN_MEGAKARYOCYTE_DIFFERENTIATION_AND_PLATELET_FUNCTION,0.638690894488505,0.679171303294115,0.0109112609663223,0.308483791790596,0.939751331072351,71,RUNX1;CBFB;SIN3B;ASH2L;KMT2A;THBS1;AGO4;EP300;MOV10;KMT2B;KMT2C;AGO1;RBBP5;H3-3A;SIN3A;H3-3B;KMT2D;TNRC6B;AGO3;PRMT1;SETD1A;SETD1B;H2AX;NR4A3;PRMT6;WDR5
REACTOME_ACTIVATION_OF_ANTERIOR_HOX_GENES_IN_HINDBRAIN_DEVELOPMENT_DURING_EARLY_EMBRYOGENESIS,0.642055700260469,0.682215556414369,0.0108007434556332,0.304727150678048,0.945757548468901,96,RARG;RARA;AJUBA;POLR2D;ASH2L;CNOT6;EP300;PBX1;NCOR1;RBBP4;POLR2B;EZH2;KMT2C;RBBP7;NCOA3;CREBBP;POLR2A;CTCF;SUZ12;RBBP5;KDM6A;EED;H3-3A;H3-3B;KMT2D;CNOT9;ZNF335;HOXD1;POLR2E;PCGF2;POLR2C;H2AX;PAXIP1
REACTOME_INWARDLY_RECTIFYING_K_CHANNELS,0.644416718652527,0.684189313006862,0.0113010442622434,0.331288998862323,0.912155251535846,27,KCNJ2;GNB1;GNG12;GNB5;GNB4;GABBR1;GNB2;KCNJ5;GABBR2
REACTOME_FCERI_MEDIATED_CA_2_MOBILIZATION,0.646917293233083,0.686308041767181,0.0106977262411145,0.304341414107376,0.937467272133403,85,LYN;TEC;PPP3CA;PPP3CB;FCER1A;ITPR2;ITPR3;SHC1;TXK;AHCYL1;GRB2;FCER1G;VAV2;CALM1;MS4A2;SOS1;PLCG1;PPP3R1;BTK;VAV1;LCP2;NFATC2
REACTOME_SULFUR_AMINO_ACID_METABOLISM,0.651174880432522,0.69028600819641,0.0111457541689893,0.329470361037095,0.907147901311058,27,ETHE1;MTAP;CDO1;ENOPH1;MTRR
REACTOME_REGULATION_OF_PYRUVATE_DEHYDROGENASE_PDH_COMPLEX,0.652337691114558,0.690979674376215,0.0120580637479204,0.363845596290267,0.891266203409086,14,PDK3;PDP1;PDK2;PDP2;PDHX;DLAT;PDK1
REACTOME_ANTIGEN_ACTIVATES_B_CELL_RECEPTOR_BCR_LEADING_TO_GENERATION_OF_SECOND_MESSENGERS,0.654570970328789,0.692805255978835,0.0105184325101271,0.303018838905822,0.934212966767173,86,LYN;FYN;PIK3R1;TRPC1;ITPR2;ITPR3;PIK3CD;CD22;AHCYL1;GRB2;ORAI2;CALM1;DAPP1;SOS1;NCK1;STIM1;BTK;VAV1;PTPN6;ORAI1;SH3KBP1;IGHD;PIK3AP1;PLCG2;IGHM;SYK;IGLV3-25;IGHV3-7;IGLV3-19;IGKV4-1;IGHV4-39;IGKV1-5;IGLV1-44;IGLV2-23;IGHV3-48;IGLV3-1;IGHV4-34;IGLV1-40;IGHV3-23;IGLC2;IGKV3-20;IGKV3-11;IGHV4-59;IGHV3-11;BLNK;IGLV3-21;IGLV2-14;IGLV1-47;IGKV2-30;IGHV1-2;IGHV2-70;IGHV2-5;IGLC3;IGKV3-15;IGKV1-16;IGLV2-11;IGHV3-30;IGHV1-46;IGLV2-8;IGLV6-57;IGHV3-13;IGHV3-33;IGKV2D-40
REACTOME_FREE_FATTY_ACIDS_REGULATE_INSULIN_SECRETION,0.656010083648447,0.69324860317126,0.0124684867822931,0.382134490583846,0.888181457761862,11,ACSL4;GNA15;GNAQ;PLCB3;GNA11;PLCB2;PLCB1;ACSL3
REACTOME_GLUTAMATE_AND_GLUTAMINE_METABOLISM,0.655820194565582,0.69324860317126,0.0121154193402021,0.367995722935548,0.888039807353228,13,GLS;GLUD1;GLUD2;GLS2
REACTOME_AMYLOID_FIBER_FORMATION,0.667268532450597,0.704051192236305,0.0102367349123595,0.302838952161133,0.927945269300028,78,MFGE8;SIAH2;GSN;GGA3;SNCAIP;BACE1;LYZ;NCSTN;ADAM10;UBE2L6;APOE;APH1A;SORL1;USP9X;APP;B2M;HSPG2;H3-3A;TGFBI;UBC;H3-3B;GGA1
REACTOME_REGULATION_OF_ENDOGENOUS_RETROELEMENTS_BY_THE_HUMAN_SILENCING_HUB_HUSH_COMPLEX,0.666903121199838,0.704051192236305,0.0104003340162618,0.310372160417495,0.911741500273712,47,RBM7;PPHLN1;MORC2;ATF7IP;TASOR;MPHOSPH8;SETDB1;MTREX;EHMT2;ZCCHC8;H3-3A;H3-3B
REACTOME_METABOLISM_OF_COFACTORS,0.679557428872497,0.716461245801182,0.010707074078923,0.328463814116418,0.880799362072263,23,IDH1;HSP90AA1;COQ2;GCH1;AKT1;CALM1;PDSS2;NOS3;PDSS1;PRKG2;ACO1;COQ8B;GCHFR;PTS
REACTOME_FORMATION_OF_THE_BETA_CATENIN_TCF_TRANSACTIVATING_COMPLEX,0.680759188592087,0.717171889377245,0.0099462563622374,0.302251972321472,0.917701188898978,68,BCL9;MYC;CTNNB1;SMARCA4;BCL9L;TCF7;ASH2L;TRRAP;EP300;TLE4;KMT2B;CREBBP;LEO1;CDC73;RBBP5;H3-3A;H3-3B;KAT5;TCF7L2
REACTOME_CLASS_C_3_METABOTROPIC_GLUTAMATE_PHEROMONE_RECEPTORS,0.683551380968355,0.719555636511227,0.0115058146334444,0.359014325711828,0.866366081917805,13,GRM4;GABBR1;GABBR2;TAS1R3;TAS2R5;TAS2R4;TAS2R31;TAS2R20;TAS2R19;TAS2R14;GRM8;GRM6
REACTOME_COMPLEMENT_CASCADE,0.688733099649474,0.724449135002814,0.00972378773756357,0.297793352742268,0.924805088857594,97,PROS1;CD55;CFH;CLU;C3;C4B;CFI;C4A;CFB;CD59;SERPING1;C5AR1
REACTOME_NITRIC_OXIDE_STIMULATES_GUANYLATE_CYCLASE,0.694834183673469,0.730301357782092,0.0105021928741095,0.329978220235097,0.865289987110374,20,PDE5A;PDE9A;GUCY1B1
REACTOME_DEFECTS_OF_CONTACT_ACTIVATION_SYSTEM_CAS_AND_KALLIKREIN_KININ_SYSTEM_KKS,0.700495049504951,0.735682204232788,0.011234016054238,0.358971737733023,0.853673218006467,12,SERPING1;GGCX
REACTOME_ROLE_OF_PHOSPHOLIPIDS_IN_PHAGOCYTOSIS,0.701494033891507,0.736162464910084,0.00945532669125444,0.296798908863372,0.911506903052635,81,PIK3CA;PIK3R1;ITPR2;ITPR3;FCGR2A;PLD2;AHCYL1;PIK3CB;PLD4;PLD3;PLPP5;PLCG1;PRKCD;FCGR3A;PLPP4;CD3G;PLCG2;SYK;IGLV3-25;IGHV3-7;FCGR1A;IGLV3-19;IGKV4-1;IGHV4-39;PLD1;IGKV1-5;IGLV1-44;CD247;IGLV2-23;IGHV3-48;IGLV3-1;IGHV4-34;IGLV1-40;IGHV3-23;IGLC2;IGKV3-20;IGHG1;IGKV3-11;IGHV4-59;IGHV3-11;IGLV3-21;IGLV2-14;IGLV1-47;IGKV2-30;IGHV1-2;IGHV2-70;IGHV2-5;IGLC3;IGKV3-15;IGKV1-16;IGLV2-11;IGHV3-30;IGHV1-46;IGLV2-8;IGLV6-57;IGHV3-13;IGHG2;IGHV3-33;IGKV2D-40;IGKV1-12;IGKV1D-16;IGLV3-27;IGKV1-17;IGHV3-53
REACTOME_MITOCHONDRIAL_RNA_DEGRADATION,0.702520252025203,0.736670542054205,0.0111910341350791,0.358221092535148,0.851888103374049,12,REXO2;GRSF1;LRPPRC;PNPT1;FASTKD2
REACTOME_CGMP_EFFECTS,0.703849950641659,0.737495823378577,0.01078198149593,0.343474948366864,0.853351752131525,15,PDE5A;PDE9A
REACTOME_ACETYLCHOLINE_NEUROTRANSMITTER_RELEASE_CYCLE,0.713611933750137,0.747148395967979,0.0105741856356861,0.34048642622699,0.845926871171587,15,SYT1;SNAP25;PPFIA1
REACTOME_ACTIVATION_OF_THE_AP_1_FAMILY_OF_TRANSCRIPTION_FACTORS,0.717719461216907,0.750870475591822,0.0113418410607189,0.369168634184065,0.839533101490778,10,MAPK1;MAPK14;MAPK9;ATF2;MAPK3;MAPK11
REACTOME_ACYL_CHAIN_REMODELLING_OF_PG,0.721838324010091,0.754598678715164,0.0104003340162618,0.338209203575523,0.840269189442939,15,PLA2G4A;LPCAT4;PLA2G2E;PLA2G10;LPCAT1;PLA2G12A;PLA2G5
REACTOME_VITAMIN_D_CALCIFEROL_METABOLISM,0.725564340552309,0.757910790784464,0.0109820705975994,0.359832734646237,0.836346288240653,11,UBE2I;SUMO2;VDR;PIAS4;CYP2R1;CUBN
REACTOME_BLOOD_GROUP_SYSTEMS_BIOSYNTHESIS,0.728894305340129,0.760804424698337,0.0104049559054249,0.340350599422602,0.833713502838135,14,FUT2;FUT3;FUT4;B3GALT4
REACTOME_RECOGNITION_AND_ASSOCIATION_OF_DNA_GLYCOSYLASE_WITH_SITE_CONTAINING_AN_AFFECTED_PURINE,0.734782608695652,0.766361907304214,0.110200614426747,-0.175568660939373,-0.858395382002565,37,H2AC20;H4C4;H4C5;H4C11;H4C8;H4C2;H2BC15;H4C3;H2BC13
REACTOME_CD22_MEDIATED_BCR_REGULATION,0.736327928290865,0.767384704407428,0.00875117322119612,0.292540610109889,0.880448789035778,61,LYN;CD22;PTPN6;IGHD;IGHM;IGLV3-25;IGHV3-7;IGLV3-19;IGKV4-1;IGHV4-39;IGKV1-5;IGLV1-44;IGLV2-23;IGHV3-48;IGLV3-1;IGHV4-34;IGLV1-40;IGHV3-23;IGLC2;IGKV3-20;IGKV3-11;IGHV4-59;IGHV3-11;IGLV3-21;IGLV2-14;IGLV1-47;IGKV2-30;IGHV1-2;IGHV2-70;IGHV2-5;IGLC3;IGKV3-15;IGKV1-16;IGLV2-11;IGHV3-30;IGHV1-46;IGLV2-8;IGLV6-57;IGHV3-13;IGHV3-33;IGKV2D-40;IGKV1-12;IGKV1D-16;IGLV3-27;IGKV1-17;IGHV3-53
REACTOME_SYNTHESIS_OF_BILE_ACIDS_AND_BILE_SALTS,0.739434415110091,0.770031701252577,0.00925332273045773,0.307461013168166,0.841693850071492,26,NCOA1;NCOA2;OSBPL3;SLC27A2;CH25H;OSBP;OSBPL7;HSD3B7;OSBPL9;OSBPL2
REACTOME_DISEASES_OF_HEMOSTASIS,0.742032874874203,0.772146000730507,0.0102735227865112,0.340043090960091,0.820585083378493,13,SERPING1;GGCX
REACTOME_NEUREXINS_AND_NEUROLIGINS,0.743004866180049,0.77256588610458,0.00871112733133854,0.294733060369282,0.864165470958079,46,SYT12;DLGAP4;SIPA1L1;SYT1;NLGN2;EPB41L1;DLG4;CASK;EPB41L2
REACTOME_METHYLATION,0.743811881188119,0.772813720592243,0.0103310954800097,0.343654667569976,0.817247585562265,12,MAT2B;NNMT;MTRR;COMT;MAT2A;MTR;GSTO1;AHCY;TRMT112
REACTOME_COLLAGEN_CHAIN_TRIMERIZATION,0.747678808284869,0.776237968265192,0.00871335175933776,0.295638130642199,0.852201793050274,39,COL8A2;COL8A1;COL7A1;COL16A1;COL3A1;COL12A1;COL5A1;COL10A1;COL6A3;COL5A2;COL11A1;COL4A4;COL6A2;COL15A1;COL21A1;COL24A1;COL18A1;COL27A1;COL9A2;COL4A3;COL22A1;COL26A1;COL14A1;COL4A1;COL17A1
REACTOME_BILE_ACID_AND_BILE_SALT_METABOLISM,0.757065049840715,0.785382750178269,0.00862662599689426,0.296515399581651,0.835682445028845,32,ABCC3;NCOA1;NCOA2;OSBPL3;SLC27A2;CH25H
REACTOME_MITOCHONDRIAL_IRON_SULFUR_CLUSTER_BIOGENESIS,0.76473897389739,0.792738570195693,0.00990529180386455,0.336332077587054,0.799833682745458,12,SLC25A37
REACTOME_KERATAN_SULFATE_DEGRADATION,0.781393268478139,0.809385252943439,0.00947332281004822,0.324674065464543,0.783496863082345,13,HEXB;GLB1;GLB1L;PRELP;OMD;GNS;GALNS;OGN;HEXA;ACAN
REACTOME_PARACETAMOL_ADME,0.791535197475792,0.81926605740259,0.00883130802612857,0.309475661527456,0.780177775967772,16,ABCC3;ABCC1;GGT6;GGT1;GGT5;ABCC5;CNDP2;NAT1;GGT7
REACTOME_LANOSTEROL_BIOSYNTHESIS,0.797607066979761,0.824922377492766,0.00914813077650054,0.318306783745506,0.768131468109731,13,FDPS;ACAT2;PLPP6;LSS;GGPS1;FDFT1;HMGCS1
REACTOME_GLUCAGON_TYPE_LIGAND_RECEPTORS,0.80200210748156,0.828837158986646,0.00808455344617883,0.293093820068989,0.785952176919524,23,GNB1;GNG12;GNB5;GNB4
REACTOME_GENE_SILENCING_BY_RNA,0.81319562819613,0.839766609968496,0.0069664641499995,0.276399897766409,0.848858965762244,81,TSN;TDRKH;POLR2D;HSP90AA1;AGO2;XPO5;AGO4;RAN;PIWIL4;POLR2B;PRKRA;DGCR8;AGO1;POLR2A;DROSHA;H3-3A;MYBL1;H3-3B;TNRC6B;ANG;AGO3;IPO8
REACTOME_PHYSIOLOGICAL_FACTORS,0.818519351935194,0.844622474775951,0.00883130802612857,0.315388458522558,0.750027514726774,12,HIPK2;MME;HIPK1;CORIN;WWTR1;NPR2
REACTOME_SYNTHESIS_SECRETION_AND_DEACYLATION_OF_GHRELIN,0.819411830481941,0.844901879836842,0.00871335175933776,0.30921792170416,0.746198410758219,13,KLF4;CRHR2;SEC11A
REACTOME_ERCC6_CSB_AND_EHMT2_G9A_POSITIVELY_REGULATE_RRNA_EXPRESSION,0.822899838449112,0.847855102693209,0.00687545443911036,0.273729223945595,0.812234925912326,52,GATAD2A;CBX3;ERCC6;HDAC2;MTA2;GATAD2B;RBBP4;RBBP7;EHMT2;H3-3A;H3-3B;MTA1
REACTOME_ASPIRIN_ADME,0.826680084982668,0.851104723857156,0.00856883554902321,0.307011839000952,0.740874736767841,13,ABCC3;SLC16A1;SLCO2B1;BCHE;CES2
REACTOME_ALPHA_LINOLENIC_OMEGA3_AND_LINOLEIC_OMEGA6_ACID_METABOLISM,0.832047411383205,0.855982159023297,0.00846218670741904,0.305065393051455,0.736177612920242,13,ELOVL5;ACOX1;ELOVL3;ABCD1;FADS1;SCP2;ACAA1;ACOT8
REACTOME_MATURATION_OF_TCA_ENZYMES_AND_REGULATION_OF_TCA_CYCLE,0.835016835016835,0.858387200293403,0.0631855595077774,-0.193281501617282,-0.792301892669329,20,SDHA;ACAT1;SDHAF1;SDHAF2;NFS1;FXN
REACTOME_SLC_MEDIATED_TRANSPORT_OF_NEUROTRANSMITTERS,0.83697166744078,0.85974640669087,0.00898063040291523,0.324350101854364,0.73761046243944,10,SLC6A20;SLC6A14;SLC25A22;SLC6A9
REACTOME_BIOTIN_TRANSPORT_AND_METABOLISM,0.861006073106451,0.883766807667423,0.0083000446446391,0.305408003355344,0.709848842008077,11,PC;PDZD11;HLCS;ACACA;MCCC1;SLC5A6
REACTOME_LGI_ADAM_INTERACTIONS,0.86263353460288,0.884769036622878,0.00848884491462217,0.312642425045959,0.710985821795372,10,CACNG4;DLG4
REACTOME_METABOLISM_OF_AMINO_ACIDS_AND_DERIVATIVES,0.863413658634137,0.884901328871638,0.00573813067144982,0.275873808224943,0.898875350695267,321,PAPSS1;SERINC5;GLS;ETHE1;MTAP;CDO1;ODC1;SLC6A12;CAV1;SLC3A2;BCAT1;EPRS1;TP53;GLUD1;NAT8L;PSMD2;PSMD1;INMT;HNMT;RPS4X;RARS1;RPLP0;RPL39L;ENOPH1;KYAT3;GLUD2;RPL10A;PSMC6;NNMT;MTRR;PNMT;IARS1;DDO;PRODH;SERINC3;SERINC1;SAT1;PSMC1;RPS2;PSMD14;PSMD7;MARS1;RPS12;AIMP1;OAZ3;AFMID;SLC25A21;PSMD11;RPL15;PPM1K;RPS9;FOLH1;RPS5;KARS1;SARS1;RPL7;AZIN1;RPS27;RPL3;GLS2;RPS8;SLC44A1;PSMB2;SERINC2;RPL23A;BCKDK;RPL4;GSR;SLC25A44;PSMD12;RPL22L1;RPL14;RPS3;RPL7A;IL4I1;CARNMT1;RPL12;PSMD6;PSMA5;SRM;SRR;RPSA;RPLP1;SMS;PSMD8;TH;PSMC2;RPL10;HDC;ARG2;RPL21;ASS1;RPL13A;SECISBP2;LARS1;AMD1;RPL5;RPS18;RPS25;PSMA4;RPL30;KMO;SCLY;RPL22;PSMA3;PSMD3;CHDH;RPL8;RPS29;RPS6;PIPOX;PSMA7;SARDH;SLC36A4;RPS13;QARS1;SLC45A2;RPL23;KYNU;RPL31;ADRM1;DLST;RPL32;RPS24;PSMD13;RPS23;RPS3A;RPS17;RPL36;PSMA6;ASNS;RPL37A;RPL28;RPS20;PSMB5;RPL36A;RPL35A;CARNS1;RPL11;RPL9;EEF1E1;CBS;APIP;RPS27A;PYCR2;UBA52;SHMT1;TDO2;MRI1;MTR;ADO;ALDH18A1;RPL17;RPL27;MCCC1;PSTK;RPS11;RPS14;GRHPR;TMLHE
REACTOME_CONDENSATION_OF_PROPHASE_CHROMOSOMES,0.866005465033904,0.886888791997795,0.00592651244215599,0.261784822259996,0.772293432368279,49,NCAPG2;SMC4;SMC2;SET;PHF8;MCPH1;H3-3A;H3-3B;NCAPD3;RB1;CDK1;CCNB1;PLK1;H2AX;NCAPH2
REACTOME_BASE_EXCISION_REPAIR_AP_SITE_FORMATION,0.86875,0.889029555722892,0.121736367223309,-0.159053948914217,-0.80161739865349,44,NTHL1;H2AC20;H4C4;H4C5;H4C11;H4C8;H4C2;H2BC15;H4C3;H2BC13
REACTOME_BETA_OXIDATION_OF_VERY_LONG_CHAIN_FATTY_ACIDS,0.896413429586341,0.916648495716959,0.00761236901671749,0.287476629833543,0.66817159520962,11,SLC27A2;ACOX1
REACTOME_PHASE_I_FUNCTIONALIZATION_OF_COMPOUNDS,0.897178431569435,0.916740968799144,0.00498318668013101,0.252161916480733,0.769950248578656,74,AHR;CYP1B1;CYP2S1;HSP90AB1;NCOA1;NCOA2;CYP21A2;ARNT2;PTGES3;PTGS1;CYP51A1;CBR3;ARNT;TBXAS1;CYB5R3;CYB5B;CYP2J2
REACTOME_CHROMATIN_MODIFICATIONS_DURING_THE_MATERNAL_TO_ZYGOTIC_TRANSITION_MZT,0.905913432229222,0.924890896562285,0.00503275394767037,0.244342338597766,0.713236591258703,44,TET3;KDM5B;UHRF1;KDM5A;KDM6B;KDM6A;H3-3A;H3-3B
REACTOME_DISEASES_OF_BRANCHED_CHAIN_AMINO_ACID_CATABOLISM,0.906515580736544,0.924890896562285,0.0442842613574546,-0.201421442613035,-0.703628536748047,13,ACAT1;ECHS1;MCCC2;IVD;DBT;DLD;BCKDHA;HIBCH;BCKDHB;AUH;MCCC1;BCKDK;PPM1K
REACTOME_PROTEIN_LOCALIZATION,0.914208579142086,0.93204010431665,0.00441951732466489,0.257567806758436,0.817770649296485,154,UBE2D1;PRNP;IDH1;BAG6;CAMLG;COQ2;SLC27A2;CAT;CHCHD7;ABCD3;IDE;AGPS;HMOX1;PECR;HSPD1;ATAD1;LONP2;VAPA;DDO;USP9X;APP;VDAC1;PEX13;UBL4A;UBE2D3;ALDH3A2;PEX26;TOMM20;ACOX1;UBC;PEX10;CHCHD4;PEX19;PEX5;PITRM1;GDAP1;PEX14;GNPAT;ZFAND6;PMPCB;TIMM8A;SERP1;GET4;PIPOX;PAM16;PEX7;PEX2;CHCHD3;PEX3;MPV17;PEX11B;GET1;UBE2D2;SLC25A6;STX5;STX1A;SLC25A17;UBE2J2;NOS2;ABCD1;RPS27A;UBA52;TOMM70;VAMP2;CS;PEX6;PEX1;NUDT19;GRPEL2;SLC25A13;TIMM44;TOMM22;PEX12
REACTOME_INITIAL_TRIGGERING_OF_COMPLEMENT,0.91525253539512,0.932161029553745,0.00449794476087042,0.24524393306513,0.748826904003687,74,C3;C4B;C4A;CFB;FCN1;C1QC;C1S;C1R;C1QB;C1QA;C2;IGLV3-25;IGHV3-7;IGLV3-19;IGKV4-1;IGHV4-39;IGKV1-5;IGLV1-44;IGLV2-23;IGHV3-48;IGLV3-1;IGHV4-34;IGLV1-40;IGHV3-23;IGLC2;IGKV3-20;IGHG1;IGKV3-11;IGHV4-59;IGHV3-11;IGLV3-21;IGLV2-14;MASP2;IGLV1-47;IGKV2-30;IGHV1-2;IGHV2-70;IGHV2-5;IGLC3;IGKV3-15;IGKV1-16;IGLV2-11;IGHV3-30;FCN3;IGHV1-46;IGLV2-8;IGLV6-57;IGHV3-13;IGHG2;IGHV3-33;IGKV2D-40;IGKV1-12;IGKV1D-16;IGLV3-27;IGKV1-17;IGHV3-53
REACTOME_ERYTHROCYTES_TAKE_UP_CARBON_DIOXIDE_AND_RELEASE_OXYGEN,0.915699024616814,0.932161029553745,0.00747143889580259,0.28303058468134,0.643644997358583,10,CYB5R4
REACTOME_CYTOSOLIC_SULFONATION_OF_SMALL_MOLECULES,0.916582802191658,0.932362296540766,0.00676811495024243,0.2642811038768,0.637757794307181,13,SULT2B1;BPNT2;BPNT1
REACTOME_TRANSPORT_OF_NUCLEOSIDES_AND_FREE_PURINE_AND_PYRIMIDINE_BASES_ACROSS_THE_PLASMA_MEMBRANE,0.920863309352518,0.935316320934284,0.0376640196158782,-0.215237268149679,-0.686328040831202,10,SLC29A4;ARL2
REACTOME_METABOLISM_OF_PORPHYRINS,0.920812074829932,0.935316320934284,0.00566983100024863,0.245355530864684,0.643386960473036,20,HMOX1;BLVRA;SLCO2B1;ABCC1;FLVCR1;CPOX
REACTOME_NCAM1_INTERACTIONS,0.927188940092166,0.941037916045746,0.00466584618634738,0.236291952204124,0.674531058386546,36,ST8SIA4;PRNP;AGRN;CACNB1;COL3A1;COL5A1;COL6A3;COL5A2;COL4A4;COL6A2;CACNB3;CACNA1C
REACTOME_AFLATOXIN_ACTIVATION_AND_DETOXIFICATION,0.929582099374794,0.942762741082347,0.00612186722372151,0.250613756914722,0.622641300590625,15,MGST1;GGT6;GGT1;GGT5;DPEP2;GGT7;AKR7A2;CYP3A5;ACY3
REACTOME_LONG_TERM_POTENTIATION,0.937134819303181,0.949713810166311,0.005674722088136,0.241489633807785,0.615117016773658,17,SRC;DLG4;CAMK2D;CALM1;NRGN;GRIN2A;DLG1
REACTOME_MITOCHONDRIAL_FATTY_ACID_BETA_OXIDATION,0.940911418330773,0.95283056446462,0.00429151147408808,0.227276759814689,0.648795830388807,36,ACOT7;ACOT9;ACAA2;THEM5
REACTOME_VITAMIN_B5_PANTOTHENATE_METABOLISM,0.953443877551021,0.964802851520355,0.00489112651803001,0.224977556206383,0.589950532405591,20,PANK2;SLC25A16;AASDHPPT;PDZD11;PANK3;PANK4;VNN1;ENPP2;FASN;SLC5A6
REACTOME_PEROXISOMAL_LIPID_METABOLISM,0.955915990850489,0.966584696105516,0.00427425086671045,0.217608392757365,0.599152519140531,27,SLC27A2;PECR;ALDH3A2;ACOX1;SLC25A17;ABCD1;NUDT19;SCP2;ACAA1;CROT;ACOT8;ACOX3
REACTOME_ASPARTATE_AND_ASPARAGINE_METABOLISM,0.96737111007896,0.977440400444094,0.00645931378360699,0.240185797858148,0.546210888840979,10,NAT8L;FOLH1;ASNS;SLC25A13;SLC25A12;NAALAD2
REACTOME_PHASE_II_CONJUGATION_OF_COMPOUNDS,0.974688629971876,0.97980325007352,0.00252393229601771,0.203015742523682,0.615231341137389,66,GGCT;UGDH;HPGDS;SULT2B1;MAT2B;BPNT2;NNMT;MTRR;BPNT1;GCLM;MGST1;UXS1;COMT;CHAC2;GGT6;GGT1;SULT1B1;GGT5;SLC35D1
REACTOME_INHIBITION_OF_DNA_RECOMBINATION_AT_TELOMERE,0.9714603785042,0.97980325007352,0.0029523988210174,0.203498530528617,0.600342591549329,49,POLR2D;TINF2;ATRX;POLR2B;POLR2A;TERF1;ACD;H3-3A;TERF2;H3-3B;POLR2E;POLR2C;H2AX;POT1;TERF2IP;DAXX
REACTOME_ASSEMBLY_OF_THE_ORC_COMPLEX_AT_THE_ORIGIN_OF_REPLICATION,0.974832555307489,0.97980325007352,0.00292551440539897,0.197530285783233,0.577688195957678,45,KPNA1;ORC1;KPNA6;ORC6;ORC3;KPNB1;H3-3A;H3-3B;ORC4
REACTOME_METABOLIC_DISORDERS_OF_BIOLOGICAL_OXIDATION_ENZYMES,0.97547740790984,0.97980325007352,0.0038130503059982,0.199312100522326,0.545629403630166,26,CYP1B1;CYP21A2;GCLM;TBXAS1;CYP2R1;GGT1;SLC35D1;FMO3
REACTOME_RRNA_MODIFICATION_IN_THE_MITOCHONDRION,0.972080655883005,0.97980325007352,0.00539510029202722,0.219155214019852,0.536836607473882,14,RPUSD4;FASTKD2;MTERF3;TFB1M;RCC1L;NSUN4;NGRN;RPUSD3
REACTOME_LYSINE_CATABOLISM,0.974332531224934,0.97980325007352,0.00605544784018603,0.229364815292803,0.5331043939394,11,SLC25A21;PIPOX;DLST
REACTOME_RRNA_PROCESSING_IN_THE_MITOCHONDRION,0.975008079284714,0.97980325007352,0.00467400526807938,0.207018106718769,0.532771830930737,18,RPUSD4;FASTKD2;MTERF3;TFB1M;TRMT10C;RCC1L;NSUN4;NGRN;PRORP;RPUSD3;ELAC2
REACTOME_UREA_CYCLE,0.973293079424059,0.97980325007352,0.00634053976966936,0.232577102201354,0.528907815742243,10,TP53;ARG2;ASS1
REACTOME_CARNITINE_SHUTTLE,0.979503656104587,0.983120730167011,0.00522581777345787,0.212107351797578,0.519572357283577,14,MID1IP1;SLC22A5;ACACA;PPARD;PRKAB2;PRKAG2
REACTOME_GLUTATHIONE_CONJUGATION,0.990134621313329,0.993057527944512,0.00281183371159433,0.178684789463189,0.503595233025809,32,GGCT;HPGDS;GCLM;MGST1;CHAC2;GGT6;GGT1;GGT5
REACTOME_BIOLOGICAL_OXIDATIONS,0.9918,0.993811798276364,0.00131978024363577,0.206777552034321,0.654860977589563,145,AHR;CYP1B1;CYP2S1;GGCT;UGDH;HSP90AB1;HPGDS;NCOA1;NCOA2;CYP21A2;SULT2B1;MAT2B;ARNT2;BPNT2;NNMT;PTGES3;PTGS1;MTRR;BPNT1;GCLM;CYP51A1;CBR3;ARNT;TBXAS1;MGST1;CYB5R3;UXS1;CYB5B;COMT;CYP2J2;CHAC2;CYP2R1;PTGIS;GGT6;GGT1;SULT1B1;GGT5;SLC35D1
REACTOME_UBIQUINOL_BIOSYNTHESIS,0.992349234923492,0.993811798276364,0.00527918216035594,0.196531553819395,0.467373072455058,12,COQ2;PDSS2;PDSS1;COQ8B
REACTOME_TRANSCRIPTIONAL_REGULATION_BY_SMALL_RNAS,0.994547106937292,0.995279468577157,0.00179225759996417,0.166128549221213,0.493727629126924,53,POLR2D;AGO2;RAN;POLR2B;AGO1;POLR2A;H3-3A;H3-3B;IPO8;POLR2E;POLR2C;H2AX
REACTOME_MITOCHONDRIAL_TRANSLATION_ELONGATION,0.998096383127943,0.998096383127943,0.000902679573813085,0.161134379882891,0.49724892244367,87,MRPL9;MRPL14;MRPS23;DAP3;MRPL46;MRPS25;MRPL18;MRPL3;MRPL33;MRPL50;MRPL45;MRPS30;MRPL44;MRPL10;MRPL39;MRPL37;MRPS18A;MRPS16;MRPS27;MRPS22;MRPL1;MRPL42;PTCD3;MRPL4;MRPS18C;MRPS35;MRPS6;MRPL30;MRPL19;OXA1L;MRPL49;MRPL17;MRPL35;TSFM;MRPS9;GFM1
REACTOME_AEROBIC_RESPIRATION_AND_RESPIRATORY_ELECTRON_TRANSPORT,,,,-0.343296071004513,,246,MT-ND3;NDUFA3;ATP5MC1;UQCC2;COX6A1;NDUFA1;NDUFB1;SIRT4;COX8A;COX5B;NDUFA2;MT-ND6;NDUFB2;ATP5PD;MT-CO3;COX6C;MT-CO2;MT-CYB;NDUFA9;UQCR10;COX7B;HIGD2A;MT-ND1;UQCRQ;SFXN4;MT-ND4;NDUFB7;MT-ND2;ATP5F1D;MPC1;MT-CO1;COX4I1;COX6B1;ATP5PO;MT-ATP6;ETFB;SDHA;COX17;ATP5ME;ATP5MF;COX14;NDUFB11;NDUFA8;ACAT1;ATP5PF;LDHB;MT-ND5;NDUFS7;ADHFE1;SUCLG1;COX7A1;NDUFS6;ATP5F1E;ECSIT;NDUFB10;NDUFS8;CYC1;NDUFB8;COX4I2;UQCR11;NDUFAF8;NDUFB9;D2HGDH;ME1;PET100;UQCRHL;NDUFC2;UQCC3;COX5A;CYCS;GSTZ1;NDUFA12;NDUFC1;NDUFV3;SDHAF1;NDUFS3;FH;COX7A2;SDHAF2;MDH2;SURF1;NDUFA6;UQCRB;PDHA1;ATP5MC2;PET117;ATP5MC3;NDUFA11;NFS1;ATP5F1C;COX7C;NDUFA5;MT-ATP8;NDUFB3;FXN;NDUFAF3
REACTOME_MITOCHONDRIAL_TRANSLATION,,,,-0.234504315262757,,111,MT-ND3;MT-RNR1;MT-ND6;MT-RNR2;MT-CO3;MT-CO2;MT-CYB;MRPS26;MRPL34;MT-ND1;MT-ND4;MT-ND2;MT-CO1;MT-ATP6;MRPS15;MRPL41;MRPL12;MT-ND5;MALSU1;MRPS33;MRPL54;MT-ND4L;MRPL2;AURKAIP1;MRPS34;MRPL24;MRPS11;MTRES1
REACTOME_RESPIRATORY_ELECTRON_TRANSPORT,,,,-0.517814806119915,,153,MT-ND3;NDUFA3;UQCC2;COX6A1;NDUFA1;NDUFB1;COX8A;COX5B;NDUFA2;MT-ND6;NDUFB2;MT-CO3;COX6C;MT-CO2;MT-CYB;NDUFA9;UQCR10;COX7B;HIGD2A;MT-ND1;UQCRQ;SFXN4;MT-ND4;NDUFB7;MT-ND2;MT-CO1;COX4I1;COX6B1;ETFB;SDHA;COX17;COX14;NDUFB11;NDUFA8;MT-ND5;NDUFS7;COX7A1;NDUFS6;ECSIT;NDUFB10;NDUFS8;CYC1;NDUFB8;COX4I2;UQCR11;NDUFAF8;NDUFB9;PET100;UQCRHL;NDUFC2;UQCC3;COX5A;CYCS;NDUFA12;NDUFC1;NDUFV3;NDUFS3;COX7A2;MDH2;SURF1;NDUFA6;UQCRB;PET117;NDUFA11;NFS1;COX7C;NDUFA5;NDUFB3;FXN;NDUFAF3;GOT2
